{
"type": "FeatureCollection",
"name": "hotosm_kor_railways_points_geojson",
"features": [
{ "type": "Feature", "properties": { "name": "불광", "name:en": "Bulgwang", "railway": "station", "ele": null, "operator:type": null, "layer": null, "addr:full": null, "addr:city": null, "source": null, "name:ko": "불광", "osm_id": 5930698996, "osm_type": "nodes" }, "geometry": { "type": "Point", "coordinates": [ 126.9296307, 37.6108807 ] } },
{ "type": "Feature", "properties": { "name": "구서", "name:en": "Guseo", "railway": "station", "ele": null, "operator:type": "public", "layer": null, "addr:full": null, "addr:city": null, "source": null, "name:ko": null, "osm_id": 289245618, "osm_type": "nodes" }, "geometry": { "type": "Point", "coordinates": [ 129.091268, 35.2472273 ] } },
{ "type": "Feature", "properties": { "name": "한성대입구", "name:en": "Hansung University", "railway": "station", "ele": null, "operator:type": null, "layer": null, "addr:full": null, "addr:city": null, "source": null, "name:ko": "한성대입구", "osm_id": 287600947, "osm_type": "nodes" }, "geometry": { "type": "Point", "coordinates": [ 127.0059624, 37.5885141 ] } },
{ "type": "Feature", "properties": { "name": "지게골", "name:en": "Jigegol", "railway": "station", "ele": null, "operator:type": "public", "layer": null, "addr:full": null, "addr:city": null, "source": null, "name:ko": "지게골", "osm_id": 355173894, "osm_type": "nodes" }, "geometry": { "type": "Point", "coordinates": [ 129.074224, 35.135668 ] } },
{ "type": "Feature", "properties": { "name": "회룡", "name:en": "Hoeryong", "railway": "station", "ele": null, "operator:type": null, "layer": null, "addr:full": null, "addr:city": null, "source": null, "name:ko": "회룡", "osm_id": 355172790, "osm_type": "nodes" }, "geometry": { "type": "Point", "coordinates": [ 127.0473751, 37.7249474 ] } },
{ "type": "Feature", "properties": { "name": "과천", "name:en": "Gwacheon", "railway": "station", "ele": null, "operator:type": "public", "layer": null, "addr:full": null, "addr:city": null, "source": null, "name:ko": "과천", "osm_id": 355173082, "osm_type": "nodes" }, "geometry": { "type": "Point", "coordinates": [ 126.9969576, 37.4330744 ] } },
{ "type": "Feature", "properties": { "name": "금정", "name:en": "Geumjeong", "railway": "station", "ele": null, "operator:type": "public", "layer": null, "addr:full": null, "addr:city": "군포시", "source": null, "name:ko": "금정", "osm_id": 355173126, "osm_type": "nodes" }, "geometry": { "type": "Point", "coordinates": [ 126.943397, 37.3723075 ] } },
{ "type": "Feature", "properties": { "name": "양원", "name:en": "Yangwon", "railway": "station", "ele": null, "operator:type": "public", "layer": null, "addr:full": null, "addr:city": null, "source": null, "name:ko": "양원", "osm_id": 355173626, "osm_type": "nodes" }, "geometry": { "type": "Point", "coordinates": [ 127.1079346, 37.6065818 ] } },
{ "type": "Feature", "properties": { "name": "구리", "name:en": "Guri", "railway": "station", "ele": null, "operator:type": "public", "layer": null, "addr:full": null, "addr:city": null, "source": null, "name:ko": "구리", "osm_id": 355173646, "osm_type": "nodes" }, "geometry": { "type": "Point", "coordinates": [ 127.1433747, 37.6032517 ] } },
{ "type": "Feature", "properties": { "name": "양정", "name:en": "Yangjeong", "railway": "station", "ele": null, "operator:type": "public", "layer": null, "addr:full": null, "addr:city": null, "source": null, "name:ko": "양정", "osm_id": 355173720, "osm_type": "nodes" }, "geometry": { "type": "Point", "coordinates": [ 129.0713, 35.1731584 ] } },
{ "type": "Feature", "properties": { "name": "범내골", "name:en": "Beomnaegol", "railway": "station", "ele": null, "operator:type": "public", "layer": null, "addr:full": null, "addr:city": null, "source": null, "name:ko": "범내골", "osm_id": 355173726, "osm_type": "nodes" }, "geometry": { "type": "Point", "coordinates": [ 129.0592024, 35.1474005 ] } },
{ "type": "Feature", "properties": { "name": "범일", "name:en": "Beomil", "railway": "station", "ele": null, "operator:type": "public", "layer": null, "addr:full": null, "addr:city": null, "source": null, "name:ko": null, "osm_id": 355173728, "osm_type": "nodes" }, "geometry": { "type": "Point", "coordinates": [ 129.059365, 35.140947 ] } },
{ "type": "Feature", "properties": { "name": "좌천", "name:en": "Jwacheon", "railway": "station", "ele": null, "operator:type": "public", "layer": null, "addr:full": null, "addr:city": null, "source": null, "name:ko": null, "osm_id": 355173730, "osm_type": "nodes" }, "geometry": { "type": "Point", "coordinates": [ 129.0543505, 35.1343358 ] } },
{ "type": "Feature", "properties": { "name": "장전", "name:en": "Jangjeon", "railway": "station", "ele": null, "operator:type": "public", "layer": null, "addr:full": null, "addr:city": null, "source": null, "name:ko": "장전", "osm_id": 355173740, "osm_type": "nodes" }, "geometry": { "type": "Point", "coordinates": [ 129.088098300000013, 35.2382122 ] } },
{ "type": "Feature", "properties": { "name": "모라", "name:en": "Mora", "railway": "station", "ele": null, "operator:type": "public", "layer": null, "addr:full": null, "addr:city": null, "source": null, "name:ko": "모라", "osm_id": 355173790, "osm_type": "nodes" }, "geometry": { "type": "Point", "coordinates": [ 128.9884422, 35.1892988 ] } },
{ "type": "Feature", "properties": { "name": "모덕", "name:en": "Modeok", "railway": "station", "ele": null, "operator:type": "public", "layer": null, "addr:full": null, "addr:city": null, "source": null, "name:ko": "모덕", "osm_id": 355173792, "osm_type": "nodes" }, "geometry": { "type": "Point", "coordinates": [ 128.985621, 35.180361 ] } },
{ "type": "Feature", "properties": { "name": "구명", "name:en": "Gumyeong", "railway": "station", "ele": null, "operator:type": "public", "layer": null, "addr:full": null, "addr:city": null, "source": null, "name:ko": "구명", "osm_id": 355173793, "osm_type": "nodes" }, "geometry": { "type": "Point", "coordinates": [ 128.9995184, 35.2027962 ] } },
{ "type": "Feature", "properties": { "name": "금곡", "name:en": "Geumgok", "railway": "station", "ele": null, "operator:type": "public", "layer": null, "addr:full": null, "addr:city": null, "source": null, "name:ko": "금곡", "osm_id": 355173809, "osm_type": "nodes" }, "geometry": { "type": "Point", "coordinates": [ 129.0168673, 35.2673839 ] } },
{ "type": "Feature", "properties": { "name": "동원", "name:en": "Dongwon", "railway": "station", "ele": null, "operator:type": "public", "layer": null, "addr:full": null, "addr:city": null, "source": null, "name:ko": "동원", "osm_id": 355173810, "osm_type": "nodes" }, "geometry": { "type": "Point", "coordinates": [ 129.0124334, 35.2586149 ] } },
{ "type": "Feature", "properties": { "name": "양산", "name:en": "Yangsan", "railway": "station", "ele": null, "operator:type": null, "layer": null, "addr:full": null, "addr:city": null, "source": null, "name:ko": "양산", "osm_id": 355173821, "osm_type": "nodes" }, "geometry": { "type": "Point", "coordinates": [ 129.026402, 35.3387432 ] } },
{ "type": "Feature", "properties": { "name": "하단", "name:en": "Hadan", "railway": "station", "ele": null, "operator:type": "public", "layer": null, "addr:full": null, "addr:city": "부산광역시", "source": null, "name:ko": "하단", "osm_id": 355173825, "osm_type": "nodes" }, "geometry": { "type": "Point", "coordinates": [ 128.966760599999986, 35.1062348 ] } },
{ "type": "Feature", "properties": { "name": "사하", "name:en": "Saha", "railway": "station", "ele": null, "operator:type": "public", "layer": null, "addr:full": null, "addr:city": "부산광역시", "source": null, "name:ko": "사하", "osm_id": 355173829, "osm_type": "nodes" }, "geometry": { "type": "Point", "coordinates": [ 128.983094, 35.09984 ] } },
{ "type": "Feature", "properties": { "name": "괴정", "name:en": "Goejeong", "railway": "station", "ele": null, "operator:type": "public", "layer": null, "addr:full": null, "addr:city": "부산광역시", "source": null, "name:ko": "괴정", "osm_id": 355173831, "osm_type": "nodes" }, "geometry": { "type": "Point", "coordinates": [ 128.992862, 35.0999307 ] } },
{ "type": "Feature", "properties": { "name": "자갈치", "name:en": "Jagalchi", "railway": "station", "ele": null, "operator:type": "public", "layer": null, "addr:full": null, "addr:city": "부산광역시", "source": null, "name:ko": "자갈치", "osm_id": 355173840, "osm_type": "nodes" }, "geometry": { "type": "Point", "coordinates": [ 129.026767799999988, 35.0973457 ] } },
{ "type": "Feature", "properties": { "name": "남포", "name:en": "Nampo", "railway": "station", "ele": null, "operator:type": "public", "layer": null, "addr:full": null, "addr:city": "부산광역시", "source": null, "name:ko": "남포", "osm_id": 355173841, "osm_type": "nodes" }, "geometry": { "type": "Point", "coordinates": [ 129.0349473, 35.0979243 ] } },
{ "type": "Feature", "properties": { "name": "중앙", "name:en": "Jungang", "railway": "station", "ele": null, "operator:type": "public", "layer": null, "addr:full": null, "addr:city": "부산광역시", "source": null, "name:ko": "중앙", "osm_id": 355173843, "osm_type": "nodes" }, "geometry": { "type": "Point", "coordinates": [ 129.0363271, 35.1038431 ] } },
{ "type": "Feature", "properties": { "name": "초량", "name:en": "Choryang", "railway": "station", "ele": null, "operator:type": "public", "layer": null, "addr:full": null, "addr:city": null, "source": null, "name:ko": "초량", "osm_id": 355173846, "osm_type": "nodes" }, "geometry": { "type": "Point", "coordinates": [ 129.042970200000013, 35.1212017 ] } },
{ "type": "Feature", "properties": { "name": "부산진", "name:en": "Busanjin", "railway": "station", "ele": null, "operator:type": "public", "layer": null, "addr:full": null, "addr:city": null, "source": null, "name:ko": null, "osm_id": 355173848, "osm_type": "nodes" }, "geometry": { "type": "Point", "coordinates": [ 129.0492214, 35.1290282 ] } },
{ "type": "Feature", "properties": { "name": "민락", "name:en": "Millak", "railway": "station", "ele": null, "operator:type": "public", "layer": null, "addr:full": null, "addr:city": null, "source": null, "name:ko": "민락", "osm_id": 355173875, "osm_type": "nodes" }, "geometry": { "type": "Point", "coordinates": [ 129.121719, 35.167395 ] } },
{ "type": "Feature", "properties": { "name": "경성대·부경대", "name:en": "Kyungsung Univ. · Pukyong Nat'l Univ.", "railway": "station", "ele": null, "operator:type": "public", "layer": null, "addr:full": null, "addr:city": null, "source": null, "name:ko": "경성대·부경대", "osm_id": 355173882, "osm_type": "nodes" }, "geometry": { "type": "Point", "coordinates": [ 129.100531, 35.137558 ] } },
{ "type": "Feature", "properties": { "name": "대연", "name:en": "Daeyeon", "railway": "station", "ele": null, "operator:type": "public", "layer": null, "addr:full": null, "addr:city": null, "source": null, "name:ko": "대연", "osm_id": 355173884, "osm_type": "nodes" }, "geometry": { "type": "Point", "coordinates": [ 129.092172, 35.135148 ] } },
{ "type": "Feature", "properties": { "name": "금련산", "name:en": "Geumryeonsan", "railway": "station", "ele": null, "operator:type": "public", "layer": null, "addr:full": null, "addr:city": null, "source": null, "name:ko": "금련산", "osm_id": 355173886, "osm_type": "nodes" }, "geometry": { "type": "Point", "coordinates": [ 129.11097, 35.149756 ] } },
{ "type": "Feature", "properties": { "name": "국제금융센터·부산은행", "name:en": "Busan International Finance Center·Busan Bank", "railway": "station", "ele": null, "operator:type": "public", "layer": null, "addr:full": null, "addr:city": null, "source": null, "name:ko": "국제금융센터·부산은행", "osm_id": 355173891, "osm_type": "nodes" }, "geometry": { "type": "Point", "coordinates": [ 129.0667134, 35.1457278 ] } },
{ "type": "Feature", "properties": { "name": "가야", "name:en": "Gaya", "railway": "station", "ele": null, "operator:type": "public", "layer": null, "addr:full": null, "addr:city": null, "source": null, "name:ko": "가야", "osm_id": 355173896, "osm_type": "nodes" }, "geometry": { "type": "Point", "coordinates": [ 129.0426874, 35.1558284 ] } },
{ "type": "Feature", "properties": { "name": "동의대", "name:en": "Dong-Eui Univ.", "railway": "station", "ele": null, "operator:type": "public", "layer": null, "addr:full": null, "addr:city": null, "source": null, "name:ko": "동의대", "osm_id": 355173898, "osm_type": "nodes" }, "geometry": { "type": "Point", "coordinates": [ 129.0321386, 35.1539803 ] } },
{ "type": "Feature", "properties": { "name": "전포", "name:en": "Jeonpo", "railway": "station", "ele": null, "operator:type": "public", "layer": null, "addr:full": null, "addr:city": null, "source": null, "name:ko": "전포", "osm_id": 355173900, "osm_type": "nodes" }, "geometry": { "type": "Point", "coordinates": [ 129.065364100000011, 35.1528193 ] } },
{ "type": "Feature", "properties": { "name": "부암", "name:en": "Buam", "railway": "station", "ele": null, "operator:type": "public", "layer": null, "addr:full": null, "addr:city": null, "source": null, "name:ko": "부암", "osm_id": 355173902, "osm_type": "nodes" }, "geometry": { "type": "Point", "coordinates": [ 129.0505061, 35.157439 ] } },
{ "type": "Feature", "properties": { "name": "주례", "name:en": "Jurye", "railway": "station", "ele": null, "operator:type": "public", "layer": null, "addr:full": null, "addr:city": null, "source": null, "name:ko": "주례", "osm_id": 355173904, "osm_type": "nodes" }, "geometry": { "type": "Point", "coordinates": [ 129.00315, 35.150504 ] } },
{ "type": "Feature", "properties": { "name": "감전", "name:en": "Gamjeon", "railway": "station", "ele": null, "operator:type": "public", "layer": null, "addr:full": null, "addr:city": null, "source": null, "name:ko": "감전", "osm_id": 355173906, "osm_type": "nodes" }, "geometry": { "type": "Point", "coordinates": [ 128.9908801, 35.1557054 ] } },
{ "type": "Feature", "properties": { "name": "개금", "name:en": "Gaegeum", "railway": "station", "ele": null, "operator:type": "public", "layer": null, "addr:full": null, "addr:city": null, "source": null, "name:ko": "개금", "osm_id": 355173908, "osm_type": "nodes" }, "geometry": { "type": "Point", "coordinates": [ 129.0204602, 35.1532536 ] } },
{ "type": "Feature", "properties": { "name": "냉정", "name:en": "Naengjeong", "railway": "station", "ele": null, "operator:type": "public", "layer": null, "addr:full": null, "addr:city": null, "source": null, "name:ko": "냉정", "osm_id": 355173909, "osm_type": "nodes" }, "geometry": { "type": "Point", "coordinates": [ 129.0124257, 35.1512851 ] } },
{ "type": "Feature", "properties": { "name": "물만골", "name:en": "Mulmangol", "railway": "station", "ele": null, "operator:type": "public", "layer": null, "addr:full": null, "addr:city": null, "source": null, "name:ko": "물만골", "osm_id": 355173971, "osm_type": "nodes" }, "geometry": { "type": "Point", "coordinates": [ 129.0858394, 35.1766404 ] } },
{ "type": "Feature", "properties": { "name": "배산", "name:en": "Baesan", "railway": "station", "ele": null, "operator:type": "public", "layer": null, "addr:full": null, "addr:city": null, "source": null, "name:ko": "배산", "osm_id": 355173972, "osm_type": "nodes" }, "geometry": { "type": "Point", "coordinates": [ 129.095751, 35.173473 ] } },
{ "type": "Feature", "properties": { "name": "망미", "name:en": "Mangmi", "railway": "station", "ele": null, "operator:type": "public", "layer": null, "addr:full": null, "addr:city": null, "source": null, "name:ko": "망미", "osm_id": 355173973, "osm_type": "nodes" }, "geometry": { "type": "Point", "coordinates": [ 129.1075228, 35.1717526 ] } },
{ "type": "Feature", "properties": { "name": "사직", "name:en": "Sajik", "railway": "station", "ele": null, "operator:type": "public", "layer": null, "addr:full": null, "addr:city": null, "source": null, "name:ko": null, "osm_id": 355173979, "osm_type": "nodes" }, "geometry": { "type": "Point", "coordinates": [ 129.0650666, 35.1990904 ] } },
{ "type": "Feature", "properties": { "name": "평택", "name:en": "Pyeongtaek", "railway": "station", "ele": null, "operator:type": "public", "layer": null, "addr:full": null, "addr:city": null, "source": null, "name:ko": "평택", "osm_id": 354373659, "osm_type": "nodes" }, "geometry": { "type": "Point", "coordinates": [ 127.0853183, 36.9908233 ] } },
{ "type": "Feature", "properties": { "name": "경마공원", "name:en": "Seoul Racecourse Park", "railway": "station", "ele": null, "operator:type": "public", "layer": null, "addr:full": null, "addr:city": null, "source": null, "name:ko": "경마공원", "osm_id": 355173088, "osm_type": "nodes" }, "geometry": { "type": "Point", "coordinates": [ 127.0078955, 37.4437648 ] } },
{ "type": "Feature", "properties": { "name": "일원", "name:en": "Ilwon", "railway": "station", "ele": null, "operator:type": null, "layer": null, "addr:full": null, "addr:city": null, "source": null, "name:ko": "일원", "osm_id": 355173092, "osm_type": "nodes" }, "geometry": { "type": "Point", "coordinates": [ 127.0843766, 37.4836919 ] } },
{ "type": "Feature", "properties": { "name": "노포", "name:en": "Nopo", "railway": "station", "ele": null, "operator:type": "public", "layer": null, "addr:full": null, "addr:city": null, "source": null, "name:ko": null, "osm_id": 355173757, "osm_type": "nodes" }, "geometry": { "type": "Point", "coordinates": [ 129.095114700000011, 35.2839721 ] } },
{ "type": "Feature", "properties": { "name": "범어사", "name:en": "Beomeosa", "railway": "station", "ele": null, "operator:type": "public", "layer": null, "addr:full": null, "addr:city": null, "source": null, "name:ko": null, "osm_id": 355173761, "osm_type": "nodes" }, "geometry": { "type": "Point", "coordinates": [ 129.092668, 35.273102 ] } },
{ "type": "Feature", "properties": { "name": "덕포", "name:en": "Deokpo", "railway": "station", "ele": null, "operator:type": "public", "layer": null, "addr:full": null, "addr:city": null, "source": null, "name:ko": "덕포", "osm_id": 355173787, "osm_type": "nodes" }, "geometry": { "type": "Point", "coordinates": [ 128.9839737, 35.1738665 ] } },
{ "type": "Feature", "properties": { "name": "사상", "name:en": "Sasang", "railway": "station", "ele": null, "operator:type": "public", "layer": null, "addr:full": null, "addr:city": null, "source": null, "name:ko": "사상", "osm_id": 355173789, "osm_type": "nodes" }, "geometry": { "type": "Point", "coordinates": [ 128.989003, 35.1624853 ] } },
{ "type": "Feature", "properties": { "name": "덕천", "name:en": "Deokcheon", "railway": "station", "ele": null, "operator:type": "public", "layer": null, "addr:full": null, "addr:city": null, "source": null, "name:ko": "덕천", "osm_id": 355173803, "osm_type": "nodes" }, "geometry": { "type": "Point", "coordinates": [ 129.005332, 35.2100369 ] } },
{ "type": "Feature", "properties": { "name": "율리", "name:en": "Yulli", "railway": "station", "ele": null, "operator:type": "public", "layer": null, "addr:full": null, "addr:city": null, "source": null, "name:ko": "율리", "osm_id": 355173805, "osm_type": "nodes" }, "geometry": { "type": "Point", "coordinates": [ 129.0128975, 35.2464762 ] } },
{ "type": "Feature", "properties": { "name": "당리", "name:en": "Dangni", "railway": "station", "ele": null, "operator:type": "public", "layer": null, "addr:full": null, "addr:city": "부산광역시", "source": null, "name:ko": "당리", "osm_id": 355173827, "osm_type": "nodes" }, "geometry": { "type": "Point", "coordinates": [ 128.9738261, 35.1034754 ] } },
{ "type": "Feature", "properties": { "name": "대티", "name:en": "Daeti", "railway": "station", "ele": null, "operator:type": "public", "layer": null, "addr:full": null, "addr:city": "부산광역시", "source": null, "name:ko": "대티", "osm_id": 355173833, "osm_type": "nodes" }, "geometry": { "type": "Point", "coordinates": [ 128.9999412, 35.1031541 ] } },
{ "type": "Feature", "properties": { "name": "서대신", "name:en": "Seodaesin", "railway": "station", "ele": null, "operator:type": "public", "layer": null, "addr:full": null, "addr:city": "부산광역시", "source": null, "name:ko": "서대신", "osm_id": 355173834, "osm_type": "nodes" }, "geometry": { "type": "Point", "coordinates": [ 129.0120406, 35.1108608 ] } },
{ "type": "Feature", "properties": { "name": "동대신", "name:en": "Dongdaesin", "railway": "station", "ele": null, "operator:type": "public", "layer": null, "addr:full": null, "addr:city": "부산광역시", "source": null, "name:ko": "동대신", "osm_id": 355173836, "osm_type": "nodes" }, "geometry": { "type": "Point", "coordinates": [ 129.0177611, 35.1103454 ] } },
{ "type": "Feature", "properties": { "name": "토성", "name:en": "Toseong", "railway": "station", "ele": null, "operator:type": "public", "layer": null, "addr:full": null, "addr:city": "부산광역시", "source": null, "name:ko": "토성", "osm_id": 355173838, "osm_type": "nodes" }, "geometry": { "type": "Point", "coordinates": [ 129.0198441, 35.1007637 ] } },
{ "type": "Feature", "properties": { "name": "숙등", "name:en": "Sukdeung", "railway": "station", "ele": null, "operator:type": "public", "layer": null, "addr:full": null, "addr:city": null, "source": null, "name:ko": "숙등", "osm_id": 355173852, "osm_type": "nodes" }, "geometry": { "type": "Point", "coordinates": [ 129.0127544, 35.2119767 ] } },
{ "type": "Feature", "properties": { "name": "남산정", "name:en": "Namsanjeong Station", "railway": "station", "ele": null, "operator:type": "public", "layer": null, "addr:full": null, "addr:city": null, "source": null, "name:ko": "남산정", "osm_id": 355173854, "osm_type": "nodes" }, "geometry": { "type": "Point", "coordinates": [ 129.023926, 35.2133254 ] } },
{ "type": "Feature", "properties": { "name": "벡스코", "name:en": "BEXCO", "railway": "station", "ele": null, "operator:type": "public", "layer": null, "addr:full": null, "addr:city": null, "source": null, "name:ko": "벡스코", "osm_id": 355173865, "osm_type": "nodes" }, "geometry": { "type": "Point", "coordinates": [ 129.1387511, 35.1688889 ] } },
{ "type": "Feature", "properties": { "name": "동백", "name:en": "Dongbaek", "railway": "station", "ele": null, "operator:type": "public", "layer": null, "addr:full": null, "addr:city": null, "source": null, "name:ko": "동백", "osm_id": 355173867, "osm_type": "nodes" }, "geometry": { "type": "Point", "coordinates": [ 129.1480904, 35.161277 ] } },
{ "type": "Feature", "properties": { "name": "광안", "name:en": "Gwangan", "railway": "station", "ele": null, "operator:type": "public", "layer": null, "addr:full": null, "addr:city": null, "source": null, "name:ko": "광안", "osm_id": 355173872, "osm_type": "nodes" }, "geometry": { "type": "Point", "coordinates": [ 129.11317, 35.157916 ] } },
{ "type": "Feature", "properties": { "name": "경산", "name:en": "Gyeongsan", "railway": "station", "ele": null, "operator:type": null, "layer": null, "addr:full": null, "addr:city": null, "source": null, "name:ko": "경산", "osm_id": 366677068, "osm_type": "nodes" }, "geometry": { "type": "Point", "coordinates": [ 128.7276119, 35.8193291 ] } },
{ "type": "Feature", "properties": { "name": "연천", "name:en": "Yeoncheon", "railway": "station", "ele": null, "operator:type": "public", "layer": null, "addr:full": null, "addr:city": null, "source": null, "name:ko": "연천", "osm_id": 368636150, "osm_type": "nodes" }, "geometry": { "type": "Point", "coordinates": [ 127.0737179, 38.1007279 ] } },
{ "type": "Feature", "properties": { "name": "입석리", "name:en": "Ipseongni", "railway": "station", "ele": null, "operator:type": null, "layer": null, "addr:full": null, "addr:city": null, "source": null, "name:ko": "입석리", "osm_id": 368636454, "osm_type": "nodes" }, "geometry": { "type": "Point", "coordinates": [ 128.298329099999989, 37.1986389 ] } },
{ "type": "Feature", "properties": { "name": "주생", "name:en": "Jusaeng", "railway": "station", "ele": null, "operator:type": null, "layer": null, "addr:full": null, "addr:city": null, "source": null, "name:ko": "주생", "osm_id": 368636463, "osm_type": "nodes" }, "geometry": { "type": "Point", "coordinates": [ 127.3170129, 35.3767264 ] } },
{ "type": "Feature", "properties": { "name": "밀양", "name:en": "Miryang", "railway": "station", "ele": null, "operator:type": "public", "layer": null, "addr:full": null, "addr:city": "밀양시", "source": null, "name:ko": "밀양", "osm_id": 368636742, "osm_type": "nodes" }, "geometry": { "type": "Point", "coordinates": [ 128.7714177, 35.4748507 ] } },
{ "type": "Feature", "properties": { "name": "봉양", "name:en": "Bongyang", "railway": "station", "ele": null, "operator:type": "public", "layer": null, "addr:full": null, "addr:city": null, "source": null, "name:ko": "봉양", "osm_id": 368637174, "osm_type": "nodes" }, "geometry": { "type": "Point", "coordinates": [ 128.129805800000014, 37.1304027 ] } },
{ "type": "Feature", "properties": { "name": "고한", "name:en": "Gohan", "railway": "station", "ele": null, "operator:type": null, "layer": null, "addr:full": null, "addr:city": null, "source": null, "name:ko": "고한", "osm_id": 368636319, "osm_type": "nodes" }, "geometry": { "type": "Point", "coordinates": [ 128.852976500000011, 37.2008397 ] } },
{ "type": "Feature", "properties": { "name": "신기", "name:en": "Singi", "railway": "station", "ele": null, "operator:type": "public", "layer": null, "addr:full": null, "addr:city": null, "source": null, "name:ko": "신기", "osm_id": 368636422, "osm_type": "nodes" }, "geometry": { "type": "Point", "coordinates": [ 129.0850054, 37.3459709 ] } },
{ "type": "Feature", "properties": { "name": "신탄리", "name:en": "Sintan-ri", "railway": "station", "ele": null, "operator:type": null, "layer": null, "addr:full": null, "addr:city": null, "source": null, "name:ko": "신탄리", "osm_id": 368636441, "osm_type": "nodes" }, "geometry": { "type": "Point", "coordinates": [ 127.1394867, 38.2127801 ] } },
{ "type": "Feature", "properties": { "name": "영월", "name:en": "Yeongwol", "railway": "station", "ele": null, "operator:type": null, "layer": null, "addr:full": null, "addr:city": null, "source": null, "name:ko": "영월", "osm_id": 368636680, "osm_type": "nodes" }, "geometry": { "type": "Point", "coordinates": [ 128.4809263, 37.1821719 ] } },
{ "type": "Feature", "properties": { "name": "도계", "name:en": "Dogye", "railway": "station", "ele": null, "operator:type": null, "layer": null, "addr:full": null, "addr:city": null, "source": null, "name:ko": "도계", "osm_id": 368636692, "osm_type": "nodes" }, "geometry": { "type": "Point", "coordinates": [ 129.0442367, 37.22922 ] } },
{ "type": "Feature", "properties": { "name": "용문", "name:en": "Yongmun", "railway": "station", "ele": null, "operator:type": "public", "layer": null, "addr:full": null, "addr:city": null, "source": null, "name:ko": "용문", "osm_id": 368636728, "osm_type": "nodes" }, "geometry": { "type": "Point", "coordinates": [ 127.59465, 37.4822294 ] } },
{ "type": "Feature", "properties": { "name": "동해", "name:en": "Donghae", "railway": "station", "ele": null, "operator:type": "public", "layer": null, "addr:full": null, "addr:city": null, "source": null, "name:ko": "동해", "osm_id": 368637061, "osm_type": "nodes" }, "geometry": { "type": "Point", "coordinates": [ 129.1226016, 37.4975753 ] } },
{ "type": "Feature", "properties": { "name": "물금", "name:en": "Mulgeum", "railway": "station", "ele": null, "operator:type": "public", "layer": null, "addr:full": null, "addr:city": null, "source": null, "name:ko": "물금", "osm_id": 368637120, "osm_type": "nodes" }, "geometry": { "type": "Point", "coordinates": [ 128.9853853, 35.3066353 ] } },
{ "type": "Feature", "properties": { "name": "백산", "name:en": "Baeksan", "railway": "station", "ele": null, "operator:type": "public", "layer": null, "addr:full": null, "addr:city": null, "source": null, "name:ko": "백산", "osm_id": 368637144, "osm_type": "nodes" }, "geometry": { "type": "Point", "coordinates": [ 129.0335752, 37.138502 ] } },
{ "type": "Feature", "properties": { "name": "성환", "name:en": "Seonghwan", "railway": "station", "ele": null, "operator:type": "public", "layer": null, "addr:full": null, "addr:city": null, "source": null, "name:ko": "성환", "osm_id": 368636186, "osm_type": "nodes" }, "geometry": { "type": "Point", "coordinates": [ 127.1268868, 36.9159824 ] } },
{ "type": "Feature", "properties": { "name": "옥천", "name:en": "Okcheon", "railway": "station", "ele": null, "operator:type": "public", "layer": null, "addr:full": null, "addr:city": null, "source": null, "name:ko": "옥천", "osm_id": 368636272, "osm_type": "nodes" }, "geometry": { "type": "Point", "coordinates": [ 127.5653496, 36.2977484 ] } },
{ "type": "Feature", "properties": { "name": "대광리", "name:en": "Daegwang-ri", "railway": "station", "ele": null, "operator:type": "public", "layer": null, "addr:full": null, "addr:city": null, "source": null, "name:ko": "대광리", "osm_id": 368636344, "osm_type": "nodes" }, "geometry": { "type": "Point", "coordinates": [ 127.1085245, 38.1849896 ] } },
{ "type": "Feature", "properties": { "name": "영동", "name:en": "Yeongdong", "railway": "station", "ele": null, "operator:type": "public", "layer": null, "addr:full": null, "addr:city": "영동군", "source": null, "name:ko": "영동", "osm_id": 368636449, "osm_type": "nodes" }, "geometry": { "type": "Point", "coordinates": [ 127.7858142, 36.1726667 ] } },
{ "type": "Feature", "properties": { "name": "황간", "name:en": "Hwanggan", "railway": "station", "ele": null, "operator:type": "public", "layer": null, "addr:full": null, "addr:city": "영동군", "source": null, "name:ko": "황간", "osm_id": 368636485, "osm_type": "nodes" }, "geometry": { "type": "Point", "coordinates": [ 127.9122487, 36.2243141 ] } },
{ "type": "Feature", "properties": { "name": "백양사", "name:en": "Baekyangsa", "railway": "station", "ele": null, "operator:type": "public", "layer": null, "addr:full": null, "addr:city": "장성군", "source": null, "name:ko": "백양사", "osm_id": 368636524, "osm_type": "nodes" }, "geometry": { "type": "Point", "coordinates": [ 126.80776, 35.4317191 ] } },
{ "type": "Feature", "properties": { "name": "철암", "name:en": "Cheoram", "railway": "station", "ele": null, "operator:type": "public", "layer": null, "addr:full": null, "addr:city": null, "source": null, "name:ko": "철암", "osm_id": 368636781, "osm_type": "nodes" }, "geometry": { "type": "Point", "coordinates": [ 129.036627, 37.1130288 ] } },
{ "type": "Feature", "properties": { "name": "고사리", "name:en": "Gosari", "railway": "station", "ele": null, "operator:type": null, "layer": null, "addr:full": null, "addr:city": null, "source": null, "name:ko": "고사리", "osm_id": 368636843, "osm_type": "nodes" }, "geometry": { "type": "Point", "coordinates": [ 129.061525499999988, 37.2669738 ] } },
{ "type": "Feature", "properties": { "name": "신동", "name:en": "Sindong", "railway": "station", "ele": null, "operator:type": "public", "layer": null, "addr:full": null, "addr:city": null, "source": null, "name:ko": "신동", "osm_id": 368637308, "osm_type": "nodes" }, "geometry": { "type": "Point", "coordinates": [ 128.486111599999987, 35.9554422 ] } },
{ "type": "Feature", "properties": { "name": "신례원", "name:en": "Sillyewon", "railway": "station", "ele": null, "operator:type": "public", "layer": null, "addr:full": null, "addr:city": null, "source": null, "name:ko": "신례원", "osm_id": 368637309, "osm_type": "nodes" }, "geometry": { "type": "Point", "coordinates": [ 126.8495699, 36.7271537 ] } },
{ "type": "Feature", "properties": { "name": "삼척", "name:en": "Samcheok", "railway": "station", "ele": null, "operator:type": "public", "layer": null, "addr:full": null, "addr:city": "삼척시", "source": null, "name:ko": "삼척", "osm_id": 368637247, "osm_type": "nodes" }, "geometry": { "type": "Point", "coordinates": [ 129.178778, 37.4298261 ] } },
{ "type": "Feature", "properties": { "name": "석항", "name:en": "Seokhang", "railway": "station", "ele": null, "operator:type": null, "layer": null, "addr:full": null, "addr:city": null, "source": null, "name:ko": "석항", "osm_id": 368637281, "osm_type": "nodes" }, "geometry": { "type": "Point", "coordinates": [ 128.6205564, 37.1972666 ] } },
{ "type": "Feature", "properties": { "name": "예미", "name:en": "Yemi", "railway": "station", "ele": null, "operator:type": null, "layer": null, "addr:full": null, "addr:city": null, "source": null, "name:ko": "예미", "osm_id": 368637399, "osm_type": "nodes" }, "geometry": { "type": "Point", "coordinates": [ 128.6483309, 37.2124522 ] } },
{ "type": "Feature", "properties": { "name": "예천", "name:en": "Yecheon", "railway": "station", "ele": null, "operator:type": "public", "layer": null, "addr:full": null, "addr:city": null, "source": null, "name:ko": "예천", "osm_id": 368637423, "osm_type": "nodes" }, "geometry": { "type": "Point", "coordinates": [ 128.4436945, 36.6473156 ] } },
{ "type": "Feature", "properties": { "name": "완사", "name:en": "Wansa", "railway": "station", "ele": null, "operator:type": "public", "layer": null, "addr:full": null, "addr:city": null, "source": null, "name:ko": "완사", "osm_id": 368637453, "osm_type": "nodes" }, "geometry": { "type": "Point", "coordinates": [ 127.9771708, 35.1346067 ] } },
{ "type": "Feature", "properties": { "name": "원동", "name:en": "Wondong", "railway": "station", "ele": null, "operator:type": "public", "layer": null, "addr:full": null, "addr:city": null, "source": null, "name:ko": "원동", "osm_id": 368637471, "osm_type": "nodes" }, "geometry": { "type": "Point", "coordinates": [ 128.9207978, 35.3624248 ] } },
{ "type": "Feature", "properties": { "name": "의성", "name:en": "Uiseong", "railway": "station", "ele": null, "operator:type": "public", "layer": null, "addr:full": null, "addr:city": "의성군", "source": null, "name:ko": "의성", "osm_id": 368637495, "osm_type": "nodes" }, "geometry": { "type": "Point", "coordinates": [ 128.693128, 36.35336 ] } },
{ "type": "Feature", "properties": { "name": "장항", "name:en": "Janghang", "railway": "station", "ele": null, "operator:type": null, "layer": null, "addr:full": null, "addr:city": null, "source": null, "name:ko": "장항", "osm_id": 368637537, "osm_type": "nodes" }, "geometry": { "type": "Point", "coordinates": [ 126.7153815, 36.0400309 ] } },
{ "type": "Feature", "properties": { "name": "청천", "name:en": "Cheongcheon", "railway": "station", "ele": null, "operator:type": "public", "layer": null, "addr:full": null, "addr:city": null, "source": null, "name:ko": "청천", "osm_id": 368637607, "osm_type": "nodes" }, "geometry": { "type": "Point", "coordinates": [ 128.7694217, 35.8808786 ] } },
{ "type": "Feature", "properties": { "name": "현동", "name:en": "Hyeondong", "railway": "station", "ele": null, "operator:type": "public", "layer": null, "addr:full": null, "addr:city": null, "source": null, "name:ko": "현동", "osm_id": 368637698, "osm_type": "nodes" }, "geometry": { "type": "Point", "coordinates": [ 129.012211400000012, 36.9368878 ] } },
{ "type": "Feature", "properties": { "name": "계룡", "name:en": "Gyeryong", "railway": "station", "ele": null, "operator:type": "public", "layer": null, "addr:full": null, "addr:city": null, "source": null, "name:ko": "계룡", "osm_id": 368637794, "osm_type": "nodes" }, "geometry": { "type": "Point", "coordinates": [ 127.2665313, 36.2724063 ] } },
{ "type": "Feature", "properties": { "name": "신탄진", "name:en": "Sintanjin", "railway": "station", "ele": null, "operator:type": "public", "layer": null, "addr:full": null, "addr:city": null, "source": null, "name:ko": "신탄진", "osm_id": 368637854, "osm_type": "nodes" }, "geometry": { "type": "Point", "coordinates": [ 127.4281663, 36.4496321 ] } },
{ "type": "Feature", "properties": { "name": "오송", "name:en": "Osong", "railway": "station", "ele": null, "operator:type": "public", "layer": null, "addr:full": null, "addr:city": null, "source": null, "name:ko": "오송", "osm_id": 368637868, "osm_type": "nodes" }, "geometry": { "type": "Point", "coordinates": [ 127.3273629, 36.6202295 ] } },
{ "type": "Feature", "properties": { "name": "연당", "name:en": "Yeondang", "railway": "station", "ele": null, "operator:type": null, "layer": null, "addr:full": null, "addr:city": null, "source": null, "name:ko": "연당", "osm_id": 368637895, "osm_type": "nodes" }, "geometry": { "type": "Point", "coordinates": [ 128.3960793, 37.1849921 ] } },
{ "type": "Feature", "properties": { "name": "흥전", "name:en": "Heungjeon", "railway": "station", "ele": null, "operator:type": null, "layer": null, "addr:full": null, "addr:city": null, "source": null, "name:ko": "흥전", "osm_id": 368637932, "osm_type": "nodes" }, "geometry": { "type": "Point", "coordinates": [ 129.03552590000001, 37.2137086 ] } },
{ "type": "Feature", "properties": { "name": "망상", "name:en": "Mangsang", "railway": "station", "ele": null, "operator:type": "public", "layer": null, "addr:full": null, "addr:city": null, "source": null, "name:ko": "망상", "osm_id": 368637947, "osm_type": "nodes" }, "geometry": { "type": "Point", "coordinates": [ 129.098583100000013, 37.5867975 ] } },
{ "type": "Feature", "properties": { "name": "묵호", "name:en": "Mukho", "railway": "station", "ele": null, "operator:type": "public", "layer": null, "addr:full": null, "addr:city": null, "source": null, "name:ko": "묵호", "osm_id": 368637950, "osm_type": "nodes" }, "geometry": { "type": "Point", "coordinates": [ 129.1082108, 37.5461786 ] } },
{ "type": "Feature", "properties": { "name": "도고온천", "name:en": "Dogooncheon", "railway": "station", "ele": null, "operator:type": "public", "layer": null, "addr:full": null, "addr:city": null, "source": null, "name:ko": "도고온천", "osm_id": 368638233, "osm_type": "nodes" }, "geometry": { "type": "Point", "coordinates": [ 126.8895459, 36.7495364 ] } },
{ "type": "Feature", "properties": { "name": "추풍령", "name:en": "Chupungnyeong", "railway": "station", "ele": null, "operator:type": "public", "layer": null, "addr:full": null, "addr:city": "영동군", "source": null, "name:ko": "추풍령", "osm_id": 368638248, "osm_type": "nodes" }, "geometry": { "type": "Point", "coordinates": [ 127.9963927, 36.2128103 ] } },
{ "type": "Feature", "properties": { "name": "영천", "name:en": "Yeongcheon", "railway": "station", "ele": null, "operator:type": null, "layer": null, "addr:full": null, "addr:city": null, "source": null, "name:ko": "영천", "osm_id": 368637389, "osm_type": "nodes" }, "geometry": { "type": "Point", "coordinates": [ 128.9388909, 35.9590454 ] } },
{ "type": "Feature", "properties": { "name": "이원", "name:en": "Iwon", "railway": "station", "ele": null, "operator:type": "public", "layer": null, "addr:full": null, "addr:city": "옥천군", "source": null, "name:ko": "이원", "osm_id": 368637509, "osm_type": "nodes" }, "geometry": { "type": "Point", "coordinates": [ 127.6186518, 36.243989 ] } },
{ "type": "Feature", "properties": { "name": "구포", "name:en": "Gupo", "railway": "station", "ele": null, "operator:type": "public", "layer": null, "addr:full": null, "addr:city": "부산광역시", "source": null, "name:ko": "구포", "osm_id": 368637755, "osm_type": "nodes" }, "geometry": { "type": "Point", "coordinates": [ 128.997300599999988, 35.2053084 ] } },
{ "type": "Feature", "properties": { "name": "석불", "name:en": "Seokbul", "railway": "station", "ele": null, "operator:type": "public", "layer": null, "addr:full": null, "addr:city": null, "source": null, "name:ko": "석불", "osm_id": 368637825, "osm_type": "nodes" }, "geometry": { "type": "Point", "coordinates": [ 127.6549407, 37.4599748 ] } },
{ "type": "Feature", "properties": { "name": "월롱", "name:en": "Wollong", "railway": "station", "ele": null, "operator:type": "public", "layer": null, "addr:full": null, "addr:city": null, "source": null, "name:ko": "월롱", "osm_id": 368638013, "osm_type": "nodes" }, "geometry": { "type": "Point", "coordinates": [ 126.7925749, 37.796251 ] } },
{ "type": "Feature", "properties": { "name": "효천", "name:en": "Hyocheon", "railway": "station", "ele": null, "operator:type": null, "layer": null, "addr:full": null, "addr:city": null, "source": null, "name:ko": "효천", "osm_id": 368638080, "osm_type": "nodes" }, "geometry": { "type": "Point", "coordinates": [ 126.877049, 35.1029684 ] } },
{ "type": "Feature", "properties": { "name": "연무대", "name:en": "Yeonmudae", "railway": "station", "ele": null, "operator:type": "public", "layer": null, "addr:full": null, "addr:city": null, "source": null, "name:ko": "연무대", "osm_id": 368638215, "osm_type": "nodes" }, "geometry": { "type": "Point", "coordinates": [ 127.087901, 36.1242869 ] } },
{ "type": "Feature", "properties": { "name": "삽교", "name:en": "Sapgyo", "railway": "station", "ele": null, "operator:type": "public", "layer": null, "addr:full": null, "addr:city": "예산군", "source": null, "name:ko": "삽교", "osm_id": 368637246, "osm_type": "nodes" }, "geometry": { "type": "Point", "coordinates": [ 126.7515305, 36.6798216 ] } },
{ "type": "Feature", "properties": { "name": "월평", "name:en": "Wolpyeong", "railway": "station", "ele": null, "operator:type": "public", "layer": null, "addr:full": null, "addr:city": null, "source": null, "name:ko": "월평", "osm_id": 9271807333, "osm_type": "nodes" }, "geometry": { "type": "Point", "coordinates": [ 127.3645813, 36.3583201 ] } },
{ "type": "Feature", "properties": { "name": "남위례", "name:en": "Namwirye", "railway": "station", "ele": null, "operator:type": null, "layer": null, "addr:full": null, "addr:city": null, "source": null, "name:ko": "남위례", "osm_id": 6094326926, "osm_type": "nodes" }, "geometry": { "type": "Point", "coordinates": [ 127.1392162, 37.4627715 ] } },
{ "type": "Feature", "properties": { "name": "대동", "name:en": "Dae-dong", "railway": "station", "ele": null, "operator:type": "public", "layer": null, "addr:full": null, "addr:city": null, "source": null, "name:ko": "대동", "osm_id": 9271807354, "osm_type": "nodes" }, "geometry": { "type": "Point", "coordinates": [ 127.4429079, 36.3294086 ] } },
{ "type": "Feature", "properties": { "name": "탄방", "name:en": "Tanbang", "railway": "station", "ele": null, "operator:type": "public", "layer": null, "addr:full": null, "addr:city": null, "source": null, "name:ko": "탄방", "osm_id": 9271807340, "osm_type": "nodes" }, "geometry": { "type": "Point", "coordinates": [ 127.3846726, 36.3459484 ] } },
{ "type": "Feature", "properties": { "name": "서대전네거리", "name:en": "Seodaejeonnegeori", "railway": "station", "ele": null, "operator:type": "public", "layer": null, "addr:full": null, "addr:city": null, "source": null, "name:ko": "서대전네거리", "osm_id": 9271807346, "osm_type": "nodes" }, "geometry": { "type": "Point", "coordinates": [ 127.4125138, 36.3223851 ] } },
{ "type": "Feature", "properties": { "name": "중앙로", "name:en": "Jungangno", "railway": "station", "ele": null, "operator:type": "public", "layer": null, "addr:full": null, "addr:city": null, "source": null, "name:ko": "중앙로", "osm_id": 9271807350, "osm_type": "nodes" }, "geometry": { "type": "Point", "coordinates": [ 127.4259177, 36.3285894 ] } },
{ "type": "Feature", "properties": { "name": "노은", "name:en": "Noeun", "railway": "station", "ele": null, "operator:type": null, "layer": null, "addr:full": null, "addr:city": "대전광역시", "source": null, "name:ko": "노은", "osm_id": 9271804081, "osm_type": "nodes" }, "geometry": { "type": "Point", "coordinates": [ 127.3179073, 36.3741117 ] } },
{ "type": "Feature", "properties": { "name": "지족", "name:en": "Jijok", "railway": "station", "ele": null, "operator:type": "public", "layer": null, "addr:full": null, "addr:city": null, "source": null, "name:ko": "지족", "osm_id": 9271804082, "osm_type": "nodes" }, "geometry": { "type": "Point", "coordinates": [ 127.3195384, 36.384111 ] } },
{ "type": "Feature", "properties": { "name": "구암", "name:en": "Guam", "railway": "station", "ele": null, "operator:type": "public", "layer": null, "addr:full": null, "addr:city": null, "source": null, "name:ko": "구암", "osm_id": 9271804086, "osm_type": "nodes" }, "geometry": { "type": "Point", "coordinates": [ 127.3307266, 36.3566303 ] } },
{ "type": "Feature", "properties": { "name": "유성온천", "name:en": "Yuseong Spa", "railway": "station", "ele": null, "operator:type": "public", "layer": null, "addr:full": null, "addr:city": null, "source": null, "name:ko": "유성온천", "osm_id": 9271804088, "osm_type": "nodes" }, "geometry": { "type": "Point", "coordinates": [ 127.3416486, 36.353704 ] } },
{ "type": "Feature", "properties": { "name": "갑천", "name:en": "Gapcheon", "railway": "station", "ele": null, "operator:type": "public", "layer": null, "addr:full": null, "addr:city": null, "source": null, "name:ko": "갑천", "osm_id": 9271804090, "osm_type": "nodes" }, "geometry": { "type": "Point", "coordinates": [ 127.3545556, 36.3545464 ] } },
{ "type": "Feature", "properties": { "name": "갈마", "name:en": "Galma", "railway": "station", "ele": null, "operator:type": "public", "layer": null, "addr:full": null, "addr:city": null, "source": null, "name:ko": "갈마", "osm_id": 9271807335, "osm_type": "nodes" }, "geometry": { "type": "Point", "coordinates": [ 127.3727932, 36.3576605 ] } },
{ "type": "Feature", "properties": { "name": "온수", "name:en": "Onsu", "railway": "station", "ele": null, "operator:type": null, "layer": null, "addr:full": null, "addr:city": null, "source": null, "name:ko": "온수", "osm_id": 5208486247, "osm_type": "nodes" }, "geometry": { "type": "Point", "coordinates": [ 126.823534, 37.4922986 ] } },
{ "type": "Feature", "properties": { "name": "상계", "name:en": "Sanggye", "railway": "station", "ele": null, "operator:type": null, "layer": null, "addr:full": null, "addr:city": null, "source": null, "name:ko": "상계", "osm_id": 9165988119, "osm_type": "nodes" }, "geometry": { "type": "Point", "coordinates": [ 127.073439, 37.6607649 ] } },
{ "type": "Feature", "properties": { "name": "동묘앞", "name:en": "Dongmyo", "railway": "station", "ele": null, "operator:type": null, "layer": null, "addr:full": null, "addr:city": null, "source": null, "name:ko": "동묘앞", "osm_id": 9454775466, "osm_type": "nodes" }, "geometry": { "type": "Point", "coordinates": [ 127.015659, 37.5723419 ] } },
{ "type": "Feature", "properties": { "name": "동대문", "name:en": "Dongdaemun", "railway": "station", "ele": null, "operator:type": null, "layer": null, "addr:full": null, "addr:city": null, "source": null, "name:ko": "동대문", "osm_id": 9454775467, "osm_type": "nodes" }, "geometry": { "type": "Point", "coordinates": [ 127.0095288, 37.5704964 ] } },
{ "type": "Feature", "properties": { "name": "왕십리", "name:en": "Wangsimni", "railway": "station", "ele": null, "operator:type": null, "layer": null, "addr:full": null, "addr:city": null, "source": null, "name:ko": "왕십리", "osm_id": 7916699664, "osm_type": "nodes" }, "geometry": { "type": "Point", "coordinates": [ 127.0371526, 37.5612078 ] } },
{ "type": "Feature", "properties": { "name": "왕십리", "name:en": "Wangsimni", "railway": "station", "ele": null, "operator:type": null, "layer": null, "addr:full": null, "addr:city": null, "source": null, "name:ko": "왕십리", "osm_id": 7916699665, "osm_type": "nodes" }, "geometry": { "type": "Point", "coordinates": [ 127.0357093, 37.5609924 ] } },
{ "type": "Feature", "properties": { "name": "동묘앞", "name:en": "Dongmyo", "railway": "station", "ele": null, "operator:type": null, "layer": null, "addr:full": null, "addr:city": "서울특별시", "source": null, "name:ko": "동묘앞", "osm_id": 5916874394, "osm_type": "nodes" }, "geometry": { "type": "Point", "coordinates": [ 127.0174344, 37.5735084 ] } },
{ "type": "Feature", "properties": { "name": "강남구청", "name:en": "Gangnam-gu Office", "railway": "station", "ele": null, "operator:type": null, "layer": null, "addr:full": null, "addr:city": null, "source": null, "name:ko": "강남구청", "osm_id": 5925861751, "osm_type": "nodes" }, "geometry": { "type": "Point", "coordinates": [ 127.0412865, 37.5171756 ] } },
{ "type": "Feature", "properties": { "name": "강남", "name:en": "Gangnam", "railway": "station", "ele": null, "operator:type": null, "layer": null, "addr:full": null, "addr:city": null, "source": null, "name:ko": "강남", "osm_id": 5927529147, "osm_type": "nodes" }, "geometry": { "type": "Point", "coordinates": [ 127.0275574, 37.4979497 ] } },
{ "type": "Feature", "properties": { "name": "이수", "name:en": "Isu", "railway": "station", "ele": null, "operator:type": null, "layer": null, "addr:full": null, "addr:city": null, "source": null, "name:ko": "이수", "osm_id": 6048953582, "osm_type": "nodes" }, "geometry": { "type": "Point", "coordinates": [ 126.9821095, 37.4854491 ] } },
{ "type": "Feature", "properties": { "name": "아산", "name:en": "Asan", "railway": "station", "ele": null, "operator:type": "public", "layer": null, "addr:full": null, "addr:city": "아산시", "source": null, "name:ko": "아산", "osm_id": 1278980438, "osm_type": "nodes" }, "geometry": { "type": "Point", "coordinates": [ 127.1044526, 36.7920971 ] } },
{ "type": "Feature", "properties": { "name": "중랑", "name:en": "Jungnang", "railway": "station", "ele": null, "operator:type": "public", "layer": null, "addr:full": null, "addr:city": null, "source": null, "name:ko": "중랑", "osm_id": 1458109500, "osm_type": "nodes" }, "geometry": { "type": "Point", "coordinates": [ 127.0763112, 37.5949759 ] } },
{ "type": "Feature", "properties": { "name": "동래", "name:en": "Dongnae", "railway": "station", "ele": null, "operator:type": "public", "layer": null, "addr:full": null, "addr:city": null, "source": null, "name:ko": "동래", "osm_id": 1708284818, "osm_type": "nodes" }, "geometry": { "type": "Point", "coordinates": [ 129.077359800000011, 35.2046511 ] } },
{ "type": "Feature", "properties": { "name": "영산대", "name:en": "Youngsan University", "railway": "station", "ele": null, "operator:type": "public", "layer": null, "addr:full": null, "addr:city": null, "source": null, "name:ko": "영산대", "osm_id": 1708284895, "osm_type": "nodes" }, "geometry": { "type": "Point", "coordinates": [ 129.146115900000012, 35.2256219 ] } },
{ "type": "Feature", "properties": { "name": "고촌", "name:en": "Gochon", "railway": "station", "ele": null, "operator:type": "public", "layer": null, "addr:full": null, "addr:city": null, "source": null, "name:ko": "고촌", "osm_id": 1708284956, "osm_type": "nodes" }, "geometry": { "type": "Point", "coordinates": [ 129.1605, 35.2360933 ] } },
{ "type": "Feature", "properties": { "name": "남천", "name:en": "Namcheon", "railway": "station", "ele": null, "operator:type": "public", "layer": null, "addr:full": null, "addr:city": null, "source": null, "name:ko": "남천", "osm_id": 1763825051, "osm_type": "nodes" }, "geometry": { "type": "Point", "coordinates": [ 129.1078416, 35.1421344 ] } },
{ "type": "Feature", "properties": { "name": "흥선", "name:en": "Heungseon", "railway": "station", "ele": null, "operator:type": null, "layer": null, "addr:full": null, "addr:city": null, "source": null, "name:ko": "흥선", "osm_id": 1793029789, "osm_type": "nodes" }, "geometry": { "type": "Point", "coordinates": [ 127.0371979, 37.7432923 ] } },
{ "type": "Feature", "properties": { "name": "경전철의정부", "name:en": "LRT Uijeongbu", "railway": "station", "ele": null, "operator:type": null, "layer": null, "addr:full": null, "addr:city": null, "source": null, "name:ko": "경전철의정부", "osm_id": 1793029795, "osm_type": "nodes" }, "geometry": { "type": "Point", "coordinates": [ 127.0433026, 37.7372743 ] } },
{ "type": "Feature", "properties": { "name": "의정부중앙", "name:en": "Uijeongbu Jung-ang", "railway": "station", "ele": null, "operator:type": null, "layer": null, "addr:full": null, "addr:city": null, "source": null, "name:ko": "의정부중앙", "osm_id": 1793029802, "osm_type": "nodes" }, "geometry": { "type": "Point", "coordinates": [ 127.0497559, 37.7436853 ] } },
{ "type": "Feature", "properties": { "name": "동오", "name:en": "Dong-o", "railway": "station", "ele": null, "operator:type": null, "layer": null, "addr:full": null, "addr:city": null, "source": null, "name:ko": "동오", "osm_id": 1793029822, "osm_type": "nodes" }, "geometry": { "type": "Point", "coordinates": [ 127.0569971, 37.7452352 ] } },
{ "type": "Feature", "properties": { "name": "발곡", "name:en": "Balgok", "railway": "station", "ele": null, "operator:type": null, "layer": null, "addr:full": null, "addr:city": null, "source": null, "name:ko": "발곡", "osm_id": 1793029857, "osm_type": "nodes" }, "geometry": { "type": "Point", "coordinates": [ 127.0529537, 37.727007 ] } },
{ "type": "Feature", "properties": { "name": "곤제", "name:en": "Gonje", "railway": "station", "ele": null, "operator:type": null, "layer": null, "addr:full": null, "addr:city": null, "source": null, "name:ko": "곤제", "osm_id": 1793029862, "osm_type": "nodes" }, "geometry": { "type": "Point", "coordinates": [ 127.0838261, 37.750528 ] } },
{ "type": "Feature", "properties": { "name": "범골", "name:en": "Beomgol", "railway": "station", "ele": null, "operator:type": null, "layer": null, "addr:full": null, "addr:city": null, "source": null, "name:ko": "범골", "osm_id": 1793029885, "osm_type": "nodes" }, "geometry": { "type": "Point", "coordinates": [ 127.0436814, 37.7287726 ] } },
{ "type": "Feature", "properties": { "name": "새말", "name:en": "Sae-mal", "railway": "station", "ele": null, "operator:type": null, "layer": null, "addr:full": null, "addr:city": null, "source": null, "name:ko": "새말", "osm_id": 1793029898, "osm_type": "nodes" }, "geometry": { "type": "Point", "coordinates": [ 127.0637819, 37.7488539 ] } },
{ "type": "Feature", "properties": { "name": "탑석", "name:en": "Tapseok", "railway": "station", "ele": null, "operator:type": null, "layer": null, "addr:full": null, "addr:city": null, "source": null, "name:ko": "탑석", "osm_id": 1793029926, "osm_type": "nodes" }, "geometry": { "type": "Point", "coordinates": [ 127.0889406, 37.7335261 ] } },
{ "type": "Feature", "properties": { "name": "어룡", "name:en": "Eoryong", "railway": "station", "ele": null, "operator:type": null, "layer": null, "addr:full": null, "addr:city": null, "source": null, "name:ko": "어룡", "osm_id": 1793029966, "osm_type": "nodes" }, "geometry": { "type": "Point", "coordinates": [ 127.0852152, 37.7426841 ] } },
{ "type": "Feature", "properties": { "name": "울산", "name:en": "Ulsan", "railway": "station", "ele": null, "operator:type": "public", "layer": null, "addr:full": null, "addr:city": null, "source": null, "name:ko": "울산", "osm_id": 1657629122, "osm_type": "nodes" }, "geometry": { "type": "Point", "coordinates": [ 129.1379303, 35.5513139 ] } },
{ "type": "Feature", "properties": { "name": "금사", "name:en": "Geumsa", "railway": "station", "ele": null, "operator:type": "public", "layer": null, "addr:full": null, "addr:city": null, "source": null, "name:ko": "금사", "osm_id": 1708284677, "osm_type": "nodes" }, "geometry": { "type": "Point", "coordinates": [ 129.1153136, 35.2157562 ] } },
{ "type": "Feature", "properties": { "name": "서동", "name:en": "Seo-dong", "railway": "station", "ele": null, "operator:type": "public", "layer": null, "addr:full": null, "addr:city": null, "source": null, "name:ko": "서동", "osm_id": 1708284761, "osm_type": "nodes" }, "geometry": { "type": "Point", "coordinates": [ 129.107510100000013, 35.2130525 ] } },
{ "type": "Feature", "properties": { "name": "충렬사", "name:en": "Chungryeolsa", "railway": "station", "ele": null, "operator:type": "public", "layer": null, "addr:full": null, "addr:city": null, "source": null, "name:ko": "충렬사", "osm_id": 1708284771, "osm_type": "nodes" }, "geometry": { "type": "Point", "coordinates": [ 129.0976523, 35.1997162 ] } },
{ "type": "Feature", "properties": { "name": "부산역", "name:en": "Busan Station", "railway": "station", "ele": null, "operator:type": "public", "layer": null, "addr:full": null, "addr:city": "부산광역시", "source": null, "name:ko": "부산역", "osm_id": 1768537544, "osm_type": "nodes" }, "geometry": { "type": "Point", "coordinates": [ 129.0399028, 35.1157262 ] } },
{ "type": "Feature", "properties": { "name": "봉화", "name:en": "Bonghwa", "railway": "station", "ele": null, "operator:type": "public", "layer": null, "addr:full": null, "addr:city": null, "source": null, "name:ko": "봉화", "osm_id": 1914993498, "osm_type": "nodes" }, "geometry": { "type": "Point", "coordinates": [ 128.7268956, 36.8914813 ] } },
{ "type": "Feature", "properties": { "name": "분천", "name:en": "Buncheon", "railway": "station", "ele": null, "operator:type": "public", "layer": null, "addr:full": null, "addr:city": null, "source": null, "name:ko": "분천", "osm_id": 1914993506, "osm_type": "nodes" }, "geometry": { "type": "Point", "coordinates": [ 129.0586911, 36.9325881 ] } },
{ "type": "Feature", "properties": { "name": "신갈", "name:en": "Singal", "railway": "station", "ele": null, "operator:type": "public", "layer": null, "addr:full": null, "addr:city": null, "source": null, "name:ko": "신갈", "osm_id": 1915043094, "osm_type": "nodes" }, "geometry": { "type": "Point", "coordinates": [ 127.1113752, 37.2861537 ] } },
{ "type": "Feature", "properties": { "name": "춘양", "name:en": "Chunyang", "railway": "station", "ele": null, "operator:type": "public", "layer": null, "addr:full": null, "addr:city": null, "source": null, "name:ko": "춘양", "osm_id": 1914993507, "osm_type": "nodes" }, "geometry": { "type": "Point", "coordinates": [ 128.9198754, 36.9378718 ] } },
{ "type": "Feature", "properties": { "name": "임기", "name:en": "Imgi", "railway": "station", "ele": null, "operator:type": "public", "layer": null, "addr:full": null, "addr:city": null, "source": null, "name:ko": "임기", "osm_id": 1914993516, "osm_type": "nodes" }, "geometry": { "type": "Point", "coordinates": [ 128.9993399, 36.9036827 ] } },
{ "type": "Feature", "properties": { "name": "칠곡운암", "name:en": "Chilgok·Unam", "railway": "station", "ele": null, "operator:type": null, "layer": null, "addr:full": null, "addr:city": null, "source": null, "name:ko": "칠곡운암", "osm_id": 8288809731, "osm_type": "nodes" }, "geometry": { "type": "Point", "coordinates": [ 128.5544922, 35.9314193 ] } },
{ "type": "Feature", "properties": { "name": "곡산", "name:en": "Goksan", "railway": "station", "ele": null, "operator:type": null, "layer": null, "addr:full": null, "addr:city": null, "source": null, "name:ko": "곡산", "osm_id": 2090733292, "osm_type": "nodes" }, "geometry": { "type": "Point", "coordinates": [ 126.8018102, 37.645746 ] } },
{ "type": "Feature", "properties": { "name": "백마", "name:en": "Baengma", "railway": "station", "ele": null, "operator:type": null, "layer": null, "addr:full": null, "addr:city": null, "source": null, "name:ko": "백마", "osm_id": 2090733293, "osm_type": "nodes" }, "geometry": { "type": "Point", "coordinates": [ 126.794475, 37.6583299 ] } },
{ "type": "Feature", "properties": { "name": "임진강", "name:en": "Imjingang", "railway": "station", "ele": null, "operator:type": "public", "layer": null, "addr:full": null, "addr:city": null, "source": null, "name:ko": "임진강", "osm_id": 2090733354, "osm_type": "nodes" }, "geometry": { "type": "Point", "coordinates": [ 126.7482781, 37.8882564 ] } },
{ "type": "Feature", "properties": { "name": "풍산", "name:en": "Pungsan", "railway": "station", "ele": null, "operator:type": null, "layer": null, "addr:full": null, "addr:city": null, "source": null, "name:ko": "풍산", "osm_id": 2240495169, "osm_type": "nodes" }, "geometry": { "type": "Point", "coordinates": [ 126.7862433, 37.6723483 ] } },
{ "type": "Feature", "properties": { "name": "제진", "name:en": "Jejin", "railway": "station", "ele": null, "operator:type": null, "layer": null, "addr:full": null, "addr:city": null, "source": null, "name:ko": "제진", "osm_id": 2272337436, "osm_type": "nodes" }, "geometry": { "type": "Point", "coordinates": [ 128.388695, 38.5675639 ] } },
{ "type": "Feature", "properties": { "name": "별어곡", "name:en": null, "railway": "station", "ele": null, "operator:type": null, "layer": null, "addr:full": null, "addr:city": null, "source": null, "name:ko": "별어곡", "osm_id": 4789111065, "osm_type": "nodes" }, "geometry": { "type": "Point", "coordinates": [ 128.7397402, 37.2692471 ] } },
{ "type": "Feature", "properties": { "name": "모노레일 탑승장", "name:en": null, "railway": "station", "ele": null, "operator:type": null, "layer": null, "addr:full": null, "addr:city": null, "source": null, "name:ko": null, "osm_id": 5411400684, "osm_type": "nodes" }, "geometry": { "type": "Point", "coordinates": [ 128.0618457, 36.6527667 ] } },
{ "type": "Feature", "properties": { "name": "상부승강장", "name:en": null, "railway": "station", "ele": null, "operator:type": null, "layer": null, "addr:full": null, "addr:city": null, "source": null, "name:ko": null, "osm_id": 9435437902, "osm_type": "nodes" }, "geometry": { "type": "Point", "coordinates": [ 128.614979299999987, 34.8657977 ] } },
{ "type": "Feature", "properties": { "name": "운서", "name:en": "Unseo", "railway": "station", "ele": null, "operator:type": null, "layer": null, "addr:full": null, "addr:city": null, "source": null, "name:ko": "운서", "osm_id": 3225282387, "osm_type": "nodes" }, "geometry": { "type": "Point", "coordinates": [ 126.4937678, 37.4928006 ] } },
{ "type": "Feature", "properties": { "name": "충정로", "name:en": "Chungjeongno", "railway": "station", "ele": null, "operator:type": "public", "layer": null, "addr:full": null, "addr:city": null, "source": null, "name:ko": "충정로", "osm_id": 3278844468, "osm_type": "nodes" }, "geometry": { "type": "Point", "coordinates": [ 126.9629108, 37.5593715 ] } },
{ "type": "Feature", "properties": { "name": "신창", "name:en": "Sinchang", "railway": "station", "ele": null, "operator:type": "public", "layer": null, "addr:full": null, "addr:city": "아산시", "source": null, "name:ko": "신창", "osm_id": 3406658077, "osm_type": "nodes" }, "geometry": { "type": "Point", "coordinates": [ 126.9518229, 36.7697885 ] } },
{ "type": "Feature", "properties": { "name": "청라국제도시", "name:en": "Cheongna Int'l City", "railway": "station", "ele": null, "operator:type": null, "layer": null, "addr:full": null, "addr:city": null, "source": null, "name:ko": "청라국제도시", "osm_id": 3408263979, "osm_type": "nodes" }, "geometry": { "type": "Point", "coordinates": [ 126.6246922, 37.5564451 ] } },
{ "type": "Feature", "properties": { "name": "고속터미널", "name:en": "Express Bus Terminal", "railway": "station", "ele": null, "operator:type": null, "layer": null, "addr:full": null, "addr:city": null, "source": null, "name:ko": "고속터미널", "osm_id": 3431313912, "osm_type": "nodes" }, "geometry": { "type": "Point", "coordinates": [ 127.0049777, 37.5050827 ] } },
{ "type": "Feature", "properties": { "name": "도경리", "name:en": "Dogyeong-ri", "railway": "station", "ele": null, "operator:type": "public", "layer": null, "addr:full": null, "addr:city": null, "source": null, "name:ko": "도경리", "osm_id": 3679751960, "osm_type": "nodes" }, "geometry": { "type": "Point", "coordinates": [ 129.1158164, 37.4421437 ] } },
{ "type": "Feature", "properties": { "name": "언주", "name:en": "Eonju", "railway": "station", "ele": null, "operator:type": "public", "layer": "-2", "addr:full": null, "addr:city": null, "source": null, "name:ko": "언주", "osm_id": 3824606376, "osm_type": "nodes" }, "geometry": { "type": "Point", "coordinates": [ 127.0338746, 37.507321 ] } },
{ "type": "Feature", "properties": { "name": "삼성중앙", "name:en": "Samseong Jungang", "railway": "station", "ele": null, "operator:type": null, "layer": "-2", "addr:full": null, "addr:city": null, "source": null, "name:ko": "삼성중앙", "osm_id": 3824606382, "osm_type": "nodes" }, "geometry": { "type": "Point", "coordinates": [ 127.0534747, 37.5130955 ] } },
{ "type": "Feature", "properties": { "name": "사평", "name:en": "Sapyeong", "railway": "station", "ele": null, "operator:type": null, "layer": null, "addr:full": null, "addr:city": null, "source": null, "name:ko": "사평", "osm_id": 3824606384, "osm_type": "nodes" }, "geometry": { "type": "Point", "coordinates": [ 127.0151398, 37.5042952 ] } },
{ "type": "Feature", "properties": { "name": "구반포", "name:en": "Gubanpo", "railway": "station", "ele": null, "operator:type": null, "layer": null, "addr:full": null, "addr:city": null, "source": null, "name:ko": "구반포", "osm_id": 3834732261, "osm_type": "nodes" }, "geometry": { "type": "Point", "coordinates": [ 126.9867849, 37.5012899 ] } },
{ "type": "Feature", "properties": { "name": "흑석", "name:en": "Heukseok", "railway": "station", "ele": null, "operator:type": null, "layer": null, "addr:full": null, "addr:city": null, "source": null, "name:ko": "흑석", "osm_id": 3834732263, "osm_type": "nodes" }, "geometry": { "type": "Point", "coordinates": [ 126.9639489, 37.5083823 ] } },
{ "type": "Feature", "properties": { "name": "신반포", "name:en": "Sinbanpo", "railway": "station", "ele": null, "operator:type": null, "layer": null, "addr:full": null, "addr:city": null, "source": null, "name:ko": "신반포", "osm_id": 3834732267, "osm_type": "nodes" }, "geometry": { "type": "Point", "coordinates": [ 126.996418, 37.5036014 ] } },
{ "type": "Feature", "properties": { "name": "망상해수욕장", "name:en": "Mangsang Beach", "railway": "station", "ele": null, "operator:type": "public", "layer": null, "addr:full": null, "addr:city": null, "source": null, "name:ko": "망상해수욕장", "osm_id": 4292278768, "osm_type": "nodes" }, "geometry": { "type": "Point", "coordinates": [ 129.08902, 37.5922987 ] } },
{ "type": "Feature", "properties": { "name": "만종", "name:en": "Manjong", "railway": "station", "ele": null, "operator:type": "public", "layer": null, "addr:full": null, "addr:city": null, "source": null, "name:ko": "만종", "osm_id": 4456505490, "osm_type": "nodes" }, "geometry": { "type": "Point", "coordinates": [ 127.8931116, 37.353949 ] } },
{ "type": "Feature", "properties": { "name": "쌍룡", "name:en": "Ssangnyong", "railway": "station", "ele": null, "operator:type": null, "layer": null, "addr:full": null, "addr:city": null, "source": null, "name:ko": "쌍룡", "osm_id": 4423233270, "osm_type": "nodes" }, "geometry": { "type": "Point", "coordinates": [ 128.3286805, 37.1742252 ] } },
{ "type": "Feature", "properties": { "name": "삼랑진", "name:en": "Samrangjin", "railway": "station", "ele": null, "operator:type": "public", "layer": null, "addr:full": null, "addr:city": null, "source": null, "name:ko": "삼랑진", "osm_id": 4497184214, "osm_type": "nodes" }, "geometry": { "type": "Point", "coordinates": [ 128.8438715, 35.3990296 ] } },
{ "type": "Feature", "properties": { "name": "사곡", "name:en": "Sagok", "railway": "station", "ele": null, "operator:type": "public", "layer": null, "addr:full": null, "addr:city": null, "source": null, "name:ko": "사곡", "osm_id": 4628698287, "osm_type": "nodes" }, "geometry": { "type": "Point", "coordinates": [ 128.356429600000013, 36.09837 ] } },
{ "type": "Feature", "properties": { "name": "법전", "name:en": "Beopjeon", "railway": "station", "ele": null, "operator:type": "public", "layer": null, "addr:full": null, "addr:city": null, "source": null, "name:ko": "법전", "osm_id": 4663073538, "osm_type": "nodes" }, "geometry": { "type": "Point", "coordinates": [ 128.883365199999986, 36.9168911 ] } },
{ "type": "Feature", "properties": { "name": "진주", "name:en": "Jinju", "railway": "station", "ele": null, "operator:type": "public", "layer": null, "addr:full": null, "addr:city": null, "source": null, "name:ko": "진주", "osm_id": 4691568063, "osm_type": "nodes" }, "geometry": { "type": "Point", "coordinates": [ 128.1183494, 35.1501201 ] } },
{ "type": "Feature", "properties": { "name": "아우라지", "name:en": "Auraji", "railway": "station", "ele": null, "operator:type": "public", "layer": null, "addr:full": null, "addr:city": null, "source": null, "name:ko": "아우라지", "osm_id": 4693461948, "osm_type": "nodes" }, "geometry": { "type": "Point", "coordinates": [ 128.7221084, 37.4728673 ] } },
{ "type": "Feature", "properties": { "name": "천안아산", "name:en": "Cheonan-Asan", "railway": "station", "ele": null, "operator:type": "public", "layer": null, "addr:full": null, "addr:city": "아산시", "source": null, "name:ko": "천안아산", "osm_id": 4725167962, "osm_type": "nodes" }, "geometry": { "type": "Point", "coordinates": [ 127.1044991, 36.7943803 ] } },
{ "type": "Feature", "properties": { "name": "조동", "name:en": "Jodong", "railway": "station", "ele": null, "operator:type": null, "layer": null, "addr:full": null, "addr:city": null, "source": null, "name:ko": "조동", "osm_id": 4767891478, "osm_type": "nodes" }, "geometry": { "type": "Point", "coordinates": [ 128.697919, 37.227742 ] } },
{ "type": "Feature", "properties": { "name": "자미원", "name:en": null, "railway": "station", "ele": null, "operator:type": null, "layer": null, "addr:full": null, "addr:city": null, "source": null, "name:ko": "자미원", "osm_id": 4767891713, "osm_type": "nodes" }, "geometry": { "type": "Point", "coordinates": [ 128.7336795, 37.2366742 ] } },
{ "type": "Feature", "properties": { "name": "민둥산", "name:en": null, "railway": "station", "ele": null, "operator:type": null, "layer": null, "addr:full": null, "addr:city": null, "source": null, "name:ko": "민둥산", "osm_id": 4767891732, "osm_type": "nodes" }, "geometry": { "type": "Point", "coordinates": [ 128.7736429, 37.2436437 ] } },
{ "type": "Feature", "properties": { "name": "함백", "name:en": "Hambaek", "railway": "station", "ele": null, "operator:type": null, "layer": null, "addr:full": null, "addr:city": null, "source": null, "name:ko": "함백", "osm_id": 4767891477, "osm_type": "nodes" }, "geometry": { "type": "Point", "coordinates": [ 128.697314299999988, 37.2159828 ] } },
{ "type": "Feature", "properties": { "name": "승부", "name:en": "Seungbu", "railway": "station", "ele": null, "operator:type": "public", "layer": null, "addr:full": null, "addr:city": null, "source": null, "name:ko": "승부", "osm_id": 4793362917, "osm_type": "nodes" }, "geometry": { "type": "Point", "coordinates": [ 129.083904600000011, 36.993667 ] } },
{ "type": "Feature", "properties": { "name": "비동", "name:en": "Bidong", "railway": "station", "ele": null, "operator:type": "public", "layer": null, "addr:full": null, "addr:city": null, "source": null, "name:ko": "비동", "osm_id": 4793498287, "osm_type": "nodes" }, "geometry": { "type": "Point", "coordinates": [ 129.073834, 36.957591 ] } },
{ "type": "Feature", "properties": { "name": "녹동", "name:en": "Nokdong", "railway": "station", "ele": null, "operator:type": "public", "layer": null, "addr:full": null, "addr:city": null, "source": null, "name:ko": "녹동", "osm_id": 4798095364, "osm_type": "nodes" }, "geometry": { "type": "Point", "coordinates": [ 128.9556475, 36.9164639 ] } },
{ "type": "Feature", "properties": { "name": "문단", "name:en": "Mundan", "railway": "station", "ele": null, "operator:type": "public", "layer": null, "addr:full": null, "addr:city": "봉화군", "source": null, "name:ko": "문단", "osm_id": 4801242984, "osm_type": "nodes" }, "geometry": { "type": "Point", "coordinates": [ 128.682530500000013, 36.8634051 ] } },
{ "type": "Feature", "properties": { "name": "양원", "name:en": "Yangwon", "railway": "station", "ele": null, "operator:type": "public", "layer": null, "addr:full": null, "addr:city": null, "source": null, "name:ko": "양원", "osm_id": 4793363064, "osm_type": "nodes" }, "geometry": { "type": "Point", "coordinates": [ 129.091393399999987, 36.9638281 ] } },
{ "type": "Feature", "properties": { "name": "둔내", "name:en": "Dunnae", "railway": "station", "ele": null, "operator:type": null, "layer": null, "addr:full": null, "addr:city": null, "source": null, "name:ko": "둔내", "osm_id": 4880228662, "osm_type": "nodes" }, "geometry": { "type": "Point", "coordinates": [ 128.2212714, 37.5100212 ] } },
{ "type": "Feature", "properties": { "name": "김해시청", "name:en": "Gimhae City Hall", "railway": "station", "ele": null, "operator:type": null, "layer": null, "addr:full": null, "addr:city": null, "source": null, "name:ko": "김해시청", "osm_id": 5208433893, "osm_type": "nodes" }, "geometry": { "type": "Point", "coordinates": [ 128.890375400000011, 35.2270823 ] } },
{ "type": "Feature", "properties": { "name": "연지공원", "name:en": "Yeonji Park", "railway": "station", "ele": null, "operator:type": null, "layer": null, "addr:full": null, "addr:city": null, "source": null, "name:ko": "연지공원", "osm_id": 5208433896, "osm_type": "nodes" }, "geometry": { "type": "Point", "coordinates": [ 128.86921430000001, 35.2496698 ] } },
{ "type": "Feature", "properties": { "name": "공항", "name:en": "Gimhae International Airport", "railway": "station", "ele": null, "operator:type": null, "layer": null, "addr:full": null, "addr:city": null, "source": null, "name:ko": "공항", "osm_id": 5208433897, "osm_type": "nodes" }, "geometry": { "type": "Point", "coordinates": [ 128.948598299999986, 35.1718676 ] } },
{ "type": "Feature", "properties": { "name": "덕두", "name:en": "Deokdu", "railway": "station", "ele": null, "operator:type": null, "layer": null, "addr:full": null, "addr:city": null, "source": null, "name:ko": "덕두", "osm_id": 5208433898, "osm_type": "nodes" }, "geometry": { "type": "Point", "coordinates": [ 128.9540604, 35.1819535 ] } },
{ "type": "Feature", "properties": { "name": "장산", "name:en": "Jangsan", "railway": "station", "ele": null, "operator:type": "public", "layer": null, "addr:full": null, "addr:city": null, "source": null, "name:ko": null, "osm_id": 5208472152, "osm_type": "nodes" }, "geometry": { "type": "Point", "coordinates": [ 129.175858, 35.1694748 ] } },
{ "type": "Feature", "properties": { "name": "제천", "name:en": "Jecheon", "railway": "station", "ele": null, "operator:type": "public", "layer": null, "addr:full": null, "addr:city": null, "source": null, "name:ko": "제천", "osm_id": 5274520073, "osm_type": "nodes" }, "geometry": { "type": "Point", "coordinates": [ 128.205963700000012, 37.1270743 ] } },
{ "type": "Feature", "properties": { "name": "연산", "name:en": "Yeonsan", "railway": "station", "ele": null, "operator:type": "public", "layer": null, "addr:full": null, "addr:city": null, "source": null, "name:ko": "연산", "osm_id": 5277767274, "osm_type": "nodes" }, "geometry": { "type": "Point", "coordinates": [ 129.0817729, 35.1858545 ] } },
{ "type": "Feature", "properties": { "name": "남산", "name:en": "Namsan", "railway": "station", "ele": null, "operator:type": "public", "layer": null, "addr:full": null, "addr:city": "부산광역시", "source": null, "name:ko": "남산", "osm_id": 5425853202, "osm_type": "nodes" }, "geometry": { "type": "Point", "coordinates": [ 129.092565799999988, 35.2654258 ] } },
{ "type": "Feature", "properties": { "name": "덕소", "name:en": "Deokso", "railway": "station", "ele": null, "operator:type": "public", "layer": null, "addr:full": null, "addr:city": null, "source": null, "name:ko": "덕소", "osm_id": 5446020616, "osm_type": "nodes" }, "geometry": { "type": "Point", "coordinates": [ 127.2088206, 37.5869047 ] } },
{ "type": "Feature", "properties": { "name": "두실", "name:en": "Dusil", "railway": "station", "ele": null, "operator:type": "public", "layer": null, "addr:full": null, "addr:city": "부산광역시", "source": null, "name:ko": "두실", "osm_id": 5425835737, "osm_type": "nodes" }, "geometry": { "type": "Point", "coordinates": [ 129.0913933, 35.25703 ] } },
{ "type": "Feature", "properties": { "name": "교대", "name:en": "Busan National University of Education", "railway": "station", "ele": null, "operator:type": "public", "layer": null, "addr:full": null, "addr:city": "부산광역시", "source": null, "name:ko": "교대", "osm_id": 5426070122, "osm_type": "nodes" }, "geometry": { "type": "Point", "coordinates": [ 129.079746300000011, 35.1938431 ] } },
{ "type": "Feature", "properties": { "name": "금촌", "name:en": "Geumchon", "railway": "station", "ele": null, "operator:type": "public", "layer": null, "addr:full": null, "addr:city": null, "source": null, "name:ko": "금촌", "osm_id": 5442165368, "osm_type": "nodes" }, "geometry": { "type": "Point", "coordinates": [ 126.7745788, 37.7662332 ] } },
{ "type": "Feature", "properties": { "name": "탄현", "name:en": "Tanhyeon", "railway": "station", "ele": null, "operator:type": "public", "layer": null, "addr:full": null, "addr:city": null, "source": null, "name:ko": "탄현", "osm_id": 5442183525, "osm_type": "nodes" }, "geometry": { "type": "Point", "coordinates": [ 126.7610261, 37.6941052 ] } },
{ "type": "Feature", "properties": { "name": "행신", "name:en": "Haengsin", "railway": "station", "ele": null, "operator:type": "public", "layer": null, "addr:full": null, "addr:city": "고양시", "source": null, "name:ko": "행신", "osm_id": 5442185227, "osm_type": "nodes" }, "geometry": { "type": "Point", "coordinates": [ 126.834058, 37.612035 ] } },
{ "type": "Feature", "properties": { "name": "도심", "name:en": "Dosim", "railway": "station", "ele": null, "operator:type": "public", "layer": null, "addr:full": null, "addr:city": null, "source": null, "name:ko": "도심", "osm_id": 5447330375, "osm_type": "nodes" }, "geometry": { "type": "Point", "coordinates": [ 127.2226763, 37.5796342 ] } },
{ "type": "Feature", "properties": { "name": "팔당", "name:en": "Paldang", "railway": "station", "ele": null, "operator:type": "public", "layer": null, "addr:full": null, "addr:city": null, "source": null, "name:ko": "팔당", "osm_id": 5447332140, "osm_type": "nodes" }, "geometry": { "type": "Point", "coordinates": [ 127.243806, 37.5474851 ] } },
{ "type": "Feature", "properties": { "name": "장사", "name:en": "Jangsa", "railway": "station", "ele": null, "operator:type": "public", "layer": null, "addr:full": null, "addr:city": null, "source": null, "name:ko": "장사", "osm_id": 5487467993, "osm_type": "nodes" }, "geometry": { "type": "Point", "coordinates": [ 129.3691361, 36.2841414 ] } },
{ "type": "Feature", "properties": { "name": "월포", "name:en": "Wolpo", "railway": "station", "ele": null, "operator:type": "public", "layer": null, "addr:full": null, "addr:city": null, "source": null, "name:ko": "월포", "osm_id": 5487472514, "osm_type": "nodes" }, "geometry": { "type": "Point", "coordinates": [ 129.366401700000011, 36.2040057 ] } },
{ "type": "Feature", "properties": { "name": "어천", "name:en": "Eocheon", "railway": "station", "ele": null, "operator:type": "public", "layer": null, "addr:full": null, "addr:city": null, "source": null, "name:ko": "어천", "osm_id": 5511790790, "osm_type": "nodes" }, "geometry": { "type": "Point", "coordinates": [ 126.9089151, 37.2501199 ] } },
{ "type": "Feature", "properties": { "name": "야목", "name:en": "Yamok", "railway": "station", "ele": null, "operator:type": "public", "layer": null, "addr:full": null, "addr:city": null, "source": null, "name:ko": "야목", "osm_id": 5511790791, "osm_type": "nodes" }, "geometry": { "type": "Point", "coordinates": [ 126.8840219, 37.2612175 ] } },
{ "type": "Feature", "properties": { "name": "사리", "name:en": "Sari", "railway": "station", "ele": null, "operator:type": "public", "layer": null, "addr:full": null, "addr:city": null, "source": null, "name:ko": "사리", "osm_id": 5511790792, "osm_type": "nodes" }, "geometry": { "type": "Point", "coordinates": [ 126.8571963, 37.2908651 ] } },
{ "type": "Feature", "properties": { "name": "다대포해수욕장", "name:en": "Dadaepo Beach", "railway": "station", "ele": null, "operator:type": "public", "layer": null, "addr:full": null, "addr:city": "부산광역시", "source": null, "name:ko": "다대포해수욕장", "osm_id": 5585724252, "osm_type": "nodes" }, "geometry": { "type": "Point", "coordinates": [ 128.9660188, 35.0481953 ] } },
{ "type": "Feature", "properties": { "name": "신평", "name:en": "Sinpyeong", "railway": "station", "ele": null, "operator:type": "public", "layer": null, "addr:full": null, "addr:city": "부산광역시", "source": null, "name:ko": "신평", "osm_id": 5585871601, "osm_type": "nodes" }, "geometry": { "type": "Point", "coordinates": [ 128.9606813, 35.0952151 ] } },
{ "type": "Feature", "properties": { "name": "벡스코", "name:en": "BEXCO (Busan Museum of Art)", "railway": "station", "ele": null, "operator:type": "public", "layer": null, "addr:full": null, "addr:city": "부산광역시", "source": null, "name:ko": "벡스코", "osm_id": 5713855425, "osm_type": "nodes" }, "geometry": { "type": "Point", "coordinates": [ 129.136096900000013, 35.1715714 ] } },
{ "type": "Feature", "properties": { "name": "오이도", "name:en": "Oido", "railway": "station", "ele": null, "operator:type": "public", "layer": null, "addr:full": null, "addr:city": null, "source": null, "name:ko": "오이도", "osm_id": 5727672637, "osm_type": "nodes" }, "geometry": { "type": "Point", "coordinates": [ 126.7384943, 37.3619245 ] } },
{ "type": "Feature", "properties": { "name": "보문", "name:en": "Bomun", "railway": "station", "ele": null, "operator:type": null, "layer": null, "addr:full": null, "addr:city": null, "source": null, "name:ko": "보문", "osm_id": 5747397250, "osm_type": "nodes" }, "geometry": { "type": "Point", "coordinates": [ 127.0193736, 37.5852743 ] } },
{ "type": "Feature", "properties": { "name": "동래", "name:en": "Dongnae", "railway": "station", "ele": null, "operator:type": "public", "layer": null, "addr:full": null, "addr:city": "부산광역시", "source": null, "name:ko": "동래", "osm_id": 5757138369, "osm_type": "nodes" }, "geometry": { "type": "Point", "coordinates": [ 129.0911451, 35.1972513 ] } },
{ "type": "Feature", "properties": { "name": null, "name:en": null, "railway": "station", "ele": null, "operator:type": null, "layer": null, "addr:full": null, "addr:city": null, "source": null, "name:ko": null, "osm_id": 5750036145, "osm_type": "nodes" }, "geometry": { "type": "Point", "coordinates": [ 129.00848160000001, 37.3235052 ] } },
{ "type": "Feature", "properties": { "name": "북한산보국문", "name:en": "Bukhansan Bogungmun", "railway": "station", "ele": null, "operator:type": null, "layer": null, "addr:full": null, "addr:city": null, "source": null, "name:ko": "북한산보국문", "osm_id": 5774833137, "osm_type": "nodes" }, "geometry": { "type": "Point", "coordinates": [ 127.0081741, 37.6121803 ] } },
{ "type": "Feature", "properties": { "name": "의정부시청", "name:en": "Uijeongbu City Hall", "railway": "station", "ele": null, "operator:type": null, "layer": null, "addr:full": null, "addr:city": "의정부시", "source": null, "name:ko": "의정부시청", "osm_id": 5774838153, "osm_type": "nodes" }, "geometry": { "type": "Point", "coordinates": [ 127.0348874, 37.7392632 ] } },
{ "type": "Feature", "properties": { "name": "미남", "name:en": "Minam", "railway": "station", "ele": null, "operator:type": "public", "layer": null, "addr:full": null, "addr:city": null, "source": null, "name:ko": "미남", "osm_id": 5784625565, "osm_type": "nodes" }, "geometry": { "type": "Point", "coordinates": [ 129.0687474, 35.206533 ] } },
{ "type": "Feature", "properties": { "name": "오시리아", "name:en": "OSIRIA", "railway": "station", "ele": null, "operator:type": "public", "layer": null, "addr:full": null, "addr:city": "부산광역시", "source": null, "name:ko": "오시리아", "osm_id": 5786705227, "osm_type": "nodes" }, "geometry": { "type": "Point", "coordinates": [ 129.2083168, 35.1962844 ] } },
{ "type": "Feature", "properties": { "name": "일광", "name:en": "Ilgwang", "railway": "station", "ele": null, "operator:type": "public", "layer": null, "addr:full": null, "addr:city": "부산광역시", "source": null, "name:ko": "일광", "osm_id": 5786705259, "osm_type": "nodes" }, "geometry": { "type": "Point", "coordinates": [ 129.2332968, 35.268279 ] } },
{ "type": "Feature", "properties": { "name": "금릉", "name:en": "Geumneung", "railway": "station", "ele": null, "operator:type": "public", "layer": null, "addr:full": null, "addr:city": "파주시", "source": null, "name:ko": "금릉", "osm_id": 5803833316, "osm_type": "nodes" }, "geometry": { "type": "Point", "coordinates": [ 126.765343, 37.7513781 ] } },
{ "type": "Feature", "properties": { "name": "인천시청", "name:en": "Incheon City Hall", "railway": "station", "ele": null, "operator:type": null, "layer": null, "addr:full": null, "addr:city": null, "source": null, "name:ko": "인천시청", "osm_id": 5809225533, "osm_type": "nodes" }, "geometry": { "type": "Point", "coordinates": [ 126.7020849, 37.4572915 ] } },
{ "type": "Feature", "properties": { "name": "춘천", "name:en": "Chuncheon", "railway": "station", "ele": null, "operator:type": "public", "layer": null, "addr:full": null, "addr:city": null, "source": null, "name:ko": "춘천", "osm_id": 5821698813, "osm_type": "nodes" }, "geometry": { "type": "Point", "coordinates": [ 127.716664, 37.8845604 ] } },
{ "type": "Feature", "properties": { "name": "금곡", "name:en": "Geumgok", "railway": "station", "ele": null, "operator:type": "public", "layer": null, "addr:full": null, "addr:city": null, "source": null, "name:ko": "금곡", "osm_id": 5881815128, "osm_type": "nodes" }, "geometry": { "type": "Point", "coordinates": [ 127.2074445, 37.637287 ] } },
{ "type": "Feature", "properties": { "name": "상천", "name:en": "Sangcheon", "railway": "station", "ele": null, "operator:type": "public", "layer": null, "addr:full": null, "addr:city": null, "source": null, "name:ko": "상천", "osm_id": 5881815796, "osm_type": "nodes" }, "geometry": { "type": "Point", "coordinates": [ 127.4544317, 37.7701645 ] } },
{ "type": "Feature", "properties": { "name": "영통", "name:en": "Yeongtong", "railway": "station", "ele": null, "operator:type": "public", "layer": null, "addr:full": null, "addr:city": null, "source": null, "name:ko": "영통", "osm_id": 5878492789, "osm_type": "nodes" }, "geometry": { "type": "Point", "coordinates": [ 127.071279, 37.2513466 ] } },
{ "type": "Feature", "properties": { "name": "청명", "name:en": "Cheongmyeong", "railway": "station", "ele": null, "operator:type": "public", "layer": null, "addr:full": null, "addr:city": null, "source": null, "name:ko": "청명", "osm_id": 5878492812, "osm_type": "nodes" }, "geometry": { "type": "Point", "coordinates": [ 127.0795065, 37.2599557 ] } },
{ "type": "Feature", "properties": { "name": "상갈", "name:en": "Sanggal", "railway": "station", "ele": null, "operator:type": "public", "layer": null, "addr:full": null, "addr:city": null, "source": null, "name:ko": "상갈", "osm_id": 5878492833, "osm_type": "nodes" }, "geometry": { "type": "Point", "coordinates": [ 127.1088952, 37.2616918 ] } },
{ "type": "Feature", "properties": { "name": "매탄권선", "name:en": "MaetanGwonseon", "railway": "station", "ele": null, "operator:type": "public", "layer": null, "addr:full": null, "addr:city": null, "source": null, "name:ko": "매탄권선", "osm_id": 5880311185, "osm_type": "nodes" }, "geometry": { "type": "Point", "coordinates": [ 127.0403832, 37.2530134 ] } },
{ "type": "Feature", "properties": { "name": "매교", "name:en": "Maegyo", "railway": "station", "ele": null, "operator:type": "public", "layer": null, "addr:full": null, "addr:city": null, "source": null, "name:ko": "매교", "osm_id": 5880311190, "osm_type": "nodes" }, "geometry": { "type": "Point", "coordinates": [ 127.0156874, 37.2654788 ] } },
{ "type": "Feature", "properties": { "name": "미금", "name:en": "Migeum", "railway": "station", "ele": null, "operator:type": "private", "layer": null, "addr:full": null, "addr:city": "성남시", "source": null, "name:ko": "미금", "osm_id": 5881397260, "osm_type": "nodes" }, "geometry": { "type": "Point", "coordinates": [ 127.1088905, 37.3499776 ] } },
{ "type": "Feature", "properties": { "name": "정자", "name:en": "Jeongja", "railway": "station", "ele": null, "operator:type": "private", "layer": null, "addr:full": null, "addr:city": null, "source": null, "name:ko": "정자", "osm_id": 5881432712, "osm_type": "nodes" }, "geometry": { "type": "Point", "coordinates": [ 127.1084366, 37.3666515 ] } },
{ "type": "Feature", "properties": { "name": "가평", "name:en": "Gapyeong", "railway": "station", "ele": null, "operator:type": null, "layer": null, "addr:full": null, "addr:city": null, "source": null, "name:ko": "가평", "osm_id": 5881583288, "osm_type": "nodes" }, "geometry": { "type": "Point", "coordinates": [ 127.5107625, 37.8145183 ] } },
{ "type": "Feature", "properties": { "name": "굴봉산", "name:en": "Gulbongsan", "railway": "station", "ele": null, "operator:type": null, "layer": null, "addr:full": null, "addr:city": null, "source": null, "name:ko": "굴봉산", "osm_id": 5881583344, "osm_type": "nodes" }, "geometry": { "type": "Point", "coordinates": [ 127.5571369, 37.8319287 ] } },
{ "type": "Feature", "properties": { "name": "김유정", "name:en": "Gimyujeong", "railway": "station", "ele": null, "operator:type": null, "layer": null, "addr:full": null, "addr:city": null, "source": null, "name:ko": "김유정", "osm_id": 5881583619, "osm_type": "nodes" }, "geometry": { "type": "Point", "coordinates": [ 127.7140763, 37.8184357 ] } },
{ "type": "Feature", "properties": { "name": "남춘천", "name:en": "Namchuncheon", "railway": "station", "ele": null, "operator:type": null, "layer": null, "addr:full": null, "addr:city": null, "source": null, "name:ko": "남춘천", "osm_id": 5881583631, "osm_type": "nodes" }, "geometry": { "type": "Point", "coordinates": [ 127.7239381, 37.8640114 ] } },
{ "type": "Feature", "properties": { "name": "갈매", "name:en": "Galmae", "railway": "station", "ele": null, "operator:type": "public", "layer": null, "addr:full": null, "addr:city": null, "source": null, "name:ko": "갈매", "osm_id": 5884250499, "osm_type": "nodes" }, "geometry": { "type": "Point", "coordinates": [ 127.1147293, 37.6339464 ] } },
{ "type": "Feature", "properties": { "name": "별내", "name:en": "Byeollae", "railway": "station", "ele": null, "operator:type": "public", "layer": null, "addr:full": null, "addr:city": null, "source": null, "name:ko": "별내", "osm_id": 5884250514, "osm_type": "nodes" }, "geometry": { "type": "Point", "coordinates": [ 127.1276086, 37.642333 ] } },
{ "type": "Feature", "properties": { "name": "퇴계원", "name:en": "Toegyewon", "railway": "station", "ele": null, "operator:type": "public", "layer": null, "addr:full": null, "addr:city": null, "source": "gps", "name:ko": "퇴계원", "osm_id": 5884250531, "osm_type": "nodes" }, "geometry": { "type": "Point", "coordinates": [ 127.1435322, 37.6482557 ] } },
{ "type": "Feature", "properties": { "name": "안락", "name:en": "Allak", "railway": "station", "ele": null, "operator:type": "public", "layer": null, "addr:full": null, "addr:city": "부산광역시", "source": null, "name:ko": "안락", "osm_id": 5757138368, "osm_type": "nodes" }, "geometry": { "type": "Point", "coordinates": [ 129.1005867, 35.1960354 ] } },
{ "type": "Feature", "properties": { "name": "거제", "name:en": "Geoje", "railway": "station", "ele": null, "operator:type": "public", "layer": null, "addr:full": null, "addr:city": "부산광역시", "source": null, "name:ko": "거제", "osm_id": 5757147572, "osm_type": "nodes" }, "geometry": { "type": "Point", "coordinates": [ 129.073989899999987, 35.1888685 ] } },
{ "type": "Feature", "properties": { "name": "신장림", "name:en": "Sinjangnim", "railway": "station", "ele": null, "operator:type": "public", "layer": null, "addr:full": null, "addr:city": "부산광역시", "source": null, "name:ko": "신장림", "osm_id": 5773426737, "osm_type": "nodes" }, "geometry": { "type": "Point", "coordinates": [ 128.9768092, 35.0745502 ] } },
{ "type": "Feature", "properties": { "name": "낫개", "name:en": "Natgae", "railway": "station", "ele": null, "operator:type": "public", "layer": null, "addr:full": null, "addr:city": "부산광역시", "source": null, "name:ko": "낫개", "osm_id": 5773428961, "osm_type": "nodes" }, "geometry": { "type": "Point", "coordinates": [ 128.979733, 35.0652983 ] } },
{ "type": "Feature", "properties": { "name": "다대포항", "name:en": "Dadaepo Harbor", "railway": "station", "ele": null, "operator:type": "public", "layer": null, "addr:full": null, "addr:city": "부산광역시", "source": null, "name:ko": "다대포항", "osm_id": 5773432737, "osm_type": "nodes" }, "geometry": { "type": "Point", "coordinates": [ 128.971327699999989, 35.0577578 ] } },
{ "type": "Feature", "properties": { "name": "서면", "name:en": "Seomyeon", "railway": "station", "ele": null, "operator:type": "public", "layer": null, "addr:full": null, "addr:city": null, "source": null, "name:ko": "서면", "osm_id": 5782717000, "osm_type": "nodes" }, "geometry": { "type": "Point", "coordinates": [ 129.0592588, 35.1577739 ] } },
{ "type": "Feature", "properties": { "name": "삼각지", "name:en": "Samgakji", "railway": "station", "ele": null, "operator:type": null, "layer": null, "addr:full": null, "addr:city": null, "source": null, "name:ko": "삼각지", "osm_id": 5812740055, "osm_type": "nodes" }, "geometry": { "type": "Point", "coordinates": [ 126.9738885, 37.535478 ] } },
{ "type": "Feature", "properties": { "name": "평내호평", "name:en": "PyeongnaeHopyeong", "railway": "station", "ele": null, "operator:type": "public", "layer": null, "addr:full": null, "addr:city": null, "source": null, "name:ko": "평내호평", "osm_id": 5881815147, "osm_type": "nodes" }, "geometry": { "type": "Point", "coordinates": [ 127.2444899, 37.6532144 ] } },
{ "type": "Feature", "properties": { "name": "신원", "name:en": "Sinwon", "railway": "station", "ele": null, "operator:type": null, "layer": null, "addr:full": null, "addr:city": null, "source": null, "name:ko": "신원", "osm_id": 5889529434, "osm_type": "nodes" }, "geometry": { "type": "Point", "coordinates": [ 127.3727035, 37.5259709 ] } },
{ "type": "Feature", "properties": { "name": "국수", "name:en": "Guksu", "railway": "station", "ele": null, "operator:type": null, "layer": null, "addr:full": null, "addr:city": null, "source": null, "name:ko": "국수", "osm_id": 5889529448, "osm_type": "nodes" }, "geometry": { "type": "Point", "coordinates": [ 127.3993318, 37.5161724 ] } },
{ "type": "Feature", "properties": { "name": "아신", "name:en": "Asin", "railway": "station", "ele": null, "operator:type": null, "layer": null, "addr:full": null, "addr:city": null, "source": null, "name:ko": "아신", "osm_id": 5889529461, "osm_type": "nodes" }, "geometry": { "type": "Point", "coordinates": [ 127.4432229, 37.5139165 ] } },
{ "type": "Feature", "properties": { "name": "오빈", "name:en": "Obin", "railway": "station", "ele": null, "operator:type": null, "layer": null, "addr:full": null, "addr:city": null, "source": null, "name:ko": "오빈", "osm_id": 5889529469, "osm_type": "nodes" }, "geometry": { "type": "Point", "coordinates": [ 127.4738918, 37.5061587 ] } },
{ "type": "Feature", "properties": { "name": "양평", "name:en": "Yangpyeong", "railway": "station", "ele": null, "operator:type": "public", "layer": null, "addr:full": null, "addr:city": null, "source": null, "name:ko": "양평", "osm_id": 5889532068, "osm_type": "nodes" }, "geometry": { "type": "Point", "coordinates": [ 127.4918972, 37.4928474 ] } },
{ "type": "Feature", "properties": { "name": "운길산", "name:en": "Ungilsan", "railway": "station", "ele": null, "operator:type": null, "layer": null, "addr:full": null, "addr:city": null, "source": null, "name:ko": "운길산", "osm_id": 5890164145, "osm_type": "nodes" }, "geometry": { "type": "Point", "coordinates": [ 127.3098747, 37.5547878 ] } },
{ "type": "Feature", "properties": { "name": "양수", "name:en": "Yangsu", "railway": "station", "ele": null, "operator:type": "public", "layer": null, "addr:full": null, "addr:city": null, "source": null, "name:ko": "양수", "osm_id": 5890164170, "osm_type": "nodes" }, "geometry": { "type": "Point", "coordinates": [ 127.329015, 37.5460245 ] } },
{ "type": "Feature", "properties": { "name": "온양온천", "name:en": "Onyangoncheon", "railway": "station", "ele": null, "operator:type": "public", "layer": null, "addr:full": null, "addr:city": "아산시", "source": null, "name:ko": "온양온천", "osm_id": 5894627167, "osm_type": "nodes" }, "geometry": { "type": "Point", "coordinates": [ 127.0031561, 36.7805526 ] } },
{ "type": "Feature", "properties": { "name": "호구포", "name:en": "Hogupo", "railway": "station", "ele": null, "operator:type": "public", "layer": null, "addr:full": null, "addr:city": "인천광역시", "source": null, "name:ko": "호구포", "osm_id": 5907964998, "osm_type": "nodes" }, "geometry": { "type": "Point", "coordinates": [ 126.7086388, 37.4016902 ] } },
{ "type": "Feature", "properties": { "name": "인천논현", "name:en": "Incheon Nonhyeon", "railway": "station", "ele": null, "operator:type": "public", "layer": null, "addr:full": null, "addr:city": null, "source": null, "name:ko": "인천논현", "osm_id": 5907965015, "osm_type": "nodes" }, "geometry": { "type": "Point", "coordinates": [ 126.7225648, 37.4006866 ] } },
{ "type": "Feature", "properties": { "name": "숭의", "name:en": "Sungui", "railway": "station", "ele": null, "operator:type": "public", "layer": null, "addr:full": null, "addr:city": null, "source": null, "name:ko": "숭의", "osm_id": 5910775264, "osm_type": "nodes" }, "geometry": { "type": "Point", "coordinates": [ 126.6382349, 37.4607927 ] } },
{ "type": "Feature", "properties": { "name": "신포", "name:en": "Sinpo", "railway": "station", "ele": null, "operator:type": "public", "layer": null, "addr:full": null, "addr:city": null, "source": null, "name:ko": "신포", "osm_id": 5910775265, "osm_type": "nodes" }, "geometry": { "type": "Point", "coordinates": [ 126.6248171, 37.4682643 ] } },
{ "type": "Feature", "properties": { "name": "소래포구", "name:en": "Soraepogu", "railway": "station", "ele": null, "operator:type": "public", "layer": null, "addr:full": null, "addr:city": "인천광역시", "source": null, "name:ko": "소래포구", "osm_id": 5907965052, "osm_type": "nodes" }, "geometry": { "type": "Point", "coordinates": [ 126.733525, 37.400917 ] } },
{ "type": "Feature", "properties": { "name": "연수", "name:en": "Yeonsu", "railway": "station", "ele": null, "operator:type": "public", "layer": null, "addr:full": null, "addr:city": "인천광역시", "source": null, "name:ko": "연수", "osm_id": 5910775694, "osm_type": "nodes" }, "geometry": { "type": "Point", "coordinates": [ 126.6789669, 37.4177947 ] } },
{ "type": "Feature", "properties": { "name": "공항화물청사", "name:en": "Incheon International Airport Cargo Terminal", "railway": "station", "ele": null, "operator:type": "consortium", "layer": null, "addr:full": null, "addr:city": "인천광역시", "source": null, "name:ko": "공항화물청사", "osm_id": 5919544813, "osm_type": "nodes" }, "geometry": { "type": "Point", "coordinates": [ 126.4774954, 37.4590304 ] } },
{ "type": "Feature", "properties": { "name": "인천공항2터미널", "name:en": "Incheon Int'l Airport Terminal 2", "railway": "station", "ele": null, "operator:type": null, "layer": null, "addr:full": null, "addr:city": "인천광역시", "source": null, "name:ko": "인천공항2터미널", "osm_id": 5919544839, "osm_type": "nodes" }, "geometry": { "type": "Point", "coordinates": [ 126.4334747, 37.4689424 ] } },
{ "type": "Feature", "properties": { "name": "시우", "name:en": "Siu", "railway": "station", "ele": null, "operator:type": null, "layer": null, "addr:full": null, "addr:city": null, "source": null, "name:ko": "시우", "osm_id": 5921531570, "osm_type": "nodes" }, "geometry": { "type": "Point", "coordinates": [ 126.7956376, 37.3131143 ] } },
{ "type": "Feature", "properties": { "name": "선부", "name:en": "Seonbu", "railway": "station", "ele": null, "operator:type": null, "layer": null, "addr:full": null, "addr:city": null, "source": null, "name:ko": "선부", "osm_id": 5921531580, "osm_type": "nodes" }, "geometry": { "type": "Point", "coordinates": [ 126.8098989, 37.3344566 ] } },
{ "type": "Feature", "properties": { "name": "달미", "name:en": "Dalmi", "railway": "station", "ele": null, "operator:type": null, "layer": null, "addr:full": null, "addr:city": null, "source": null, "name:ko": "달미", "osm_id": 5921531686, "osm_type": "nodes" }, "geometry": { "type": "Point", "coordinates": [ 126.8090701, 37.3491043 ] } },
{ "type": "Feature", "properties": { "name": "시흥능곡", "name:en": "Siheung Neunggok", "railway": "station", "ele": null, "operator:type": null, "layer": null, "addr:full": null, "addr:city": null, "source": null, "name:ko": "시흥능곡", "osm_id": 5921531689, "osm_type": "nodes" }, "geometry": { "type": "Point", "coordinates": [ 126.8087509, 37.3700847 ] } },
{ "type": "Feature", "properties": { "name": "시흥시청", "name:en": "Siheung City Hall", "railway": "station", "ele": null, "operator:type": null, "layer": null, "addr:full": null, "addr:city": null, "source": null, "name:ko": "시흥시청", "osm_id": 5921531691, "osm_type": "nodes" }, "geometry": { "type": "Point", "coordinates": [ 126.8058162, 37.382025 ] } },
{ "type": "Feature", "properties": { "name": "신현", "name:en": "Sinhyeon", "railway": "station", "ele": null, "operator:type": null, "layer": null, "addr:full": null, "addr:city": null, "source": null, "name:ko": "신현", "osm_id": 5921531694, "osm_type": "nodes" }, "geometry": { "type": "Point", "coordinates": [ 126.7878699, 37.4095842 ] } },
{ "type": "Feature", "properties": { "name": "송도", "name:en": "Songdo", "railway": "station", "ele": null, "operator:type": "public", "layer": null, "addr:full": null, "addr:city": "인천광역시", "source": null, "name:ko": "송도", "osm_id": 5910775653, "osm_type": "nodes" }, "geometry": { "type": "Point", "coordinates": [ 126.6547155, 37.4299382 ] } },
{ "type": "Feature", "properties": { "name": "신천", "name:en": "Sincheon", "railway": "station", "ele": null, "operator:type": null, "layer": null, "addr:full": null, "addr:city": null, "source": null, "name:ko": "신천", "osm_id": 5921531703, "osm_type": "nodes" }, "geometry": { "type": "Point", "coordinates": [ 126.7867997, 37.4393096 ] } },
{ "type": "Feature", "properties": { "name": "시흥대야", "name:en": "Siheung Daeya", "railway": "station", "ele": null, "operator:type": null, "layer": null, "addr:full": null, "addr:city": null, "source": null, "name:ko": "시흥대야", "osm_id": 5921531706, "osm_type": "nodes" }, "geometry": { "type": "Point", "coordinates": [ 126.7931217, 37.4503447 ] } },
{ "type": "Feature", "properties": { "name": "소새울", "name:en": "Sosaeul", "railway": "station", "ele": null, "operator:type": null, "layer": null, "addr:full": null, "addr:city": null, "source": null, "name:ko": "소새울", "osm_id": 5921531709, "osm_type": "nodes" }, "geometry": { "type": "Point", "coordinates": [ 126.7970994, 37.4688742 ] } },
{ "type": "Feature", "properties": { "name": "판교", "name:en": "Pangyo", "railway": "station", "ele": null, "operator:type": "private", "layer": null, "addr:full": null, "addr:city": null, "source": null, "name:ko": "판교", "osm_id": 5927786493, "osm_type": "nodes" }, "geometry": { "type": "Point", "coordinates": [ 127.111189, 37.39473 ] } },
{ "type": "Feature", "properties": { "name": "대곡", "name:en": "Daegok", "railway": "station", "ele": null, "operator:type": "public", "layer": null, "addr:full": null, "addr:city": "고양시", "source": null, "name:ko": "대곡", "osm_id": 5937907125, "osm_type": "nodes" }, "geometry": { "type": "Point", "coordinates": [ 126.8102838, 37.6317813 ] } },
{ "type": "Feature", "properties": { "name": "종합운동장", "name:en": "Sports Complex", "railway": "station", "ele": null, "operator:type": null, "layer": null, "addr:full": null, "addr:city": "서울특별시", "source": null, "name:ko": "종합운동장", "osm_id": 6033315007, "osm_type": "nodes" }, "geometry": { "type": "Point", "coordinates": [ 127.0737204, 37.5110581 ] } },
{ "type": "Feature", "properties": { "name": "신사", "name:en": "Sinsa", "railway": "station", "ele": null, "operator:type": null, "layer": null, "addr:full": null, "addr:city": null, "source": null, "name:ko": "신사", "osm_id": 6033544395, "osm_type": "nodes" }, "geometry": { "type": "Point", "coordinates": [ 127.0195159, 37.5161089 ] } },
{ "type": "Feature", "properties": { "name": "압구정", "name:en": "Apgujeong", "railway": "station", "ele": null, "operator:type": null, "layer": null, "addr:full": null, "addr:city": null, "source": null, "name:ko": "압구정", "osm_id": 6033544405, "osm_type": "nodes" }, "geometry": { "type": "Point", "coordinates": [ 127.0284989, 37.5261847 ] } },
{ "type": "Feature", "properties": { "name": "금호", "name:en": "Geumho", "railway": "station", "ele": null, "operator:type": null, "layer": null, "addr:full": null, "addr:city": null, "source": null, "name:ko": "금호", "osm_id": 6033544412, "osm_type": "nodes" }, "geometry": { "type": "Point", "coordinates": [ 127.0159247, 37.5479735 ] } },
{ "type": "Feature", "properties": { "name": "동대입구", "name:en": "Dongguk Univ.", "railway": "station", "ele": null, "operator:type": null, "layer": null, "addr:full": null, "addr:city": null, "source": null, "name:ko": "동대입구", "osm_id": 6033544419, "osm_type": "nodes" }, "geometry": { "type": "Point", "coordinates": [ 127.005727, 37.5590607 ] } },
{ "type": "Feature", "properties": { "name": "무악재", "name:en": "Muakjae", "railway": "station", "ele": null, "operator:type": null, "layer": null, "addr:full": null, "addr:city": null, "source": null, "name:ko": "무악재", "osm_id": 6033544440, "osm_type": "nodes" }, "geometry": { "type": "Point", "coordinates": [ 126.9503501, 37.5823172 ] } },
{ "type": "Feature", "properties": { "name": "올림픽공원", "name:en": "Olympic Park", "railway": "station", "ele": null, "operator:type": null, "layer": null, "addr:full": null, "addr:city": null, "source": null, "name:ko": "올림픽공원", "osm_id": 6039313054, "osm_type": "nodes" }, "geometry": { "type": "Point", "coordinates": [ 127.1309298, 37.5161479 ] } },
{ "type": "Feature", "properties": { "name": "둔촌동", "name:en": "Dunchon-dong", "railway": "station", "ele": null, "operator:type": null, "layer": null, "addr:full": null, "addr:city": null, "source": null, "name:ko": "둔촌동", "osm_id": 6039313056, "osm_type": "nodes" }, "geometry": { "type": "Point", "coordinates": [ 127.1362433, 37.5278024 ] } },
{ "type": "Feature", "properties": { "name": "고덕", "name:en": "Godeok", "railway": "station", "ele": null, "operator:type": null, "layer": null, "addr:full": null, "addr:city": null, "source": null, "name:ko": "고덕", "osm_id": 6039313593, "osm_type": "nodes" }, "geometry": { "type": "Point", "coordinates": [ 127.1537755, 37.5549771 ] } },
{ "type": "Feature", "properties": { "name": "명일", "name:en": "Myeongil", "railway": "station", "ele": null, "operator:type": null, "layer": null, "addr:full": null, "addr:city": null, "source": null, "name:ko": null, "osm_id": 6039313596, "osm_type": "nodes" }, "geometry": { "type": "Point", "coordinates": [ 127.1440847, 37.5519533 ] } },
{ "type": "Feature", "properties": { "name": "굽은다리", "name:en": "Gubeundari", "railway": "station", "ele": null, "operator:type": null, "layer": null, "addr:full": null, "addr:city": null, "source": null, "name:ko": "굽은다리", "osm_id": 6039313600, "osm_type": "nodes" }, "geometry": { "type": "Point", "coordinates": [ 127.1429622, 37.5456375 ] } },
{ "type": "Feature", "properties": { "name": "길동", "name:en": "Gil-dong", "railway": "station", "ele": null, "operator:type": null, "layer": null, "addr:full": null, "addr:city": null, "source": null, "name:ko": "길동", "osm_id": 6039313602, "osm_type": "nodes" }, "geometry": { "type": "Point", "coordinates": [ 127.1402049, 37.5383683 ] } },
{ "type": "Feature", "properties": { "name": "강동", "name:en": "Gangdong", "railway": "station", "ele": null, "operator:type": null, "layer": null, "addr:full": null, "addr:city": null, "source": null, "name:ko": "강동", "osm_id": 6039313604, "osm_type": "nodes" }, "geometry": { "type": "Point", "coordinates": [ 127.1325955, 37.5357969 ] } },
{ "type": "Feature", "properties": { "name": "광나루", "name:en": "Gwangnaru", "railway": "station", "ele": null, "operator:type": null, "layer": null, "addr:full": null, "addr:city": null, "source": null, "name:ko": "광나루", "osm_id": 6039313609, "osm_type": "nodes" }, "geometry": { "type": "Point", "coordinates": [ 127.103527, 37.5453014 ] } },
{ "type": "Feature", "properties": { "name": "아차산", "name:en": "Achasan", "railway": "station", "ele": null, "operator:type": null, "layer": null, "addr:full": null, "addr:city": null, "source": null, "name:ko": "아차산", "osm_id": 6039313612, "osm_type": "nodes" }, "geometry": { "type": "Point", "coordinates": [ 127.0897955, 37.5516981 ] } },
{ "type": "Feature", "properties": { "name": "장한평", "name:en": "Janghanpyeong", "railway": "station", "ele": null, "operator:type": null, "layer": null, "addr:full": null, "addr:city": null, "source": null, "name:ko": "장한평", "osm_id": 6039313616, "osm_type": "nodes" }, "geometry": { "type": "Point", "coordinates": [ 127.0645666, 37.5614909 ] } },
{ "type": "Feature", "properties": { "name": "답십리", "name:en": "Dapsipri", "railway": "station", "ele": null, "operator:type": null, "layer": null, "addr:full": null, "addr:city": null, "source": null, "name:ko": "답십리", "osm_id": 6039313619, "osm_type": "nodes" }, "geometry": { "type": "Point", "coordinates": [ 127.0526992, 37.5668136 ] } },
{ "type": "Feature", "properties": { "name": "마장", "name:en": "Majang", "railway": "station", "ele": null, "operator:type": null, "layer": null, "addr:full": null, "addr:city": null, "source": null, "name:ko": "마장", "osm_id": 6039313633, "osm_type": "nodes" }, "geometry": { "type": "Point", "coordinates": [ 127.042881, 37.5660982 ] } },
{ "type": "Feature", "properties": { "name": "행당", "name:en": "Haengdang", "railway": "station", "ele": null, "operator:type": null, "layer": null, "addr:full": null, "addr:city": null, "source": null, "name:ko": "행당", "osm_id": 6039313637, "osm_type": "nodes" }, "geometry": { "type": "Point", "coordinates": [ 127.0299929, 37.5576063 ] } },
{ "type": "Feature", "properties": { "name": "신금호", "name:en": "Singeumho", "railway": "station", "ele": null, "operator:type": null, "layer": null, "addr:full": null, "addr:city": null, "source": null, "name:ko": "신금호", "osm_id": 6039313638, "osm_type": "nodes" }, "geometry": { "type": "Point", "coordinates": [ 127.0202485, 37.554429 ] } },
{ "type": "Feature", "properties": { "name": "광흥창", "name:en": "Gwangheungchang", "railway": "station", "ele": null, "operator:type": null, "layer": null, "addr:full": null, "addr:city": null, "source": null, "name:ko": "광흥창", "osm_id": 6041674901, "osm_type": "nodes" }, "geometry": { "type": "Point", "coordinates": [ 126.9319609, 37.5474717 ] } },
{ "type": "Feature", "properties": { "name": "상수", "name:en": "Sangsu", "railway": "station", "ele": null, "operator:type": null, "layer": null, "addr:full": null, "addr:city": null, "source": null, "name:ko": "상수", "osm_id": 6041674902, "osm_type": "nodes" }, "geometry": { "type": "Point", "coordinates": [ 126.9228923, 37.5477577 ] } },
{ "type": "Feature", "properties": { "name": "망원", "name:en": "Mangwon", "railway": "station", "ele": null, "operator:type": null, "layer": null, "addr:full": null, "addr:city": null, "source": null, "name:ko": "망원", "osm_id": 6041674907, "osm_type": "nodes" }, "geometry": { "type": "Point", "coordinates": [ 126.9101277, 37.5560254 ] } },
{ "type": "Feature", "properties": { "name": "마포구청", "name:en": "Mapo-gu Office", "railway": "station", "ele": null, "operator:type": null, "layer": null, "addr:full": null, "addr:city": null, "source": null, "name:ko": "마포구청", "osm_id": 6041674909, "osm_type": "nodes" }, "geometry": { "type": "Point", "coordinates": [ 126.9033645, 37.5635586 ] } },
{ "type": "Feature", "properties": { "name": "월드컵경기장", "name:en": "World Cup Stadium", "railway": "station", "ele": null, "operator:type": null, "layer": null, "addr:full": null, "addr:city": null, "source": null, "name:ko": "월드컵경기장", "osm_id": 6041674912, "osm_type": "nodes" }, "geometry": { "type": "Point", "coordinates": [ 126.8993179, 37.5701918 ] } },
{ "type": "Feature", "properties": { "name": "증산", "name:en": "Jeungsan", "railway": "station", "ele": null, "operator:type": null, "layer": null, "addr:full": null, "addr:city": null, "source": null, "name:ko": "증산", "osm_id": 6041674915, "osm_type": "nodes" }, "geometry": { "type": "Point", "coordinates": [ 126.9099118, 37.5841441 ] } },
{ "type": "Feature", "properties": { "name": "연신내", "name:en": "Yeonsinnae", "railway": "station", "ele": null, "operator:type": null, "layer": null, "addr:full": null, "addr:city": null, "source": null, "name:ko": "연신내", "osm_id": 6041674920, "osm_type": "nodes" }, "geometry": { "type": "Point", "coordinates": [ 126.9211838, 37.6189247 ] } },
{ "type": "Feature", "properties": { "name": "중계", "name:en": "Junggye", "railway": "station", "ele": null, "operator:type": null, "layer": null, "addr:full": null, "addr:city": null, "source": null, "name:ko": "중계", "osm_id": 6046633876, "osm_type": "nodes" }, "geometry": { "type": "Point", "coordinates": [ 127.0638733, 37.6455373 ] } },
{ "type": "Feature", "properties": { "name": "노원", "name:en": "Nowon", "railway": "station", "ele": null, "operator:type": null, "layer": null, "addr:full": null, "addr:city": null, "source": null, "name:ko": "노원", "osm_id": 6046633877, "osm_type": "nodes" }, "geometry": { "type": "Point", "coordinates": [ 127.0604932, 37.6545911 ] } },
{ "type": "Feature", "properties": { "name": "마들", "name:en": "Madeul", "railway": "station", "ele": null, "operator:type": null, "layer": null, "addr:full": null, "addr:city": null, "source": null, "name:ko": "마들", "osm_id": 6046633880, "osm_type": "nodes" }, "geometry": { "type": "Point", "coordinates": [ 127.0577205, 37.665038 ] } },
{ "type": "Feature", "properties": { "name": "논현", "name:en": "Nonhyeon", "railway": "station", "ele": null, "operator:type": null, "layer": null, "addr:full": null, "addr:city": null, "source": null, "name:ko": "논현", "osm_id": 6048954785, "osm_type": "nodes" }, "geometry": { "type": "Point", "coordinates": [ 127.0213641, 37.5109791 ] } },
{ "type": "Feature", "properties": { "name": "자양", "name:en": "Jayang", "railway": "station", "ele": null, "operator:type": null, "layer": null, "addr:full": null, "addr:city": null, "source": null, "name:ko": "자양", "osm_id": 6048955198, "osm_type": "nodes" }, "geometry": { "type": "Point", "coordinates": [ 127.0667418, 37.5315323 ] } },
{ "type": "Feature", "properties": { "name": "천마산", "name:en": "Cheonmasan", "railway": "station", "ele": null, "operator:type": "public", "layer": null, "addr:full": null, "addr:city": null, "source": null, "name:ko": "천마산", "osm_id": 5881815171, "osm_type": "nodes" }, "geometry": { "type": "Point", "coordinates": [ 127.2850496, 37.6592164 ] } },
{ "type": "Feature", "properties": { "name": "마석", "name:en": "Maseok", "railway": "station", "ele": null, "operator:type": "public", "layer": null, "addr:full": null, "addr:city": null, "source": null, "name:ko": "마석", "osm_id": 5881815357, "osm_type": "nodes" }, "geometry": { "type": "Point", "coordinates": [ 127.3116745, 37.6527753 ] } },
{ "type": "Feature", "properties": { "name": "이매", "name:en": "Imae", "railway": "station", "ele": null, "operator:type": "public", "layer": null, "addr:full": null, "addr:city": null, "source": null, "name:ko": "이매", "osm_id": 5882162364, "osm_type": "nodes" }, "geometry": { "type": "Point", "coordinates": [ 127.1284003, 37.39464 ] } },
{ "type": "Feature", "properties": { "name": "탕정", "name:en": "Tangjeong", "railway": "station", "ele": null, "operator:type": "public", "layer": null, "addr:full": null, "addr:city": "아산시", "source": null, "name:ko": "탕정", "osm_id": 6022603091, "osm_type": "nodes" }, "geometry": { "type": "Point", "coordinates": [ 127.0845547, 36.7882137 ] } },
{ "type": "Feature", "properties": { "name": "홍제", "name:en": "Hongje", "railway": "station", "ele": null, "operator:type": null, "layer": null, "addr:full": null, "addr:city": null, "source": null, "name:ko": "홍제", "osm_id": 6033544444, "osm_type": "nodes" }, "geometry": { "type": "Point", "coordinates": [ 126.9442528, 37.5886894 ] } },
{ "type": "Feature", "properties": { "name": "녹번", "name:en": "Nokbeon", "railway": "station", "ele": null, "operator:type": null, "layer": null, "addr:full": null, "addr:city": null, "source": null, "name:ko": "녹번", "osm_id": 6033544459, "osm_type": "nodes" }, "geometry": { "type": "Point", "coordinates": [ 126.9357307, 37.6009733 ] } },
{ "type": "Feature", "properties": { "name": "구파발", "name:en": "Gupabal", "railway": "station", "ele": null, "operator:type": null, "layer": null, "addr:full": null, "addr:city": null, "source": null, "name:ko": "구파발", "osm_id": 6033544501, "osm_type": "nodes" }, "geometry": { "type": "Point", "coordinates": [ 126.9188046, 37.6368919 ] } },
{ "type": "Feature", "properties": { "name": "불암산", "name:en": "Buramsan", "railway": "station", "ele": null, "operator:type": null, "layer": null, "addr:full": null, "addr:city": null, "source": null, "name:ko": "불암산", "osm_id": 6036154649, "osm_type": "nodes" }, "geometry": { "type": "Point", "coordinates": [ 127.0789245, 37.670098 ] } },
{ "type": "Feature", "properties": { "name": "명동", "name:en": "Myeongdong", "railway": "station", "ele": null, "operator:type": null, "layer": null, "addr:full": null, "addr:city": null, "source": null, "name:ko": "명동", "osm_id": 6036160341, "osm_type": "nodes" }, "geometry": { "type": "Point", "coordinates": [ 126.9863762, 37.5608977 ] } },
{ "type": "Feature", "properties": { "name": "회현", "name:en": "Hoehyeon", "railway": "station", "ele": null, "operator:type": null, "layer": null, "addr:full": null, "addr:city": null, "source": null, "name:ko": "회현", "osm_id": 6036160342, "osm_type": "nodes" }, "geometry": { "type": "Point", "coordinates": [ 126.9784167, 37.5586981 ] } },
{ "type": "Feature", "properties": { "name": "신용산", "name:en": "Sinyongsan", "railway": "station", "ele": null, "operator:type": null, "layer": null, "addr:full": null, "addr:city": null, "source": null, "name:ko": "신용산", "osm_id": 6036160347, "osm_type": "nodes" }, "geometry": { "type": "Point", "coordinates": [ 126.9678569, 37.5291744 ] } },
{ "type": "Feature", "properties": { "name": "남태령", "name:en": "Namtaeryeong", "railway": "station", "ele": null, "operator:type": null, "layer": null, "addr:full": null, "addr:city": null, "source": null, "name:ko": "남태령", "osm_id": 6036160370, "osm_type": "nodes" }, "geometry": { "type": "Point", "coordinates": [ 126.9886975, 37.4646556 ] } },
{ "type": "Feature", "properties": { "name": "서대문", "name:en": "Seodaemun", "railway": "station", "ele": null, "operator:type": null, "layer": null, "addr:full": null, "addr:city": null, "source": null, "name:ko": "서대문", "osm_id": 6039313652, "osm_type": "nodes" }, "geometry": { "type": "Point", "coordinates": [ 126.9666351, 37.5657953 ] } },
{ "type": "Feature", "properties": { "name": "애오개", "name:en": "Aeogae", "railway": "station", "ele": null, "operator:type": null, "layer": null, "addr:full": null, "addr:city": null, "source": null, "name:ko": "애오개", "osm_id": 6039313658, "osm_type": "nodes" }, "geometry": { "type": "Point", "coordinates": [ 126.9566976, 37.553428 ] } },
{ "type": "Feature", "properties": { "name": "공덕", "name:en": "Gongdeok", "railway": "station", "ele": null, "operator:type": null, "layer": null, "addr:full": null, "addr:city": null, "source": null, "name:ko": "공덕", "osm_id": 6039313661, "osm_type": "nodes" }, "geometry": { "type": "Point", "coordinates": [ 126.9508061, 37.5436538 ] } },
{ "type": "Feature", "properties": { "name": "마포", "name:en": "Mapo", "railway": "station", "ele": null, "operator:type": null, "layer": null, "addr:full": null, "addr:city": null, "source": null, "name:ko": "마포", "osm_id": 6039313662, "osm_type": "nodes" }, "geometry": { "type": "Point", "coordinates": [ 126.9459929, 37.5396369 ] } },
{ "type": "Feature", "properties": { "name": "여의나루", "name:en": "Yeouinaru", "railway": "station", "ele": null, "operator:type": null, "layer": null, "addr:full": null, "addr:city": null, "source": null, "name:ko": "여의나루", "osm_id": 6039313663, "osm_type": "nodes" }, "geometry": { "type": "Point", "coordinates": [ 126.9325288, 37.5268526 ] } },
{ "type": "Feature", "properties": { "name": "여의도", "name:en": "Yeouido", "railway": "station", "ele": null, "operator:type": null, "layer": null, "addr:full": null, "addr:city": null, "source": null, "name:ko": "여의도", "osm_id": 6039313670, "osm_type": "nodes" }, "geometry": { "type": "Point", "coordinates": [ 126.9243018, 37.5216685 ] } },
{ "type": "Feature", "properties": { "name": "영등포시장", "name:en": "Yeongdeungpo Market", "railway": "station", "ele": null, "operator:type": null, "layer": null, "addr:full": null, "addr:city": null, "source": null, "name:ko": "영등포시장", "osm_id": 6039313679, "osm_type": "nodes" }, "geometry": { "type": "Point", "coordinates": [ 126.9051415, 37.5226934 ] } },
{ "type": "Feature", "properties": { "name": "영등포구청", "name:en": "Yeongdeungpo-gu Office", "railway": "station", "ele": null, "operator:type": null, "layer": null, "addr:full": null, "addr:city": null, "source": null, "name:ko": "영등포구청", "osm_id": 6039313682, "osm_type": "nodes" }, "geometry": { "type": "Point", "coordinates": [ 126.8963369, 37.5240181 ] } },
{ "type": "Feature", "properties": { "name": "목동", "name:en": "Mok-dong", "railway": "station", "ele": null, "operator:type": null, "layer": null, "addr:full": null, "addr:city": null, "source": null, "name:ko": "목동", "osm_id": 6039313992, "osm_type": "nodes" }, "geometry": { "type": "Point", "coordinates": [ 126.8645174, 37.5261241 ] } },
{ "type": "Feature", "properties": { "name": "신정", "name:en": "Sinjeong", "railway": "station", "ele": null, "operator:type": null, "layer": null, "addr:full": null, "addr:city": null, "source": null, "name:ko": "신정", "osm_id": 6039313994, "osm_type": "nodes" }, "geometry": { "type": "Point", "coordinates": [ 126.8559699, 37.5250413 ] } },
{ "type": "Feature", "properties": { "name": "화곡", "name:en": "Hwagok", "railway": "station", "ele": null, "operator:type": null, "layer": null, "addr:full": null, "addr:city": null, "source": null, "name:ko": "화곡", "osm_id": 6039314002, "osm_type": "nodes" }, "geometry": { "type": "Point", "coordinates": [ 126.840397, 37.5416728 ] } },
{ "type": "Feature", "properties": { "name": "우장산", "name:en": "Ujangsan", "railway": "station", "ele": null, "operator:type": null, "layer": null, "addr:full": null, "addr:city": null, "source": null, "name:ko": "우장산", "osm_id": 6039314018, "osm_type": "nodes" }, "geometry": { "type": "Point", "coordinates": [ 126.8363227, 37.5488943 ] } },
{ "type": "Feature", "properties": { "name": "발산", "name:en": "Balsan", "railway": "station", "ele": null, "operator:type": null, "layer": null, "addr:full": null, "addr:city": null, "source": null, "name:ko": "발산", "osm_id": 6039314025, "osm_type": "nodes" }, "geometry": { "type": "Point", "coordinates": [ 126.8374653, 37.5584951 ] } },
{ "type": "Feature", "properties": { "name": "송정", "name:en": "Songjeong", "railway": "station", "ele": null, "operator:type": null, "layer": null, "addr:full": null, "addr:city": null, "source": null, "name:ko": "송정", "osm_id": 6039314028, "osm_type": "nodes" }, "geometry": { "type": "Point", "coordinates": [ 126.8119428, 37.5612772 ] } },
{ "type": "Feature", "properties": { "name": "방화", "name:en": "Banghwa", "railway": "station", "ele": null, "operator:type": null, "layer": null, "addr:full": null, "addr:city": null, "source": null, "name:ko": "방화", "osm_id": 6039314033, "osm_type": "nodes" }, "geometry": { "type": "Point", "coordinates": [ 126.812732, 37.5774043 ] } },
{ "type": "Feature", "properties": { "name": "한강진", "name:en": "Hangangjin", "railway": "station", "ele": null, "operator:type": null, "layer": null, "addr:full": null, "addr:city": null, "source": null, "name:ko": "한강진", "osm_id": 6041673074, "osm_type": "nodes" }, "geometry": { "type": "Point", "coordinates": [ 127.0017506, 37.5397964 ] } },
{ "type": "Feature", "properties": { "name": "효창공원앞", "name:en": "Hyochang Park", "railway": "station", "ele": null, "operator:type": null, "layer": null, "addr:full": null, "addr:city": null, "source": null, "name:ko": "효창공원앞", "osm_id": 6041674894, "osm_type": "nodes" }, "geometry": { "type": "Point", "coordinates": [ 126.9613324, 37.5393413 ] } },
{ "type": "Feature", "properties": { "name": "대흥", "name:en": "Daeheung", "railway": "station", "ele": null, "operator:type": null, "layer": null, "addr:full": null, "addr:city": null, "source": null, "name:ko": "대흥", "osm_id": 6041674899, "osm_type": "nodes" }, "geometry": { "type": "Point", "coordinates": [ 126.9423451, 37.5476992 ] } },
{ "type": "Feature", "properties": { "name": "태릉입구", "name:en": "Taereung", "railway": "station", "ele": null, "operator:type": null, "layer": null, "addr:full": null, "addr:city": null, "source": null, "name:ko": "태릉입구", "osm_id": 6046633871, "osm_type": "nodes" }, "geometry": { "type": "Point", "coordinates": [ 127.0756723, 37.6176924 ] } },
{ "type": "Feature", "properties": { "name": "공릉", "name:en": "Gongneung", "railway": "station", "ele": null, "operator:type": null, "layer": null, "addr:full": null, "addr:city": null, "source": null, "name:ko": "공릉", "osm_id": 6046633874, "osm_type": "nodes" }, "geometry": { "type": "Point", "coordinates": [ 127.0730437, 37.6256358 ] } },
{ "type": "Feature", "properties": { "name": "하계", "name:en": "Hagye", "railway": "station", "ele": null, "operator:type": null, "layer": null, "addr:full": null, "addr:city": null, "source": null, "name:ko": "하계", "osm_id": 6046633875, "osm_type": "nodes" }, "geometry": { "type": "Point", "coordinates": [ 127.068252, 37.6360179 ] } },
{ "type": "Feature", "properties": { "name": "철산", "name:en": "Cheolsan", "railway": "station", "ele": null, "operator:type": null, "layer": null, "addr:full": null, "addr:city": "광명시", "source": null, "name:ko": "철산", "osm_id": 6048953567, "osm_type": "nodes" }, "geometry": { "type": "Point", "coordinates": [ 126.8675973, 37.4760012 ] } },
{ "type": "Feature", "properties": { "name": "송파", "name:en": "Songpa", "railway": "station", "ele": null, "operator:type": null, "layer": null, "addr:full": null, "addr:city": null, "source": null, "name:ko": "송파", "osm_id": 6094326939, "osm_type": "nodes" }, "geometry": { "type": "Point", "coordinates": [ 127.1121822, 37.4997247 ] } },
{ "type": "Feature", "properties": { "name": "몽촌토성", "name:en": "Mongchontoseong", "railway": "station", "ele": null, "operator:type": null, "layer": null, "addr:full": null, "addr:city": null, "source": null, "name:ko": "몽촌토성", "osm_id": 6094326941, "osm_type": "nodes" }, "geometry": { "type": "Point", "coordinates": [ 127.11267, 37.5175329 ] } },
{ "type": "Feature", "properties": { "name": "송파나루", "name:en": "Songpanaru", "railway": "station", "ele": null, "operator:type": null, "layer": null, "addr:full": null, "addr:city": null, "source": null, "name:ko": "송파나루", "osm_id": 6102706785, "osm_type": "nodes" }, "geometry": { "type": "Point", "coordinates": [ 127.1127954, 37.511245 ] } },
{ "type": "Feature", "properties": { "name": "석촌고분", "name:en": "Seokchon Gobun", "railway": "station", "ele": null, "operator:type": null, "layer": null, "addr:full": null, "addr:city": null, "source": null, "name:ko": "석촌고분", "osm_id": 6102706795, "osm_type": "nodes" }, "geometry": { "type": "Point", "coordinates": [ 127.0966143, 37.5024441 ] } },
{ "type": "Feature", "properties": { "name": "삼전", "name:en": "Samjeon", "railway": "station", "ele": null, "operator:type": null, "layer": null, "addr:full": null, "addr:city": null, "source": null, "name:ko": "삼전", "osm_id": 6102706802, "osm_type": "nodes" }, "geometry": { "type": "Point", "coordinates": [ 127.0872078, 37.5045347 ] } },
{ "type": "Feature", "properties": { "name": "야탑", "name:en": "Yatap", "railway": "station", "ele": null, "operator:type": "public", "layer": null, "addr:full": null, "addr:city": null, "source": null, "name:ko": "야탑", "osm_id": 6312484226, "osm_type": "nodes" }, "geometry": { "type": "Point", "coordinates": [ 127.1287143, 37.4112976 ] } },
{ "type": "Feature", "properties": { "name": "태평", "name:en": "Taepyeong", "railway": "station", "ele": null, "operator:type": "public", "layer": null, "addr:full": null, "addr:city": null, "source": null, "name:ko": "태평", "osm_id": 6312484227, "osm_type": "nodes" }, "geometry": { "type": "Point", "coordinates": [ 127.1277447, 37.4397089 ] } },
{ "type": "Feature", "properties": { "name": "한티", "name:en": "Hanti", "railway": "station", "ele": null, "operator:type": "public", "layer": null, "addr:full": null, "addr:city": null, "source": null, "name:ko": "한티", "osm_id": 6312484232, "osm_type": "nodes" }, "geometry": { "type": "Point", "coordinates": [ 127.0528661, 37.4962709 ] } },
{ "type": "Feature", "properties": { "name": "성복", "name:en": "Seongbok", "railway": "station", "ele": null, "operator:type": "private", "layer": "-1", "addr:full": null, "addr:city": null, "source": null, "name:ko": "성복", "osm_id": 6269662492, "osm_type": "nodes" }, "geometry": { "type": "Point", "coordinates": [ 127.0803769, 37.3134999 ] } },
{ "type": "Feature", "properties": { "name": "서현", "name:en": "Seohyeon", "railway": "station", "ele": null, "operator:type": "public", "layer": null, "addr:full": null, "addr:city": null, "source": null, "name:ko": "서현", "osm_id": 6312484225, "osm_type": "nodes" }, "geometry": { "type": "Point", "coordinates": [ 127.1233331, 37.3849098 ] } },
{ "type": "Feature", "properties": { "name": "구룡", "name:en": "Guryong", "railway": "station", "ele": null, "operator:type": "public", "layer": null, "addr:full": null, "addr:city": null, "source": null, "name:ko": "구룡", "osm_id": 6312484231, "osm_type": "nodes" }, "geometry": { "type": "Point", "coordinates": [ 127.0594609, 37.4869265 ] } },
{ "type": "Feature", "properties": { "name": "동백산", "name:en": "Dongbaeksan", "railway": "station", "ele": null, "operator:type": null, "layer": null, "addr:full": null, "addr:city": null, "source": null, "name:ko": null, "osm_id": 6353989250, "osm_type": "nodes" }, "geometry": { "type": "Point", "coordinates": [ 129.0345384, 37.1549137 ] } },
{ "type": "Feature", "properties": { "name": "문정", "name:en": "Munjeong", "railway": "station", "ele": null, "operator:type": null, "layer": null, "addr:full": null, "addr:city": null, "source": null, "name:ko": "문정", "osm_id": 6094326930, "osm_type": "nodes" }, "geometry": { "type": "Point", "coordinates": [ 127.1225184, 37.4858358 ] } },
{ "type": "Feature", "properties": { "name": "수지구청", "name:en": "Suji-gu Office", "railway": "station", "ele": null, "operator:type": "private", "layer": "-1", "addr:full": null, "addr:city": "용인시", "source": null, "name:ko": "수지구청", "osm_id": 6269743766, "osm_type": "nodes" }, "geometry": { "type": "Point", "coordinates": [ 127.0947549, 37.3225368 ] } },
{ "type": "Feature", "properties": { "name": "수내", "name:en": "Sunae", "railway": "station", "ele": null, "operator:type": "public", "layer": null, "addr:full": null, "addr:city": null, "source": null, "name:ko": "수내", "osm_id": 6312484224, "osm_type": "nodes" }, "geometry": { "type": "Point", "coordinates": [ 127.1142451, 37.3784062 ] } },
{ "type": "Feature", "properties": { "name": "가천대", "name:en": "Gachon Univ.", "railway": "station", "ele": null, "operator:type": "public", "layer": null, "addr:full": null, "addr:city": null, "source": null, "name:ko": "가천대", "osm_id": 6312484228, "osm_type": "nodes" }, "geometry": { "type": "Point", "coordinates": [ 127.1267248, 37.4486992 ] } },
{ "type": "Feature", "properties": { "name": "개포동", "name:en": "Gaepo-dong", "railway": "station", "ele": null, "operator:type": "public", "layer": null, "addr:full": null, "addr:city": null, "source": null, "name:ko": "개포동", "osm_id": 6312484230, "osm_type": "nodes" }, "geometry": { "type": "Point", "coordinates": [ 127.0660428, 37.4891009 ] } },
{ "type": "Feature", "properties": { "name": "센텀", "name:en": "Centum", "railway": "station", "ele": null, "operator:type": "public", "layer": null, "addr:full": null, "addr:city": "부산광역시", "source": null, "name:ko": "센텀", "osm_id": 6480269468, "osm_type": "nodes" }, "geometry": { "type": "Point", "coordinates": [ 129.12451870000001, 35.1794562 ] } },
{ "type": "Feature", "properties": { "name": "굴포천", "name:en": "Gulpocheon", "railway": "station", "ele": null, "operator:type": null, "layer": null, "addr:full": null, "addr:city": null, "source": null, "name:ko": "굴포천", "osm_id": 6050654946, "osm_type": "nodes" }, "geometry": { "type": "Point", "coordinates": [ 126.731337, 37.5070226 ] } },
{ "type": "Feature", "properties": { "name": "송추", "name:en": "Songchu", "railway": "station", "ele": null, "operator:type": "public", "layer": null, "addr:full": null, "addr:city": "양주시", "source": null, "name:ko": "송추", "osm_id": 7249447663, "osm_type": "nodes" }, "geometry": { "type": "Point", "coordinates": [ 126.9794074, 37.7207922 ] } },
{ "type": "Feature", "properties": { "name": "성신여대입구", "name:en": "Sungshin Women's University", "railway": "station", "ele": null, "operator:type": null, "layer": null, "addr:full": null, "addr:city": null, "source": null, "name:ko": "성신여대입구", "osm_id": 7238452667, "osm_type": "nodes" }, "geometry": { "type": "Point", "coordinates": [ 127.0165294, 37.5924189 ] } },
{ "type": "Feature", "properties": { "name": "진접", "name:en": "Jinjeop", "railway": "station", "ele": null, "operator:type": null, "layer": null, "addr:full": null, "addr:city": "남양주시", "source": null, "name:ko": "진접", "osm_id": 7265480502, "osm_type": "nodes" }, "geometry": { "type": "Point", "coordinates": [ 127.2032505, 37.7200538 ] } },
{ "type": "Feature", "properties": { "name": "약목", "name:en": "Yangmok", "railway": "station", "ele": null, "operator:type": "public", "layer": null, "addr:full": null, "addr:city": null, "source": null, "name:ko": "약목", "osm_id": 7290067937, "osm_type": "nodes" }, "geometry": { "type": "Point", "coordinates": [ 128.3643256, 36.0375533 ] } },
{ "type": "Feature", "properties": { "name": "원릉", "name:en": "Wolleung", "railway": "station", "ele": null, "operator:type": "public", "layer": null, "addr:full": null, "addr:city": null, "source": null, "name:ko": "원릉", "osm_id": 7394341200, "osm_type": "nodes" }, "geometry": { "type": "Point", "coordinates": [ 126.8399564, 37.6626396 ] } },
{ "type": "Feature", "properties": { "name": "장흥", "name:en": "Jangheung", "railway": "station", "ele": null, "operator:type": "public", "layer": null, "addr:full": null, "addr:city": "양주시", "source": null, "name:ko": "장흥", "osm_id": 7394341197, "osm_type": "nodes" }, "geometry": { "type": "Point", "coordinates": [ 126.9416098, 37.7186862 ] } },
{ "type": "Feature", "properties": { "name": "횡성", "name:en": "Hoengseong", "railway": "station", "ele": null, "operator:type": "public", "layer": null, "addr:full": null, "addr:city": null, "source": null, "name:ko": "횡성", "osm_id": 7397984719, "osm_type": "nodes" }, "geometry": { "type": "Point", "coordinates": [ 128.0104835, 37.4828074 ] } },
{ "type": "Feature", "properties": { "name": "솔안", "name:en": "Soran", "railway": "station", "ele": null, "operator:type": null, "layer": null, "addr:full": null, "addr:city": null, "source": null, "name:ko": "솔안", "osm_id": 7581484183, "osm_type": "nodes" }, "geometry": { "type": "Point", "coordinates": [ 129.0272936, 37.1496012 ] } },
{ "type": "Feature", "properties": { "name": "평택지제", "name:en": "Pyeongtaek Jije", "railway": "station", "ele": null, "operator:type": "public", "layer": null, "addr:full": null, "addr:city": null, "source": null, "name:ko": "평택지제", "osm_id": 7632207769, "osm_type": "nodes" }, "geometry": { "type": "Point", "coordinates": [ 127.0698667, 37.018753 ] } },
{ "type": "Feature", "properties": { "name": "수서", "name:en": "Suseo", "railway": "station", "ele": null, "operator:type": "public", "layer": null, "addr:full": null, "addr:city": null, "source": null, "name:ko": "수서", "osm_id": 7637880030, "osm_type": "nodes" }, "geometry": { "type": "Point", "coordinates": [ 127.1046888, 37.485099 ] } },
{ "type": "Feature", "properties": { "name": "광주", "name:en": "Gwangju", "railway": "station", "ele": null, "operator:type": "public", "layer": null, "addr:full": null, "addr:city": "광주광역시", "source": null, "name:ko": "광주", "osm_id": 7769360347, "osm_type": "nodes" }, "geometry": { "type": "Point", "coordinates": [ 126.9093193, 35.1653215 ] } },
{ "type": "Feature", "properties": { "name": "서광주", "name:en": "Seogwangju", "railway": "station", "ele": null, "operator:type": "public", "layer": null, "addr:full": null, "addr:city": "광주광역시", "source": null, "name:ko": "서광주", "osm_id": 7783042838, "osm_type": "nodes" }, "geometry": { "type": "Point", "coordinates": [ 126.8474307, 35.1247329 ] } },
{ "type": "Feature", "properties": { "name": "공주", "name:en": "Gongju", "railway": "station", "ele": null, "operator:type": "public", "layer": null, "addr:full": null, "addr:city": null, "source": null, "name:ko": "공주", "osm_id": 7839145036, "osm_type": "nodes" }, "geometry": { "type": "Point", "coordinates": [ 127.0966368, 36.3322371 ] } },
{ "type": "Feature", "properties": { "name": "정읍", "name:en": "Jeongeup", "railway": "station", "ele": null, "operator:type": "public", "layer": null, "addr:full": null, "addr:city": "정읍시", "source": null, "name:ko": "정읍", "osm_id": 7839157504, "osm_type": "nodes" }, "geometry": { "type": "Point", "coordinates": [ 126.8419169, 35.5757734 ] } },
{ "type": "Feature", "properties": { "name": "장성", "name:en": "Jangseong", "railway": "station", "ele": null, "operator:type": "public", "layer": null, "addr:full": null, "addr:city": "장성군", "source": null, "name:ko": "장성", "osm_id": 7839157576, "osm_type": "nodes" }, "geometry": { "type": "Point", "coordinates": [ 126.7796823, 35.3001204 ] } },
{ "type": "Feature", "properties": { "name": "익산", "name:en": "Iksan", "railway": "station", "ele": null, "operator:type": "public", "layer": null, "addr:full": null, "addr:city": "익산시", "source": null, "name:ko": "익산", "osm_id": 7839145082, "osm_type": "nodes" }, "geometry": { "type": "Point", "coordinates": [ 126.9459134, 35.9412564 ] } },
{ "type": "Feature", "properties": { "name": "인천", "name:en": "Incheon", "railway": "station", "ele": null, "operator:type": "public", "layer": null, "addr:full": null, "addr:city": null, "source": null, "name:ko": "인천", "osm_id": 7902428189, "osm_type": "nodes" }, "geometry": { "type": "Point", "coordinates": [ 126.6173655, 37.4765694 ] } },
{ "type": "Feature", "properties": { "name": "강남구청", "name:en": "Gangnam-gu Office", "railway": "station", "ele": null, "operator:type": "public", "layer": null, "addr:full": null, "addr:city": null, "source": null, "name:ko": "강남구청", "osm_id": 7908597448, "osm_type": "nodes" }, "geometry": { "type": "Point", "coordinates": [ 127.0414244, 37.516812 ] } },
{ "type": "Feature", "properties": { "name": "도곡", "name:en": "Dogok", "railway": "station", "ele": null, "operator:type": "public", "layer": null, "addr:full": null, "addr:city": null, "source": null, "name:ko": "도곡", "osm_id": 7908597451, "osm_type": "nodes" }, "geometry": { "type": "Point", "coordinates": [ 127.055473, 37.490635 ] } },
{ "type": "Feature", "properties": { "name": "선정릉", "name:en": "Seonjeongneung", "railway": "station", "ele": null, "operator:type": "public", "layer": "-2", "addr:full": null, "addr:city": null, "source": null, "name:ko": "선정릉", "osm_id": 7908597445, "osm_type": "nodes" }, "geometry": { "type": "Point", "coordinates": [ 127.0436945, 37.5107312 ] } },
{ "type": "Feature", "properties": { "name": "수서", "name:en": "Suseo", "railway": "station", "ele": null, "operator:type": "public", "layer": null, "addr:full": null, "addr:city": null, "source": null, "name:ko": "수서", "osm_id": 7908597454, "osm_type": "nodes" }, "geometry": { "type": "Point", "coordinates": [ 127.1011515, 37.4876577 ] } },
{ "type": "Feature", "properties": { "name": "복정", "name:en": "Bokjeong", "railway": "station", "ele": null, "operator:type": "public", "layer": null, "addr:full": null, "addr:city": "서울특별시", "source": null, "name:ko": "복정", "osm_id": 7908597456, "osm_type": "nodes" }, "geometry": { "type": "Point", "coordinates": [ 127.1267307, 37.470916 ] } },
{ "type": "Feature", "properties": { "name": "이매", "name:en": "Imae", "railway": "station", "ele": null, "operator:type": "public", "layer": null, "addr:full": null, "addr:city": null, "source": null, "name:ko": "이매", "osm_id": 7908597459, "osm_type": "nodes" }, "geometry": { "type": "Point", "coordinates": [ 127.1282395, 37.3953023 ] } },
{ "type": "Feature", "properties": { "name": "정자", "name:en": "Jeongja", "railway": "station", "ele": null, "operator:type": "public", "layer": null, "addr:full": null, "addr:city": null, "source": null, "name:ko": "정자", "osm_id": 7908597461, "osm_type": "nodes" }, "geometry": { "type": "Point", "coordinates": [ 127.1081139, 37.366234 ] } },
{ "type": "Feature", "properties": { "name": "송학", "name:en": "Songhak", "railway": "station", "ele": null, "operator:type": null, "layer": null, "addr:full": null, "addr:city": null, "source": null, "name:ko": "송학", "osm_id": 7983457102, "osm_type": "nodes" }, "geometry": { "type": "Point", "coordinates": [ 128.2701039, 37.186946 ] } },
{ "type": "Feature", "properties": { "name": "웅천", "name:en": null, "railway": "station", "ele": null, "operator:type": "public", "layer": null, "addr:full": null, "addr:city": null, "source": null, "name:ko": "웅천", "osm_id": 7962806665, "osm_type": "nodes" }, "geometry": { "type": "Point", "coordinates": [ 126.6067347, 36.2359262 ] } },
{ "type": "Feature", "properties": { "name": "창동", "name:en": "Chang-Dong", "railway": "station", "ele": null, "operator:type": null, "layer": null, "addr:full": null, "addr:city": null, "source": null, "name:ko": "창동", "osm_id": 8111056262, "osm_type": "nodes" }, "geometry": { "type": "Point", "coordinates": [ 127.0476987, 37.6531817 ] } },
{ "type": "Feature", "properties": { "name": "마산", "name:en": "Masan", "railway": "station", "ele": null, "operator:type": "public", "layer": null, "addr:full": null, "addr:city": null, "source": null, "name:ko": "마산", "osm_id": 8153431901, "osm_type": "nodes" }, "geometry": { "type": "Point", "coordinates": [ 128.576728, 35.2363635 ] } },
{ "type": "Feature", "properties": { "name": "동작", "name:en": "Dongjak", "railway": "station", "ele": null, "operator:type": null, "layer": null, "addr:full": null, "addr:city": null, "source": null, "name:ko": "동작", "osm_id": 8145379643, "osm_type": "nodes" }, "geometry": { "type": "Point", "coordinates": [ 126.9803481, 37.5031081 ] } },
{ "type": "Feature", "properties": { "name": "부호", "name:en": "Buho", "railway": "station", "ele": null, "operator:type": null, "layer": null, "addr:full": null, "addr:city": null, "source": null, "name:ko": "부호", "osm_id": 8181571014, "osm_type": "nodes" }, "geometry": { "type": "Point", "coordinates": [ 128.803120799999988, 35.9001905 ] } },
{ "type": "Feature", "properties": { "name": "하양", "name:en": "Hayang", "railway": "station", "ele": null, "operator:type": "public", "layer": null, "addr:full": null, "addr:city": "경산시", "source": null, "name:ko": "하양", "osm_id": 8221953269, "osm_type": "nodes" }, "geometry": { "type": "Point", "coordinates": [ 128.81844, 35.909587 ] } },
{ "type": "Feature", "properties": { "name": "강릉", "name:en": "Gangneung", "railway": "station", "ele": null, "operator:type": "public", "layer": null, "addr:full": null, "addr:city": "강릉시", "source": null, "name:ko": "강릉", "osm_id": 8223919750, "osm_type": "nodes" }, "geometry": { "type": "Point", "coordinates": [ 128.8993979, 37.76452 ] } },
{ "type": "Feature", "properties": { "name": "개화", "name:en": "Gaehwa", "railway": "station", "ele": null, "operator:type": null, "layer": null, "addr:full": null, "addr:city": null, "source": null, "name:ko": "개화", "osm_id": 8232932947, "osm_type": "nodes" }, "geometry": { "type": "Point", "coordinates": [ 126.7976654, 37.5785381 ] } },
{ "type": "Feature", "properties": { "name": "나주", "name:en": "Naju", "railway": "station", "ele": null, "operator:type": "public", "layer": null, "addr:full": null, "addr:city": "나주시", "source": null, "name:ko": "나주", "osm_id": 8236839371, "osm_type": "nodes" }, "geometry": { "type": "Point", "coordinates": [ 126.7174847, 35.0139274 ] } },
{ "type": "Feature", "properties": { "name": "함평", "name:en": "Hampyeong", "railway": "station", "ele": null, "operator:type": "public", "layer": null, "addr:full": null, "addr:city": "함평군", "source": null, "name:ko": "함평", "osm_id": 8236839399, "osm_type": "nodes" }, "geometry": { "type": "Point", "coordinates": [ 126.5390794, 35.0236844 ] } },
{ "type": "Feature", "properties": { "name": "무안", "name:en": "Muan", "railway": "station", "ele": null, "operator:type": "public", "layer": null, "addr:full": null, "addr:city": "무안군", "source": null, "name:ko": "무안", "osm_id": 8236839404, "osm_type": "nodes" }, "geometry": { "type": "Point", "coordinates": [ 126.5175783, 34.9627975 ] } },
{ "type": "Feature", "properties": { "name": "임성리", "name:en": "Imseongni", "railway": "station", "ele": null, "operator:type": "public", "layer": null, "addr:full": null, "addr:city": "목포시", "source": null, "name:ko": "임성리", "osm_id": 8236896050, "osm_type": "nodes" }, "geometry": { "type": "Point", "coordinates": [ 126.435209, 34.8204653 ] } },
{ "type": "Feature", "properties": { "name": "소사", "name:en": "Sosa", "railway": "station", "ele": null, "operator:type": null, "layer": null, "addr:full": null, "addr:city": null, "source": null, "name:ko": "소사", "osm_id": 8239410961, "osm_type": "nodes" }, "geometry": { "type": "Point", "coordinates": [ 126.7950167, 37.4829985 ] } },
{ "type": "Feature", "properties": { "name": "서대구", "name:en": "Seodaegu", "railway": "station", "ele": null, "operator:type": "public", "layer": null, "addr:full": null, "addr:city": "대구광역시", "source": null, "name:ko": "서대구", "osm_id": 8259053324, "osm_type": "nodes" }, "geometry": { "type": "Point", "coordinates": [ 128.5417368, 35.8813666 ] } },
{ "type": "Feature", "properties": { "name": "만평", "name:en": "Manpyeong", "railway": "station", "ele": null, "operator:type": null, "layer": null, "addr:full": null, "addr:city": null, "source": null, "name:ko": "만평", "osm_id": 8288809738, "osm_type": "nodes" }, "geometry": { "type": "Point", "coordinates": [ 128.5610405, 35.8898546 ] } },
{ "type": "Feature", "properties": { "name": "건들바위", "name:en": "Geondeulbawi", "railway": "station", "ele": null, "operator:type": null, "layer": null, "addr:full": null, "addr:city": null, "source": null, "name:ko": "건들바위", "osm_id": 8288809746, "osm_type": "nodes" }, "geometry": { "type": "Point", "coordinates": [ 128.5995958, 35.8554038 ] } },
{ "type": "Feature", "properties": { "name": "대봉교", "name:en": "Daebonggyo", "railway": "station", "ele": null, "operator:type": null, "layer": null, "addr:full": null, "addr:city": null, "source": null, "name:ko": "대봉교", "osm_id": 8288809747, "osm_type": "nodes" }, "geometry": { "type": "Point", "coordinates": [ 128.6063332, 35.8549894 ] } },
{ "type": "Feature", "properties": { "name": "판교", "name:en": "Pangyo", "railway": "station", "ele": null, "operator:type": "public", "layer": null, "addr:full": null, "addr:city": null, "source": null, "name:ko": "판교", "osm_id": 8308318738, "osm_type": "nodes" }, "geometry": { "type": "Point", "coordinates": [ 127.1115312, 37.3947237 ] } },
{ "type": "Feature", "properties": { "name": "동천", "name:en": "Dongcheon", "railway": "station", "ele": null, "operator:type": null, "layer": null, "addr:full": null, "addr:city": null, "source": null, "name:ko": "동천", "osm_id": 8288809730, "osm_type": "nodes" }, "geometry": { "type": "Point", "coordinates": [ 128.5566571, 35.9376827 ] } },
{ "type": "Feature", "properties": { "name": "구암", "name:en": "Guam", "railway": "station", "ele": null, "operator:type": null, "layer": null, "addr:full": null, "addr:city": null, "source": null, "name:ko": "구암", "osm_id": 8288809732, "osm_type": "nodes" }, "geometry": { "type": "Point", "coordinates": [ 128.5503144, 35.9256982 ] } },
{ "type": "Feature", "properties": { "name": "태전", "name:en": "Taejeon", "railway": "station", "ele": null, "operator:type": null, "layer": null, "addr:full": null, "addr:city": null, "source": null, "name:ko": "태전", "osm_id": 8288809733, "osm_type": "nodes" }, "geometry": { "type": "Point", "coordinates": [ 128.547392, 35.9196722 ] } },
{ "type": "Feature", "properties": { "name": "매천", "name:en": "Maecheon", "railway": "station", "ele": null, "operator:type": null, "layer": null, "addr:full": null, "addr:city": null, "source": null, "name:ko": "매천", "osm_id": 8288809734, "osm_type": "nodes" }, "geometry": { "type": "Point", "coordinates": [ 128.5434558, 35.9126737 ] } },
{ "type": "Feature", "properties": { "name": "팔달", "name:en": "Paldal", "railway": "station", "ele": null, "operator:type": null, "layer": null, "addr:full": null, "addr:city": null, "source": null, "name:ko": "팔달", "osm_id": 8288809736, "osm_type": "nodes" }, "geometry": { "type": "Point", "coordinates": [ 128.546697200000011, 35.897872 ] } },
{ "type": "Feature", "properties": { "name": "공단", "name:en": "Gongdan", "railway": "station", "ele": null, "operator:type": null, "layer": null, "addr:full": null, "addr:city": null, "source": null, "name:ko": "공단", "osm_id": 8288809737, "osm_type": "nodes" }, "geometry": { "type": "Point", "coordinates": [ 128.5536252, 35.8919819 ] } },
{ "type": "Feature", "properties": { "name": "원주", "name:en": "Wonju", "railway": "station", "ele": null, "operator:type": "public", "layer": null, "addr:full": null, "addr:city": "원주시", "source": null, "name:ko": "원주", "osm_id": 8305399629, "osm_type": "nodes" }, "geometry": { "type": "Point", "coordinates": [ 127.9228206, 37.3164083 ] } },
{ "type": "Feature", "properties": { "name": "주엽", "name:en": "Juyeop", "railway": "station", "ele": null, "operator:type": "public", "layer": null, "addr:full": null, "addr:city": null, "source": null, "name:ko": "주엽", "osm_id": 8334234978, "osm_type": "nodes" }, "geometry": { "type": "Point", "coordinates": [ 126.7612377, 37.6701524 ] } },
{ "type": "Feature", "properties": { "name": "순천", "name:en": "Suncheon", "railway": "station", "ele": null, "operator:type": "public", "layer": null, "addr:full": null, "addr:city": "순천시", "source": null, "name:ko": "순천", "osm_id": 8371236087, "osm_type": "nodes" }, "geometry": { "type": "Point", "coordinates": [ 127.5040597, 34.9458107 ] } },
{ "type": "Feature", "properties": { "name": "곡성", "name:en": "Gokseong", "railway": "station", "ele": null, "operator:type": "public", "layer": null, "addr:full": null, "addr:city": null, "source": null, "name:ko": "곡성", "osm_id": 8366725244, "osm_type": "nodes" }, "geometry": { "type": "Point", "coordinates": [ 127.3044579, 35.2834557 ] } },
{ "type": "Feature", "properties": { "name": "구례구", "name:en": "Guryegu", "railway": "station", "ele": null, "operator:type": "public", "layer": null, "addr:full": null, "addr:city": null, "source": null, "name:ko": "구례구", "osm_id": 8371236055, "osm_type": "nodes" }, "geometry": { "type": "Point", "coordinates": [ 127.4519666, 35.1634776 ] } },
{ "type": "Feature", "properties": { "name": "동춘", "name:en": "Dongchun", "railway": "station", "ele": null, "operator:type": null, "layer": null, "addr:full": null, "addr:city": null, "source": null, "name:ko": "동춘", "osm_id": 8390030404, "osm_type": "nodes" }, "geometry": { "type": "Point", "coordinates": [ 126.6802706, 37.4048204 ] } },
{ "type": "Feature", "properties": { "name": "신연수", "name:en": "Sinyeonsu", "railway": "station", "ele": null, "operator:type": null, "layer": null, "addr:full": null, "addr:city": "인천광역시", "source": null, "name:ko": "신연수", "osm_id": 8390030405, "osm_type": "nodes" }, "geometry": { "type": "Point", "coordinates": [ 126.6939309, 37.4180647 ] } },
{ "type": "Feature", "properties": { "name": "선학", "name:en": "Seonhak", "railway": "station", "ele": null, "operator:type": null, "layer": null, "addr:full": null, "addr:city": null, "source": null, "name:ko": "선학", "osm_id": 8390030408, "osm_type": "nodes" }, "geometry": { "type": "Point", "coordinates": [ 126.6989894, 37.4272405 ] } },
{ "type": "Feature", "properties": { "name": "문학경기장", "name:en": "Munhak Sports Complex", "railway": "station", "ele": null, "operator:type": null, "layer": null, "addr:full": null, "addr:city": null, "source": null, "name:ko": "문학경기장", "osm_id": 8390030409, "osm_type": "nodes" }, "geometry": { "type": "Point", "coordinates": [ 126.6977955, 37.4351045 ] } },
{ "type": "Feature", "properties": { "name": "간석오거리", "name:en": "Ganseogogeori", "railway": "station", "ele": null, "operator:type": null, "layer": null, "addr:full": null, "addr:city": null, "source": null, "name:ko": "간석오거리", "osm_id": 8390030413, "osm_type": "nodes" }, "geometry": { "type": "Point", "coordinates": [ 126.7079494, 37.4671553 ] } },
{ "type": "Feature", "properties": { "name": "부평시장", "name:en": "Bupyeong Market", "railway": "station", "ele": null, "operator:type": null, "layer": null, "addr:full": null, "addr:city": null, "source": null, "name:ko": "부평시장", "osm_id": 8390080117, "osm_type": "nodes" }, "geometry": { "type": "Point", "coordinates": [ 126.722289, 37.4983678 ] } },
{ "type": "Feature", "properties": { "name": "김천(구미)", "name:en": "Gimcheon(Gumi)", "railway": "station", "ele": null, "operator:type": "public", "layer": null, "addr:full": null, "addr:city": null, "source": null, "name:ko": "김천(구미)", "osm_id": 8442435447, "osm_type": "nodes" }, "geometry": { "type": "Point", "coordinates": [ 128.1806889, 36.1130256 ] } },
{ "type": "Feature", "properties": { "name": "인천터미널", "name:en": "Incheon Bus Terminal", "railway": "station", "ele": null, "operator:type": null, "layer": null, "addr:full": null, "addr:city": null, "source": null, "name:ko": "인천터미널", "osm_id": 8390030410, "osm_type": "nodes" }, "geometry": { "type": "Point", "coordinates": [ 126.6997157, 37.4419457 ] } },
{ "type": "Feature", "properties": { "name": "부평삼거리", "name:en": "Bupyeongsamgeori", "railway": "station", "ele": null, "operator:type": null, "layer": null, "addr:full": null, "addr:city": null, "source": null, "name:ko": "부평삼거리", "osm_id": 8390030414, "osm_type": "nodes" }, "geometry": { "type": "Point", "coordinates": [ 126.7103571, 37.4779093 ] } },
{ "type": "Feature", "properties": { "name": "부평", "name:en": "Bupyeong", "railway": "station", "ele": null, "operator:type": null, "layer": null, "addr:full": null, "addr:city": null, "source": null, "name:ko": "부평", "osm_id": 8390030416, "osm_type": "nodes" }, "geometry": { "type": "Point", "coordinates": [ 126.7237346, 37.4899854 ] } },
{ "type": "Feature", "properties": { "name": "경인교대입구", "name:en": "Gyeongin Nat'l Univ. of Education", "railway": "station", "ele": null, "operator:type": null, "layer": null, "addr:full": null, "addr:city": null, "source": null, "name:ko": "경인교대입구", "osm_id": 8390080122, "osm_type": "nodes" }, "geometry": { "type": "Point", "coordinates": [ 126.7226027, 37.5384076 ] } },
{ "type": "Feature", "properties": { "name": "계산", "name:en": "Gyesan", "railway": "station", "ele": null, "operator:type": null, "layer": null, "addr:full": null, "addr:city": null, "source": null, "name:ko": "계산", "osm_id": 8390080123, "osm_type": "nodes" }, "geometry": { "type": "Point", "coordinates": [ 126.7278571, 37.543336 ] } },
{ "type": "Feature", "properties": { "name": "당곡", "name:en": "Danggok", "railway": "station", "ele": null, "operator:type": null, "layer": null, "addr:full": null, "addr:city": null, "source": null, "name:ko": "당곡", "osm_id": 8401534571, "osm_type": "nodes" }, "geometry": { "type": "Point", "coordinates": [ 126.9278008, 37.4896958 ] } },
{ "type": "Feature", "properties": { "name": "샛강", "name:en": "Saetgang", "railway": "station", "ele": null, "operator:type": null, "layer": null, "addr:full": null, "addr:city": null, "source": null, "name:ko": "샛강", "osm_id": 8401534578, "osm_type": "nodes" }, "geometry": { "type": "Point", "coordinates": [ 126.928282, 37.517362 ] } },
{ "type": "Feature", "properties": { "name": "오근장", "name:en": "Ogeunjang", "railway": "station", "ele": null, "operator:type": "public", "layer": null, "addr:full": null, "addr:city": "청주시", "source": null, "name:ko": "오근장", "osm_id": 8560135440, "osm_type": "nodes" }, "geometry": { "type": "Point", "coordinates": [ 127.4778612, 36.6998966 ] } },
{ "type": "Feature", "properties": { "name": "서울역", "name:en": "Seoul Station", "railway": "station", "ele": null, "operator:type": "public", "layer": null, "addr:full": null, "addr:city": "서울특별시", "source": null, "name:ko": "서울역", "osm_id": 8574527311, "osm_type": "nodes" }, "geometry": { "type": "Point", "coordinates": [ 126.9725862, 37.5554175 ] } },
{ "type": "Feature", "properties": { "name": "홍성", "name:en": "Hongseong", "railway": "station", "ele": null, "operator:type": "public", "layer": null, "addr:full": null, "addr:city": null, "source": null, "name:ko": "홍성", "osm_id": 8664401956, "osm_type": "nodes" }, "geometry": { "type": "Point", "coordinates": [ 126.6812157, 36.5993365 ] } },
{ "type": "Feature", "properties": { "name": "교대", "name:en": "Busan National University of Education", "railway": "station", "ele": null, "operator:type": "public", "layer": null, "addr:full": null, "addr:city": null, "source": null, "name:ko": "교대", "osm_id": 8724477916, "osm_type": "nodes" }, "geometry": { "type": "Point", "coordinates": [ 129.080032499999987, 35.1952181 ] } },
{ "type": "Feature", "properties": { "name": "전의", "name:en": "Jeonui", "railway": "station", "ele": null, "operator:type": "public", "layer": null, "addr:full": null, "addr:city": null, "source": null, "name:ko": "전의", "osm_id": 8658838317, "osm_type": "nodes" }, "geometry": { "type": "Point", "coordinates": [ 127.2023372, 36.6784389 ] } },
{ "type": "Feature", "properties": { "name": "부강", "name:en": "Bugang", "railway": "station", "ele": null, "operator:type": "public", "layer": null, "addr:full": null, "addr:city": null, "source": null, "name:ko": "부강", "osm_id": 8664432526, "osm_type": "nodes" }, "geometry": { "type": "Point", "coordinates": [ 127.3650211, 36.532549 ] } },
{ "type": "Feature", "properties": { "name": "부산", "name:en": "Busan", "railway": "station", "ele": null, "operator:type": "public", "layer": null, "addr:full": null, "addr:city": "부산광역시", "source": null, "name:ko": "부산", "osm_id": 8693385785, "osm_type": "nodes" }, "geometry": { "type": "Point", "coordinates": [ 129.0425868, 35.1155532 ] } },
{ "type": "Feature", "properties": { "name": "디지털미디어시티", "name:en": "Digital Media City", "railway": "station", "ele": null, "operator:type": "consortium", "layer": null, "addr:full": null, "addr:city": null, "source": null, "name:ko": "디지털미디어시티", "osm_id": 8724752444, "osm_type": "nodes" }, "geometry": { "type": "Point", "coordinates": [ 126.8980769, 37.5773957 ] } },
{ "type": "Feature", "properties": { "name": "디지털미디어시티", "name:en": "Digital Media City", "railway": "station", "ele": null, "operator:type": null, "layer": null, "addr:full": null, "addr:city": null, "source": null, "name:ko": "디지털미디어시티", "osm_id": 8724752445, "osm_type": "nodes" }, "geometry": { "type": "Point", "coordinates": [ 126.9014558, 37.5761895 ] } },
{ "type": "Feature", "properties": { "name": "노원", "name:en": "Nowon", "railway": "station", "ele": null, "operator:type": null, "layer": null, "addr:full": null, "addr:city": null, "source": null, "name:ko": "노원", "osm_id": 8778625274, "osm_type": "nodes" }, "geometry": { "type": "Point", "coordinates": [ 127.0634799, 37.6563651 ] } },
{ "type": "Feature", "properties": { "name": "양재", "name:en": "Yangjae", "railway": "station", "ele": null, "operator:type": "private", "layer": null, "addr:full": null, "addr:city": null, "source": null, "name:ko": "양재", "osm_id": 8793714494, "osm_type": "nodes" }, "geometry": { "type": "Point", "coordinates": [ 127.0348488, 37.4837051 ] } },
{ "type": "Feature", "properties": { "name": "강남", "name:en": "Gangnam", "railway": "station", "ele": null, "operator:type": "private", "layer": null, "addr:full": null, "addr:city": null, "source": null, "name:ko": "강남", "osm_id": 8793714495, "osm_type": "nodes" }, "geometry": { "type": "Point", "coordinates": [ 127.0282667, 37.4964624 ] } },
{ "type": "Feature", "properties": { "name": "문경", "name:en": "Mungyeong", "railway": "station", "ele": null, "operator:type": "public", "layer": null, "addr:full": null, "addr:city": null, "source": null, "name:ko": "문경", "osm_id": 8829216791, "osm_type": "nodes" }, "geometry": { "type": "Point", "coordinates": [ 128.110201, 36.7202622 ] } },
{ "type": "Feature", "properties": { "name": "명장", "name:en": "Myeongjang", "railway": "station", "ele": null, "operator:type": "public", "layer": null, "addr:full": null, "addr:city": null, "source": null, "name:ko": "명장", "osm_id": 8850130266, "osm_type": "nodes" }, "geometry": { "type": "Point", "coordinates": [ 129.101767, 35.2053695 ] } },
{ "type": "Feature", "properties": { "name": "종합운동장", "name:en": "Sports Complex", "railway": "station", "ele": null, "operator:type": "public", "layer": null, "addr:full": null, "addr:city": null, "source": null, "name:ko": "종합운동장", "osm_id": 8850172482, "osm_type": "nodes" }, "geometry": { "type": "Point", "coordinates": [ 129.0675707, 35.1908882 ] } },
{ "type": "Feature", "properties": { "name": "낙민", "name:en": "Nakmin", "railway": "station", "ele": null, "operator:type": "public", "layer": null, "addr:full": null, "addr:city": null, "source": null, "name:ko": "낙민", "osm_id": 8850344845, "osm_type": "nodes" }, "geometry": { "type": "Point", "coordinates": [ 129.0908195, 35.2001469 ] } },
{ "type": "Feature", "properties": { "name": "진상", "name:en": "Jinsang", "railway": "station", "ele": null, "operator:type": "public", "layer": null, "addr:full": null, "addr:city": "광양시", "source": null, "name:ko": "진상", "osm_id": 8998267344, "osm_type": "nodes" }, "geometry": { "type": "Point", "coordinates": [ 127.7197252, 35.0150843 ] } },
{ "type": "Feature", "properties": { "name": "강진", "name:en": "Gangjin", "railway": "station", "ele": null, "operator:type": "public", "layer": null, "addr:full": null, "addr:city": null, "source": null, "name:ko": "강진", "osm_id": 9021551362, "osm_type": "nodes" }, "geometry": { "type": "Point", "coordinates": [ 126.7722931, 34.6283879 ] } },
{ "type": "Feature", "properties": { "name": "해남", "name:en": "Haenam", "railway": "station", "ele": null, "operator:type": "public", "layer": null, "addr:full": null, "addr:city": null, "source": null, "name:ko": "해남", "osm_id": 9021551363, "osm_type": "nodes" }, "geometry": { "type": "Point", "coordinates": [ 126.6372997, 34.6369981 ] } },
{ "type": "Feature", "properties": { "name": "영암", "name:en": "Yeongam", "railway": "station", "ele": null, "operator:type": "public", "layer": null, "addr:full": null, "addr:city": null, "source": null, "name:ko": "영암", "osm_id": 9021551364, "osm_type": "nodes" }, "geometry": { "type": "Point", "coordinates": [ 126.530939, 34.7587417 ] } },
{ "type": "Feature", "properties": { "name": "예산", "name:en": "Yesan", "railway": "station", "ele": null, "operator:type": "public", "layer": null, "addr:full": null, "addr:city": null, "source": null, "name:ko": "예산", "osm_id": 8874484801, "osm_type": "nodes" }, "geometry": { "type": "Point", "coordinates": [ 126.8284677, 36.6871147 ] } },
{ "type": "Feature", "properties": { "name": "총신대입구(이수)", "name:en": "Chongshin Univ. (Isu)", "railway": "station", "ele": null, "operator:type": null, "layer": null, "addr:full": null, "addr:city": null, "source": null, "name:ko": "총신대입구(이수)", "osm_id": 9420130583, "osm_type": "nodes" }, "geometry": { "type": "Point", "coordinates": [ 126.9822371, 37.48678 ] } },
{ "type": "Feature", "properties": { "name": "감곡장호원", "name:en": "Gamgok Janghowon", "railway": "station", "ele": null, "operator:type": "public", "layer": null, "addr:full": null, "addr:city": null, "source": null, "name:ko": "감곡장호원", "osm_id": 9104562711, "osm_type": "nodes" }, "geometry": { "type": "Point", "coordinates": [ 127.6356198, 37.1270431 ] } },
{ "type": "Feature", "properties": { "name": "덕하", "name:en": "Deokha", "railway": "station", "ele": null, "operator:type": "public", "layer": null, "addr:full": null, "addr:city": null, "source": null, "name:ko": "덕하", "osm_id": 9143906247, "osm_type": "nodes" }, "geometry": { "type": "Point", "coordinates": [ 129.3031207, 35.4940675 ] } },
{ "type": "Feature", "properties": { "name": "서생", "name:en": "Seosaeng", "railway": "station", "ele": null, "operator:type": "public", "layer": null, "addr:full": null, "addr:city": null, "source": null, "name:ko": "서생", "osm_id": 9143869772, "osm_type": "nodes" }, "geometry": { "type": "Point", "coordinates": [ 129.2929527, 35.3461278 ] } },
{ "type": "Feature", "properties": { "name": "신방화", "name:en": "Sinbanghwa", "railway": "station", "ele": null, "operator:type": null, "layer": null, "addr:full": null, "addr:city": null, "source": null, "name:ko": "신방화", "osm_id": 9181579795, "osm_type": "nodes" }, "geometry": { "type": "Point", "coordinates": [ 126.8165921, 37.5674973 ] } },
{ "type": "Feature", "properties": { "name": "공항시장", "name:en": "Airport Market", "railway": "station", "ele": null, "operator:type": null, "layer": null, "addr:full": null, "addr:city": null, "source": null, "name:ko": "공항시장", "osm_id": 9181579796, "osm_type": "nodes" }, "geometry": { "type": "Point", "coordinates": [ 126.8106016, 37.5636577 ] } },
{ "type": "Feature", "properties": { "name": "서경주", "name:en": "Seogyeongju", "railway": "station", "ele": null, "operator:type": "public", "layer": null, "addr:full": null, "addr:city": null, "source": null, "name:ko": "서경주", "osm_id": 9376156828, "osm_type": "nodes" }, "geometry": { "type": "Point", "coordinates": [ 129.1808636, 35.8846915 ] } },
{ "type": "Feature", "properties": { "name": "안강", "name:en": "Angang", "railway": "station", "ele": null, "operator:type": "public", "layer": null, "addr:full": null, "addr:city": null, "source": null, "name:ko": "안강", "osm_id": 9376156829, "osm_type": "nodes" }, "geometry": { "type": "Point", "coordinates": [ 129.2334205, 35.9705072 ] } },
{ "type": "Feature", "properties": { "name": "어정", "name:en": "Eojeong", "railway": "station", "ele": null, "operator:type": null, "layer": null, "addr:full": null, "addr:city": null, "source": "bing 2010", "name:ko": "어정", "osm_id": 9461950034, "osm_type": "nodes" }, "geometry": { "type": "Point", "coordinates": [ 127.1437238, 37.2749325 ] } },
{ "type": "Feature", "properties": { "name": "초당", "name:en": "Chodang", "railway": "station", "ele": null, "operator:type": null, "layer": null, "addr:full": null, "addr:city": null, "source": "bing 2010", "name:ko": "초당", "osm_id": 9461950038, "osm_type": "nodes" }, "geometry": { "type": "Point", "coordinates": [ 127.1595469, 37.2607995 ] } },
{ "type": "Feature", "properties": { "name": "삼가", "name:en": "Samga", "railway": "station", "ele": null, "operator:type": null, "layer": null, "addr:full": null, "addr:city": null, "source": "bing 2010", "name:ko": "삼가", "osm_id": 9461950040, "osm_type": "nodes" }, "geometry": { "type": "Point", "coordinates": [ 127.1682829, 37.2421427 ] } },
{ "type": "Feature", "properties": { "name": "보문", "name:en": "Bomun", "railway": "station", "ele": null, "operator:type": null, "layer": null, "addr:full": null, "addr:city": null, "source": null, "name:ko": "보문", "osm_id": 9459739654, "osm_type": "nodes" }, "geometry": { "type": "Point", "coordinates": [ 127.0195135, 37.5850289 ] } },
{ "type": "Feature", "properties": { "name": "시청.용인대", "name:en": "City hall.Yongin Univ.", "railway": "station", "ele": null, "operator:type": null, "layer": null, "addr:full": null, "addr:city": null, "source": "bing 2010", "name:ko": "시청.용인대", "osm_id": 9461950042, "osm_type": "nodes" }, "geometry": { "type": "Point", "coordinates": [ 127.1788598, 37.2393269 ] } },
{ "type": "Feature", "properties": { "name": "명지대", "name:en": "Myongji University", "railway": "station", "ele": null, "operator:type": null, "layer": null, "addr:full": null, "addr:city": null, "source": "bing 2010", "name:ko": "명지대", "osm_id": 9461950044, "osm_type": "nodes" }, "geometry": { "type": "Point", "coordinates": [ 127.1903475, 37.2379656 ] } },
{ "type": "Feature", "properties": { "name": "김량장", "name:en": "Gimnyangjang", "railway": "station", "ele": null, "operator:type": null, "layer": null, "addr:full": null, "addr:city": null, "source": "bing 2010", "name:ko": "김량장", "osm_id": 9461950047, "osm_type": "nodes" }, "geometry": { "type": "Point", "coordinates": [ 127.1986414, 37.237247 ] } },
{ "type": "Feature", "properties": { "name": "용인중앙시장", "name:en": "Stadium Complex·Songdam College", "railway": "station", "ele": null, "operator:type": null, "layer": null, "addr:full": null, "addr:city": null, "source": "bing 2010", "name:ko": "용인중앙시장", "osm_id": 9461950049, "osm_type": "nodes" }, "geometry": { "type": "Point", "coordinates": [ 127.2090771, 37.237794 ] } },
{ "type": "Feature", "properties": { "name": "고진", "name:en": "Gojin", "railway": "station", "ele": null, "operator:type": null, "layer": null, "addr:full": null, "addr:city": "용인시", "source": "bing 2010", "name:ko": "고진", "osm_id": 9461950051, "osm_type": "nodes" }, "geometry": { "type": "Point", "coordinates": [ 127.2142066, 37.2445235 ] } },
{ "type": "Feature", "properties": { "name": "보평", "name:en": "Bopyeong", "railway": "station", "ele": null, "operator:type": null, "layer": null, "addr:full": null, "addr:city": null, "source": "bing 2010", "name:ko": "보평", "osm_id": 9461950053, "osm_type": "nodes" }, "geometry": { "type": "Point", "coordinates": [ 127.2185139, 37.2588835 ] } },
{ "type": "Feature", "properties": { "name": "둔전", "name:en": "Dunjeon", "railway": "station", "ele": null, "operator:type": null, "layer": null, "addr:full": null, "addr:city": null, "source": null, "name:ko": "둔전", "osm_id": 9461950055, "osm_type": "nodes" }, "geometry": { "type": "Point", "coordinates": [ 127.2136858, 37.2671872 ] } },
{ "type": "Feature", "properties": { "name": "종로3가", "name:en": "Jongno 3(sam)-ga", "railway": "station", "ele": null, "operator:type": null, "layer": null, "addr:full": null, "addr:city": null, "source": null, "name:ko": "종로3가", "osm_id": 9454775468, "osm_type": "nodes" }, "geometry": { "type": "Point", "coordinates": [ 126.9902702, 37.5725401 ] } },
{ "type": "Feature", "properties": { "name": "종로3가", "name:en": "Jongno 3(sam)-ga", "railway": "station", "ele": null, "operator:type": null, "layer": null, "addr:full": null, "addr:city": null, "source": null, "name:ko": "종로3가", "osm_id": 9454775469, "osm_type": "nodes" }, "geometry": { "type": "Point", "coordinates": [ 126.9919062, 37.5714989 ] } },
{ "type": "Feature", "properties": { "name": "삼양사거리", "name:en": "Samyang Sageori", "railway": "station", "ele": null, "operator:type": null, "layer": null, "addr:full": null, "addr:city": null, "source": null, "name:ko": "삼양사거리", "osm_id": 9459739612, "osm_type": "nodes" }, "geometry": { "type": "Point", "coordinates": [ 127.0204924, 37.6211991 ] } },
{ "type": "Feature", "properties": { "name": "삼양", "name:en": "Samyang", "railway": "station", "ele": null, "operator:type": null, "layer": null, "addr:full": null, "addr:city": null, "source": null, "name:ko": "삼양", "osm_id": 9459739614, "osm_type": "nodes" }, "geometry": { "type": "Point", "coordinates": [ 127.0181757, 37.6269234 ] } },
{ "type": "Feature", "properties": { "name": "화계", "name:en": "Hwagye", "railway": "station", "ele": null, "operator:type": null, "layer": null, "addr:full": null, "addr:city": null, "source": null, "name:ko": "화계", "osm_id": 9459739616, "osm_type": "nodes" }, "geometry": { "type": "Point", "coordinates": [ 127.0174887, 37.6340274 ] } },
{ "type": "Feature", "properties": { "name": "가오리", "name:en": "Gaori", "railway": "station", "ele": null, "operator:type": null, "layer": null, "addr:full": null, "addr:city": null, "source": null, "name:ko": "가오리", "osm_id": 9459739618, "osm_type": "nodes" }, "geometry": { "type": "Point", "coordinates": [ 127.0165705, 37.6419736 ] } },
{ "type": "Feature", "properties": { "name": "검암", "name:en": "Geomam", "railway": "station", "ele": null, "operator:type": null, "layer": null, "addr:full": null, "addr:city": null, "source": null, "name:ko": "검암", "osm_id": 9687738113, "osm_type": "nodes" }, "geometry": { "type": "Point", "coordinates": [ 126.6755711, 37.568749 ] } },
{ "type": "Feature", "properties": { "name": "검바위", "name:en": "Geombawi", "railway": "station", "ele": null, "operator:type": null, "layer": null, "addr:full": null, "addr:city": null, "source": null, "name:ko": "검바위", "osm_id": 9687738126, "osm_type": "nodes" }, "geometry": { "type": "Point", "coordinates": [ 126.6775102, 37.5612482 ] } },
{ "type": "Feature", "properties": { "name": "아시아드경기장", "name:en": "Asiad Stadium", "railway": "station", "ele": null, "operator:type": null, "layer": null, "addr:full": null, "addr:city": null, "source": null, "name:ko": "아시아드경기장", "osm_id": 9687738136, "osm_type": "nodes" }, "geometry": { "type": "Point", "coordinates": [ 126.6771005, 37.5515881 ] } },
{ "type": "Feature", "properties": { "name": "주안국가산단", "name:en": "Juan National Industrial Complex", "railway": "station", "ele": null, "operator:type": null, "layer": null, "addr:full": null, "addr:city": "인천광역시", "source": null, "name:ko": "주안국가산단", "osm_id": 9687738224, "osm_type": "nodes" }, "geometry": { "type": "Point", "coordinates": [ 126.6811593, 37.4739903 ] } },
{ "type": "Feature", "properties": { "name": "시민공원", "name:en": "Citizens Park (Culture Creation Zone)", "railway": "station", "ele": null, "operator:type": null, "layer": null, "addr:full": null, "addr:city": null, "source": null, "name:ko": "시민공원", "osm_id": 9687738258, "osm_type": "nodes" }, "geometry": { "type": "Point", "coordinates": [ 126.6808299, 37.4584104 ] } },
{ "type": "Feature", "properties": { "name": "만수", "name:en": "Mansu", "railway": "station", "ele": null, "operator:type": null, "layer": null, "addr:full": null, "addr:city": null, "source": null, "name:ko": "만수", "osm_id": 9687738321, "osm_type": "nodes" }, "geometry": { "type": "Point", "coordinates": [ 126.7318593, 37.4549681 ] } },
{ "type": "Feature", "properties": { "name": "남동구청", "name:en": "Namdong-gu Office", "railway": "station", "ele": null, "operator:type": null, "layer": null, "addr:full": null, "addr:city": null, "source": null, "name:ko": "남동구청", "osm_id": 9687738323, "osm_type": "nodes" }, "geometry": { "type": "Point", "coordinates": [ 126.7368118, 37.4481646 ] } },
{ "type": "Feature", "properties": { "name": "인천대공원", "name:en": "Incheon Grand Park", "railway": "station", "ele": null, "operator:type": null, "layer": null, "addr:full": null, "addr:city": null, "source": null, "name:ko": "인천대공원", "osm_id": 9687738344, "osm_type": "nodes" }, "geometry": { "type": "Point", "coordinates": [ 126.7528149, 37.4485494 ] } },
{ "type": "Feature", "properties": { "name": "서구청", "name:en": "Seo-gu Office", "railway": "station", "ele": null, "operator:type": null, "layer": null, "addr:full": null, "addr:city": null, "source": null, "name:ko": "서구청", "osm_id": 9687738138, "osm_type": "nodes" }, "geometry": { "type": "Point", "coordinates": [ 126.6768161, 37.5439777 ] } },
{ "type": "Feature", "properties": { "name": "가정중앙시장", "name:en": "Gajeong Jungang Market", "railway": "station", "ele": null, "operator:type": null, "layer": null, "addr:full": null, "addr:city": null, "source": null, "name:ko": "가정중앙시장", "osm_id": 9687738164, "osm_type": "nodes" }, "geometry": { "type": "Point", "coordinates": [ 126.6767904, 37.5174983 ] } },
{ "type": "Feature", "properties": { "name": "인천가좌", "name:en": "Incheon Gajwa", "railway": "station", "ele": null, "operator:type": null, "layer": null, "addr:full": null, "addr:city": null, "source": null, "name:ko": "인천가좌", "osm_id": 9687738197, "osm_type": "nodes" }, "geometry": { "type": "Point", "coordinates": [ 126.6752387, 37.4904588 ] } },
{ "type": "Feature", "properties": { "name": "가재울", "name:en": "Gajaeul", "railway": "station", "ele": null, "operator:type": null, "layer": null, "addr:full": null, "addr:city": null, "source": null, "name:ko": "가재울", "osm_id": 9687738218, "osm_type": "nodes" }, "geometry": { "type": "Point", "coordinates": [ 126.6839791, 37.4839499 ] } },
{ "type": "Feature", "properties": { "name": "석바위시장", "name:en": "Seokbawi Market", "railway": "station", "ele": null, "operator:type": null, "layer": null, "addr:full": null, "addr:city": null, "source": null, "name:ko": "석바위시장", "osm_id": 9687738266, "osm_type": "nodes" }, "geometry": { "type": "Point", "coordinates": [ 126.6922113, 37.4576813 ] } },
{ "type": "Feature", "properties": { "name": "인천시청", "name:en": "Incheon City Hall", "railway": "station", "ele": null, "operator:type": null, "layer": null, "addr:full": null, "addr:city": null, "source": null, "name:ko": "인천시청", "osm_id": 9687738274, "osm_type": "nodes" }, "geometry": { "type": "Point", "coordinates": [ 126.702435, 37.456812 ] } },
{ "type": "Feature", "properties": { "name": "모래내시장", "name:en": "Moraenae Market", "railway": "station", "ele": null, "operator:type": null, "layer": null, "addr:full": null, "addr:city": null, "source": null, "name:ko": "모래내시장", "osm_id": 9687738286, "osm_type": "nodes" }, "geometry": { "type": "Point", "coordinates": [ 126.7194799, 37.455858 ] } },
{ "type": "Feature", "properties": { "name": "구미", "name:en": "Gumi", "railway": "station", "ele": null, "operator:type": "public", "layer": null, "addr:full": null, "addr:city": null, "source": null, "name:ko": "구미", "osm_id": 9787544152, "osm_type": "nodes" }, "geometry": { "type": "Point", "coordinates": [ 128.331045499999988, 36.1283119 ] } },
{ "type": "Feature", "properties": { "name": "대곡", "name:en": "Daegok", "railway": "station", "ele": null, "operator:type": "public", "layer": null, "addr:full": null, "addr:city": "고양시", "source": null, "name:ko": "대곡", "osm_id": 9863858581, "osm_type": "nodes" }, "geometry": { "type": "Point", "coordinates": [ 126.8121166, 37.6312709 ] } },
{ "type": "Feature", "properties": { "name": "동대문역사문화공원", "name:en": "Dongdaemun History & Culture Park Station (DDP)", "railway": "station", "ele": null, "operator:type": null, "layer": null, "addr:full": null, "addr:city": null, "source": null, "name:ko": "동대문역사문화공원", "osm_id": 5772552255, "osm_type": "nodes" }, "geometry": { "type": "Point", "coordinates": [ 127.0081233, 37.5652615 ] } },
{ "type": "Feature", "properties": { "name": "인주", "name:en": "Inju", "railway": "station", "ele": null, "operator:type": "public", "layer": null, "addr:full": null, "addr:city": null, "source": null, "name:ko": "인주", "osm_id": 9932899568, "osm_type": "nodes" }, "geometry": { "type": "Point", "coordinates": [ 126.8814308, 36.8384093 ] } },
{ "type": "Feature", "properties": { "name": "합덕", "name:en": "Hapdeok", "railway": "station", "ele": null, "operator:type": "public", "layer": null, "addr:full": null, "addr:city": null, "source": null, "name:ko": "합덕", "osm_id": 9932899576, "osm_type": "nodes" }, "geometry": { "type": "Point", "coordinates": [ 126.798213, 36.7962458 ] } },
{ "type": "Feature", "properties": { "name": "서화성", "name:en": "Seohwaseong", "railway": "station", "ele": null, "operator:type": "public", "layer": null, "addr:full": null, "addr:city": null, "source": null, "name:ko": "서화성", "osm_id": 9931812354, "osm_type": "nodes" }, "geometry": { "type": "Point", "coordinates": [ 126.7868664, 37.2487819 ] } },
{ "type": "Feature", "properties": { "name": "향남", "name:en": "Hyangnam", "railway": "station", "ele": null, "operator:type": "public", "layer": null, "addr:full": null, "addr:city": null, "source": null, "name:ko": "향남", "osm_id": 9931812471, "osm_type": "nodes" }, "geometry": { "type": "Point", "coordinates": [ 126.9127815, 37.122899 ] } },
{ "type": "Feature", "properties": { "name": "신길", "name:en": "Singil", "railway": "station", "ele": null, "operator:type": null, "layer": "1", "addr:full": null, "addr:city": "서울특별시", "source": null, "name:ko": "신길", "osm_id": 8829295765, "osm_type": "nodes" }, "geometry": { "type": "Point", "coordinates": [ 126.9163515, 37.5175077 ] } },
{ "type": "Feature", "properties": { "name": "하동", "name:en": "Hadong", "railway": "station", "ele": null, "operator:type": "public", "layer": null, "addr:full": null, "addr:city": null, "source": null, "name:ko": "하동", "osm_id": 10296593753, "osm_type": "nodes" }, "geometry": { "type": "Point", "coordinates": [ 127.7616118, 35.0638799 ] } },
{ "type": "Feature", "properties": { "name": "창원중앙", "name:en": "Changwon Jungang", "railway": "station", "ele": null, "operator:type": "public", "layer": null, "addr:full": null, "addr:city": null, "source": null, "name:ko": "창원중앙", "osm_id": 10566861524, "osm_type": "nodes" }, "geometry": { "type": "Point", "coordinates": [ 128.7016046, 35.2425718 ] } },
{ "type": "Feature", "properties": { "name": "창원", "name:en": "Changwon", "railway": "station", "ele": null, "operator:type": "public", "layer": null, "addr:full": null, "addr:city": null, "source": null, "name:ko": "창원", "osm_id": 10566861525, "osm_type": "nodes" }, "geometry": { "type": "Point", "coordinates": [ 128.6070336, 35.2581253 ] } },
{ "type": "Feature", "properties": { "name": "진부", "name:en": "Jinbu", "railway": "station", "ele": null, "operator:type": "public", "layer": null, "addr:full": null, "addr:city": null, "source": null, "name:ko": "진부", "osm_id": 10591459522, "osm_type": "nodes" }, "geometry": { "type": "Point", "coordinates": [ 128.574822399999988, 37.6425685 ] } },
{ "type": "Feature", "properties": { "name": "괘법르네시떼", "name:en": "Gwaebeop Renecite", "railway": "station", "ele": null, "operator:type": null, "layer": null, "addr:full": null, "addr:city": null, "source": null, "name:ko": "괘법르네시떼", "osm_id": 5194520289, "osm_type": "nodes" }, "geometry": { "type": "Point", "coordinates": [ 128.977588, 35.1632816 ] } },
{ "type": "Feature", "properties": { "name": "몽탄", "name:en": "Mongtan", "railway": "station", "ele": null, "operator:type": "public", "layer": null, "addr:full": null, "addr:city": "무안군", "source": null, "name:ko": "몽탄", "osm_id": 10678348094, "osm_type": "nodes" }, "geometry": { "type": "Point", "coordinates": [ 126.5037002, 34.9298291 ] } },
{ "type": "Feature", "properties": { "name": "다시", "name:en": "Dasi", "railway": "station", "ele": null, "operator:type": "public", "layer": null, "addr:full": null, "addr:city": "나주시", "source": null, "name:ko": "다시", "osm_id": 10678348035, "osm_type": "nodes" }, "geometry": { "type": "Point", "coordinates": [ 126.6411305, 35.0164504 ] } },
{ "type": "Feature", "properties": { "name": "일로", "name:en": "Illo", "railway": "station", "ele": null, "operator:type": "public", "layer": null, "addr:full": null, "addr:city": "무안군", "source": null, "name:ko": "일로", "osm_id": 10678348095, "osm_type": "nodes" }, "geometry": { "type": "Point", "coordinates": [ 126.4770913, 34.8485411 ] } },
{ "type": "Feature", "properties": { "name": "청도", "name:en": "Cheongdo", "railway": "station", "ele": null, "operator:type": "public", "layer": null, "addr:full": null, "addr:city": "청도군", "source": null, "name:ko": "청도", "osm_id": 10694582694, "osm_type": "nodes" }, "geometry": { "type": "Point", "coordinates": [ 128.7461654, 35.6398546 ] } },
{ "type": "Feature", "properties": { "name": "상동", "name:en": "Sangdong", "railway": "station", "ele": null, "operator:type": "public", "layer": null, "addr:full": null, "addr:city": null, "source": null, "name:ko": "상동", "osm_id": 10694582728, "osm_type": "nodes" }, "geometry": { "type": "Point", "coordinates": [ 128.7604039, 35.5557169 ] } },
{ "type": "Feature", "properties": { "name": "매곡", "name:en": "Maegok", "railway": "station", "ele": null, "operator:type": null, "layer": null, "addr:full": null, "addr:city": null, "source": null, "name:ko": "매곡", "osm_id": 10772818943, "osm_type": "nodes" }, "geometry": { "type": "Point", "coordinates": [ 127.7301441, 37.4365864 ] } },
{ "type": "Feature", "properties": { "name": "성남", "name:en": "Seongnam", "railway": "station", "ele": null, "operator:type": "public", "layer": null, "addr:full": null, "addr:city": null, "source": null, "name:ko": "성남", "osm_id": 10787176951, "osm_type": "nodes" }, "geometry": { "type": "Point", "coordinates": [ 127.1194122, 37.3946908 ] } },
{ "type": "Feature", "properties": { "name": "구성", "name:en": "Guseong", "railway": "station", "ele": null, "operator:type": "public", "layer": null, "addr:full": null, "addr:city": null, "source": null, "name:ko": "구성", "osm_id": 10787176952, "osm_type": "nodes" }, "geometry": { "type": "Point", "coordinates": [ 127.1039242, 37.2990413 ] } },
{ "type": "Feature", "properties": { "name": "성남", "name:en": "Seongnam", "railway": "station", "ele": null, "operator:type": "public", "layer": null, "addr:full": null, "addr:city": "성남시", "source": null, "name:ko": "성남", "osm_id": 10787176950, "osm_type": "nodes" }, "geometry": { "type": "Point", "coordinates": [ 127.1205842, 37.3936894 ] } },
{ "type": "Feature", "properties": { "name": "김포공항", "name:en": "Gimpo Int'l Airport", "railway": "station", "ele": null, "operator:type": null, "layer": null, "addr:full": null, "addr:city": null, "source": null, "name:ko": "김포공항", "osm_id": 10814394661, "osm_type": "nodes" }, "geometry": { "type": "Point", "coordinates": [ 126.8015843, 37.5619877 ] } },
{ "type": "Feature", "properties": { "name": "양촌", "name:en": "Yangchon", "railway": "station", "ele": null, "operator:type": null, "layer": null, "addr:full": null, "addr:city": null, "source": null, "name:ko": "양촌", "osm_id": 10814378022, "osm_type": "nodes" }, "geometry": { "type": "Point", "coordinates": [ 126.6147983, 37.6416413 ] } },
{ "type": "Feature", "properties": { "name": "장기", "name:en": "Janggi", "railway": "station", "ele": null, "operator:type": null, "layer": null, "addr:full": null, "addr:city": null, "source": null, "name:ko": "장기", "osm_id": 10814394648, "osm_type": "nodes" }, "geometry": { "type": "Point", "coordinates": [ 126.6690138, 37.6440265 ] } },
{ "type": "Feature", "properties": { "name": "운양", "name:en": "Unyang", "railway": "station", "ele": null, "operator:type": null, "layer": null, "addr:full": null, "addr:city": null, "source": null, "name:ko": "운양", "osm_id": 10814394650, "osm_type": "nodes" }, "geometry": { "type": "Point", "coordinates": [ 126.683938, 37.6538088 ] } },
{ "type": "Feature", "properties": { "name": "풍무", "name:en": "Pungmu", "railway": "station", "ele": null, "operator:type": null, "layer": null, "addr:full": null, "addr:city": null, "source": null, "name:ko": "풍무", "osm_id": 10814394656, "osm_type": "nodes" }, "geometry": { "type": "Point", "coordinates": [ 126.7324628, 37.612374 ] } },
{ "type": "Feature", "properties": { "name": "고촌", "name:en": "Gochon", "railway": "station", "ele": null, "operator:type": null, "layer": null, "addr:full": null, "addr:city": null, "source": null, "name:ko": "고촌", "osm_id": 10814394658, "osm_type": "nodes" }, "geometry": { "type": "Point", "coordinates": [ 126.7702118, 37.6012627 ] } },
{ "type": "Feature", "properties": { "name": "김포공항", "name:en": "Gimpo Int'l Airport", "railway": "station", "ele": null, "operator:type": "public", "layer": null, "addr:full": null, "addr:city": null, "source": null, "name:ko": "김포공항", "osm_id": 10814394663, "osm_type": "nodes" }, "geometry": { "type": "Point", "coordinates": [ 126.8040606, 37.5617187 ] } },
{ "type": "Feature", "properties": { "name": "마산", "name:en": "Masan", "railway": "station", "ele": null, "operator:type": null, "layer": null, "addr:full": null, "addr:city": null, "source": null, "name:ko": "마산", "osm_id": 10814394645, "osm_type": "nodes" }, "geometry": { "type": "Point", "coordinates": [ 126.6442376, 37.6405997 ] } },
{ "type": "Feature", "properties": { "name": "걸포북변", "name:en": "Geolpo Bukbyeon", "railway": "station", "ele": null, "operator:type": null, "layer": null, "addr:full": null, "addr:city": null, "source": null, "name:ko": "걸포북변", "osm_id": 10814394652, "osm_type": "nodes" }, "geometry": { "type": "Point", "coordinates": [ 126.7056466, 37.6317148 ] } },
{ "type": "Feature", "properties": { "name": "사우", "name:en": "Sau", "railway": "station", "ele": null, "operator:type": null, "layer": null, "addr:full": null, "addr:city": null, "source": null, "name:ko": "사우", "osm_id": 10814394654, "osm_type": "nodes" }, "geometry": { "type": "Point", "coordinates": [ 126.719765, 37.6202004 ] } },
{ "type": "Feature", "properties": { "name": "김포공항", "name:en": "Gimpo Int'l Airport", "railway": "station", "ele": null, "operator:type": "private", "layer": null, "addr:full": null, "addr:city": null, "source": null, "name:ko": "김포공항", "osm_id": 10814394660, "osm_type": "nodes" }, "geometry": { "type": "Point", "coordinates": [ 126.8019608, 37.5623275 ] } },
{ "type": "Feature", "properties": { "name": "신도림", "name:en": "Sindorim", "railway": "station", "ele": null, "operator:type": null, "layer": null, "addr:full": null, "addr:city": "서울특별시", "source": null, "name:ko": "신도림", "osm_id": 6033314425, "osm_type": "nodes" }, "geometry": { "type": "Point", "coordinates": [ 126.8912262, 37.5089397 ] } },
{ "type": "Feature", "properties": { "name": "고래불", "name:en": "Goraebul", "railway": "station", "ele": null, "operator:type": "public", "layer": null, "addr:full": null, "addr:city": "영덕군", "source": null, "name:ko": "고래불", "osm_id": 11731499812, "osm_type": "nodes" }, "geometry": { "type": "Point", "coordinates": [ 129.4061724, 36.6025696 ] } },
{ "type": "Feature", "properties": { "name": "선정릉", "name:en": "Seonjeongneung", "railway": "station", "ele": null, "operator:type": null, "layer": "-2", "addr:full": null, "addr:city": null, "source": null, "name:ko": "선정릉", "osm_id": 3824606387, "osm_type": "nodes" }, "geometry": { "type": "Point", "coordinates": [ 127.0438586, 37.510253 ] } },
{ "type": "Feature", "properties": { "name": "동대구", "name:en": "Dongdaegu", "railway": "station", "ele": null, "operator:type": null, "layer": null, "addr:full": null, "addr:city": "대구광역시", "source": null, "name:ko": "동대구", "osm_id": 8259053362, "osm_type": "nodes" }, "geometry": { "type": "Point", "coordinates": [ 128.6275244, 35.8774323 ] } },
{ "type": "Feature", "properties": { "name": "독바위", "name:en": "Dokbawi", "railway": "station", "ele": null, "operator:type": null, "layer": null, "addr:full": null, "addr:city": null, "source": null, "name:ko": "독바위", "osm_id": 6041674927, "osm_type": "nodes" }, "geometry": { "type": "Point", "coordinates": [ 126.9330214, 37.6183371 ] } },
{ "type": "Feature", "properties": { "name": "신풍", "name:en": "Sinpung", "railway": "station", "ele": null, "operator:type": null, "layer": null, "addr:full": null, "addr:city": null, "source": null, "name:ko": "신풍", "osm_id": 6048953575, "osm_type": "nodes" }, "geometry": { "type": "Point", "coordinates": [ 126.9088751, 37.5001667 ] } },
{ "type": "Feature", "properties": { "name": "별내", "name:en": "Byeollae", "railway": "station", "ele": null, "operator:type": null, "layer": null, "addr:full": null, "addr:city": null, "source": null, "name:ko": "별내", "osm_id": 11942201672, "osm_type": "nodes" }, "geometry": { "type": "Point", "coordinates": [ 127.1278172, 37.6420348 ] } },
{ "type": "Feature", "properties": { "name": "다산", "name:en": "Dasan", "railway": "station", "ele": null, "operator:type": null, "layer": null, "addr:full": null, "addr:city": null, "source": null, "name:ko": "다산", "osm_id": 11942201671, "osm_type": "nodes" }, "geometry": { "type": "Point", "coordinates": [ 127.1497626, 37.6243286 ] } },
{ "type": "Feature", "properties": { "name": "서부여성회관", "name:en": "West Woman's Community Center", "railway": "station", "ele": null, "operator:type": null, "layer": null, "addr:full": null, "addr:city": null, "source": null, "name:ko": "서부여성회관", "osm_id": 9687738181, "osm_type": "nodes" }, "geometry": { "type": "Point", "coordinates": [ 126.6758231, 37.4999808 ] } },
{ "type": "Feature", "properties": { "name": "석천사거리", "name:en": "Seokcheon Sageori", "railway": "station", "ele": null, "operator:type": null, "layer": null, "addr:full": null, "addr:city": null, "source": null, "name:ko": "석천사거리", "osm_id": 9687738281, "osm_type": "nodes" }, "geometry": { "type": "Point", "coordinates": [ 126.7107789, 37.4567338 ] } },
{ "type": "Feature", "properties": { "name": "평해", "name:en": "Pyeonghae", "railway": "station", "ele": null, "operator:type": "public", "layer": null, "addr:full": null, "addr:city": "영덕군", "source": null, "name:ko": "평해", "osm_id": 12237826788, "osm_type": "nodes" }, "geometry": { "type": "Point", "coordinates": [ 129.446079, 36.7257996 ] } },
{ "type": "Feature", "properties": { "name": "기성", "name:en": "Giseong", "railway": "station", "ele": null, "operator:type": "public", "layer": null, "addr:full": null, "addr:city": "울진군", "source": null, "name:ko": "기성", "osm_id": 12237826789, "osm_type": "nodes" }, "geometry": { "type": "Point", "coordinates": [ 129.4475785, 36.7904291 ] } },
{ "type": "Feature", "properties": { "name": "매화", "name:en": "Maehwa", "railway": "station", "ele": null, "operator:type": "public", "layer": null, "addr:full": null, "addr:city": "울진군", "source": null, "name:ko": "매화", "osm_id": 12237826793, "osm_type": "nodes" }, "geometry": { "type": "Point", "coordinates": [ 129.4097631, 36.8826955 ] } },
{ "type": "Feature", "properties": { "name": "울진", "name:en": "Uljin", "railway": "station", "ele": null, "operator:type": "public", "layer": null, "addr:full": null, "addr:city": "울진군", "source": null, "name:ko": "울진", "osm_id": 12237832304, "osm_type": "nodes" }, "geometry": { "type": "Point", "coordinates": [ 129.395474, 36.9817408 ] } },
{ "type": "Feature", "properties": { "name": "죽변", "name:en": "Jukbyeon", "railway": "station", "ele": null, "operator:type": "public", "layer": null, "addr:full": null, "addr:city": "울진군", "source": null, "name:ko": "죽변", "osm_id": 12237832328, "osm_type": "nodes" }, "geometry": { "type": "Point", "coordinates": [ 129.4039224, 37.0499016 ] } },
{ "type": "Feature", "properties": { "name": "흥부", "name:en": "Heungbu Station", "railway": "station", "ele": null, "operator:type": "public", "layer": null, "addr:full": null, "addr:city": "울진군", "source": null, "name:ko": "흥부", "osm_id": 12237832329, "osm_type": "nodes" }, "geometry": { "type": "Point", "coordinates": [ 129.369184100000012, 37.0971741 ] } },
{ "type": "Feature", "properties": { "name": "옥원", "name:en": "Ogwon", "railway": "station", "ele": null, "operator:type": "public", "layer": null, "addr:full": null, "addr:city": "삼척시", "source": null, "name:ko": "옥원", "osm_id": 12237832341, "osm_type": "nodes" }, "geometry": { "type": "Point", "coordinates": [ 129.323875500000014, 37.1838947 ] } },
{ "type": "Feature", "properties": { "name": "임원", "name:en": "Imwon", "railway": "station", "ele": null, "operator:type": "public", "layer": null, "addr:full": null, "addr:city": "삼척시", "source": null, "name:ko": "임원", "osm_id": 12237832342, "osm_type": "nodes" }, "geometry": { "type": "Point", "coordinates": [ 129.3265078, 37.2401169 ] } },
{ "type": "Feature", "properties": { "name": "근덕", "name:en": "Geundeok", "railway": "station", "ele": null, "operator:type": "public", "layer": null, "addr:full": null, "addr:city": "삼척시", "source": null, "name:ko": "근덕", "osm_id": 12237832353, "osm_type": "nodes" }, "geometry": { "type": "Point", "coordinates": [ 129.278865700000011, 37.3136408 ] } },
{ "type": "Feature", "properties": { "name": "월미바다", "name:en": "Wolmi Sea", "railway": "station", "ele": null, "operator:type": null, "layer": null, "addr:full": null, "addr:city": null, "source": null, "name:ko": "월미바다", "osm_id": 9528946049, "osm_type": "nodes" }, "geometry": { "type": "Point", "coordinates": [ 126.616568, 37.4754349 ] } },
{ "type": "Feature", "properties": { "name": "미아", "name:en": "Mia", "railway": "station", "ele": null, "operator:type": null, "layer": null, "addr:full": null, "addr:city": null, "source": null, "name:ko": "미아", "osm_id": 6036160315, "osm_type": "nodes" }, "geometry": { "type": "Point", "coordinates": [ 127.0261091, 37.6264941 ] } },
{ "type": "Feature", "properties": { "name": "장승배기", "name:en": "Jangseungbaegi", "railway": "station", "ele": null, "operator:type": null, "layer": null, "addr:full": null, "addr:city": null, "source": null, "name:ko": "장승배기", "osm_id": 6048953578, "osm_type": "nodes" }, "geometry": { "type": "Point", "coordinates": [ 126.9392793, 37.5050172 ] } },
{ "type": "Feature", "properties": { "name": "구의", "name:en": "Guui", "railway": "station", "ele": null, "operator:type": null, "layer": null, "addr:full": null, "addr:city": null, "source": null, "name:ko": "구의", "osm_id": 5933687039, "osm_type": "nodes" }, "geometry": { "type": "Point", "coordinates": [ 127.0862214, 37.5371676 ] } },
{ "type": "Feature", "properties": { "name": "관악산", "name:en": "Gwanaksan", "railway": "station", "ele": null, "operator:type": null, "layer": null, "addr:full": null, "addr:city": null, "source": null, "name:ko": "관악산", "osm_id": 8401534566, "osm_type": "nodes" }, "geometry": { "type": "Point", "coordinates": [ 126.945328, 37.4687357 ] } },
{ "type": "Feature", "properties": { "name": "미사", "name:en": "Misa", "railway": "station", "ele": null, "operator:type": null, "layer": null, "addr:full": null, "addr:city": null, "source": null, "name:ko": "미사", "osm_id": 7797861989, "osm_type": "nodes" }, "geometry": { "type": "Point", "coordinates": [ 127.192822, 37.5630546 ] } },
{ "type": "Feature", "properties": { "name": "신흥", "name:en": "Sinheung", "railway": "station", "ele": null, "operator:type": null, "layer": null, "addr:full": null, "addr:city": null, "source": null, "name:ko": "신흥", "osm_id": 6094326922, "osm_type": "nodes" }, "geometry": { "type": "Point", "coordinates": [ 127.1476641, 37.4410027 ] } },
{ "type": "Feature", "properties": { "name": "파라다이스시티", "name:en": "Paradise City", "railway": "station", "ele": null, "operator:type": null, "layer": null, "addr:full": null, "addr:city": null, "source": null, "name:ko": "파라다이스시티", "osm_id": 9167586138, "osm_type": "nodes" }, "geometry": { "type": "Point", "coordinates": [ 126.4599193, 37.4370969 ] } },
{ "type": "Feature", "properties": { "name": "산성", "name:en": "Sanseong", "railway": "station", "ele": null, "operator:type": null, "layer": null, "addr:full": null, "addr:city": null, "source": null, "name:ko": "산성", "osm_id": 6094326925, "osm_type": "nodes" }, "geometry": { "type": "Point", "coordinates": [ 127.1499333, 37.4568677 ] } },
{ "type": "Feature", "properties": { "name": "구절리", "name:en": "Gujeolli", "railway": "station", "ele": null, "operator:type": null, "layer": null, "addr:full": null, "addr:city": null, "source": null, "name:ko": "구절리", "osm_id": 4693461947, "osm_type": "nodes" }, "geometry": { "type": "Point", "coordinates": [ 128.7269867, 37.5166348 ] } },
{ "type": "Feature", "properties": { "name": "연풍", "name:en": "Yeonpung", "railway": "station", "ele": null, "operator:type": "public", "layer": null, "addr:full": null, "addr:city": null, "source": null, "name:ko": "연풍", "osm_id": 12387670688, "osm_type": "nodes" }, "geometry": { "type": "Point", "coordinates": [ 128.018301799999989, 36.7864342 ] } },
{ "type": "Feature", "properties": { "name": "부평구청", "name:en": "Bupyeong-gu Office", "railway": "station", "ele": null, "operator:type": null, "layer": null, "addr:full": null, "addr:city": null, "source": null, "name:ko": "부평구청", "osm_id": 8390080118, "osm_type": "nodes" }, "geometry": { "type": "Point", "coordinates": [ 126.7205539, 37.5082283 ] } },
{ "type": "Feature", "properties": { "name": "동구청", "name:en": "Dong-gu Office", "railway": "station", "ele": null, "operator:type": null, "layer": null, "addr:full": null, "addr:city": null, "source": null, "name:ko": "동구청", "osm_id": 12579004000, "osm_type": "nodes" }, "geometry": { "type": "Point", "coordinates": [ 128.632217, 35.8844064 ] } },
{ "type": "Feature", "properties": { "name": "광양", "name:en": "Gwangyang", "railway": "station", "ele": null, "operator:type": "public", "layer": null, "addr:full": null, "addr:city": null, "source": null, "name:ko": "광양", "osm_id": 12783799735, "osm_type": "nodes" }, "geometry": { "type": "Point", "coordinates": [ 127.587824, 34.9561451 ] } },
{ "type": "Feature", "properties": { "name": "보성", "name:en": "Boseong", "railway": "station", "ele": null, "operator:type": null, "layer": null, "addr:full": null, "addr:city": null, "source": null, "name:ko": "보성", "osm_id": 12892003321, "osm_type": "nodes" }, "geometry": { "type": "Point", "coordinates": [ 127.0821389, 34.7667691 ] } },
{ "type": "Feature", "properties": { "name": "다릿돌 전망대", "name:en": "Daritdol Skywalk", "railway": "station", "ele": null, "operator:type": null, "layer": null, "addr:full": null, "addr:city": null, "source": null, "name:ko": "다릿돌 전망대", "osm_id": 12062982599, "osm_type": "nodes" }, "geometry": { "type": "Point", "coordinates": [ 129.1959008, 35.1639739 ] } },
{ "type": "Feature", "properties": { "name": "암사역사공원", "name:en": "Amsa History Park", "railway": "station", "ele": null, "operator:type": null, "layer": null, "addr:full": null, "addr:city": null, "source": null, "name:ko": "암사역사공원", "osm_id": 5451488269, "osm_type": "nodes" }, "geometry": { "type": "Point", "coordinates": [ 127.1374318, 37.5570469 ] } },
{ "type": "Feature", "properties": { "name": "장기주차장", "name:en": "Long Term Parking", "railway": "station", "ele": null, "operator:type": null, "layer": null, "addr:full": null, "addr:city": null, "source": null, "name:ko": null, "osm_id": 8600404711, "osm_type": "nodes" }, "geometry": { "type": "Point", "coordinates": [ 126.4555716, 37.4439313 ] } },
{ "type": "Feature", "properties": { "name": "환선굴 모노레일", "name:en": "Hwanseongul Cave MonoRail", "railway": "station", "ele": null, "operator:type": null, "layer": null, "addr:full": null, "addr:city": null, "source": null, "name:ko": null, "osm_id": 911712194, "osm_type": "nodes" }, "geometry": { "type": "Point", "coordinates": [ 129.0121996, 37.3224537 ] } },
{ "type": "Feature", "properties": { "name": "신검단중앙", "name:en": "Singeomdanjungang", "railway": "station", "ele": null, "operator:type": null, "layer": null, "addr:full": null, "addr:city": "인천광역시", "source": null, "name:ko": "신검단중앙", "osm_id": 12961370707, "osm_type": "nodes" }, "geometry": { "type": "Point", "coordinates": [ 126.6985265, 37.6026764 ] } },
{ "type": "Feature", "properties": { "name": "아라", "name:en": "Ara", "railway": "station", "ele": null, "operator:type": null, "layer": null, "addr:full": null, "addr:city": "인천광역시", "source": null, "name:ko": "아라", "osm_id": 12961370706, "osm_type": "nodes" }, "geometry": { "type": "Point", "coordinates": [ 126.7133006, 37.5922592 ] } },
{ "type": "Feature", "properties": { "name": "검단호수공원", "name:en": "Geomdan Lake Park", "railway": "station", "ele": null, "operator:type": null, "layer": null, "addr:full": null, "addr:city": null, "source": null, "name:ko": "검단호수공원", "osm_id": 12961370708, "osm_type": "nodes" }, "geometry": { "type": "Point", "coordinates": [ 126.6885664, 37.6024395 ] } },
{ "type": "Feature", "properties": { "name": "하양", "name:en": "Hayang", "railway": "station", "ele": null, "operator:type": null, "layer": null, "addr:full": null, "addr:city": null, "source": null, "name:ko": "하양", "osm_id": 11951243041, "osm_type": "nodes" }, "geometry": { "type": "Point", "coordinates": [ 128.81757060000001, 35.9094256 ] } },
{ "type": "Feature", "properties": { "name": "화원", "name:en": "Hwawon", "railway": "station", "ele": null, "operator:type": null, "layer": null, "addr:full": null, "addr:city": null, "source": null, "name:ko": "화원", "osm_id": 13503605213, "osm_type": "nodes" }, "geometry": { "type": "Point", "coordinates": [ 128.5003815, 35.804295 ] } },
{ "type": "Feature", "properties": { "name": "상인", "name:en": "Sangin", "railway": "station", "ele": null, "operator:type": null, "layer": null, "addr:full": null, "addr:city": null, "source": null, "name:ko": "상인", "osm_id": 13503605214, "osm_type": "nodes" }, "geometry": { "type": "Point", "coordinates": [ 128.537840100000011, 35.8189545 ] } },
{ "type": "Feature", "properties": { "name": "설화명곡", "name:en": "Seolhwa·Myeonggok", "railway": "station", "ele": null, "operator:type": null, "layer": null, "addr:full": null, "addr:city": null, "source": null, "name:ko": "설화명곡", "osm_id": 13503605215, "osm_type": "nodes" }, "geometry": { "type": "Point", "coordinates": [ 128.489321, 35.7987045 ] } },
{ "type": "Feature", "properties": { "name": "증산", "name:en": "Jeungsan", "railway": "station", "ele": null, "operator:type": null, "layer": null, "addr:full": null, "addr:city": null, "source": null, "name:ko": "증산", "osm_id": 355173812, "osm_type": "nodes" }, "geometry": { "type": "Point", "coordinates": [ 129.010232699999989, 35.3083224 ] } },
{ "type": "Feature", "properties": { "name": "월미공원", "name:en": "Wolmi Park", "railway": "station", "ele": null, "operator:type": null, "layer": null, "addr:full": null, "addr:city": null, "source": null, "name:ko": "월미공원", "osm_id": 9528946050, "osm_type": "nodes" }, "geometry": { "type": "Point", "coordinates": [ 126.6061084, 37.4763533 ] } },
{ "type": "Feature", "properties": { "name": "월미문화의거리", "name:en": "Wolmi Culture Street", "railway": "station", "ele": null, "operator:type": null, "layer": null, "addr:full": null, "addr:city": null, "source": null, "name:ko": "월미문화의거리", "osm_id": 7868287707, "osm_type": "nodes" }, "geometry": { "type": "Point", "coordinates": [ 126.599203, 37.4773468 ] } },
{ "type": "Feature", "properties": { "name": "박물관", "name:en": "Museum", "railway": "station", "ele": null, "operator:type": null, "layer": null, "addr:full": null, "addr:city": null, "source": null, "name:ko": "박물관", "osm_id": 7868287706, "osm_type": "nodes" }, "geometry": { "type": "Point", "coordinates": [ 126.5974595, 37.4703629 ] } },
{ "type": "Feature", "properties": { "name": "양재", "name:en": "Yangjae", "railway": "station", "ele": null, "operator:type": null, "layer": null, "addr:full": null, "addr:city": null, "source": null, "name:ko": "양재", "osm_id": 5351229954, "osm_type": "nodes" }, "geometry": { "type": "Point", "coordinates": [ 127.0341455, 37.4844005 ] } },
{ "type": "Feature", "properties": { "name": "옥수", "name:en": "Oksu", "railway": "station", "ele": null, "operator:type": null, "layer": null, "addr:full": null, "addr:city": null, "source": null, "name:ko": "옥수", "osm_id": 11164853360, "osm_type": "nodes" }, "geometry": { "type": "Point", "coordinates": [ 127.0175496, 37.5413731 ] } },
{ "type": "Feature", "properties": { "name": "석남", "name:en": "Seongnam(Geobuk Market)", "railway": "station", "ele": null, "operator:type": null, "layer": null, "addr:full": null, "addr:city": null, "source": null, "name:ko": "석남", "osm_id": 8298678455, "osm_type": "nodes" }, "geometry": { "type": "Point", "coordinates": [ 126.6762126, 37.5072835 ] } },
{ "type": "Feature", "properties": { "name": "서원", "name:en": "Seowon", "railway": "station", "ele": null, "operator:type": null, "layer": null, "addr:full": null, "addr:city": null, "source": null, "name:ko": "서원", "osm_id": 5811114444, "osm_type": "nodes" }, "geometry": { "type": "Point", "coordinates": [ 126.9330119, 37.4782105 ] } },
{ "type": "Feature", "properties": { "name": "서울대벤처타운", "name:en": "Seoul Nat'l Univ. Venture Town", "railway": "station", "ele": null, "operator:type": null, "layer": null, "addr:full": null, "addr:city": null, "source": null, "name:ko": "서울대벤처타운", "osm_id": 8401534568, "osm_type": "nodes" }, "geometry": { "type": "Point", "coordinates": [ 126.9337059, 37.4720025 ] } },
{ "type": "Feature", "properties": { "name": "동대문역사문화공원", "name:en": "Dongdaemun History & Culture Park Station (DDP)", "railway": "station", "ele": null, "operator:type": null, "layer": null, "addr:full": null, "addr:city": null, "source": null, "name:ko": "동대문역사문화공원", "osm_id": 13045404511, "osm_type": "nodes" }, "geometry": { "type": "Point", "coordinates": [ 127.0071354, 37.5642774 ] } },
{ "type": "Feature", "properties": { "name": "동대문역사문화공원", "name:en": "Dongdaemun History & Culture Park Station (DDP)", "railway": "station", "ele": null, "operator:type": null, "layer": null, "addr:full": null, "addr:city": null, "source": null, "name:ko": "동대문역사문화공원", "osm_id": 13045404512, "osm_type": "nodes" }, "geometry": { "type": "Point", "coordinates": [ 127.0081569, 37.5658762 ] } },
{ "type": "Feature", "properties": { "name": "문경단산 관광모노레일 하부승강장", "name:en": "Mungyeong Dansan Tour Monorail Lower Platform", "railway": "station", "ele": null, "operator:type": null, "layer": null, "addr:full": null, "addr:city": "문경시", "source": null, "name:ko": "문경단산 관광모노레일 하부승강장", "osm_id": 11088427026, "osm_type": "nodes" }, "geometry": { "type": "Point", "coordinates": [ 128.1585545, 36.7367683 ] } },
{ "type": "Feature", "properties": { "name": "석촌", "name:en": "Seokchon", "railway": "station", "ele": null, "operator:type": null, "layer": null, "addr:full": null, "addr:city": null, "source": null, "name:ko": "석촌", "osm_id": 6094326940, "osm_type": "nodes" }, "geometry": { "type": "Point", "coordinates": [ 127.1071105, 37.5052954 ] } },
{ "type": "Feature", "properties": { "name": "종합운동장", "name:en": "Sports Complex", "railway": "station", "ele": null, "operator:type": null, "layer": null, "addr:full": null, "addr:city": "서울특별시", "source": null, "name:ko": "종합운동장", "osm_id": 13051385207, "osm_type": "nodes" }, "geometry": { "type": "Point", "coordinates": [ 127.0762089, 37.511406 ] } },
{ "type": "Feature", "properties": { "name": "아양교", "name:en": "Ayanggyo", "railway": "station", "ele": null, "operator:type": null, "layer": null, "addr:full": null, "addr:city": null, "source": null, "name:ko": "아양교", "osm_id": 13061244247, "osm_type": "nodes" }, "geometry": { "type": "Point", "coordinates": [ 128.6399036, 35.88721 ] } },
{ "type": "Feature", "properties": { "name": "보라매", "name:en": "Boramae", "railway": "station", "ele": null, "operator:type": null, "layer": null, "addr:full": null, "addr:city": null, "source": null, "name:ko": "보라매", "osm_id": 6048953576, "osm_type": "nodes" }, "geometry": { "type": "Point", "coordinates": [ 126.9203764, 37.4999284 ] } },
{ "type": "Feature", "properties": { "name": "천왕", "name:en": "Cheonwang", "railway": "station", "ele": null, "operator:type": null, "layer": null, "addr:full": null, "addr:city": null, "source": null, "name:ko": "천왕", "osm_id": 6050654953, "osm_type": "nodes" }, "geometry": { "type": "Point", "coordinates": [ 126.8389218, 37.4863668 ] } },
{ "type": "Feature", "properties": { "name": "장신대", "name:en": "Presbyterian University", "railway": "station", "ele": null, "operator:type": null, "layer": null, "addr:full": null, "addr:city": null, "source": null, "name:ko": "장신대", "osm_id": 5194520292, "osm_type": "nodes" }, "geometry": { "type": "Point", "coordinates": [ 128.8672492, 35.2593885 ] } },
{ "type": "Feature", "properties": { "name": "호포", "name:en": "Hopo", "railway": "station", "ele": null, "operator:type": null, "layer": null, "addr:full": null, "addr:city": null, "source": null, "name:ko": null, "osm_id": 355173814, "osm_type": "nodes" }, "geometry": { "type": "Point", "coordinates": [ 129.0174394, 35.2811219 ] } },
{ "type": "Feature", "properties": { "name": "부산대양산캠퍼스", "name:en": "Pusan Nat'l Univ. Yangsan Campus station", "railway": "station", "ele": null, "operator:type": null, "layer": null, "addr:full": null, "addr:city": null, "source": null, "name:ko": null, "osm_id": 355173820, "osm_type": "nodes" }, "geometry": { "type": "Point", "coordinates": [ 129.0139405, 35.3169214 ] } },
{ "type": "Feature", "properties": { "name": "가야대", "name:en": "Kaya University", "railway": "station", "ele": null, "operator:type": null, "layer": null, "addr:full": null, "addr:city": null, "source": null, "name:ko": "가야대", "osm_id": 5208433891, "osm_type": "nodes" }, "geometry": { "type": "Point", "coordinates": [ 128.8649491, 35.2668299 ] } },
{ "type": "Feature", "properties": { "name": "박물관", "name:en": "Gimhae National Museum", "railway": "station", "ele": null, "operator:type": null, "layer": null, "addr:full": null, "addr:city": null, "source": null, "name:ko": "박물관", "osm_id": 5208433894, "osm_type": "nodes" }, "geometry": { "type": "Point", "coordinates": [ 128.8718193, 35.2400038 ] } },
{ "type": "Feature", "properties": { "name": "수로왕릉", "name:en": "Royal Tomb of King Suro", "railway": "station", "ele": null, "operator:type": null, "layer": null, "addr:full": null, "addr:city": null, "source": null, "name:ko": "수로왕릉", "osm_id": 5208433895, "osm_type": "nodes" }, "geometry": { "type": "Point", "coordinates": [ 128.8720995, 35.2328426 ] } },
{ "type": "Feature", "properties": { "name": "한림정", "name:en": "Hallimjeong", "railway": "station", "ele": null, "operator:type": null, "layer": null, "addr:full": null, "addr:city": null, "source": null, "name:ko": "한림정", "osm_id": 1681021252, "osm_type": "nodes" }, "geometry": { "type": "Point", "coordinates": [ 128.8042194, 35.3231176 ] } },
{ "type": "Feature", "properties": { "name": "샛강", "name:en": "Saetgang", "railway": "station", "ele": null, "operator:type": null, "layer": null, "addr:full": null, "addr:city": null, "source": null, "name:ko": "샛강", "osm_id": 8401534582, "osm_type": "nodes" }, "geometry": { "type": "Point", "coordinates": [ 126.9294177, 37.5173674 ] } },
{ "type": "Feature", "properties": { "name": "지축", "name:en": "Jichuk", "railway": "station", "ele": null, "operator:type": null, "layer": null, "addr:full": null, "addr:city": null, "source": null, "name:ko": "지축", "osm_id": 5937907109, "osm_type": "nodes" }, "geometry": { "type": "Point", "coordinates": [ 126.9139297, 37.6481183 ] } },
{ "type": "Feature", "properties": { "name": "미아사거리", "name:en": "Miasageori", "railway": "station", "ele": null, "operator:type": null, "layer": null, "addr:full": null, "addr:city": null, "source": null, "name:ko": null, "osm_id": 6036160316, "osm_type": "nodes" }, "geometry": { "type": "Point", "coordinates": [ 127.0300915, 37.613185 ] } },
{ "type": "Feature", "properties": { "name": "상일동", "name:en": "Sangil-dong", "railway": "station", "ele": null, "operator:type": null, "layer": null, "addr:full": null, "addr:city": null, "source": null, "name:ko": "상일동", "osm_id": 6039313589, "osm_type": "nodes" }, "geometry": { "type": "Point", "coordinates": [ 127.1667789, 37.5567762 ] } },
{ "type": "Feature", "properties": { "name": "강동구청", "name:en": "Gangdong-gu Office", "railway": "station", "ele": null, "operator:type": null, "layer": null, "addr:full": null, "addr:city": null, "source": null, "name:ko": "강동구청", "osm_id": 6094326942, "osm_type": "nodes" }, "geometry": { "type": "Point", "coordinates": [ 127.1206234, 37.5306942 ] } },
{ "type": "Feature", "properties": { "name": "부산신항", "name:en": "Busansinhang station", "railway": "station", "ele": null, "operator:type": null, "layer": null, "addr:full": null, "addr:city": null, "source": null, "name:ko": "부산신항", "osm_id": 3698174950, "osm_type": "nodes" }, "geometry": { "type": "Point", "coordinates": [ 128.8467054, 35.1178873 ] } },
{ "type": "Feature", "properties": { "name": "남철송장", "name:en": "Namcheolsongjang", "railway": "station", "ele": null, "operator:type": null, "layer": null, "addr:full": null, "addr:city": null, "source": null, "name:ko": "남철송장", "osm_id": 3698193872, "osm_type": "nodes" }, "geometry": { "type": "Point", "coordinates": [ 128.8072879, 35.0620328 ] } },
{ "type": "Feature", "properties": { "name": "옥산", "name:en": null, "railway": "station", "ele": null, "operator:type": null, "layer": null, "addr:full": null, "addr:city": null, "source": null, "name:ko": "옥산", "osm_id": 4813112289, "osm_type": "nodes" }, "geometry": { "type": "Point", "coordinates": [ 128.0943658, 36.2829061 ] } },
{ "type": "Feature", "properties": { "name": "원대", "name:en": "Wondae", "railway": "station", "ele": null, "operator:type": null, "layer": null, "addr:full": null, "addr:city": null, "source": null, "name:ko": "원대", "osm_id": 8288809739, "osm_type": "nodes" }, "geometry": { "type": "Point", "coordinates": [ 128.5743335, 35.8878528 ] } },
{ "type": "Feature", "properties": { "name": "남산", "name:en": "Namsan", "railway": "station", "ele": null, "operator:type": null, "layer": null, "addr:full": null, "addr:city": null, "source": null, "name:ko": "남산", "osm_id": 8288809743, "osm_type": "nodes" }, "geometry": { "type": "Point", "coordinates": [ 128.583412900000013, 35.8566947 ] } },
{ "type": "Feature", "properties": { "name": "황금", "name:en": "Hwanggeum", "railway": "station", "ele": null, "operator:type": null, "layer": null, "addr:full": null, "addr:city": "대구광역시", "source": null, "name:ko": "황금", "osm_id": 8288809753, "osm_type": "nodes" }, "geometry": { "type": "Point", "coordinates": [ 128.623898, 35.8390942 ] } },
{ "type": "Feature", "properties": { "name": "지산", "name:en": "Jisan", "railway": "station", "ele": null, "operator:type": null, "layer": null, "addr:full": null, "addr:city": null, "source": null, "name:ko": "지산", "osm_id": 8288809755, "osm_type": "nodes" }, "geometry": { "type": "Point", "coordinates": [ 128.6319028, 35.8251867 ] } },
{ "type": "Feature", "properties": { "name": "범물", "name:en": "Beommul", "railway": "station", "ele": null, "operator:type": null, "layer": null, "addr:full": null, "addr:city": null, "source": null, "name:ko": "범물", "osm_id": 8288809756, "osm_type": "nodes" }, "geometry": { "type": "Point", "coordinates": [ 128.640126900000013, 35.8208664 ] } },
{ "type": "Feature", "properties": { "name": "용지", "name:en": "Yongji", "railway": "station", "ele": null, "operator:type": null, "layer": null, "addr:full": null, "addr:city": null, "source": null, "name:ko": "용지", "osm_id": 8288809757, "osm_type": "nodes" }, "geometry": { "type": "Point", "coordinates": [ 128.646413, 35.818232 ] } },
{ "type": "Feature", "properties": { "name": "명봉", "name:en": "Myeongbong", "railway": "station", "ele": null, "operator:type": null, "layer": null, "addr:full": null, "addr:city": null, "source": null, "name:ko": "명봉", "osm_id": 368636371, "osm_type": "nodes" }, "geometry": { "type": "Point", "coordinates": [ 127.0755195, 34.82774 ] } },
{ "type": "Feature", "properties": { "name": "서도", "name:en": "Seodo", "railway": "station", "ele": null, "operator:type": null, "layer": null, "addr:full": null, "addr:city": null, "source": null, "name:ko": "서도", "osm_id": 368636405, "osm_type": "nodes" }, "geometry": { "type": "Point", "coordinates": [ 127.3308966, 35.4920243 ] } },
{ "type": "Feature", "properties": { "name": "광천", "name:en": "Gwangcheon", "railway": "station", "ele": null, "operator:type": null, "layer": null, "addr:full": null, "addr:city": null, "source": null, "name:ko": "광천", "osm_id": 368636861, "osm_type": "nodes" }, "geometry": { "type": "Point", "coordinates": [ 126.622414, 36.50176 ] } },
{ "type": "Feature", "properties": { "name": "달천", "name:en": "Dalcheon", "railway": "station", "ele": null, "operator:type": null, "layer": null, "addr:full": null, "addr:city": null, "source": null, "name:ko": "달천", "osm_id": 368636972, "osm_type": "nodes" }, "geometry": { "type": "Point", "coordinates": [ 127.8798899, 36.9607032 ] } },
{ "type": "Feature", "properties": { "name": "어등", "name:en": "Eodeung", "railway": "station", "ele": null, "operator:type": null, "layer": null, "addr:full": null, "addr:city": null, "source": null, "name:ko": "어등", "osm_id": 368637377, "osm_type": "nodes" }, "geometry": { "type": "Point", "coordinates": [ 128.5600944, 36.7154217 ] } },
{ "type": "Feature", "properties": { "name": "예당", "name:en": "Yedang", "railway": "station", "ele": null, "operator:type": null, "layer": null, "addr:full": null, "addr:city": null, "source": null, "name:ko": "예당", "osm_id": 368637408, "osm_type": "nodes" }, "geometry": { "type": "Point", "coordinates": [ 127.2022876, 34.7786269 ] } },
{ "type": "Feature", "properties": { "name": "오수", "name:en": "Osu", "railway": "station", "ele": null, "operator:type": null, "layer": null, "addr:full": null, "addr:city": null, "source": null, "name:ko": "오수", "osm_id": 368637440, "osm_type": "nodes" }, "geometry": { "type": "Point", "coordinates": [ 127.3204028, 35.5430825 ] } },
{ "type": "Feature", "properties": { "name": "원창", "name:en": "Wonchang", "railway": "station", "ele": null, "operator:type": null, "layer": null, "addr:full": null, "addr:city": null, "source": null, "name:ko": "원창", "osm_id": 368637476, "osm_type": "nodes" }, "geometry": { "type": "Point", "coordinates": [ 127.4473033, 34.864889 ] } },
{ "type": "Feature", "properties": { "name": "주포", "name:en": "Jupo", "railway": "station", "ele": null, "operator:type": null, "layer": null, "addr:full": null, "addr:city": null, "source": null, "name:ko": "주포", "osm_id": 368637565, "osm_type": "nodes" }, "geometry": { "type": "Point", "coordinates": [ 126.571563, 36.410559 ] } },
{ "type": "Feature", "properties": { "name": "청리", "name:en": "Cheongni", "railway": "station", "ele": null, "operator:type": null, "layer": null, "addr:full": null, "addr:city": null, "source": null, "name:ko": "청리", "osm_id": 368637601, "osm_type": "nodes" }, "geometry": { "type": "Point", "coordinates": [ 128.1288812, 36.3390865 ] } },
{ "type": "Feature", "properties": { "name": "압록", "name:en": "Amnok", "railway": "station", "ele": null, "operator:type": null, "layer": null, "addr:full": null, "addr:city": null, "source": null, "name:ko": "압록", "osm_id": 368637858, "osm_type": "nodes" }, "geometry": { "type": "Point", "coordinates": [ 127.3739296, 35.1976801 ] } },
{ "type": "Feature", "properties": { "name": "이양", "name:en": "Iyang", "railway": "station", "ele": null, "operator:type": null, "layer": null, "addr:full": null, "addr:city": null, "source": null, "name:ko": "이양", "osm_id": 368637872, "osm_type": "nodes" }, "geometry": { "type": "Point", "coordinates": [ 126.9898739, 34.8915516 ] } },
{ "type": "Feature", "properties": { "name": "공전", "name:en": "Gongjeon", "railway": "station", "ele": null, "operator:type": null, "layer": null, "addr:full": null, "addr:city": null, "source": null, "name:ko": "공전", "osm_id": 3470563715, "osm_type": "nodes" }, "geometry": { "type": "Point", "coordinates": [ 128.0779736, 37.1013791 ] } },
{ "type": "Feature", "properties": { "name": "개포", "name:en": "Gaepo", "railway": "station", "ele": null, "operator:type": null, "layer": null, "addr:full": null, "addr:city": null, "source": null, "name:ko": "개포", "osm_id": 4421383184, "osm_type": "nodes" }, "geometry": { "type": "Point", "coordinates": [ 128.328562799999986, 36.6269426 ] } },
{ "type": "Feature", "properties": { "name": "용궁", "name:en": "Yonggung", "railway": "station", "ele": null, "operator:type": null, "layer": null, "addr:full": null, "addr:city": null, "source": null, "name:ko": "용궁", "osm_id": 4421386199, "osm_type": "nodes" }, "geometry": { "type": "Point", "coordinates": [ 128.2734161, 36.606919 ] } },
{ "type": "Feature", "properties": { "name": "금지", "name:en": "Geumji", "railway": "station", "ele": null, "operator:type": null, "layer": null, "addr:full": null, "addr:city": null, "source": null, "name:ko": "금지", "osm_id": 4686167736, "osm_type": "nodes" }, "geometry": { "type": "Point", "coordinates": [ 127.2902118, 35.3292751 ] } },
{ "type": "Feature", "properties": { "name": "군북", "name:en": "Gunbuk", "railway": "station", "ele": null, "operator:type": null, "layer": null, "addr:full": null, "addr:city": null, "source": null, "name:ko": "군북", "osm_id": 4691563267, "osm_type": "nodes" }, "geometry": { "type": "Point", "coordinates": [ 128.3520264, 35.2521048 ] } },
{ "type": "Feature", "properties": { "name": "나전", "name:en": null, "railway": "station", "ele": null, "operator:type": null, "layer": null, "addr:full": null, "addr:city": null, "source": null, "name:ko": "나전", "osm_id": 4693461949, "osm_type": "nodes" }, "geometry": { "type": "Point", "coordinates": [ 128.668432, 37.4497823 ] } },
{ "type": "Feature", "properties": { "name": "득량", "name:en": "Deungnyang", "railway": "station", "ele": null, "operator:type": null, "layer": null, "addr:full": null, "addr:city": null, "source": null, "name:ko": "득량", "osm_id": 4696590291, "osm_type": "nodes" }, "geometry": { "type": "Point", "coordinates": [ 127.170332, 34.7611885 ] } },
{ "type": "Feature", "properties": { "name": "신성", "name:en": "Sinseong", "railway": "station", "ele": null, "operator:type": null, "layer": null, "addr:full": null, "addr:city": null, "source": null, "name:ko": "신성", "osm_id": 4753904289, "osm_type": "nodes" }, "geometry": { "type": "Point", "coordinates": [ 126.6624096, 36.5679864 ] } },
{ "type": "Feature", "properties": { "name": "청소", "name:en": "Cheongso", "railway": "station", "ele": null, "operator:type": null, "layer": null, "addr:full": null, "addr:city": null, "source": null, "name:ko": "청소", "osm_id": 4753904292, "osm_type": "nodes" }, "geometry": { "type": "Point", "coordinates": [ 126.5907764, 36.4456785 ] } },
{ "type": "Feature", "properties": { "name": "원죽", "name:en": null, "railway": "station", "ele": null, "operator:type": null, "layer": null, "addr:full": null, "addr:city": null, "source": null, "name:ko": "원죽", "osm_id": 4753904293, "osm_type": "nodes" }, "geometry": { "type": "Point", "coordinates": [ 126.6176518, 36.4667147 ] } },
{ "type": "Feature", "properties": { "name": "괴목", "name:en": null, "railway": "station", "ele": null, "operator:type": null, "layer": null, "addr:full": null, "addr:city": null, "source": null, "name:ko": "괴목", "osm_id": 4774670646, "osm_type": "nodes" }, "geometry": { "type": "Point", "coordinates": [ 127.4268206, 35.0953742 ] } },
{ "type": "Feature", "properties": { "name": "선평", "name:en": null, "railway": "station", "ele": null, "operator:type": null, "layer": null, "addr:full": null, "addr:city": null, "source": null, "name:ko": "선평", "osm_id": 4790155124, "osm_type": "nodes" }, "geometry": { "type": "Point", "coordinates": [ 128.712683199999987, 37.3217574 ] } },
{ "type": "Feature", "properties": { "name": "학정", "name:en": "Hakjeong", "railway": "station", "ele": null, "operator:type": null, "layer": null, "addr:full": null, "addr:city": null, "source": null, "name:ko": "학정", "osm_id": 8288809728, "osm_type": "nodes" }, "geometry": { "type": "Point", "coordinates": [ 128.559176400000013, 35.9515422 ] } },
{ "type": "Feature", "properties": { "name": "팔거", "name:en": "Palgeo", "railway": "station", "ele": null, "operator:type": null, "layer": null, "addr:full": null, "addr:city": null, "source": null, "name:ko": "팔거", "osm_id": 8288809729, "osm_type": "nodes" }, "geometry": { "type": "Point", "coordinates": [ 128.558335699999986, 35.9440326 ] } },
{ "type": "Feature", "properties": { "name": "군위", "name:en": "Gunwi", "railway": "station", "ele": null, "operator:type": null, "layer": null, "addr:full": null, "addr:city": null, "source": null, "name:ko": "군위", "osm_id": 11953618205, "osm_type": "nodes" }, "geometry": { "type": "Point", "coordinates": [ 128.7457167, 36.1609561 ] } },
{ "type": "Feature", "properties": { "name": "남원", "name:en": "Namwon", "railway": "station", "ele": null, "operator:type": null, "layer": null, "addr:full": null, "addr:city": null, "source": null, "name:ko": "남원", "osm_id": 368636513, "osm_type": "nodes" }, "geometry": { "type": "Point", "coordinates": [ 127.3613332, 35.4112509 ] } },
{ "type": "Feature", "properties": { "name": "판교", "name:en": "Pangyo", "railway": "station", "ele": null, "operator:type": null, "layer": null, "addr:full": null, "addr:city": null, "source": null, "name:ko": "판교", "osm_id": 368636598, "osm_type": "nodes" }, "geometry": { "type": "Point", "coordinates": [ 126.6794253, 36.1554157 ] } },
{ "type": "Feature", "properties": { "name": "목행", "name:en": "Mokhaeng", "railway": "station", "ele": null, "operator:type": null, "layer": null, "addr:full": null, "addr:city": null, "source": null, "name:ko": "목행", "osm_id": 368637081, "osm_type": "nodes" }, "geometry": { "type": "Point", "coordinates": [ 127.932717, 37.016701 ] } },
{ "type": "Feature", "properties": { "name": "벌교", "name:en": "Beolgyo", "railway": "station", "ele": null, "operator:type": null, "layer": null, "addr:full": null, "addr:city": null, "source": null, "name:ko": "벌교", "osm_id": 368637149, "osm_type": "nodes" }, "geometry": { "type": "Point", "coordinates": [ 127.345584, 34.841773 ] } },
{ "type": "Feature", "properties": { "name": "범일", "name:en": "Beomil", "railway": "station", "ele": null, "operator:type": null, "layer": null, "addr:full": null, "addr:city": null, "source": null, "name:ko": "범일", "osm_id": 368637154, "osm_type": "nodes" }, "geometry": { "type": "Point", "coordinates": [ 129.0575131, 35.1451117 ] } },
{ "type": "Feature", "properties": { "name": "함창", "name:en": "Hamchang", "railway": "station", "ele": null, "operator:type": null, "layer": null, "addr:full": null, "addr:city": null, "source": null, "name:ko": "함창", "osm_id": 368637692, "osm_type": "nodes" }, "geometry": { "type": "Point", "coordinates": [ 128.174919, 36.5696001 ] } },
{ "type": "Feature", "properties": { "name": "남평", "name:en": "Nampyeong", "railway": "station", "ele": null, "operator:type": null, "layer": null, "addr:full": null, "addr:city": null, "source": null, "name:ko": "남평", "osm_id": 368637836, "osm_type": "nodes" }, "geometry": { "type": "Point", "coordinates": [ 126.8719689, 35.0569825 ] } },
{ "type": "Feature", "properties": { "name": "지천", "name:en": "Jicheon", "railway": "station", "ele": null, "operator:type": null, "layer": null, "addr:full": null, "addr:city": null, "source": null, "name:ko": "지천", "osm_id": 368638049, "osm_type": "nodes" }, "geometry": { "type": "Point", "coordinates": [ 128.5001806, 35.8973951 ] } },
{ "type": "Feature", "properties": { "name": "진영", "name:en": "Jinyeong", "railway": "station", "ele": null, "operator:type": null, "layer": null, "addr:full": null, "addr:city": null, "source": null, "name:ko": "진영", "osm_id": 1681021328, "osm_type": "nodes" }, "geometry": { "type": "Point", "coordinates": [ 128.7735504, 35.2987478 ] } },
{ "type": "Feature", "properties": { "name": "진례", "name:en": "Jillye", "railway": "station", "ele": null, "operator:type": null, "layer": null, "addr:full": null, "addr:city": null, "source": null, "name:ko": "진례", "osm_id": 1681021384, "osm_type": "nodes" }, "geometry": { "type": "Point", "coordinates": [ 128.7630015, 35.2665069 ] } },
{ "type": "Feature", "properties": { "name": "능주", "name:en": "Neungju", "railway": "station", "ele": null, "operator:type": null, "layer": null, "addr:full": null, "addr:city": null, "source": null, "name:ko": "능주", "osm_id": 4660944411, "osm_type": "nodes" }, "geometry": { "type": "Point", "coordinates": [ 126.9642661, 34.985785 ] } },
{ "type": "Feature", "properties": { "name": "등구", "name:en": "Deunggu", "railway": "station", "ele": null, "operator:type": null, "layer": null, "addr:full": null, "addr:city": null, "source": null, "name:ko": "등구", "osm_id": 5197043949, "osm_type": "nodes" }, "geometry": { "type": "Point", "coordinates": [ 128.9634997, 35.1961591 ] } },
{ "type": "Feature", "properties": { "name": "광곡", "name:en": "Gwanggok", "railway": "station", "ele": null, "operator:type": null, "layer": null, "addr:full": null, "addr:city": null, "source": null, "name:ko": "광곡", "osm_id": 5276465656, "osm_type": "nodes" }, "geometry": { "type": "Point", "coordinates": [ 127.0730183, 34.7964818 ] } },
{ "type": "Feature", "properties": { "name": "화순", "name:en": "Hwasun", "railway": "station", "ele": null, "operator:type": null, "layer": null, "addr:full": null, "addr:city": null, "source": null, "name:ko": "화순", "osm_id": 9907371996, "osm_type": "nodes" }, "geometry": { "type": "Point", "coordinates": [ 126.9631644, 35.0513137 ] } },
{ "type": "Feature", "properties": { "name": "조성", "name:en": "Joseong", "railway": "station", "ele": null, "operator:type": null, "layer": null, "addr:full": null, "addr:city": null, "source": null, "name:ko": "조성", "osm_id": 13109011059, "osm_type": "nodes" }, "geometry": { "type": "Point", "coordinates": [ 127.2483349, 34.8066442 ] } },
{ "type": "Feature", "properties": { "name": "추추스테이션", "name:en": "ChooChoo Station", "railway": "station", "ele": null, "operator:type": null, "layer": null, "addr:full": null, "addr:city": null, "source": null, "name:ko": "추추스테이션", "osm_id": 4664818369, "osm_type": "nodes" }, "geometry": { "type": "Point", "coordinates": [ 129.039294899999987, 37.1817071 ] } },
{ "type": "Feature", "properties": { "name": "춘의", "name:en": "Chunui", "railway": "station", "ele": null, "operator:type": null, "layer": null, "addr:full": null, "addr:city": null, "source": null, "name:ko": "춘의", "osm_id": 6050654950, "osm_type": "nodes" }, "geometry": { "type": "Point", "coordinates": [ 126.7872014, 37.5037314 ] } },
{ "type": "Feature", "properties": { "name": "부천종합운동장", "name:en": "Bucheon Stadium", "railway": "station", "ele": null, "operator:type": null, "layer": null, "addr:full": null, "addr:city": null, "source": null, "name:ko": "부천종합운동장", "osm_id": 6050654951, "osm_type": "nodes" }, "geometry": { "type": "Point", "coordinates": [ 126.7972885, 37.5054566 ] } },
{ "type": "Feature", "properties": { "name": "정선", "name:en": "Jeongseon", "railway": "station", "ele": null, "operator:type": "public", "layer": null, "addr:full": null, "addr:city": null, "source": null, "name:ko": "정선", "osm_id": 360155802, "osm_type": "nodes" }, "geometry": { "type": "Point", "coordinates": [ 128.67263220000001, 37.3879456 ] } },
{ "type": "Feature", "properties": { "name": "광명", "name:en": "Gwangmyeong", "railway": "station", "ele": null, "operator:type": "public", "layer": null, "addr:full": null, "addr:city": "광명시", "source": null, "name:ko": "광명", "osm_id": 2847440772, "osm_type": "nodes" }, "geometry": { "type": "Point", "coordinates": [ 126.8846978, 37.41638 ] } },
{ "type": "Feature", "properties": { "name": "동점", "name:en": "Dongjeom", "railway": "station", "ele": null, "operator:type": "public", "layer": null, "addr:full": null, "addr:city": null, "source": null, "name:ko": "동점", "osm_id": 368637047, "osm_type": "nodes" }, "geometry": { "type": "Point", "coordinates": [ 129.0463267, 37.0843692 ] } },
{ "type": "Feature", "properties": { "name": "지평", "name:en": "Jipyeong", "railway": "station", "ele": null, "operator:type": "public", "layer": null, "addr:full": null, "addr:city": null, "source": null, "name:ko": "지평", "osm_id": 368637884, "osm_type": "nodes" }, "geometry": { "type": "Point", "coordinates": [ 127.6290656, 37.47681 ] } },
{ "type": "Feature", "properties": { "name": "태화강", "name:en": "Taehwagang", "railway": "station", "ele": null, "operator:type": "public", "layer": null, "addr:full": null, "addr:city": null, "source": null, "name:ko": "태화강", "osm_id": 368636558, "osm_type": "nodes" }, "geometry": { "type": "Point", "coordinates": [ 129.3540107, 35.5388089 ] } },
{ "type": "Feature", "properties": { "name": "왜관", "name:en": "Waegwan", "railway": "station", "ele": null, "operator:type": "public", "layer": null, "addr:full": null, "addr:city": null, "source": null, "name:ko": "왜관", "osm_id": 368636625, "osm_type": "nodes" }, "geometry": { "type": "Point", "coordinates": [ 128.4004803, 35.9920486 ] } },
{ "type": "Feature", "properties": { "name": "석포", "name:en": "Seokpo", "railway": "station", "ele": null, "operator:type": "public", "layer": null, "addr:full": null, "addr:city": null, "source": null, "name:ko": "석포", "osm_id": 368637280, "osm_type": "nodes" }, "geometry": { "type": "Point", "coordinates": [ 129.0612253, 37.0452757 ] } },
{ "type": "Feature", "properties": { "name": "북울산", "name:en": "Bugulsan", "railway": "station", "ele": null, "operator:type": "public", "layer": null, "addr:full": null, "addr:city": null, "source": null, "name:ko": "북울산", "osm_id": 6132712618, "osm_type": "nodes" }, "geometry": { "type": "Point", "coordinates": [ 129.372449100000011, 35.6148687 ] } },
{ "type": "Feature", "properties": { "name": "백원", "name:en": null, "railway": "station", "ele": null, "operator:type": "public", "layer": null, "addr:full": null, "addr:city": null, "source": null, "name:ko": "백원", "osm_id": 4812634078, "osm_type": "nodes" }, "geometry": { "type": "Point", "coordinates": [ 128.1743372, 36.4813467 ] } },
{ "type": "Feature", "properties": { "name": "송정", "name:en": "Songjeong", "railway": "station", "ele": null, "operator:type": "public", "layer": null, "addr:full": null, "addr:city": "부산광역시", "source": null, "name:ko": "송정", "osm_id": 5747416901, "osm_type": "nodes" }, "geometry": { "type": "Point", "coordinates": [ 129.202064400000012, 35.1877248 ] } },
{ "type": "Feature", "properties": { "name": "기장", "name:en": "Gijang", "railway": "station", "ele": null, "operator:type": "public", "layer": null, "addr:full": null, "addr:city": "부산광역시", "source": null, "name:ko": "기장", "osm_id": 5786705261, "osm_type": "nodes" }, "geometry": { "type": "Point", "coordinates": [ 129.218873800000011, 35.2444351 ] } },
{ "type": "Feature", "properties": { "name": "서정리", "name:en": "Seojeong-ri", "railway": "station", "ele": null, "operator:type": "public", "layer": null, "addr:full": null, "addr:city": null, "source": null, "name:ko": "서정리", "osm_id": 5896286361, "osm_type": "nodes" }, "geometry": { "type": "Point", "coordinates": [ 127.0529486, 37.0570768 ] } },
{ "type": "Feature", "properties": { "name": "동대구", "name:en": "Dongdaegu", "railway": "station", "ele": null, "operator:type": "public", "layer": null, "addr:full": null, "addr:city": "대구광역시", "source": null, "name:ko": "동대구", "osm_id": 7959053328, "osm_type": "nodes" }, "geometry": { "type": "Point", "coordinates": [ 128.6283056, 35.8791851 ] } },
{ "type": "Feature", "properties": { "name": "대구", "name:en": "Daegu", "railway": "station", "ele": null, "operator:type": "public", "layer": null, "addr:full": null, "addr:city": "대구광역시", "source": null, "name:ko": "대구", "osm_id": 8259053348, "osm_type": "nodes" }, "geometry": { "type": "Point", "coordinates": [ 128.5960548, 35.8760013 ] } },
{ "type": "Feature", "properties": { "name": "원종", "name:en": "Wonjong", "railway": "station", "ele": null, "operator:type": "public", "layer": null, "addr:full": null, "addr:city": null, "source": null, "name:ko": "원종", "osm_id": 9417728897, "osm_type": "nodes" }, "geometry": { "type": "Point", "coordinates": [ 126.8048614, 37.5238457 ] } },
{ "type": "Feature", "properties": { "name": "화성시청", "name:en": "Hwaseong City Hall", "railway": "station", "ele": null, "operator:type": "public", "layer": "1", "addr:full": null, "addr:city": null, "source": null, "name:ko": "화성시청", "osm_id": 12304408905, "osm_type": "nodes" }, "geometry": { "type": "Point", "coordinates": [ 126.8206138, 37.1896888 ] } },
{ "type": "Feature", "properties": { "name": "부천종합운동장", "name:en": "Bucheon Stadium", "railway": "station", "ele": null, "operator:type": "public", "layer": null, "addr:full": null, "addr:city": null, "source": null, "name:ko": "부천종합운동장", "osm_id": 9417728884, "osm_type": "nodes" }, "geometry": { "type": "Point", "coordinates": [ 126.7974606, 37.5058364 ] } },
{ "type": "Feature", "properties": { "name": "안중", "name:en": "Anjung", "railway": "station", "ele": null, "operator:type": "public", "layer": null, "addr:full": null, "addr:city": null, "source": null, "name:ko": "안중", "osm_id": 9932899423, "osm_type": "nodes" }, "geometry": { "type": "Point", "coordinates": [ 126.9385092, 36.9719691 ] } },
{ "type": "Feature", "properties": { "name": "영해", "name:en": "Yeonghae", "railway": "station", "ele": null, "operator:type": "public", "layer": null, "addr:full": null, "addr:city": "영덕군", "source": null, "name:ko": "영해", "osm_id": 12237826787, "osm_type": "nodes" }, "geometry": { "type": "Point", "coordinates": [ 129.3969587, 36.5389389 ] } },
{ "type": "Feature", "properties": { "name": "봉성", "name:en": "Bongseong", "railway": "station", "ele": null, "operator:type": "public", "layer": null, "addr:full": null, "addr:city": null, "source": null, "name:ko": "봉성", "osm_id": 4800582450, "osm_type": "nodes" }, "geometry": { "type": "Point", "coordinates": [ 128.8306232, 36.8944927 ] } },
{ "type": "Feature", "properties": { "name": "센트럴파크", "name:en": "Central Park", "railway": "station", "ele": null, "operator:type": "public", "layer": null, "addr:full": null, "addr:city": "인천광역시", "source": null, "name:ko": "센트럴파크", "osm_id": 8390030398, "osm_type": "nodes" }, "geometry": { "type": "Point", "coordinates": [ 126.6345613, 37.3935066 ] } },
{ "type": "Feature", "properties": { "name": "김천", "name:en": "Gimcheon", "railway": "station", "ele": null, "operator:type": "public", "layer": null, "addr:full": null, "addr:city": null, "source": null, "name:ko": "김천", "osm_id": 368636200, "osm_type": "nodes" }, "geometry": { "type": "Point", "coordinates": [ 128.115032, 36.1238437 ] } },
{ "type": "Feature", "properties": { "name": "신대방삼거리", "name:en": "Sindaebangsamgeori", "railway": "station", "ele": null, "operator:type": "public", "layer": null, "addr:full": null, "addr:city": null, "source": null, "name:ko": "신대방삼거리", "osm_id": 6048953577, "osm_type": "nodes" }, "geometry": { "type": "Point", "coordinates": [ 126.9282246, 37.499706 ] } },
{ "type": "Feature", "properties": { "name": "신중동", "name:en": "Sinjung-dong", "railway": "station", "ele": null, "operator:type": null, "layer": null, "addr:full": null, "addr:city": null, "source": null, "name:ko": "신중동", "osm_id": 6050654949, "osm_type": "nodes" }, "geometry": { "type": "Point", "coordinates": [ 126.7762325, 37.5030388 ] } },
{ "type": "Feature", "properties": { "name": "계양", "name:en": "Gyeyang", "railway": "station", "ele": null, "operator:type": "public", "layer": null, "addr:full": null, "addr:city": null, "source": null, "name:ko": "계양", "osm_id": 3152004117, "osm_type": "nodes" }, "geometry": { "type": "Point", "coordinates": [ 126.7358582, 37.5715012 ] } },
{ "type": "Feature", "properties": { "name": "귤현", "name:en": "Gyulhyeon", "railway": "station", "ele": null, "operator:type": "public", "layer": null, "addr:full": null, "addr:city": null, "source": null, "name:ko": "귤현", "osm_id": 3152004119, "osm_type": "nodes" }, "geometry": { "type": "Point", "coordinates": [ 126.7426554, 37.5663544 ] } },
{ "type": "Feature", "properties": { "name": "갈산", "name:en": "Galsan", "railway": "station", "ele": null, "operator:type": "public", "layer": null, "addr:full": null, "addr:city": null, "source": null, "name:ko": "갈산", "osm_id": 8390080120, "osm_type": "nodes" }, "geometry": { "type": "Point", "coordinates": [ 126.7215178, 37.5168126 ] } },
{ "type": "Feature", "properties": { "name": "김포공항", "name:en": "Gimpo Int'l Airport", "railway": "station", "ele": null, "operator:type": "consortium", "layer": null, "addr:full": null, "addr:city": null, "source": null, "name:ko": "김포공항", "osm_id": 10814394662, "osm_type": "nodes" }, "geometry": { "type": "Point", "coordinates": [ 126.8015857, 37.561745 ] } },
{ "type": "Feature", "properties": { "name": "산곡", "name:en": "Sangok", "railway": "station", "ele": null, "operator:type": null, "layer": null, "addr:full": null, "addr:city": "인천광역시", "source": null, "name:ko": "산곡", "osm_id": 6185441876, "osm_type": "nodes" }, "geometry": { "type": "Point", "coordinates": [ 126.7036926, 37.5086974 ] } },
{ "type": "Feature", "properties": { "name": "석남", "name:en": "Seongnam", "railway": "station", "ele": null, "operator:type": null, "layer": null, "addr:full": null, "addr:city": "인천광역시", "source": null, "name:ko": "석남", "osm_id": 8298678456, "osm_type": "nodes" }, "geometry": { "type": "Point", "coordinates": [ 126.6746369, 37.5062862 ] } },
{ "type": "Feature", "properties": { "name": "동막", "name:en": "Dongmak", "railway": "station", "ele": null, "operator:type": null, "layer": null, "addr:full": null, "addr:city": "인천광역시", "source": null, "name:ko": "동막", "osm_id": 8390030403, "osm_type": "nodes" }, "geometry": { "type": "Point", "coordinates": [ 126.6735412, 37.3986231 ] } },
{ "type": "Feature", "properties": { "name": "쌍촌", "name:en": "Ssangchon", "railway": "station", "ele": null, "operator:type": null, "layer": null, "addr:full": null, "addr:city": "광주광역시", "source": null, "name:ko": "쌍촌", "osm_id": 9252650051, "osm_type": "nodes" }, "geometry": { "type": "Point", "coordinates": [ 126.8695709, 35.1514904 ] } },
{ "type": "Feature", "properties": { "name": "화정", "name:en": "Hwajeong", "railway": "station", "ele": null, "operator:type": null, "layer": null, "addr:full": null, "addr:city": "광주광역시", "source": null, "name:ko": "화정", "osm_id": 9252650053, "osm_type": "nodes" }, "geometry": { "type": "Point", "coordinates": [ 126.8767655, 35.1519029 ] } },
{ "type": "Feature", "properties": { "name": "돌고개", "name:en": "Dolgogae", "railway": "station", "ele": null, "operator:type": null, "layer": null, "addr:full": null, "addr:city": "광주광역시", "source": null, "name:ko": "돌고개", "osm_id": 9252650057, "osm_type": "nodes" }, "geometry": { "type": "Point", "coordinates": [ 126.8955645, 35.1517154 ] } },
{ "type": "Feature", "properties": { "name": "금남로5가", "name:en": "Geumnamro 5-ga", "railway": "station", "ele": null, "operator:type": null, "layer": null, "addr:full": null, "addr:city": "광주광역시", "source": null, "name:ko": "금남로5가", "osm_id": 9252650061, "osm_type": "nodes" }, "geometry": { "type": "Point", "coordinates": [ 126.9100714, 35.1537076 ] } },
{ "type": "Feature", "properties": { "name": "천호", "name:en": "Cheonho", "railway": "station", "ele": null, "operator:type": null, "layer": null, "addr:full": null, "addr:city": null, "source": null, "name:ko": null, "osm_id": 5801572034, "osm_type": "nodes" }, "geometry": { "type": "Point", "coordinates": [ 127.1234021, 37.5385225 ] } },
{ "type": "Feature", "properties": { "name": "암사", "name:en": "Amsa", "railway": "station", "ele": null, "operator:type": null, "layer": null, "addr:full": null, "addr:city": null, "source": null, "name:ko": "암사", "osm_id": 6094326943, "osm_type": "nodes" }, "geometry": { "type": "Point", "coordinates": [ 127.1275385, 37.5501059 ] } },
{ "type": "Feature", "properties": { "name": "어린이세상", "name:en": "Children's World", "railway": "station", "ele": null, "operator:type": null, "layer": null, "addr:full": null, "addr:city": null, "source": null, "name:ko": "어린이세상", "osm_id": 8288809752, "osm_type": "nodes" }, "geometry": { "type": "Point", "coordinates": [ 128.6244164, 35.8451281 ] } },
{ "type": "Feature", "properties": { "name": "부평구청", "name:en": "Bupyeong-gu Office", "railway": "station", "ele": null, "operator:type": null, "layer": null, "addr:full": null, "addr:city": null, "source": null, "name:ko": "부평구청", "osm_id": 6122528127, "osm_type": "nodes" }, "geometry": { "type": "Point", "coordinates": [ 126.721104, 37.5074652 ] } },
{ "type": "Feature", "properties": { "name": "캠퍼스타운", "name:en": "Campus Town", "railway": "station", "ele": null, "operator:type": null, "layer": null, "addr:full": null, "addr:city": "인천광역시", "source": null, "name:ko": "캠퍼스타운", "osm_id": 8390030402, "osm_type": "nodes" }, "geometry": { "type": "Point", "coordinates": [ 126.6618928, 37.3881737 ] } },
{ "type": "Feature", "properties": { "name": "지식정보단지", "name:en": "BIT Zone", "railway": "station", "ele": null, "operator:type": null, "layer": null, "addr:full": null, "addr:city": "인천광역시", "source": null, "name:ko": "지식정보단지", "osm_id": 8390030400, "osm_type": "nodes" }, "geometry": { "type": "Point", "coordinates": [ 126.645923, 37.3774709 ] } },
{ "type": "Feature", "properties": { "name": "테크노파크", "name:en": "Technopark", "railway": "station", "ele": null, "operator:type": null, "layer": null, "addr:full": null, "addr:city": "인천광역시", "source": null, "name:ko": "테크노파크", "osm_id": 8390030401, "osm_type": "nodes" }, "geometry": { "type": "Point", "coordinates": [ 126.6562543, 37.3823022 ] } },
{ "type": "Feature", "properties": { "name": "금남로4가", "name:en": "Geumnamno 4(sa)-ga", "railway": "station", "ele": null, "operator:type": null, "layer": null, "addr:full": null, "addr:city": null, "source": null, "name:ko": "금남로4가", "osm_id": 9252650063, "osm_type": "nodes" }, "geometry": { "type": "Point", "coordinates": [ 126.9145807, 35.1507055 ] } },
{ "type": "Feature", "properties": { "name": "까치울", "name:en": "Kkachiul", "railway": "station", "ele": null, "operator:type": null, "layer": null, "addr:full": null, "addr:city": null, "source": null, "name:ko": "까치울", "osm_id": 6050654952, "osm_type": "nodes" }, "geometry": { "type": "Point", "coordinates": [ 126.8113842, 37.5062407 ] } },
{ "type": "Feature", "properties": { "name": "수유", "name:en": "Suyu", "railway": "station", "ele": null, "operator:type": null, "layer": null, "addr:full": null, "addr:city": null, "source": null, "name:ko": "수유", "osm_id": 6036160306, "osm_type": "nodes" }, "geometry": { "type": "Point", "coordinates": [ 127.0257229, 37.6379932 ] } },
{ "type": "Feature", "properties": { "name": "상동", "name:en": "Sang-dong", "railway": "station", "ele": null, "operator:type": null, "layer": null, "addr:full": null, "addr:city": null, "source": null, "name:ko": "상동", "osm_id": 3401205505, "osm_type": "nodes" }, "geometry": { "type": "Point", "coordinates": [ 126.7531743, 37.5058355 ] } },
{ "type": "Feature", "properties": { "name": "운천", "name:en": "Uncheon", "railway": "station", "ele": null, "operator:type": null, "layer": null, "addr:full": null, "addr:city": null, "source": null, "name:ko": "운천", "osm_id": 9252650049, "osm_type": "nodes" }, "geometry": { "type": "Point", "coordinates": [ 126.8586977, 35.1504006 ] } },
{ "type": "Feature", "properties": { "name": "농성", "name:en": "Nongseong", "railway": "station", "ele": null, "operator:type": null, "layer": null, "addr:full": null, "addr:city": "광주광역시", "source": null, "name:ko": "농성", "osm_id": 9252650055, "osm_type": "nodes" }, "geometry": { "type": "Point", "coordinates": [ 126.8840429, 35.1532154 ] } },
{ "type": "Feature", "properties": { "name": "상무", "name:en": "Sangmu", "railway": "station", "ele": null, "operator:type": null, "layer": null, "addr:full": null, "addr:city": null, "source": null, "name:ko": "상무", "osm_id": 2382904318, "osm_type": "nodes" }, "geometry": { "type": "Point", "coordinates": [ 126.848655, 35.1467308 ] } },
{ "type": "Feature", "properties": { "name": "남광주", "name:en": "Namgwangju", "railway": "station", "ele": null, "operator:type": null, "layer": null, "addr:full": null, "addr:city": null, "source": null, "name:ko": "남광주", "osm_id": 8298442813, "osm_type": "nodes" }, "geometry": { "type": "Point", "coordinates": [ 126.9227716, 35.1394416 ] } },
{ "type": "Feature", "properties": { "name": null, "name:en": null, "railway": "station", "ele": null, "operator:type": null, "layer": null, "addr:full": null, "addr:city": null, "source": null, "name:ko": null, "osm_id": 4820111456, "osm_type": "nodes" }, "geometry": { "type": "Point", "coordinates": [ 126.9490503, 35.1445349 ] } },
{ "type": "Feature", "properties": { "name": "원인재", "name:en": "Woninjae", "railway": "station", "ele": null, "operator:type": null, "layer": null, "addr:full": null, "addr:city": "인천광역시", "source": null, "name:ko": "원인재", "osm_id": 5807729379, "osm_type": "nodes" }, "geometry": { "type": "Point", "coordinates": [ 126.6881558, 37.4126256 ] } },
{ "type": "Feature", "properties": { "name": "검단오류", "name:en": "Geomdan Oryu", "railway": "station", "ele": null, "operator:type": null, "layer": null, "addr:full": null, "addr:city": null, "source": null, "name:ko": "검단오류", "osm_id": 9687706173, "osm_type": "nodes" }, "geometry": { "type": "Point", "coordinates": [ 126.6279299, 37.5949865 ] } },
{ "type": "Feature", "properties": { "name": "삼산체육관", "name:en": "Samsan Gymnasium", "railway": "station", "ele": null, "operator:type": null, "layer": null, "addr:full": null, "addr:city": null, "source": null, "name:ko": "삼산체육관", "osm_id": 6050654947, "osm_type": "nodes" }, "geometry": { "type": "Point", "coordinates": [ 126.7423475, 37.506496 ] } },
{ "type": "Feature", "properties": { "name": "운연", "name:en": "Unyeon", "railway": "station", "ele": null, "operator:type": null, "layer": null, "addr:full": null, "addr:city": null, "source": null, "name:ko": "운연", "osm_id": 5426080900, "osm_type": "nodes" }, "geometry": { "type": "Point", "coordinates": [ 126.7596323, 37.4396565 ] } },
{ "type": "Feature", "properties": { "name": "역촌", "name:en": "Yeokchon", "railway": "station", "ele": null, "operator:type": null, "layer": null, "addr:full": null, "addr:city": null, "source": null, "name:ko": "역촌", "osm_id": 6041674939, "osm_type": "nodes" }, "geometry": { "type": "Point", "coordinates": [ 126.9227556, 37.6060733 ] } },
{ "type": "Feature", "properties": { "name": "수성시장", "name:en": "Suseong Market", "railway": "station", "ele": null, "operator:type": null, "layer": null, "addr:full": null, "addr:city": null, "source": null, "name:ko": "수성시장", "osm_id": 8288809749, "osm_type": "nodes" }, "geometry": { "type": "Point", "coordinates": [ 128.615922, 35.8543443 ] } },
{ "type": "Feature", "properties": { "name": "북구청", "name:en": "Buk-gu Office", "railway": "station", "ele": null, "operator:type": null, "layer": null, "addr:full": null, "addr:city": null, "source": null, "name:ko": "북구청", "osm_id": 8288809740, "osm_type": "nodes" }, "geometry": { "type": "Point", "coordinates": [ 128.581437, 35.883813 ] } },
{ "type": "Feature", "properties": { "name": "칠곡경대병원", "name:en": "Chilgok Kyungpook Nat'l Univ. Medical Center", "railway": "station", "ele": null, "operator:type": null, "layer": null, "addr:full": null, "addr:city": null, "source": null, "name:ko": "칠곡경대병원", "osm_id": 3478856267, "osm_type": "nodes" }, "geometry": { "type": "Point", "coordinates": [ 128.559879, 35.9583838 ] } },
{ "type": "Feature", "properties": { "name": "매천시장", "name:en": "Maecheon Market", "railway": "station", "ele": null, "operator:type": null, "layer": null, "addr:full": null, "addr:city": null, "source": null, "name:ko": "매천시장", "osm_id": 8288809735, "osm_type": "nodes" }, "geometry": { "type": "Point", "coordinates": [ 128.5456935, 35.904335 ] } },
{ "type": "Feature", "properties": { "name": "달성공원", "name:en": "Dalseong Park", "railway": "station", "ele": null, "operator:type": null, "layer": null, "addr:full": null, "addr:city": null, "source": null, "name:ko": "달성공원", "osm_id": 8288809741, "osm_type": "nodes" }, "geometry": { "type": "Point", "coordinates": [ 128.582094, 35.8756768 ] } },
{ "type": "Feature", "properties": { "name": "수성구민운동장", "name:en": "Suseong District Stadium", "railway": "station", "ele": null, "operator:type": null, "layer": null, "addr:full": null, "addr:city": null, "source": null, "name:ko": "수성구민운동장", "osm_id": 8288809751, "osm_type": "nodes" }, "geometry": { "type": "Point", "coordinates": [ 128.625173, 35.852363 ] } },
{ "type": "Feature", "properties": { "name": "하남풍산", "name:en": "Hanam Pungsan", "railway": "station", "ele": null, "operator:type": null, "layer": null, "addr:full": null, "addr:city": null, "source": null, "name:ko": "하남풍산", "osm_id": 5400270994, "osm_type": "nodes" }, "geometry": { "type": "Point", "coordinates": [ 127.2036311, 37.5519584 ] } },
{ "type": "Feature", "properties": { "name": "대천", "name:en": "Daecheon", "railway": "station", "ele": null, "operator:type": "public", "layer": null, "addr:full": null, "addr:city": null, "source": null, "name:ko": null, "osm_id": 13376351324, "osm_type": "nodes" }, "geometry": { "type": "Point", "coordinates": [ 126.586449, 36.3417336 ] } },
{ "type": "Feature", "properties": { "name": "장자호수공원", "name:en": "Jangja Lake Park", "railway": "station", "ele": null, "operator:type": null, "layer": null, "addr:full": null, "addr:city": null, "source": null, "name:ko": "장자호수공원", "osm_id": 11942201168, "osm_type": "nodes" }, "geometry": { "type": "Point", "coordinates": [ 127.1379117, 37.587406 ] } },
{ "type": "Feature", "properties": { "name": "보라매", "name:en": "Boramae", "railway": "station", "ele": null, "operator:type": null, "layer": null, "addr:full": null, "addr:city": null, "source": null, "name:ko": "보라매", "osm_id": 8401534574, "osm_type": "nodes" }, "geometry": { "type": "Point", "coordinates": [ 126.9204736, 37.5002811 ] } },
{ "type": "Feature", "properties": { "name": "서울지방병무청", "name:en": "Seoul Regional Office of Military Manpower", "railway": "station", "ele": null, "operator:type": null, "layer": null, "addr:full": null, "addr:city": null, "source": null, "name:ko": "서울지방병무청", "osm_id": 8401534575, "osm_type": "nodes" }, "geometry": { "type": "Point", "coordinates": [ 126.9227236, 37.5059628 ] } },
{ "type": "Feature", "properties": { "name": "주안", "name:en": "Juan", "railway": "station", "ele": null, "operator:type": null, "layer": null, "addr:full": null, "addr:city": null, "source": null, "name:ko": "주안", "osm_id": 7227044235, "osm_type": "nodes" }, "geometry": { "type": "Point", "coordinates": [ 126.6790276, 37.4651527 ] } },
{ "type": "Feature", "properties": { "name": "가정", "name:en": "Gajeong", "railway": "station", "ele": null, "operator:type": null, "layer": null, "addr:full": null, "addr:city": null, "source": null, "name:ko": "가정", "osm_id": 8095249961, "osm_type": "nodes" }, "geometry": { "type": "Point", "coordinates": [ 126.6753212, 37.5247194 ] } },
{ "type": "Feature", "properties": { "name": "월곡", "name:en": "Wolgok", "railway": "station", "ele": null, "operator:type": null, "layer": null, "addr:full": null, "addr:city": null, "source": null, "name:ko": "월곡", "osm_id": 6041673033, "osm_type": "nodes" }, "geometry": { "type": "Point", "coordinates": [ 127.0414554, 37.60192 ] } },
{ "type": "Feature", "properties": { "name": "화랑대", "name:en": "Hwarangdae", "railway": "station", "ele": null, "operator:type": null, "layer": null, "addr:full": null, "addr:city": null, "source": null, "name:ko": "화랑대", "osm_id": 6041673023, "osm_type": "nodes" }, "geometry": { "type": "Point", "coordinates": [ 127.0837122, 37.6197841 ] } },
{ "type": "Feature", "properties": { "name": "상봉", "name:en": "Sangbong", "railway": "station", "ele": null, "operator:type": null, "layer": null, "addr:full": null, "addr:city": null, "source": null, "name:ko": "상봉", "osm_id": 6046633868, "osm_type": "nodes" }, "geometry": { "type": "Point", "coordinates": [ 127.0855918, 37.5960832 ] } },
{ "type": "Feature", "properties": { "name": "신내", "name:en": "Sinnae", "railway": "station", "ele": null, "operator:type": null, "layer": null, "addr:full": null, "addr:city": null, "source": null, "name:ko": "신내", "osm_id": 7186344001, "osm_type": "nodes" }, "geometry": { "type": "Point", "coordinates": [ 127.1040904, 37.6125508 ] } },
{ "type": "Feature", "properties": { "name": "하남검단산", "name:en": "Hanam Geomdansan", "railway": "station", "ele": null, "operator:type": null, "layer": null, "addr:full": null, "addr:city": "하남시", "source": null, "name:ko": "하남검단산", "osm_id": 5400271021, "osm_type": "nodes" }, "geometry": { "type": "Point", "coordinates": [ 127.2235329, 37.5397035 ] } },
{ "type": "Feature", "properties": { "name": "복정", "name:en": "Bokjeong", "railway": "station", "ele": null, "operator:type": null, "layer": null, "addr:full": null, "addr:city": "서울특별시", "source": null, "name:ko": "복정", "osm_id": 5408273777, "osm_type": "nodes" }, "geometry": { "type": "Point", "coordinates": [ 127.1267127, 37.4705773 ] } },
{ "type": "Feature", "properties": { "name": "동작", "name:en": "Dongjak", "railway": "station", "ele": null, "operator:type": null, "layer": null, "addr:full": null, "addr:city": "서울특별시", "source": null, "name:ko": "동작", "osm_id": 5770979639, "osm_type": "nodes" }, "geometry": { "type": "Point", "coordinates": [ 126.978203, 37.5029705 ] } },
{ "type": "Feature", "properties": { "name": "동구릉", "name:en": "Donggureung", "railway": "station", "ele": null, "operator:type": null, "layer": null, "addr:full": null, "addr:city": null, "source": null, "name:ko": "동구릉", "osm_id": 11942201670, "osm_type": "nodes" }, "geometry": { "type": "Point", "coordinates": [ 127.1381088, 37.6105143 ] } },
{ "type": "Feature", "properties": { "name": "묵호항", "name:en": "Mukhohang", "railway": "station", "ele": null, "operator:type": null, "layer": null, "addr:full": null, "addr:city": null, "source": null, "name:ko": "묵호항", "osm_id": 368637901, "osm_type": "nodes" }, "geometry": { "type": "Point", "coordinates": [ 129.112032, 37.539852 ] } },
{ "type": "Feature", "properties": { "name": "이태원", "name:en": "Itaewon", "railway": "station", "ele": null, "operator:type": null, "layer": null, "addr:full": null, "addr:city": null, "source": null, "name:ko": "이태원", "osm_id": 6041673081, "osm_type": "nodes" }, "geometry": { "type": "Point", "coordinates": [ 126.9943705, 37.5345026 ] } },
{ "type": "Feature", "properties": { "name": "개화산", "name:en": "Gaehwasan", "railway": "station", "ele": null, "operator:type": null, "layer": null, "addr:full": null, "addr:city": null, "source": null, "name:ko": "개화산", "osm_id": 6039314030, "osm_type": "nodes" }, "geometry": { "type": "Point", "coordinates": [ 126.8082601, 37.5728758 ] } },
{ "type": "Feature", "properties": { "name": "이촌", "name:en": "Ichon", "railway": "station", "ele": null, "operator:type": null, "layer": null, "addr:full": null, "addr:city": null, "source": null, "name:ko": "이촌", "osm_id": 7238508817, "osm_type": "nodes" }, "geometry": { "type": "Point", "coordinates": [ 126.9733678, 37.5227123 ] } },
{ "type": "Feature", "properties": { "name": "수진", "name:en": "Sujin", "railway": "station", "ele": null, "operator:type": null, "layer": null, "addr:full": null, "addr:city": null, "source": null, "name:ko": "수진", "osm_id": 6094326921, "osm_type": "nodes" }, "geometry": { "type": "Point", "coordinates": [ 127.1406857, 37.4374429 ] } },
{ "type": "Feature", "properties": { "name": "김포공항", "name:en": "Gimpo Int'l Airport", "railway": "station", "ele": null, "operator:type": null, "layer": null, "addr:full": null, "addr:city": null, "source": null, "name:ko": "김포공항", "osm_id": 5772497241, "osm_type": "nodes" }, "geometry": { "type": "Point", "coordinates": [ 126.8013934, 37.5619247 ] } },
{ "type": "Feature", "properties": { "name": "하트해변", "name:en": "Heart Beach", "railway": "station", "ele": null, "operator:type": null, "layer": null, "addr:full": null, "addr:city": null, "source": null, "name:ko": "하트해변", "osm_id": 13483012400, "osm_type": "nodes" }, "geometry": { "type": "Point", "coordinates": [ 129.427305, 37.0611862 ] } },
{ "type": "Feature", "properties": { "name": "후정", "name:en": "Hujeong", "railway": "station", "ele": null, "operator:type": null, "layer": null, "addr:full": null, "addr:city": null, "source": null, "name:ko": "후정", "osm_id": 13483012401, "osm_type": "nodes" }, "geometry": { "type": "Point", "coordinates": [ 129.4169086, 37.0690588 ] } },
{ "type": "Feature", "properties": { "name": "워터파크", "name:en": "Water Park", "railway": "station", "ele": null, "operator:type": null, "layer": null, "addr:full": null, "addr:city": null, "source": null, "name:ko": "워터파크", "osm_id": 13503664190, "osm_type": "nodes" }, "geometry": { "type": "Point", "coordinates": [ 126.4342026, 37.4292963 ] } },
{ "type": "Feature", "properties": { "name": "용유", "name:en": "Yongyu", "railway": "station", "ele": null, "operator:type": null, "layer": null, "addr:full": null, "addr:city": null, "source": null, "name:ko": "용유", "osm_id": 13503664191, "osm_type": "nodes" }, "geometry": { "type": "Point", "coordinates": [ 126.4236166, 37.4248235 ] } },
{ "type": "Feature", "properties": { "name": "합동청사", "name:en": "Administration Complex", "railway": "station", "ele": null, "operator:type": null, "layer": null, "addr:full": null, "addr:city": null, "source": null, "name:ko": "합동청사", "osm_id": 13503664193, "osm_type": "nodes" }, "geometry": { "type": "Point", "coordinates": [ 126.4586023, 37.4405118 ] } },
{ "type": "Feature", "properties": { "name": "대실", "name:en": "Daesil", "railway": "station", "ele": null, "operator:type": null, "layer": null, "addr:full": null, "addr:city": null, "source": null, "name:ko": "대실", "osm_id": 13503707526, "osm_type": "nodes" }, "geometry": { "type": "Point", "coordinates": [ 128.4656627, 35.8572858 ] } },
{ "type": "Feature", "properties": { "name": "다사", "name:en": "Dasa", "railway": "station", "ele": null, "operator:type": null, "layer": null, "addr:full": null, "addr:city": null, "source": null, "name:ko": "다사", "osm_id": 13503707527, "osm_type": "nodes" }, "geometry": { "type": "Point", "coordinates": [ 128.45791650000001, 35.8653304 ] } },
{ "type": "Feature", "properties": { "name": "정평", "name:en": "Jeongpyeong", "railway": "station", "ele": null, "operator:type": null, "layer": null, "addr:full": null, "addr:city": null, "source": null, "name:ko": "정평", "osm_id": 13505872504, "osm_type": "nodes" }, "geometry": { "type": "Point", "coordinates": [ 128.728335499999986, 35.8340736 ] } },
{ "type": "Feature", "properties": { "name": "사월", "name:en": "Sawol", "railway": "station", "ele": null, "operator:type": null, "layer": null, "addr:full": null, "addr:city": null, "source": null, "name:ko": "사월", "osm_id": 13505872505, "osm_type": "nodes" }, "geometry": { "type": "Point", "coordinates": [ 128.716075100000012, 35.8368591 ] } },
{ "type": "Feature", "properties": { "name": "신매", "name:en": "Sinmae", "railway": "station", "ele": null, "operator:type": null, "layer": null, "addr:full": null, "addr:city": null, "source": null, "name:ko": "신매", "osm_id": 13505872506, "osm_type": "nodes" }, "geometry": { "type": "Point", "coordinates": [ 128.7049788, 35.8408448 ] } },
{ "type": "Feature", "properties": { "name": "고산", "name:en": "Gosan", "railway": "station", "ele": null, "operator:type": null, "layer": null, "addr:full": null, "addr:city": null, "source": null, "name:ko": "고산", "osm_id": 13505872507, "osm_type": "nodes" }, "geometry": { "type": "Point", "coordinates": [ 128.6933541, 35.842956 ] } },
{ "type": "Feature", "properties": { "name": "수성알파시티", "name:en": "Suseong Alpha City", "railway": "station", "ele": null, "operator:type": null, "layer": null, "addr:full": null, "addr:city": null, "source": null, "name:ko": "수성알파시티", "osm_id": 13505872522, "osm_type": "nodes" }, "geometry": { "type": "Point", "coordinates": [ 128.6802649, 35.8426299 ] } },
{ "type": "Feature", "properties": { "name": "연호", "name:en": "Yeonho", "railway": "station", "ele": null, "operator:type": null, "layer": null, "addr:full": null, "addr:city": null, "source": null, "name:ko": "연호", "osm_id": 13505872523, "osm_type": "nodes" }, "geometry": { "type": "Point", "coordinates": [ 128.6720627, 35.8464217 ] } },
{ "type": "Feature", "properties": { "name": "담티", "name:en": "Damti", "railway": "station", "ele": null, "operator:type": null, "layer": null, "addr:full": null, "addr:city": null, "source": null, "name:ko": "담티", "osm_id": 13505872524, "osm_type": "nodes" }, "geometry": { "type": "Point", "coordinates": [ 128.6542234, 35.8546766 ] } },
{ "type": "Feature", "properties": { "name": "만촌", "name:en": "Manchon", "railway": "station", "ele": null, "operator:type": null, "layer": null, "addr:full": null, "addr:city": null, "source": null, "name:ko": "만촌", "osm_id": 13505872525, "osm_type": "nodes" }, "geometry": { "type": "Point", "coordinates": [ 128.645125299999989, 35.8588896 ] } },
{ "type": "Feature", "properties": { "name": "이곡", "name:en": "Igok", "railway": "station", "ele": null, "operator:type": null, "layer": null, "addr:full": null, "addr:city": null, "source": null, "name:ko": "이곡", "osm_id": 13505872537, "osm_type": "nodes" }, "geometry": { "type": "Point", "coordinates": [ 128.515788500000014, 35.8506107 ] } },
{ "type": "Feature", "properties": { "name": "성서산업단지", "name:en": "Seongseo Industrial Complex", "railway": "station", "ele": null, "operator:type": null, "layer": null, "addr:full": null, "addr:city": null, "source": null, "name:ko": "성서산업단지", "osm_id": 13505872538, "osm_type": "nodes" }, "geometry": { "type": "Point", "coordinates": [ 128.5072035, 35.8517178 ] } },
{ "type": "Feature", "properties": { "name": "용계", "name:en": "Yonggye", "railway": "station", "ele": null, "operator:type": null, "layer": null, "addr:full": null, "addr:city": null, "source": null, "name:ko": "용계", "osm_id": 13505872553, "osm_type": "nodes" }, "geometry": { "type": "Point", "coordinates": [ 128.6814129, 35.8762827 ] } },
{ "type": "Feature", "properties": { "name": "방촌", "name:en": "Bangchon", "railway": "station", "ele": null, "operator:type": null, "layer": null, "addr:full": null, "addr:city": null, "source": null, "name:ko": "방촌", "osm_id": 13505872554, "osm_type": "nodes" }, "geometry": { "type": "Point", "coordinates": [ 128.6696622, 35.8798143 ] } },
{ "type": "Feature", "properties": { "name": "해안", "name:en": "Haean", "railway": "station", "ele": null, "operator:type": null, "layer": null, "addr:full": null, "addr:city": null, "source": null, "name:ko": "해안", "osm_id": 13505872555, "osm_type": "nodes" }, "geometry": { "type": "Point", "coordinates": [ 128.65888240000001, 35.8835794 ] } },
{ "type": "Feature", "properties": { "name": "교대", "name:en": "National University of Education", "railway": "station", "ele": null, "operator:type": null, "layer": null, "addr:full": null, "addr:city": null, "source": null, "name:ko": "교대", "osm_id": 13505872565, "osm_type": "nodes" }, "geometry": { "type": "Point", "coordinates": [ 128.5905477, 35.8504047 ] } },
{ "type": "Feature", "properties": { "name": "영대병원", "name:en": "Yeungnam University Hospital", "railway": "station", "ele": null, "operator:type": null, "layer": null, "addr:full": null, "addr:city": null, "source": null, "name:ko": "영대병원", "osm_id": 13505872566, "osm_type": "nodes" }, "geometry": { "type": "Point", "coordinates": [ 128.588624900000013, 35.8444141 ] } },
{ "type": "Feature", "properties": { "name": "현충로", "name:en": "Hyeonchungno", "railway": "station", "ele": null, "operator:type": null, "layer": null, "addr:full": null, "addr:city": null, "source": null, "name:ko": "현충로", "osm_id": 13505872567, "osm_type": "nodes" }, "geometry": { "type": "Point", "coordinates": [ 128.5812968, 35.8408415 ] } },
{ "type": "Feature", "properties": { "name": "안지랑", "name:en": "Anjirang", "railway": "station", "ele": null, "operator:type": null, "layer": null, "addr:full": null, "addr:city": null, "source": null, "name:ko": "안지랑", "osm_id": 13505872568, "osm_type": "nodes" }, "geometry": { "type": "Point", "coordinates": [ 128.5738215, 35.839202 ] } },
{ "type": "Feature", "properties": { "name": "대명", "name:en": "Daemyeong", "railway": "station", "ele": null, "operator:type": null, "layer": null, "addr:full": null, "addr:city": null, "source": null, "name:ko": "대명", "osm_id": 13505872569, "osm_type": "nodes" }, "geometry": { "type": "Point", "coordinates": [ 128.5650212, 35.8392684 ] } },
{ "type": "Feature", "properties": { "name": "서부정류장", "name:en": "Seobu Bus Terminal", "railway": "station", "ele": null, "operator:type": null, "layer": null, "addr:full": null, "addr:city": null, "source": null, "name:ko": "서부정류장", "osm_id": 13505872570, "osm_type": "nodes" }, "geometry": { "type": "Point", "coordinates": [ 128.5571033, 35.8369461 ] } },
{ "type": "Feature", "properties": { "name": "송현", "name:en": "Songhyeon", "railway": "station", "ele": null, "operator:type": null, "layer": null, "addr:full": null, "addr:city": null, "source": null, "name:ko": "송현", "osm_id": 13505872571, "osm_type": "nodes" }, "geometry": { "type": "Point", "coordinates": [ 128.551922600000012, 35.8312772 ] } },
{ "type": "Feature", "properties": { "name": "수성구청", "name:en": "Suseong-gu Office", "railway": "station", "ele": null, "operator:type": null, "layer": null, "addr:full": null, "addr:city": null, "source": null, "name:ko": "수성구청", "osm_id": 13505872526, "osm_type": "nodes" }, "geometry": { "type": "Point", "coordinates": [ 128.63579390000001, 35.8588505 ] } },
{ "type": "Feature", "properties": { "name": "범어", "name:en": "Beomeo", "railway": "station", "ele": null, "operator:type": null, "layer": null, "addr:full": null, "addr:city": null, "source": null, "name:ko": "범어", "osm_id": 13505872527, "osm_type": "nodes" }, "geometry": { "type": "Point", "coordinates": [ 128.6265162, 35.8590526 ] } },
{ "type": "Feature", "properties": { "name": "대구은행", "name:en": "Daegu Bank", "railway": "station", "ele": null, "operator:type": null, "layer": null, "addr:full": null, "addr:city": null, "source": null, "name:ko": "대구은행", "osm_id": 13505872528, "osm_type": "nodes" }, "geometry": { "type": "Point", "coordinates": [ 128.614127, 35.8597743 ] } },
{ "type": "Feature", "properties": { "name": "경대병원", "name:en": "Kyungpook Nat'l univ. Hospital", "railway": "station", "ele": null, "operator:type": null, "layer": null, "addr:full": null, "addr:city": null, "source": null, "name:ko": "경대병원", "osm_id": 13505872529, "osm_type": "nodes" }, "geometry": { "type": "Point", "coordinates": [ 128.6030696, 35.8630882 ] } },
{ "type": "Feature", "properties": { "name": "청라언덕", "name:en": "Cheongna Hill", "railway": "station", "ele": null, "operator:type": null, "layer": null, "addr:full": null, "addr:city": null, "source": null, "name:ko": "청라언덕", "osm_id": 13505872530, "osm_type": "nodes" }, "geometry": { "type": "Point", "coordinates": [ 128.5832106, 35.8651217 ] } },
{ "type": "Feature", "properties": { "name": "반고개", "name:en": "Bangogae", "railway": "station", "ele": null, "operator:type": null, "layer": null, "addr:full": null, "addr:city": null, "source": null, "name:ko": "반고개", "osm_id": 13505872531, "osm_type": "nodes" }, "geometry": { "type": "Point", "coordinates": [ 128.5736579, 35.8624524 ] } },
{ "type": "Feature", "properties": { "name": "내당", "name:en": "Naedang", "railway": "station", "ele": null, "operator:type": null, "layer": null, "addr:full": null, "addr:city": null, "source": null, "name:ko": "내당", "osm_id": 13505872532, "osm_type": "nodes" }, "geometry": { "type": "Point", "coordinates": [ 128.5646295, 35.8601308 ] } },
{ "type": "Feature", "properties": { "name": "두류", "name:en": "Duryu", "railway": "station", "ele": null, "operator:type": null, "layer": null, "addr:full": null, "addr:city": null, "source": null, "name:ko": "두류", "osm_id": 13505872533, "osm_type": "nodes" }, "geometry": { "type": "Point", "coordinates": [ 128.5556817, 35.8572136 ] } },
{ "type": "Feature", "properties": { "name": "감삼", "name:en": "Gamsam", "railway": "station", "ele": null, "operator:type": null, "layer": null, "addr:full": null, "addr:city": null, "source": null, "name:ko": "감삼", "osm_id": 13505872534, "osm_type": "nodes" }, "geometry": { "type": "Point", "coordinates": [ 128.5482654, 35.8543657 ] } },
{ "type": "Feature", "properties": { "name": "죽전", "name:en": "Jukjeon", "railway": "station", "ele": null, "operator:type": null, "layer": null, "addr:full": null, "addr:city": null, "source": null, "name:ko": "죽전", "osm_id": 13505872535, "osm_type": "nodes" }, "geometry": { "type": "Point", "coordinates": [ 128.5382098, 35.8504732 ] } },
{ "type": "Feature", "properties": { "name": "용산", "name:en": "Yongsan", "railway": "station", "ele": null, "operator:type": null, "layer": null, "addr:full": null, "addr:city": null, "source": null, "name:ko": "용산", "osm_id": 13505872536, "osm_type": "nodes" }, "geometry": { "type": "Point", "coordinates": [ 128.5288811, 35.8490698 ] } },
{ "type": "Feature", "properties": { "name": "반야월", "name:en": "Banyawol", "railway": "station", "ele": null, "operator:type": null, "layer": null, "addr:full": null, "addr:city": null, "source": null, "name:ko": "반야월", "osm_id": 13505872550, "osm_type": "nodes" }, "geometry": { "type": "Point", "coordinates": [ 128.7136155, 35.8659564 ] } },
{ "type": "Feature", "properties": { "name": "율하", "name:en": "Yulha", "railway": "station", "ele": null, "operator:type": null, "layer": null, "addr:full": null, "addr:city": null, "source": null, "name:ko": "율하", "osm_id": 13505872552, "osm_type": "nodes" }, "geometry": { "type": "Point", "coordinates": [ 128.6928177, 35.8697037 ] } },
{ "type": "Feature", "properties": { "name": "대곡", "name:en": "Daegok", "railway": "station", "ele": null, "operator:type": null, "layer": null, "addr:full": null, "addr:city": null, "source": null, "name:ko": "대곡", "osm_id": 13505872576, "osm_type": "nodes" }, "geometry": { "type": "Point", "coordinates": [ 128.5124592, 35.8094261 ] } },
{ "type": "Feature", "properties": { "name": "반월당", "name:en": "Banwoldang", "railway": "station", "ele": null, "operator:type": null, "layer": null, "addr:full": null, "addr:city": null, "source": null, "name:ko": "반월당", "osm_id": 13505872579, "osm_type": "nodes" }, "geometry": { "type": "Point", "coordinates": [ 128.5934097, 35.8655108 ] } },
{ "type": "Feature", "properties": { "name": "수정", "name:en": "Sujeong", "railway": "station", "ele": null, "operator:type": "public", "layer": "-3", "addr:full": null, "addr:city": null, "source": null, "name:ko": "수정", "osm_id": 5323513159, "osm_type": "nodes" }, "geometry": { "type": "Point", "coordinates": [ 129.0091715, 35.2233039 ] } },
{ "type": "Feature", "properties": { "name": "센텀시티", "name:en": "Centum City", "railway": "station", "ele": null, "operator:type": "public", "layer": null, "addr:full": null, "addr:city": null, "source": null, "name:ko": "센텀시티", "osm_id": 5421140316, "osm_type": "nodes" }, "geometry": { "type": "Point", "coordinates": [ 129.13121670000001, 35.1685922 ] } },
{ "type": "Feature", "properties": { "name": "장림", "name:en": "Jangnim", "railway": "station", "ele": null, "operator:type": "public", "layer": null, "addr:full": null, "addr:city": "부산광역시", "source": null, "name:ko": "장림", "osm_id": 5581116350, "osm_type": "nodes" }, "geometry": { "type": "Point", "coordinates": [ 128.977383, 35.0818645 ] } },
{ "type": "Feature", "properties": { "name": "거제해맞이", "name:en": "Geojehaemaji", "railway": "station", "ele": null, "operator:type": "public", "layer": null, "addr:full": null, "addr:city": "부산광역시", "source": null, "name:ko": "거제해맞이", "osm_id": 368636824, "osm_type": "nodes" }, "geometry": { "type": "Point", "coordinates": [ 129.0690909, 35.1814092 ] } },
{ "type": "Feature", "properties": { "name": "남창", "name:en": "Namchang", "railway": "station", "ele": null, "operator:type": "public", "layer": null, "addr:full": null, "addr:city": null, "source": null, "name:ko": "남창", "osm_id": 368636918, "osm_type": "nodes" }, "geometry": { "type": "Point", "coordinates": [ 129.282468599999987, 35.4192677 ] } },
{ "type": "Feature", "properties": { "name": "대저", "name:en": "Daejeo", "railway": "station", "ele": null, "operator:type": "public", "layer": null, "addr:full": null, "addr:city": null, "source": null, "name:ko": "대저", "osm_id": 1446033913, "osm_type": "nodes" }, "geometry": { "type": "Point", "coordinates": [ 128.9610874, 35.2133357 ] } },
{ "type": "Feature", "properties": { "name": "구포", "name:en": "Gupo", "railway": "station", "ele": null, "operator:type": "public", "layer": null, "addr:full": null, "addr:city": null, "source": null, "name:ko": null, "osm_id": 1446033915, "osm_type": "nodes" }, "geometry": { "type": "Point", "coordinates": [ 128.996352, 35.2066938 ] } },
{ "type": "Feature", "properties": { "name": "좌천", "name:en": "Jwacheon", "railway": "station", "ele": null, "operator:type": "public", "layer": null, "addr:full": null, "addr:city": null, "source": null, "name:ko": "좌천", "osm_id": 1668440061, "osm_type": "nodes" }, "geometry": { "type": "Point", "coordinates": [ 129.2451313, 35.3118289 ] } },
{ "type": "Feature", "properties": { "name": "수안", "name:en": "Suan", "railway": "station", "ele": null, "operator:type": "public", "layer": null, "addr:full": null, "addr:city": null, "source": null, "name:ko": "수안", "osm_id": 1708284979, "osm_type": "nodes" }, "geometry": { "type": "Point", "coordinates": [ 129.0839158, 35.201804 ] } },
{ "type": "Feature", "properties": { "name": "화명", "name:en": "Hwamyeong", "railway": "station", "ele": null, "operator:type": "public", "layer": null, "addr:full": null, "addr:city": null, "source": null, "name:ko": "화명", "osm_id": 1763810759, "osm_type": "nodes" }, "geometry": { "type": "Point", "coordinates": [ 129.0138007, 35.2352534 ] } },
{ "type": "Feature", "properties": { "name": "부산원동", "name:en": "Busanwondong", "railway": "station", "ele": null, "operator:type": "public", "layer": null, "addr:full": null, "addr:city": "부산광역시", "source": null, "name:ko": "부산원동", "osm_id": 7461024100, "osm_type": "nodes" }, "geometry": { "type": "Point", "coordinates": [ 129.11416220000001, 35.1936252 ] } },
{ "type": "Feature", "properties": { "name": "개운포", "name:en": "Gaeunpo", "railway": "station", "ele": null, "operator:type": "public", "layer": null, "addr:full": null, "addr:city": null, "source": null, "name:ko": "개운포", "osm_id": 7660226015, "osm_type": "nodes" }, "geometry": { "type": "Point", "coordinates": [ 129.3211169, 35.5078991 ] } },
{ "type": "Feature", "properties": { "name": "망양", "name:en": "Mangyang", "railway": "station", "ele": null, "operator:type": "public", "layer": null, "addr:full": null, "addr:city": null, "source": null, "name:ko": "망양", "osm_id": 7686530868, "osm_type": "nodes" }, "geometry": { "type": "Point", "coordinates": [ 129.2878274, 35.4565132 ] } },
{ "type": "Feature", "properties": { "name": "구남", "name:en": "Gunam", "railway": "station", "ele": null, "operator:type": "public", "layer": null, "addr:full": null, "addr:city": null, "source": null, "name:ko": "구남", "osm_id": 8185768821, "osm_type": "nodes" }, "geometry": { "type": "Point", "coordinates": [ 128.9949483, 35.1968242 ] } },
{ "type": "Feature", "properties": { "name": "동래", "name:en": "Dongnae", "railway": "station", "ele": null, "operator:type": "public", "layer": null, "addr:full": null, "addr:city": null, "source": null, "name:ko": "동래", "osm_id": 289245376, "osm_type": "nodes" }, "geometry": { "type": "Point", "coordinates": [ 129.0784845, 35.2056761 ] } },
{ "type": "Feature", "properties": { "name": "시청", "name:en": "City Hall", "railway": "station", "ele": null, "operator:type": "public", "layer": null, "addr:full": null, "addr:city": null, "source": null, "name:ko": "시청", "osm_id": 355173718, "osm_type": "nodes" }, "geometry": { "type": "Point", "coordinates": [ 129.076521, 35.1797508 ] } },
{ "type": "Feature", "properties": { "name": "명륜", "name:en": "Myeongnyun", "railway": "station", "ele": null, "operator:type": "public", "layer": null, "addr:full": null, "addr:city": null, "source": null, "name:ko": "명륜", "osm_id": 4115279791, "osm_type": "nodes" }, "geometry": { "type": "Point", "coordinates": [ 129.0797207, 35.2126465 ] } },
{ "type": "Feature", "properties": { "name": "온천장", "name:en": "Oncheonjan", "railway": "station", "ele": null, "operator:type": "public", "layer": null, "addr:full": null, "addr:city": null, "source": null, "name:ko": "온천장", "osm_id": 4632583162, "osm_type": "nodes" }, "geometry": { "type": "Point", "coordinates": [ 129.0864268, 35.2202436 ] } },
{ "type": "Feature", "properties": { "name": "만덕", "name:en": "Mandeok", "railway": "station", "ele": null, "operator:type": "public", "layer": null, "addr:full": null, "addr:city": null, "source": null, "name:ko": "만덕", "osm_id": 4680300344, "osm_type": "nodes" }, "geometry": { "type": "Point", "coordinates": [ 129.0364611, 35.2129876 ] } },
{ "type": "Feature", "properties": { "name": "재송", "name:en": "Jaesong", "railway": "station", "ele": null, "operator:type": "public", "layer": null, "addr:full": null, "addr:city": "부산광역시", "source": null, "name:ko": "재송", "osm_id": 5188777381, "osm_type": "nodes" }, "geometry": { "type": "Point", "coordinates": [ 129.1200991, 35.1880412 ] } },
{ "type": "Feature", "properties": { "name": "해운대", "name:en": "Haeundae", "railway": "station", "ele": null, "operator:type": "public", "layer": null, "addr:full": null, "addr:city": null, "source": null, "name:ko": "해운대", "osm_id": 5208472150, "osm_type": "nodes" }, "geometry": { "type": "Point", "coordinates": [ 129.158746900000011, 35.1637531 ] } },
{ "type": "Feature", "properties": { "name": "중동", "name:en": "Jung-dong", "railway": "station", "ele": null, "operator:type": "public", "layer": null, "addr:full": null, "addr:city": null, "source": null, "name:ko": null, "osm_id": 5208472151, "osm_type": "nodes" }, "geometry": { "type": "Point", "coordinates": [ 129.167807399999987, 35.1666759 ] } },
{ "type": "Feature", "properties": { "name": "수영", "name:en": "Suyeong", "railway": "station", "ele": null, "operator:type": "public", "layer": null, "addr:full": null, "addr:city": null, "source": null, "name:ko": "수영", "osm_id": 5277755939, "osm_type": "nodes" }, "geometry": { "type": "Point", "coordinates": [ 129.114705, 35.1654141 ] } },
{ "type": "Feature", "properties": { "name": "연산", "name:en": "Yeonsan", "railway": "station", "ele": null, "operator:type": "public", "layer": null, "addr:full": null, "addr:city": null, "source": null, "name:ko": "연산", "osm_id": 5277767273, "osm_type": "nodes" }, "geometry": { "type": "Point", "coordinates": [ 129.0815093, 35.1861551 ] } },
{ "type": "Feature", "properties": { "name": "월내", "name:en": "Wollae", "railway": "station", "ele": null, "operator:type": "public", "layer": null, "addr:full": null, "addr:city": null, "source": null, "name:ko": "월내", "osm_id": 9143869764, "osm_type": "nodes" }, "geometry": { "type": "Point", "coordinates": [ 129.276559, 35.3280825 ] } },
{ "type": "Feature", "properties": { "name": "사상", "name:en": "Sasang", "railway": "station", "ele": null, "operator:type": "public", "layer": null, "addr:full": null, "addr:city": null, "source": null, "name:ko": "사상", "osm_id": 9540337698, "osm_type": "nodes" }, "geometry": { "type": "Point", "coordinates": [ 128.9845867, 35.1624697 ] } },
{ "type": "Feature", "properties": { "name": "강서구청", "name:en": "Gangseo Office", "railway": "station", "ele": null, "operator:type": "public", "layer": null, "addr:full": null, "addr:city": null, "source": null, "name:ko": "강서구청", "osm_id": 12786615857, "osm_type": "nodes" }, "geometry": { "type": "Point", "coordinates": [ 128.98195290000001, 35.2112257 ] } },
{ "type": "Feature", "properties": { "name": "체육공원", "name:en": "Cheyuk Park", "railway": "station", "ele": null, "operator:type": "public", "layer": null, "addr:full": null, "addr:city": null, "source": null, "name:ko": "체육공원", "osm_id": 12786895760, "osm_type": "nodes" }, "geometry": { "type": "Point", "coordinates": [ 128.9693787, 35.2124864 ] } },
{ "type": "Feature", "properties": { "name": "수서", "name:en": "Suseo", "railway": "station", "ele": null, "operator:type": null, "layer": null, "addr:full": null, "addr:city": null, "source": null, "name:ko": "수서", "osm_id": 2346858840, "osm_type": "nodes" }, "geometry": { "type": "Point", "coordinates": [ 127.1018399, 37.4874159 ] } },
{ "type": "Feature", "properties": { "name": "동매", "name:en": "Dongmae", "railway": "station", "ele": null, "operator:type": "public", "layer": null, "addr:full": null, "addr:city": "부산광역시", "source": null, "name:ko": "동매", "osm_id": 5581117238, "osm_type": "nodes" }, "geometry": { "type": "Point", "coordinates": [ 128.9732678, 35.0897702 ] } },
{ "type": "Feature", "properties": { "name": "부산대", "name:en": "Pusan Nat'l Univ.", "railway": "station", "ele": null, "operator:type": "public", "layer": null, "addr:full": null, "addr:city": null, "source": null, "name:ko": "부산대", "osm_id": 5584656519, "osm_type": "nodes" }, "geometry": { "type": "Point", "coordinates": [ 129.0893608, 35.2296377 ] } },
{ "type": "Feature", "properties": { "name": "청라언덕", "name:en": "Cheongna Hill", "railway": "station", "ele": null, "operator:type": null, "layer": null, "addr:full": null, "addr:city": null, "source": null, "name:ko": "청라언덕", "osm_id": 5193866312, "osm_type": "nodes" }, "geometry": { "type": "Point", "coordinates": [ 128.582336199999986, 35.8642164 ] } },
{ "type": "Feature", "properties": { "name": "대구역", "name:en": "Daegu Station", "railway": "station", "ele": null, "operator:type": null, "layer": null, "addr:full": null, "addr:city": null, "source": null, "name:ko": "대구역", "osm_id": 8259053349, "osm_type": "nodes" }, "geometry": { "type": "Point", "coordinates": [ 128.5971184, 35.8762821 ] } },
{ "type": "Feature", "properties": { "name": "서문시장", "name:en": "Seomun Market", "railway": "station", "ele": null, "operator:type": null, "layer": null, "addr:full": null, "addr:city": null, "source": null, "name:ko": "서문시장", "osm_id": 8288809742, "osm_type": "nodes" }, "geometry": { "type": "Point", "coordinates": [ 128.5822427, 35.8696738 ] } },
{ "type": "Feature", "properties": { "name": "명덕", "name:en": "Myeongdeok", "railway": "station", "ele": null, "operator:type": null, "layer": null, "addr:full": null, "addr:city": null, "source": null, "name:ko": "명덕", "osm_id": 8288809744, "osm_type": "nodes" }, "geometry": { "type": "Point", "coordinates": [ 128.5900063, 35.8569375 ] } },
{ "type": "Feature", "properties": { "name": "도라산", "name:en": "Dorasan", "railway": "station", "ele": null, "operator:type": "public", "layer": null, "addr:full": null, "addr:city": "파주시", "source": null, "name:ko": "도라산", "osm_id": 368636173, "osm_type": "nodes" }, "geometry": { "type": "Point", "coordinates": [ 126.7091637, 37.8983887 ] } },
{ "type": "Feature", "properties": { "name": "일산", "name:en": "Ilsan", "railway": "station", "ele": null, "operator:type": null, "layer": null, "addr:full": null, "addr:city": null, "source": null, "name:ko": "일산", "osm_id": 368636257, "osm_type": "nodes" }, "geometry": { "type": "Point", "coordinates": [ 126.769498, 37.6822186 ] } },
{ "type": "Feature", "properties": { "name": "파주", "name:en": "Paju", "railway": "station", "ele": null, "operator:type": "public", "layer": null, "addr:full": null, "addr:city": null, "source": null, "name:ko": "파주", "osm_id": 436402743, "osm_type": "nodes" }, "geometry": { "type": "Point", "coordinates": [ 126.7924283, 37.8150577 ] } },
{ "type": "Feature", "properties": { "name": "원덕", "name:en": "Wondeok", "railway": "station", "ele": null, "operator:type": "public", "layer": null, "addr:full": null, "addr:city": null, "source": null, "name:ko": "원덕", "osm_id": 1169237755, "osm_type": "nodes" }, "geometry": { "type": "Point", "coordinates": [ 127.5468697, 37.4687663 ] } },
{ "type": "Feature", "properties": { "name": "문산", "name:en": "Munsan", "railway": "station", "ele": null, "operator:type": "public", "layer": null, "addr:full": null, "addr:city": "파주시", "source": null, "name:ko": "문산", "osm_id": 1565727595, "osm_type": "nodes" }, "geometry": { "type": "Point", "coordinates": [ 126.7879045, 37.8544531 ] } },
{ "type": "Feature", "properties": { "name": "구성", "name:en": "Guseong", "railway": "station", "ele": null, "operator:type": "public", "layer": null, "addr:full": null, "addr:city": null, "source": null, "name:ko": "구성", "osm_id": 1914727295, "osm_type": "nodes" }, "geometry": { "type": "Point", "coordinates": [ 127.1057537, 37.299009 ] } },
{ "type": "Feature", "properties": { "name": "사릉", "name:en": "Sareung", "railway": "station", "ele": null, "operator:type": "public", "layer": null, "addr:full": null, "addr:city": null, "source": null, "name:ko": "사릉", "osm_id": 2859438901, "osm_type": "nodes" }, "geometry": { "type": "Point", "coordinates": [ 127.1768961, 37.6510986 ] } },
{ "type": "Feature", "properties": { "name": "달월", "name:en": "Darwol", "railway": "station", "ele": null, "operator:type": "public", "layer": null, "addr:full": null, "addr:city": "시흥시", "source": null, "name:ko": "달월", "osm_id": 3276816593, "osm_type": "nodes" }, "geometry": { "type": "Point", "coordinates": [ 126.7453575, 37.3799789 ] } },
{ "type": "Feature", "properties": { "name": "대성리", "name:en": "Daeseong-ri", "railway": "station", "ele": null, "operator:type": "public", "layer": null, "addr:full": null, "addr:city": null, "source": null, "name:ko": "대성리", "osm_id": 3408318907, "osm_type": "nodes" }, "geometry": { "type": "Point", "coordinates": [ 127.3795872, 37.6838519 ] } },
{ "type": "Feature", "properties": { "name": "야당", "name:en": "Yadang", "railway": "station", "ele": null, "operator:type": "public", "layer": null, "addr:full": null, "addr:city": "파주시", "source": null, "name:ko": "야당", "osm_id": 4643555327, "osm_type": "nodes" }, "geometry": { "type": "Point", "coordinates": [ 126.7615226, 37.7129672 ] } },
{ "type": "Feature", "properties": { "name": "운정", "name:en": "Unjeong", "railway": "station", "ele": null, "operator:type": "public", "layer": null, "addr:full": null, "addr:city": "파주시", "source": null, "name:ko": "운정", "osm_id": 4699450803, "osm_type": "nodes" }, "geometry": { "type": "Point", "coordinates": [ 126.7670452, 37.725329 ] } },
{ "type": "Feature", "properties": { "name": "월곶", "name:en": "Wolgot", "railway": "station", "ele": null, "operator:type": "public", "layer": null, "addr:full": null, "addr:city": "인천광역시", "source": null, "name:ko": "월곶", "osm_id": 5320511383, "osm_type": "nodes" }, "geometry": { "type": "Point", "coordinates": [ 126.7427001, 37.3917938 ] } },
{ "type": "Feature", "properties": { "name": "강매", "name:en": "Gangmae", "railway": "station", "ele": null, "operator:type": "public", "layer": null, "addr:full": null, "addr:city": "고양시", "source": null, "name:ko": "강매", "osm_id": 5448526340, "osm_type": "nodes" }, "geometry": { "type": "Point", "coordinates": [ 126.8445278, 37.6122869 ] } },
{ "type": "Feature", "properties": { "name": "능곡", "name:en": "Neunggok", "railway": "station", "ele": null, "operator:type": "public", "layer": null, "addr:full": null, "addr:city": null, "source": null, "name:ko": "능곡", "osm_id": 5448527919, "osm_type": "nodes" }, "geometry": { "type": "Point", "coordinates": [ 126.8205157, 37.6189396 ] } },
{ "type": "Feature", "properties": { "name": "고색", "name:en": "Gosaek", "railway": "station", "ele": null, "operator:type": "public", "layer": null, "addr:full": null, "addr:city": null, "source": null, "name:ko": "고색", "osm_id": 5511790788, "osm_type": "nodes" }, "geometry": { "type": "Point", "coordinates": [ 126.9804598, 37.249691 ] } },
{ "type": "Feature", "properties": { "name": "오목천", "name:en": "Omokcheon", "railway": "station", "ele": null, "operator:type": "public", "layer": null, "addr:full": null, "addr:city": null, "source": null, "name:ko": "오목천", "osm_id": 5511790789, "osm_type": "nodes" }, "geometry": { "type": "Point", "coordinates": [ 126.9637423, 37.2433128 ] } },
{ "type": "Feature", "properties": { "name": "청평", "name:en": "Cheongpyeong", "railway": "station", "ele": null, "operator:type": "public", "layer": null, "addr:full": null, "addr:city": null, "source": null, "name:ko": "청평", "osm_id": 5881815521, "osm_type": "nodes" }, "geometry": { "type": "Point", "coordinates": [ 127.4266359, 37.735508 ] } },
{ "type": "Feature", "properties": { "name": "기흥", "name:en": "Giheung", "railway": "station", "ele": null, "operator:type": "public", "layer": null, "addr:full": null, "addr:city": null, "source": null, "name:ko": "기흥", "osm_id": 5909960761, "osm_type": "nodes" }, "geometry": { "type": "Point", "coordinates": [ 127.1160129, 37.2755132 ] } },
{ "type": "Feature", "properties": { "name": "원시", "name:en": "Wonsi", "railway": "station", "ele": null, "operator:type": null, "layer": null, "addr:full": null, "addr:city": null, "source": null, "name:ko": "원시", "osm_id": 5921531567, "osm_type": "nodes" }, "geometry": { "type": "Point", "coordinates": [ 126.7867849, 37.3025572 ] } },
{ "type": "Feature", "properties": { "name": "죽전", "name:en": "Jukjeon", "railway": "station", "ele": null, "operator:type": "public", "layer": null, "addr:full": null, "addr:city": null, "source": null, "name:ko": "죽전", "osm_id": 5924431379, "osm_type": "nodes" }, "geometry": { "type": "Point", "coordinates": [ 127.1074072, 37.3245669 ] } },
{ "type": "Feature", "properties": { "name": "미금", "name:en": "Migeum", "railway": "station", "ele": null, "operator:type": null, "layer": null, "addr:full": null, "addr:city": null, "source": null, "name:ko": "미금", "osm_id": 5927446185, "osm_type": "nodes" }, "geometry": { "type": "Point", "coordinates": [ 127.1091598, 37.3494279 ] } },
{ "type": "Feature", "properties": { "name": "상현", "name:en": "Sanghyeon", "railway": "station", "ele": null, "operator:type": "private", "layer": null, "addr:full": null, "addr:city": null, "source": null, "name:ko": "상현", "osm_id": 6269598428, "osm_type": "nodes" }, "geometry": { "type": "Point", "coordinates": [ 127.069302, 37.2975826 ] } },
{ "type": "Feature", "properties": { "name": "동천", "name:en": "Dongcheon", "railway": "station", "ele": null, "operator:type": "private", "layer": null, "addr:full": null, "addr:city": null, "source": null, "name:ko": "동천", "osm_id": 6271708692, "osm_type": "nodes" }, "geometry": { "type": "Point", "coordinates": [ 127.1028283, 37.338098 ] } },
{ "type": "Feature", "properties": { "name": "오리", "name:en": "Ori", "railway": "station", "ele": null, "operator:type": "public", "layer": null, "addr:full": null, "addr:city": null, "source": null, "name:ko": "오리", "osm_id": 6312484223, "osm_type": "nodes" }, "geometry": { "type": "Point", "coordinates": [ 127.1089098, 37.3399397 ] } },
{ "type": "Feature", "properties": { "name": "보정", "name:en": "Bojeong", "railway": "station", "ele": null, "operator:type": "public", "layer": null, "addr:full": null, "addr:city": null, "source": null, "name:ko": "보정", "osm_id": 6641198799, "osm_type": "nodes" }, "geometry": { "type": "Point", "coordinates": [ 127.108344, 37.3125962 ] } },
{ "type": "Feature", "properties": { "name": "미금", "name:en": "Migeum", "railway": "station", "ele": null, "operator:type": "public", "layer": null, "addr:full": null, "addr:city": "성남시", "source": null, "name:ko": "미금", "osm_id": 7908597462, "osm_type": "nodes" }, "geometry": { "type": "Point", "coordinates": [ 127.1089985, 37.3500225 ] } },
{ "type": "Feature", "properties": { "name": "운천", "name:en": "Uncheon", "railway": "station", "ele": null, "operator:type": "public", "layer": null, "addr:full": null, "addr:city": null, "source": null, "name:ko": "운천", "osm_id": 9950727434, "osm_type": "nodes" }, "geometry": { "type": "Point", "coordinates": [ 126.7699225, 37.8799673 ] } },
{ "type": "Feature", "properties": { "name": "쌍용", "name:en": "Ssangyong", "railway": "station", "ele": null, "operator:type": "public", "layer": null, "addr:full": null, "addr:city": "천안시", "source": null, "name:ko": "쌍용", "osm_id": 980061738, "osm_type": "nodes" }, "geometry": { "type": "Point", "coordinates": [ 127.1212913, 36.7937183 ] } },
{ "type": "Feature", "properties": { "name": "배방", "name:en": "Baebang", "railway": "station", "ele": null, "operator:type": "public", "layer": null, "addr:full": null, "addr:city": "아산시", "source": null, "name:ko": "배방", "osm_id": 1329634746, "osm_type": "nodes" }, "geometry": { "type": "Point", "coordinates": [ 127.0529902, 36.7776995 ] } },
{ "type": "Feature", "properties": { "name": "봉명", "name:en": "Bongmyeong", "railway": "station", "ele": null, "operator:type": "public", "layer": null, "addr:full": null, "addr:city": "천안시", "source": null, "name:ko": "봉명", "osm_id": 1973709782, "osm_type": "nodes" }, "geometry": { "type": "Point", "coordinates": [ 127.135865, 36.8012958 ] } },
{ "type": "Feature", "properties": { "name": "두정", "name:en": "Dujeong", "railway": "station", "ele": null, "operator:type": "public", "layer": null, "addr:full": null, "addr:city": "천안시", "source": null, "name:ko": "두정", "osm_id": 3427906838, "osm_type": "nodes" }, "geometry": { "type": "Point", "coordinates": [ 127.1489375, 36.8336521 ] } },
{ "type": "Feature", "properties": { "name": "백양리", "name:en": "Baekyangri", "railway": "station", "ele": null, "operator:type": null, "layer": null, "addr:full": null, "addr:city": null, "source": null, "name:ko": "백양리", "osm_id": 2783256700, "osm_type": "nodes" }, "geometry": { "type": "Point", "coordinates": [ 127.5891684, 37.8307811 ] } },
{ "type": "Feature", "properties": { "name": "강촌", "name:en": "Gangchon", "railway": "station", "ele": null, "operator:type": null, "layer": null, "addr:full": null, "addr:city": null, "source": null, "name:ko": "강촌", "osm_id": 2783311708, "osm_type": "nodes" }, "geometry": { "type": "Point", "coordinates": [ 127.6341294, 37.8057137 ] } },
{ "type": "Feature", "properties": { "name": "수색", "name:en": "Susaek", "railway": "station", "ele": null, "operator:type": null, "layer": null, "addr:full": null, "addr:city": null, "source": null, "name:ko": "수색", "osm_id": 368636260, "osm_type": "nodes" }, "geometry": { "type": "Point", "coordinates": [ 126.8955531, 37.5807582 ] } },
{ "type": "Feature", "properties": { "name": "망우", "name:en": "Mangu", "railway": "station", "ele": null, "operator:type": "public", "layer": null, "addr:full": null, "addr:city": null, "source": null, "name:ko": "망우", "osm_id": 1789755424, "osm_type": "nodes" }, "geometry": { "type": "Point", "coordinates": [ 127.0918581, 37.5996345 ] } },
{ "type": "Feature", "properties": { "name": "노들", "name:en": "Nodeul", "railway": "station", "ele": null, "operator:type": null, "layer": null, "addr:full": null, "addr:city": null, "source": null, "name:ko": "노들", "osm_id": 1994702339, "osm_type": "nodes" }, "geometry": { "type": "Point", "coordinates": [ 126.9535497, 37.5129744 ] } },
{ "type": "Feature", "properties": { "name": "계양", "name:en": "Gyeyang", "railway": "station", "ele": null, "operator:type": "consortium", "layer": null, "addr:full": null, "addr:city": null, "source": null, "name:ko": "계양", "osm_id": 3152004118, "osm_type": "nodes" }, "geometry": { "type": "Point", "coordinates": [ 126.736311, 37.571767 ] } },
{ "type": "Feature", "properties": { "name": "검암", "name:en": "Geomam", "railway": "station", "ele": null, "operator:type": null, "layer": null, "addr:full": null, "addr:city": null, "source": null, "name:ko": "검암", "osm_id": 5919544721, "osm_type": "nodes" }, "geometry": { "type": "Point", "coordinates": [ 126.6737138, 37.5691799 ] } },
{ "type": "Feature", "properties": { "name": "오금", "name:en": "Ogeum", "railway": "station", "ele": null, "operator:type": null, "layer": null, "addr:full": null, "addr:city": null, "source": null, "name:ko": "오금", "osm_id": 5934012013, "osm_type": "nodes" }, "geometry": { "type": "Point", "coordinates": [ 127.1281525, 37.5019815 ] } },
{ "type": "Feature", "properties": { "name": "쌍문", "name:en": "Ssangmun", "railway": "station", "ele": null, "operator:type": null, "layer": null, "addr:full": null, "addr:city": null, "source": null, "name:ko": "쌍문", "osm_id": 6036160301, "osm_type": "nodes" }, "geometry": { "type": "Point", "coordinates": [ 127.0345788, 37.6484028 ] } },
{ "type": "Feature", "properties": { "name": "마천", "name:en": "Macheon", "railway": "station", "ele": null, "operator:type": null, "layer": null, "addr:full": null, "addr:city": null, "source": null, "name:ko": "마천", "osm_id": 6039313042, "osm_type": "nodes" }, "geometry": { "type": "Point", "coordinates": [ 127.1527241, 37.4949531 ] } },
{ "type": "Feature", "properties": { "name": "거여", "name:en": "Geoyeo", "railway": "station", "ele": null, "operator:type": null, "layer": null, "addr:full": null, "addr:city": null, "source": null, "name:ko": "거여", "osm_id": 6039313045, "osm_type": "nodes" }, "geometry": { "type": "Point", "coordinates": [ 127.1437709, 37.4933453 ] } },
{ "type": "Feature", "properties": { "name": "개롱", "name:en": "Gaerong", "railway": "station", "ele": null, "operator:type": null, "layer": null, "addr:full": null, "addr:city": null, "source": null, "name:ko": "개롱", "osm_id": 6039313048, "osm_type": "nodes" }, "geometry": { "type": "Point", "coordinates": [ 127.1348432, 37.4980749 ] } },
{ "type": "Feature", "properties": { "name": "방이", "name:en": "Bangi", "railway": "station", "ele": null, "operator:type": null, "layer": null, "addr:full": null, "addr:city": null, "source": null, "name:ko": "방이", "osm_id": 6039313052, "osm_type": "nodes" }, "geometry": { "type": "Point", "coordinates": [ 127.1260388, 37.5086429 ] } },
{ "type": "Feature", "properties": { "name": "군자", "name:en": "Gunja", "railway": "station", "ele": null, "operator:type": null, "layer": null, "addr:full": null, "addr:city": null, "source": null, "name:ko": "군자", "osm_id": 6046633861, "osm_type": "nodes" }, "geometry": { "type": "Point", "coordinates": [ 127.0795575, 37.5572448 ] } },
{ "type": "Feature", "properties": { "name": "중곡", "name:en": "Junggok", "railway": "station", "ele": null, "operator:type": null, "layer": null, "addr:full": null, "addr:city": null, "source": null, "name:ko": "중곡", "osm_id": 6046633862, "osm_type": "nodes" }, "geometry": { "type": "Point", "coordinates": [ 127.0845155, 37.5663055 ] } },
{ "type": "Feature", "properties": { "name": "용마산", "name:en": "Yongmasan", "railway": "station", "ele": null, "operator:type": null, "layer": null, "addr:full": null, "addr:city": null, "source": null, "name:ko": "용마산", "osm_id": 6046633863, "osm_type": "nodes" }, "geometry": { "type": "Point", "coordinates": [ 127.0865798, 37.573993 ] } },
{ "type": "Feature", "properties": { "name": "사가정", "name:en": "Sagajeong", "railway": "station", "ele": null, "operator:type": null, "layer": null, "addr:full": null, "addr:city": null, "source": null, "name:ko": "사가정", "osm_id": 6046633864, "osm_type": "nodes" }, "geometry": { "type": "Point", "coordinates": [ 127.0884106, 37.5806971 ] } },
{ "type": "Feature", "properties": { "name": "면목", "name:en": "Myeonmok", "railway": "station", "ele": null, "operator:type": null, "layer": null, "addr:full": null, "addr:city": null, "source": null, "name:ko": "면목", "osm_id": 6046633865, "osm_type": "nodes" }, "geometry": { "type": "Point", "coordinates": [ 127.0876041, 37.5884004 ] } },
{ "type": "Feature", "properties": { "name": "중화", "name:en": "Junghwa", "railway": "station", "ele": null, "operator:type": null, "layer": null, "addr:full": null, "addr:city": null, "source": null, "name:ko": "중화", "osm_id": 6046633869, "osm_type": "nodes" }, "geometry": { "type": "Point", "coordinates": [ 127.0795172, 37.6016267 ] } },
{ "type": "Feature", "properties": { "name": "먹골", "name:en": "Meokgol", "railway": "station", "ele": null, "operator:type": null, "layer": null, "addr:full": null, "addr:city": null, "source": null, "name:ko": "먹골", "osm_id": 6046633870, "osm_type": "nodes" }, "geometry": { "type": "Point", "coordinates": [ 127.0776518, 37.6114417 ] } },
{ "type": "Feature", "properties": { "name": "상도", "name:en": "Sangdo", "railway": "station", "ele": null, "operator:type": null, "layer": null, "addr:full": null, "addr:city": null, "source": null, "name:ko": "상도", "osm_id": 6048953579, "osm_type": "nodes" }, "geometry": { "type": "Point", "coordinates": [ 126.9476726, 37.503216 ] } },
{ "type": "Feature", "properties": { "name": "숭실대입구", "name:en": "Soongsil Univ.", "railway": "station", "ele": null, "operator:type": null, "layer": null, "addr:full": null, "addr:city": null, "source": null, "name:ko": "숭실대입구", "osm_id": 6048953580, "osm_type": "nodes" }, "geometry": { "type": "Point", "coordinates": [ 126.9541334, 37.4956862 ] } },
{ "type": "Feature", "properties": { "name": "남성", "name:en": "Namseong", "railway": "station", "ele": null, "operator:type": null, "layer": null, "addr:full": null, "addr:city": null, "source": null, "name:ko": "남성", "osm_id": 6048953581, "osm_type": "nodes" }, "geometry": { "type": "Point", "coordinates": [ 126.9718936, 37.4843545 ] } },
{ "type": "Feature", "properties": { "name": "내방", "name:en": "Naebang", "railway": "station", "ele": null, "operator:type": null, "layer": null, "addr:full": null, "addr:city": null, "source": null, "name:ko": "내방", "osm_id": 6048953583, "osm_type": "nodes" }, "geometry": { "type": "Point", "coordinates": [ 126.9935544, 37.4876455 ] } },
{ "type": "Feature", "properties": { "name": "반포", "name:en": "Banpo", "railway": "station", "ele": null, "operator:type": null, "layer": null, "addr:full": null, "addr:city": null, "source": null, "name:ko": "반포", "osm_id": 6048953584, "osm_type": "nodes" }, "geometry": { "type": "Point", "coordinates": [ 127.0116346, 37.5081748 ] } },
{ "type": "Feature", "properties": { "name": "학동", "name:en": "Hak-dong", "railway": "station", "ele": null, "operator:type": null, "layer": null, "addr:full": null, "addr:city": null, "source": null, "name:ko": "학동", "osm_id": 6048954786, "osm_type": "nodes" }, "geometry": { "type": "Point", "coordinates": [ 127.03075, 37.5139566 ] } },
{ "type": "Feature", "properties": { "name": "장지", "name:en": "Jangji", "railway": "station", "ele": null, "operator:type": null, "layer": null, "addr:full": null, "addr:city": null, "source": null, "name:ko": "장지", "osm_id": 6094326927, "osm_type": "nodes" }, "geometry": { "type": "Point", "coordinates": [ 127.126067, 37.4788881 ] } },
{ "type": "Feature", "properties": { "name": "원인재", "name:en": "Woninjae", "railway": "station", "ele": null, "operator:type": "public", "layer": null, "addr:full": null, "addr:city": "인천광역시", "source": null, "name:ko": "원인재", "osm_id": 7902422674, "osm_type": "nodes" }, "geometry": { "type": "Point", "coordinates": [ 126.6865914, 37.4131241 ] } },
{ "type": "Feature", "properties": { "name": "대곡", "name:en": "Daegok", "railway": "station", "ele": null, "operator:type": "public", "layer": null, "addr:full": null, "addr:city": null, "source": null, "name:ko": "대곡", "osm_id": 9924568342, "osm_type": "nodes" }, "geometry": { "type": "Point", "coordinates": [ 126.8111837, 37.6324164 ] } },
{ "type": "Feature", "properties": { "name": "운정중앙", "name:en": "Unjeongjungang", "railway": "station", "ele": null, "operator:type": "public", "layer": null, "addr:full": null, "addr:city": null, "source": null, "name:ko": "운정중앙", "osm_id": 12237749725, "osm_type": "nodes" }, "geometry": { "type": "Point", "coordinates": [ 126.7282857, 37.7161461 ] } },
{ "type": "Feature", "properties": { "name": "킨텍스", "name:en": "Kintex", "railway": "station", "ele": null, "operator:type": "public", "layer": null, "addr:full": null, "addr:city": "고양시", "source": null, "name:ko": "킨텍스", "osm_id": 12455789580, "osm_type": "nodes" }, "geometry": { "type": "Point", "coordinates": [ 126.7483258, 37.6652142 ] } },
{ "type": "Feature", "properties": { "name": "연신내", "name:en": "Yeonsinnae", "railway": "station", "ele": null, "operator:type": "public", "layer": null, "addr:full": null, "addr:city": null, "source": null, "name:ko": "연신내", "osm_id": 12455789590, "osm_type": "nodes" }, "geometry": { "type": "Point", "coordinates": [ 126.9203978, 37.6189297 ] } },
{ "type": "Feature", "properties": { "name": null, "name:en": null, "railway": "station", "ele": null, "operator:type": null, "layer": null, "addr:full": null, "addr:city": null, "source": null, "name:ko": null, "osm_id": 13483014016, "osm_type": "nodes" }, "geometry": { "type": "Point", "coordinates": [ 130.797508099999988, 37.5132389 ] } },
{ "type": "Feature", "properties": { "name": null, "name:en": null, "railway": "station", "ele": null, "operator:type": null, "layer": null, "addr:full": null, "addr:city": null, "source": null, "name:ko": null, "osm_id": 13483014017, "osm_type": "nodes" }, "geometry": { "type": "Point", "coordinates": [ 130.798391400000014, 37.5148601 ] } },
{ "type": "Feature", "properties": { "name": "남양산", "name:en": "Namyangsan", "railway": "station", "ele": null, "operator:type": null, "layer": null, "addr:full": null, "addr:city": null, "source": null, "name:ko": "남양산", "osm_id": 355173817, "osm_type": "nodes" }, "geometry": { "type": "Point", "coordinates": [ 129.0193639, 35.325404 ] } },
{ "type": "Feature", "properties": { "name": "한남", "name:en": "Hannam", "railway": "station", "ele": null, "operator:type": "public", "layer": null, "addr:full": null, "addr:city": null, "source": null, "name:ko": "한남", "osm_id": 355173656, "osm_type": "nodes" }, "geometry": { "type": "Point", "coordinates": [ 127.0092424, 37.5294452 ] } },
{ "type": "Feature", "properties": { "name": "사북", "name:en": "Sabuk", "railway": "station", "ele": null, "operator:type": null, "layer": null, "addr:full": null, "addr:city": null, "source": null, "name:ko": "사북", "osm_id": 360198537, "osm_type": "nodes" }, "geometry": { "type": "Point", "coordinates": [ 128.8170335, 37.2261666 ] } },
{ "type": "Feature", "properties": { "name": "충주", "name:en": "Chungju", "railway": "station", "ele": null, "operator:type": "public", "layer": null, "addr:full": null, "addr:city": "충주시", "source": "gps", "name:ko": "충주", "osm_id": 368636118, "osm_type": "nodes" }, "geometry": { "type": "Point", "coordinates": [ 127.9080675, 36.9752571 ] } },
{ "type": "Feature", "properties": { "name": "삼례", "name:en": "Samnye", "railway": "station", "ele": null, "operator:type": "public", "layer": null, "addr:full": null, "addr:city": "완주군", "source": null, "name:ko": "삼례", "osm_id": 368636158, "osm_type": "nodes" }, "geometry": { "type": "Point", "coordinates": [ 127.0659487, 35.9039125 ] } },
{ "type": "Feature", "properties": { "name": "영주", "name:en": "Yeongju", "railway": "station", "ele": null, "operator:type": "public", "layer": null, "addr:full": null, "addr:city": "영주시", "source": null, "name:ko": "영주", "osm_id": 910386578, "osm_type": "nodes" }, "geometry": { "type": "Point", "coordinates": [ 128.625578, 36.8109445 ] } },
{ "type": "Feature", "properties": { "name": "여천", "name:en": "Yeocheon", "railway": "station", "ele": null, "operator:type": "public", "layer": null, "addr:full": null, "addr:city": null, "source": null, "name:ko": "여천", "osm_id": 1289512805, "osm_type": "nodes" }, "geometry": { "type": "Point", "coordinates": [ 127.6644496, 34.7794624 ] } },
{ "type": "Feature", "properties": { "name": "화명", "name:en": "Hwamyeong", "railway": "station", "ele": null, "operator:type": "public", "layer": null, "addr:full": null, "addr:city": null, "source": null, "name:ko": "화명", "osm_id": 1763799270, "osm_type": "nodes" }, "geometry": { "type": "Point", "coordinates": [ 129.007630799999987, 35.2344564 ] } },
{ "type": "Feature", "properties": { "name": "금강", "name:en": "Geumgang", "railway": "station", "ele": null, "operator:type": null, "layer": null, "addr:full": null, "addr:city": null, "source": null, "name:ko": "금강", "osm_id": 1880695888, "osm_type": "nodes" }, "geometry": { "type": "Point", "coordinates": [ 128.7373933, 35.8624915 ] } },
{ "type": "Feature", "properties": { "name": "백마고지", "name:en": "Baengmagoji", "railway": "station", "ele": null, "operator:type": "public", "layer": null, "addr:full": null, "addr:city": null, "source": null, "name:ko": "백마고지", "osm_id": 1939806959, "osm_type": "nodes" }, "geometry": { "type": "Point", "coordinates": [ 127.1660346, 38.2575293 ] } },
{ "type": "Feature", "properties": { "name": "서강대", "name:en": "Sogang Univ.", "railway": "station", "ele": null, "operator:type": null, "layer": null, "addr:full": null, "addr:city": null, "source": null, "name:ko": "서강대", "osm_id": 3406378782, "osm_type": "nodes" }, "geometry": { "type": "Point", "coordinates": [ 126.9351841, 37.552353 ] } },
{ "type": "Feature", "properties": { "name": "양평레일바이크 종점", "name:en": "Rail Bike-end", "railway": "station", "ele": null, "operator:type": null, "layer": null, "addr:full": null, "addr:city": null, "source": null, "name:ko": null, "osm_id": 3732996352, "osm_type": "nodes" }, "geometry": { "type": "Point", "coordinates": [ 127.5615506, 37.4706491 ] } },
{ "type": "Feature", "properties": { "name": "조치원", "name:en": "Jochiwon", "railway": "station", "ele": null, "operator:type": "public", "layer": null, "addr:full": null, "addr:city": null, "source": null, "name:ko": "조치원", "osm_id": 4011911213, "osm_type": "nodes" }, "geometry": { "type": "Point", "coordinates": [ 127.2958888, 36.60102 ] } },
{ "type": "Feature", "properties": { "name": "정동진", "name:en": "Jeongdongjin", "railway": "station", "ele": null, "operator:type": "public", "layer": null, "addr:full": null, "addr:city": null, "source": null, "name:ko": "정동진", "osm_id": 4292242739, "osm_type": "nodes" }, "geometry": { "type": "Point", "coordinates": [ 129.0325076, 37.6918304 ] } },
{ "type": "Feature", "properties": { "name": "양동", "name:en": "Yangdong", "railway": "station", "ele": null, "operator:type": null, "layer": null, "addr:full": null, "addr:city": null, "source": null, "name:ko": "양동", "osm_id": 4438565932, "osm_type": "nodes" }, "geometry": { "type": "Point", "coordinates": [ 127.7547601, 37.4202671 ] } },
{ "type": "Feature", "properties": { "name": "심천", "name:en": "Simcheon", "railway": "station", "ele": null, "operator:type": "public", "layer": null, "addr:full": null, "addr:city": "영동군", "source": null, "name:ko": "심천", "osm_id": 4497184211, "osm_type": "nodes" }, "geometry": { "type": "Point", "coordinates": [ 127.7207879, 36.2368257 ] } },
{ "type": "Feature", "properties": { "name": "남성현", "name:en": "Namseonghyeon", "railway": "station", "ele": null, "operator:type": null, "layer": null, "addr:full": null, "addr:city": null, "source": null, "name:ko": "남성현", "osm_id": 4550135662, "osm_type": "nodes" }, "geometry": { "type": "Point", "coordinates": [ 128.7162166, 35.7048337 ] } },
{ "type": "Feature", "properties": { "name": "청주공항", "name:en": "Cheongju Int'l Airport", "railway": "station", "ele": null, "operator:type": "public", "layer": null, "addr:full": null, "addr:city": null, "source": null, "name:ko": "청주공항", "osm_id": 4631438436, "osm_type": "nodes" }, "geometry": { "type": "Point", "coordinates": [ 127.4896373, 36.7217992 ] } },
{ "type": "Feature", "properties": { "name": "삼산", "name:en": "Samsan", "railway": "station", "ele": null, "operator:type": "public", "layer": null, "addr:full": null, "addr:city": null, "source": null, "name:ko": "삼산", "osm_id": 4685320066, "osm_type": "nodes" }, "geometry": { "type": "Point", "coordinates": [ 127.7797291, 37.3922782 ] } },
{ "type": "Feature", "properties": { "name": "반성", "name:en": "Banseong", "railway": "station", "ele": null, "operator:type": "public", "layer": null, "addr:full": null, "addr:city": null, "source": null, "name:ko": "반성", "osm_id": 4691566557, "osm_type": "nodes" }, "geometry": { "type": "Point", "coordinates": [ 128.2582437, 35.1748106 ] } },
{ "type": "Feature", "properties": { "name": "횡천", "name:en": "Hoengcheon", "railway": "station", "ele": null, "operator:type": "public", "layer": null, "addr:full": null, "addr:city": null, "source": null, "name:ko": "횡천", "osm_id": 4691577004, "osm_type": "nodes" }, "geometry": { "type": "Point", "coordinates": [ 127.8016787, 35.0992713 ] } },
{ "type": "Feature", "properties": { "name": "남포", "name:en": null, "railway": "station", "ele": null, "operator:type": "public", "layer": null, "addr:full": null, "addr:city": null, "source": null, "name:ko": "남포", "osm_id": 4753904469, "osm_type": "nodes" }, "geometry": { "type": "Point", "coordinates": [ 126.5947591, 36.3155876 ] } },
{ "type": "Feature", "properties": { "name": "청령포", "name:en": "Cheongnyeongpo", "railway": "station", "ele": null, "operator:type": null, "layer": null, "addr:full": null, "addr:city": null, "source": null, "name:ko": "청령포", "osm_id": 4767326624, "osm_type": "nodes" }, "geometry": { "type": "Point", "coordinates": [ 128.4496819, 37.1706749 ] } },
{ "type": "Feature", "properties": { "name": "탄부", "name:en": "Tanbu", "railway": "station", "ele": null, "operator:type": null, "layer": null, "addr:full": null, "addr:city": null, "source": null, "name:ko": "탄부", "osm_id": 4767326709, "osm_type": "nodes" }, "geometry": { "type": "Point", "coordinates": [ 128.5091641, 37.1833577 ] } },
{ "type": "Feature", "properties": { "name": "연하", "name:en": "Yeonha", "railway": "station", "ele": null, "operator:type": null, "layer": null, "addr:full": null, "addr:city": null, "source": null, "name:ko": "연하", "osm_id": 4767488289, "osm_type": "nodes" }, "geometry": { "type": "Point", "coordinates": [ 128.5552232, 37.1907577 ] } },
{ "type": "Feature", "properties": { "name": "문곡", "name:en": "Mungok", "railway": "station", "ele": null, "operator:type": null, "layer": null, "addr:full": null, "addr:city": null, "source": null, "name:ko": "문곡", "osm_id": 4779079334, "osm_type": "nodes" }, "geometry": { "type": "Point", "coordinates": [ 128.9898642, 37.1517538 ] } },
{ "type": "Feature", "properties": { "name": "서원주", "name:en": "Seowonju", "railway": "station", "ele": null, "operator:type": "public", "layer": null, "addr:full": null, "addr:city": null, "source": null, "name:ko": "서원주", "osm_id": 4826452445, "osm_type": "nodes" }, "geometry": { "type": "Point", "coordinates": [ 127.8393953, 37.3485297 ] } },
{ "type": "Feature", "properties": { "name": "평창", "name:en": "Pyeongchang", "railway": "station", "ele": null, "operator:type": "public", "layer": null, "addr:full": null, "addr:city": "평창군", "source": null, "name:ko": "평창", "osm_id": 4880228659, "osm_type": "nodes" }, "geometry": { "type": "Point", "coordinates": [ 128.430034299999988, 37.5619574 ] } },
{ "type": "Feature", "properties": { "name": "신망리", "name:en": "Sinmang-ri", "railway": "station", "ele": null, "operator:type": "public", "layer": null, "addr:full": null, "addr:city": null, "source": null, "name:ko": "신망리", "osm_id": 5271456997, "osm_type": "nodes" }, "geometry": { "type": "Point", "coordinates": [ 127.0784611, 38.1325039 ] } },
{ "type": "Feature", "properties": { "name": "서빙고", "name:en": "Seobinggo", "railway": "station", "ele": null, "operator:type": "public", "layer": null, "addr:full": null, "addr:city": null, "source": null, "name:ko": "서빙고", "osm_id": 5273307894, "osm_type": "nodes" }, "geometry": { "type": "Point", "coordinates": [ 126.9883182, 37.5195744 ] } },
{ "type": "Feature", "properties": { "name": "이촌", "name:en": "Ichon", "railway": "station", "ele": null, "operator:type": "public", "layer": null, "addr:full": null, "addr:city": null, "source": null, "name:ko": "이촌", "osm_id": 5351281122, "osm_type": "nodes" }, "geometry": { "type": "Point", "coordinates": [ 126.9733635, 37.5224397 ] } },
{ "type": "Feature", "properties": { "name": "도농", "name:en": "Donong", "railway": "station", "ele": null, "operator:type": "public", "layer": null, "addr:full": null, "addr:city": null, "source": null, "name:ko": "도농", "osm_id": 5446010327, "osm_type": "nodes" }, "geometry": { "type": "Point", "coordinates": [ 127.161187, 37.6087826 ] } },
{ "type": "Feature", "properties": { "name": "양정", "name:en": "Yangjeong", "railway": "station", "ele": null, "operator:type": "public", "layer": null, "addr:full": null, "addr:city": null, "source": null, "name:ko": "양정", "osm_id": 5446013304, "osm_type": "nodes" }, "geometry": { "type": "Point", "coordinates": [ 127.1946137, 37.6040198 ] } },
{ "type": "Feature", "properties": { "name": "강구", "name:en": "Gangu", "railway": "station", "ele": null, "operator:type": "public", "layer": null, "addr:full": null, "addr:city": null, "source": null, "name:ko": "강구", "osm_id": 5487467976, "osm_type": "nodes" }, "geometry": { "type": "Point", "coordinates": [ 129.372231, 36.3522445 ] } },
{ "type": "Feature", "properties": { "name": "흥전삭도마을", "name:en": null, "railway": "station", "ele": null, "operator:type": null, "layer": null, "addr:full": null, "addr:city": null, "source": null, "name:ko": null, "osm_id": 5549811384, "osm_type": "nodes" }, "geometry": { "type": "Point", "coordinates": [ 129.038875100000013, 37.2130098 ] } },
{ "type": "Feature", "properties": { "name": "신해운대", "name:en": "Sinhaeundae", "railway": "station", "ele": null, "operator:type": "public", "layer": null, "addr:full": null, "addr:city": "부산광역시", "source": null, "name:ko": "신해운대", "osm_id": 5747415218, "osm_type": "nodes" }, "geometry": { "type": "Point", "coordinates": [ 129.1768241, 35.1817359 ] } },
{ "type": "Feature", "properties": { "name": "옥수", "name:en": "Oksu", "railway": "station", "ele": null, "operator:type": "public", "layer": null, "addr:full": null, "addr:city": null, "source": null, "name:ko": "옥수", "osm_id": 5933896994, "osm_type": "nodes" }, "geometry": { "type": "Point", "coordinates": [ 127.0183585, 37.540264 ] } },
{ "type": "Feature", "properties": { "name": "김해낙동강레일파크", "name:en": "Gimhae Nakdonggang Railpark", "railway": "station", "ele": null, "operator:type": null, "layer": null, "addr:full": null, "addr:city": null, "source": null, "name:ko": null, "osm_id": 6539104985, "osm_type": "nodes" }, "geometry": { "type": "Point", "coordinates": [ 128.8208028, 35.371785 ] } },
{ "type": "Feature", "properties": { "name": "신보성", "name:en": "Sinboseong", "railway": "station", "ele": null, "operator:type": "public", "layer": null, "addr:full": null, "addr:city": "보성군", "source": null, "name:ko": "신보성", "osm_id": 7106135782, "osm_type": "nodes" }, "geometry": { "type": "Point", "coordinates": [ 127.0856698, 34.7593489 ] } },
{ "type": "Feature", "properties": { "name": "장동", "name:en": null, "railway": "station", "ele": null, "operator:type": "public", "layer": null, "addr:full": null, "addr:city": null, "source": null, "name:ko": "장동", "osm_id": 7106135784, "osm_type": "nodes" }, "geometry": { "type": "Point", "coordinates": [ 126.9952703, 34.7533238 ] } },
{ "type": "Feature", "properties": { "name": "전남장흥", "name:en": "JeonnamJangheung", "railway": "station", "ele": null, "operator:type": "public", "layer": null, "addr:full": null, "addr:city": null, "source": null, "name:ko": "전남장흥", "osm_id": 7106197685, "osm_type": "nodes" }, "geometry": { "type": "Point", "coordinates": [ 126.9110592, 34.6690876 ] } },
{ "type": "Feature", "properties": { "name": "목포", "name:en": "Mokpo", "railway": "station", "ele": null, "operator:type": "public", "layer": null, "addr:full": null, "addr:city": "목포시", "source": null, "name:ko": "목포", "osm_id": 7839157592, "osm_type": "nodes" }, "geometry": { "type": "Point", "coordinates": [ 126.3876448, 34.7921339 ] } },
{ "type": "Feature", "properties": { "name": "여수엑스포", "name:en": "Yeosu EXPO", "railway": "station", "ele": null, "operator:type": "public", "layer": null, "addr:full": null, "addr:city": null, "source": null, "name:ko": "여수엑스포", "osm_id": 8142633924, "osm_type": "nodes" }, "geometry": { "type": "Point", "coordinates": [ 127.7492394, 34.7555141 ] } },
{ "type": "Feature", "properties": { "name": "아화", "name:en": "Ahwa", "railway": "station", "ele": null, "operator:type": null, "layer": null, "addr:full": null, "addr:city": null, "source": null, "name:ko": "아화", "osm_id": 8962684261, "osm_type": "nodes" }, "geometry": { "type": "Point", "coordinates": [ 129.0513788, 35.8986342 ] } },
{ "type": "Feature", "properties": { "name": "풍기", "name:en": "Punggi", "railway": "station", "ele": null, "operator:type": "public", "layer": null, "addr:full": null, "addr:city": null, "source": null, "name:ko": "풍기", "osm_id": 8984037491, "osm_type": "nodes" }, "geometry": { "type": "Point", "coordinates": [ 128.5234721, 36.8740554 ] } },
{ "type": "Feature", "properties": { "name": "단양", "name:en": "Danyang", "railway": "station", "ele": null, "operator:type": null, "layer": null, "addr:full": null, "addr:city": "단양군", "source": null, "name:ko": "단양", "osm_id": 8984037520, "osm_type": "nodes" }, "geometry": { "type": "Point", "coordinates": [ 128.34404, 36.9731041 ] } },
{ "type": "Feature", "properties": { "name": "북천", "name:en": "Bukcheon", "railway": "station", "ele": null, "operator:type": "public", "layer": null, "addr:full": null, "addr:city": null, "source": null, "name:ko": null, "osm_id": 8998267318, "osm_type": "nodes" }, "geometry": { "type": "Point", "coordinates": [ 127.8835812, 35.111672 ] } },
{ "type": "Feature", "properties": { "name": "일신", "name:en": "Ilsin", "railway": "station", "ele": null, "operator:type": null, "layer": null, "addr:full": null, "addr:city": null, "source": null, "name:ko": "일신", "osm_id": 9007807571, "osm_type": "nodes" }, "geometry": { "type": "Point", "coordinates": [ 127.6890047, 37.4453582 ] } },
{ "type": "Feature", "properties": { "name": "가남", "name:en": "Ganam", "railway": "station", "ele": null, "operator:type": "public", "layer": null, "addr:full": null, "addr:city": null, "source": null, "name:ko": "가남", "osm_id": 9008200149, "osm_type": "nodes" }, "geometry": { "type": "Point", "coordinates": [ 127.5354382, 37.1974167 ] } },
{ "type": "Feature", "properties": { "name": "포항", "name:en": "Pohang", "railway": "station", "ele": null, "operator:type": "public", "layer": null, "addr:full": null, "addr:city": "포항시", "source": null, "name:ko": "포항", "osm_id": 9044855253, "osm_type": "nodes" }, "geometry": { "type": "Point", "coordinates": [ 129.342678400000011, 36.0712333 ] } },
{ "type": "Feature", "properties": { "name": "영덕", "name:en": "Yeongdeok station", "railway": "station", "ele": null, "operator:type": "public", "layer": null, "addr:full": null, "addr:city": "영덕군", "source": null, "name:ko": "영덕", "osm_id": 9046712244, "osm_type": "nodes" }, "geometry": { "type": "Point", "coordinates": [ 129.3783288, 36.4102544 ] } },
{ "type": "Feature", "properties": { "name": "앙성온천", "name:en": "Angseongoncheon", "railway": "station", "ele": null, "operator:type": "public", "layer": null, "addr:full": null, "addr:city": null, "source": null, "name:ko": "앙성온천", "osm_id": 9104562082, "osm_type": "nodes" }, "geometry": { "type": "Point", "coordinates": [ 127.7869489, 37.0920714 ] } },
{ "type": "Feature", "properties": { "name": "서천", "name:en": "Seocheon", "railway": "station", "ele": null, "operator:type": "public", "layer": null, "addr:full": null, "addr:city": null, "source": null, "name:ko": "서천", "osm_id": 10165830852, "osm_type": "nodes" }, "geometry": { "type": "Point", "coordinates": [ 126.7084727, 36.0821954 ] } },
{ "type": "Feature", "properties": { "name": "탑리", "name:en": "Tamni", "railway": "station", "ele": null, "operator:type": null, "layer": null, "addr:full": null, "addr:city": "의성군", "source": null, "name:ko": "탑리", "osm_id": 11020053634, "osm_type": "nodes" }, "geometry": { "type": "Point", "coordinates": [ 128.682763200000011, 36.2597538 ] } },
{ "type": "Feature", "properties": { "name": "후포", "name:en": "Hupo", "railway": "station", "ele": null, "operator:type": "public", "layer": null, "addr:full": null, "addr:city": "울진군", "source": null, "name:ko": "후포", "osm_id": 11696468018, "osm_type": "nodes" }, "geometry": { "type": "Point", "coordinates": [ 129.4367291, 36.6832255 ] } },
{ "type": "Feature", "properties": { "name": "수서", "name:en": "Suseo", "railway": "station", "ele": null, "operator:type": "public", "layer": null, "addr:full": null, "addr:city": null, "source": null, "name:ko": "수서", "osm_id": 11697304775, "osm_type": "nodes" }, "geometry": { "type": "Point", "coordinates": [ 127.1022789, 37.4860164 ] } },
{ "type": "Feature", "properties": { "name": "간현레일바이크종점", "name:en": null, "railway": "station", "ele": null, "operator:type": null, "layer": null, "addr:full": null, "addr:city": null, "source": null, "name:ko": null, "osm_id": 12178154628, "osm_type": "nodes" }, "geometry": { "type": "Point", "coordinates": [ 127.787058, 37.3876847 ] } },
{ "type": "Feature", "properties": { "name": "북철송장", "name:en": "Bukchulsongjang", "railway": "station", "ele": null, "operator:type": "public", "layer": null, "addr:full": null, "addr:city": null, "source": null, "name:ko": "북철송장", "osm_id": 13376351310, "osm_type": "nodes" }, "geometry": { "type": "Point", "coordinates": [ 128.8259156, 35.0829341 ] } },
{ "type": "Feature", "properties": { "name": "중리", "name:en": "Jung-ri", "railway": "station", "ele": null, "operator:type": null, "layer": null, "addr:full": null, "addr:city": null, "source": null, "name:ko": "중리", "osm_id": 13472835117, "osm_type": "nodes" }, "geometry": { "type": "Point", "coordinates": [ 128.5191791, 35.2496799 ] } },
{ "type": "Feature", "properties": { "name": "부전", "name:en": "Bujeon", "railway": "station", "ele": null, "operator:type": "public", "layer": null, "addr:full": null, "addr:city": null, "source": null, "name:ko": "부전", "osm_id": 355173722, "osm_type": "nodes" }, "geometry": { "type": "Point", "coordinates": [ 129.062941099999989, 35.1626001 ] } },
{ "type": "Feature", "properties": { "name": "신천", "name:en": "Sincheon", "railway": "station", "ele": null, "operator:type": null, "layer": null, "addr:full": null, "addr:city": null, "source": null, "name:ko": null, "osm_id": 13061220273, "osm_type": "nodes" }, "geometry": { "type": "Point", "coordinates": [ 128.617565399999989, 35.8746219 ] } },
{ "type": "Feature", "properties": { "name": "봉은사", "name:en": "Bongeunsa", "railway": "station", "ele": null, "operator:type": null, "layer": "-2", "addr:full": null, "addr:city": null, "source": null, "name:ko": "봉은사", "osm_id": 3824606373, "osm_type": "nodes" }, "geometry": { "type": "Point", "coordinates": [ 127.0602411, 37.5141869 ] } },
{ "type": "Feature", "properties": { "name": "신논현", "name:en": "Sinnonhyeon", "railway": "station", "ele": null, "operator:type": null, "layer": null, "addr:full": null, "addr:city": null, "source": null, "name:ko": "신논현", "osm_id": 3824606390, "osm_type": "nodes" }, "geometry": { "type": "Point", "coordinates": [ 127.0245306, 37.5043224 ] } },
{ "type": "Feature", "properties": { "name": "영종", "name:en": "Yeongjong", "railway": "station", "ele": null, "operator:type": null, "layer": null, "addr:full": null, "addr:city": null, "source": null, "name:ko": "영종", "osm_id": 4090063434, "osm_type": "nodes" }, "geometry": { "type": "Point", "coordinates": [ 126.524599, 37.5118887 ] } },
{ "type": "Feature", "properties": { "name": "신내", "name:en": "Sinnae", "railway": "station", "ele": null, "operator:type": "public", "layer": null, "addr:full": null, "addr:city": null, "source": null, "name:ko": "신내", "osm_id": 5447336160, "osm_type": "nodes" }, "geometry": { "type": "Point", "coordinates": [ 127.1032423, 37.6126476 ] } },
{ "type": "Feature", "properties": { "name": "도곡", "name:en": "Dogok", "railway": "station", "ele": null, "operator:type": null, "layer": null, "addr:full": null, "addr:city": null, "source": null, "name:ko": "도곡", "osm_id": 5772493739, "osm_type": "nodes" }, "geometry": { "type": "Point", "coordinates": [ 127.0554679, 37.4909056 ] } },
{ "type": "Feature", "properties": { "name": "남동인더스파크", "name:en": "Namdong Induspark", "railway": "station", "ele": null, "operator:type": "public", "layer": null, "addr:full": null, "addr:city": "인천광역시", "source": null, "name:ko": "남동인더스파크", "osm_id": 5907964902, "osm_type": "nodes" }, "geometry": { "type": "Point", "coordinates": [ 126.6952345, 37.4077519 ] } },
{ "type": "Feature", "properties": { "name": "인하대", "name:en": "Inha Univ.", "railway": "station", "ele": null, "operator:type": "public", "layer": null, "addr:full": null, "addr:city": null, "source": null, "name:ko": "인하대", "osm_id": 5910775269, "osm_type": "nodes" }, "geometry": { "type": "Point", "coordinates": [ 126.6497844, 37.4482473 ] } },
{ "type": "Feature", "properties": { "name": "고려대", "name:en": "Korea Univ.", "railway": "station", "ele": null, "operator:type": null, "layer": null, "addr:full": null, "addr:city": null, "source": null, "name:ko": "고려대", "osm_id": 5916874395, "osm_type": "nodes" }, "geometry": { "type": "Point", "coordinates": [ 127.0360133, 37.5903784 ] } },
{ "type": "Feature", "properties": { "name": "충무로", "name:en": "Chungmuro", "railway": "station", "ele": null, "operator:type": null, "layer": null, "addr:full": null, "addr:city": null, "source": null, "name:ko": "충무로", "osm_id": 5933896995, "osm_type": "nodes" }, "geometry": { "type": "Point", "coordinates": [ 126.9941091, 37.5612019 ] } },
{ "type": "Feature", "properties": { "name": "약수", "name:en": "Yaksu", "railway": "station", "ele": null, "operator:type": null, "layer": null, "addr:full": null, "addr:city": null, "source": null, "name:ko": "약수", "osm_id": 5933896998, "osm_type": "nodes" }, "geometry": { "type": "Point", "coordinates": [ 127.0103868, 37.5549186 ] } },
{ "type": "Feature", "properties": { "name": "경찰병원", "name:en": "National Police Hospital", "railway": "station", "ele": null, "operator:type": null, "layer": null, "addr:full": null, "addr:city": null, "source": null, "name:ko": "경찰병원", "osm_id": 6033544227, "osm_type": "nodes" }, "geometry": { "type": "Point", "coordinates": [ 127.1239038, 37.495401 ] } },
{ "type": "Feature", "properties": { "name": "대청", "name:en": "Daecheong", "railway": "station", "ele": null, "operator:type": null, "layer": null, "addr:full": null, "addr:city": null, "source": null, "name:ko": null, "osm_id": 6033544263, "osm_type": "nodes" }, "geometry": { "type": "Point", "coordinates": [ 127.0795515, 37.4936283 ] } },
{ "type": "Feature", "properties": { "name": "학여울", "name:en": "Hangnyeoul", "railway": "station", "ele": null, "operator:type": null, "layer": null, "addr:full": null, "addr:city": null, "source": null, "name:ko": "학여울", "osm_id": 6033544264, "osm_type": "nodes" }, "geometry": { "type": "Point", "coordinates": [ 127.0698841, 37.4964975 ] } },
{ "type": "Feature", "properties": { "name": "대치", "name:en": "Daechi", "railway": "station", "ele": null, "operator:type": null, "layer": null, "addr:full": null, "addr:city": null, "source": null, "name:ko": "대치", "osm_id": 6033544266, "osm_type": "nodes" }, "geometry": { "type": "Point", "coordinates": [ 127.0631933, 37.4944743 ] } },
{ "type": "Feature", "properties": { "name": "매봉", "name:en": "Maebong", "railway": "station", "ele": null, "operator:type": null, "layer": null, "addr:full": null, "addr:city": null, "source": null, "name:ko": null, "osm_id": 6033544267, "osm_type": "nodes" }, "geometry": { "type": "Point", "coordinates": [ 127.046978, 37.4870692 ] } },
{ "type": "Feature", "properties": { "name": "남부터미널", "name:en": "Nambu Bus Terminal", "railway": "station", "ele": null, "operator:type": null, "layer": null, "addr:full": null, "addr:city": null, "source": null, "name:ko": "남부터미널", "osm_id": 6033544275, "osm_type": "nodes" }, "geometry": { "type": "Point", "coordinates": [ 127.0163445, 37.484943 ] } },
{ "type": "Feature", "properties": { "name": "봉화산", "name:en": "Bonghwasan", "railway": "station", "ele": null, "operator:type": null, "layer": null, "addr:full": null, "addr:city": null, "source": null, "name:ko": "봉화산", "osm_id": 6041673022, "osm_type": "nodes" }, "geometry": { "type": "Point", "coordinates": [ 127.0910968, 37.6174165 ] } },
{ "type": "Feature", "properties": { "name": "돌곶이", "name:en": "Dolgoji", "railway": "station", "ele": null, "operator:type": null, "layer": null, "addr:full": null, "addr:city": null, "source": null, "name:ko": "돌곶이", "osm_id": 6041673029, "osm_type": "nodes" }, "geometry": { "type": "Point", "coordinates": [ 127.0564932, 37.6105663 ] } },
{ "type": "Feature", "properties": { "name": "상월곡", "name:en": "Sangwolgok", "railway": "station", "ele": null, "operator:type": null, "layer": null, "addr:full": null, "addr:city": null, "source": null, "name:ko": "상월곡", "osm_id": 6041673030, "osm_type": "nodes" }, "geometry": { "type": "Point", "coordinates": [ 127.0482722, 37.6062379 ] } },
{ "type": "Feature", "properties": { "name": "안암", "name:en": "Anam", "railway": "station", "ele": null, "operator:type": null, "layer": null, "addr:full": null, "addr:city": null, "source": null, "name:ko": "안암", "osm_id": 6041673044, "osm_type": "nodes" }, "geometry": { "type": "Point", "coordinates": [ 127.0292777, 37.5862688 ] } },
{ "type": "Feature", "properties": { "name": "창신", "name:en": "Changsin", "railway": "station", "ele": null, "operator:type": null, "layer": null, "addr:full": null, "addr:city": null, "source": null, "name:ko": "창신", "osm_id": 6041673049, "osm_type": "nodes" }, "geometry": { "type": "Point", "coordinates": [ 127.0152468, 37.5798042 ] } },
{ "type": "Feature", "properties": { "name": "청구", "name:en": "Cheonggu", "railway": "station", "ele": null, "operator:type": null, "layer": null, "addr:full": null, "addr:city": null, "source": null, "name:ko": "청구", "osm_id": 6041673050, "osm_type": "nodes" }, "geometry": { "type": "Point", "coordinates": [ 127.0137776, 37.5602311 ] } },
{ "type": "Feature", "properties": { "name": "중앙보훈병원", "name:en": "VHS Medical Center", "railway": "station", "ele": null, "operator:type": null, "layer": null, "addr:full": null, "addr:city": null, "source": null, "name:ko": "중앙보훈병원", "osm_id": 6102706368, "osm_type": "nodes" }, "geometry": { "type": "Point", "coordinates": [ 127.1482582, 37.5282799 ] } },
{ "type": "Feature", "properties": { "name": "둔촌오륜", "name:en": "Dunchon Oryun", "railway": "station", "ele": null, "operator:type": null, "layer": null, "addr:full": null, "addr:city": null, "source": null, "name:ko": "둔촌오륜", "osm_id": 6102706373, "osm_type": "nodes" }, "geometry": { "type": "Point", "coordinates": [ 127.1384179, 37.5198411 ] } },
{ "type": "Feature", "properties": { "name": "서울숲", "name:en": "Seoul-forest", "railway": "station", "ele": null, "operator:type": "public", "layer": null, "addr:full": null, "addr:city": null, "source": null, "name:ko": "서울숲", "osm_id": 6312484234, "osm_type": "nodes" }, "geometry": { "type": "Point", "coordinates": [ 127.0447397, 37.5435916 ] } },
{ "type": "Feature", "properties": { "name": "양재시민의숲", "name:en": "Yangjae Citizen's Forest", "railway": "station", "ele": null, "operator:type": "private", "layer": null, "addr:full": null, "addr:city": null, "source": null, "name:ko": "양재시민의숲", "osm_id": 6641198807, "osm_type": "nodes" }, "geometry": { "type": "Point", "coordinates": [ 127.0384772, 37.4697097 ] } },
{ "type": "Feature", "properties": { "name": "청계산입구", "name:en": "Cheonggyesan", "railway": "station", "ele": null, "operator:type": "private", "layer": null, "addr:full": null, "addr:city": null, "source": null, "name:ko": "청계산입구", "osm_id": 6641198808, "osm_type": "nodes" }, "geometry": { "type": "Point", "coordinates": [ 127.0546427, 37.4483106 ] } },
{ "type": "Feature", "properties": { "name": "예술회관", "name:en": "Arts Center", "railway": "station", "ele": null, "operator:type": null, "layer": null, "addr:full": null, "addr:city": null, "source": null, "name:ko": "예술회관", "osm_id": 8390030411, "osm_type": "nodes" }, "geometry": { "type": "Point", "coordinates": [ 126.7009761, 37.449506 ] } },
{ "type": "Feature", "properties": { "name": "선유도", "name:en": "Seonyudo", "railway": "station", "ele": null, "operator:type": null, "layer": null, "addr:full": null, "addr:city": null, "source": null, "name:ko": "선유도", "osm_id": 9181579788, "osm_type": "nodes" }, "geometry": { "type": "Point", "coordinates": [ 126.8939823, 37.5378593 ] } },
{ "type": "Feature", "properties": { "name": "염창", "name:en": "Yeomchang", "railway": "station", "ele": null, "operator:type": null, "layer": null, "addr:full": null, "addr:city": null, "source": null, "name:ko": "염창", "osm_id": 9181579790, "osm_type": "nodes" }, "geometry": { "type": "Point", "coordinates": [ 126.8753972, 37.5470335 ] } },
{ "type": "Feature", "properties": { "name": "등촌", "name:en": "Deungchon", "railway": "station", "ele": null, "operator:type": null, "layer": null, "addr:full": null, "addr:city": null, "source": null, "name:ko": "등촌", "osm_id": 9181579791, "osm_type": "nodes" }, "geometry": { "type": "Point", "coordinates": [ 126.864574, 37.5511518 ] } },
{ "type": "Feature", "properties": { "name": "증미", "name:en": "Jeungmi", "railway": "station", "ele": null, "operator:type": null, "layer": null, "addr:full": null, "addr:city": null, "source": null, "name:ko": "증미", "osm_id": 9181579792, "osm_type": "nodes" }, "geometry": { "type": "Point", "coordinates": [ 126.8618185, 37.5575102 ] } },
{ "type": "Feature", "properties": { "name": "가양", "name:en": "Gayang", "railway": "station", "ele": null, "operator:type": null, "layer": null, "addr:full": null, "addr:city": null, "source": null, "name:ko": "가양", "osm_id": 9181579793, "osm_type": "nodes" }, "geometry": { "type": "Point", "coordinates": [ 126.8550997, 37.5611423 ] } },
{ "type": "Feature", "properties": { "name": "양천향교", "name:en": "Yangcheon Hyanggyo", "railway": "station", "ele": null, "operator:type": null, "layer": null, "addr:full": null, "addr:city": null, "source": null, "name:ko": "양천향교", "osm_id": 9181579794, "osm_type": "nodes" }, "geometry": { "type": "Point", "coordinates": [ 126.8412958, 37.5684524 ] } },
{ "type": "Feature", "properties": { "name": "경기도청북부청사", "name:en": "Gyeonggi Provincial Government Northern Office", "railway": "station", "ele": null, "operator:type": null, "layer": null, "addr:full": null, "addr:city": null, "source": null, "name:ko": "경기도청북부청사", "osm_id": 1793029734, "osm_type": "nodes" }, "geometry": { "type": "Point", "coordinates": [ 127.0716196, 37.750721 ] } },
{ "type": "Feature", "properties": { "name": "송산", "name:en": "Songsan", "railway": "station", "ele": null, "operator:type": null, "layer": null, "addr:full": null, "addr:city": null, "source": null, "name:ko": "송산", "osm_id": 3408392942, "osm_type": "nodes" }, "geometry": { "type": "Point", "coordinates": [ 127.087251, 37.7372627 ] } },
{ "type": "Feature", "properties": { "name": "제1터미널", "name:en": "Terminal 1", "railway": "station", "ele": null, "operator:type": null, "layer": null, "addr:full": null, "addr:city": null, "source": null, "name:ko": "제1터미널", "osm_id": 3832481409, "osm_type": "nodes" }, "geometry": { "type": "Point", "coordinates": [ 126.4504519, 37.449692 ] } },
{ "type": "Feature", "properties": { "name": "구래", "name:en": "Gurae", "railway": "station", "ele": null, "operator:type": null, "layer": null, "addr:full": null, "addr:city": null, "source": null, "name:ko": "구래", "osm_id": 5340678901, "osm_type": "nodes" }, "geometry": { "type": "Point", "coordinates": [ 126.6287215, 37.6453484 ] } },
{ "type": "Feature", "properties": { "name": "전대·에버랜드", "name:en": "Jeondae·Everland", "railway": "station", "ele": null, "operator:type": null, "layer": null, "addr:full": null, "addr:city": null, "source": null, "name:ko": "전대·에버랜드", "osm_id": 5351374378, "osm_type": "nodes" }, "geometry": { "type": "Point", "coordinates": [ 127.2195513, 37.2853497 ] } },
{ "type": "Feature", "properties": { "name": "효자", "name:en": "Hyoja", "railway": "station", "ele": null, "operator:type": null, "layer": null, "addr:full": null, "addr:city": null, "source": null, "name:ko": "효자", "osm_id": 5754800072, "osm_type": "nodes" }, "geometry": { "type": "Point", "coordinates": [ 127.0772696, 37.753942 ] } },
{ "type": "Feature", "properties": { "name": "탑승동", "name:en": "Concourse", "railway": "station", "ele": null, "operator:type": null, "layer": null, "addr:full": null, "addr:city": null, "source": null, "name:ko": "탑승동", "osm_id": 6257062989, "osm_type": "nodes" }, "geometry": { "type": "Point", "coordinates": [ 126.4449946, 37.4558762 ] } },
{ "type": "Feature", "properties": { "name": "제2터미널", "name:en": "Terminal 2", "railway": "station", "ele": null, "operator:type": null, "layer": null, "addr:full": null, "addr:city": null, "source": null, "name:ko": "제2터미널", "osm_id": 6257062992, "osm_type": "nodes" }, "geometry": { "type": "Point", "coordinates": [ 126.4358904, 37.4661319 ] } },
{ "type": "Feature", "properties": { "name": "성신여대입구", "name:en": "Sungshin Women's University", "railway": "station", "ele": null, "operator:type": null, "layer": null, "addr:full": null, "addr:city": null, "source": null, "name:ko": "성신여대입구", "osm_id": 6734894972, "osm_type": "nodes" }, "geometry": { "type": "Point", "coordinates": [ 127.0164764, 37.5926755 ] } },
{ "type": "Feature", "properties": { "name": "정릉", "name:en": "Jeongneung", "railway": "station", "ele": null, "operator:type": null, "layer": null, "addr:full": null, "addr:city": null, "source": null, "name:ko": "정릉", "osm_id": 9459739598, "osm_type": "nodes" }, "geometry": { "type": "Point", "coordinates": [ 127.0133551, 37.6028286 ] } },
{ "type": "Feature", "properties": { "name": "솔샘", "name:en": "Solsaem", "railway": "station", "ele": null, "operator:type": null, "layer": null, "addr:full": null, "addr:city": null, "source": null, "name:ko": "솔샘", "osm_id": 9459739609, "osm_type": "nodes" }, "geometry": { "type": "Point", "coordinates": [ 127.0138408, 37.6201661 ] } },
{ "type": "Feature", "properties": { "name": "강남대", "name:en": "Kangnam Univ.", "railway": "station", "ele": null, "operator:type": null, "layer": null, "addr:full": null, "addr:city": null, "source": "bing 2010", "name:ko": "강남대", "osm_id": 9461950029, "osm_type": "nodes" }, "geometry": { "type": "Point", "coordinates": [ 127.1261278, 37.2701593 ] } },
{ "type": "Feature", "properties": { "name": "지석", "name:en": "Jiseok", "railway": "station", "ele": null, "operator:type": null, "layer": null, "addr:full": null, "addr:city": null, "source": "bing 2010", "name:ko": "지석", "osm_id": 9461950032, "osm_type": "nodes" }, "geometry": { "type": "Point", "coordinates": [ 127.1366332, 37.2697513 ] } },
{ "type": "Feature", "properties": { "name": "동백", "name:en": "Dongback", "railway": "station", "ele": null, "operator:type": null, "layer": null, "addr:full": null, "addr:city": null, "source": "bing 2010", "name:ko": "동백", "osm_id": 9461950036, "osm_type": "nodes" }, "geometry": { "type": "Point", "coordinates": [ 127.1527693, 37.2690162 ] } },
{ "type": "Feature", "properties": { "name": "기흥", "name:en": "Giheung", "railway": "station", "ele": null, "operator:type": null, "layer": null, "addr:full": null, "addr:city": null, "source": null, "name:ko": "기흥", "osm_id": 9482998435, "osm_type": "nodes" }, "geometry": { "type": "Point", "coordinates": [ 127.116751, 37.2754448 ] } },
{ "type": "Feature", "properties": { "name": "왕길", "name:en": "Wanggil", "railway": "station", "ele": null, "operator:type": null, "layer": null, "addr:full": null, "addr:city": null, "source": null, "name:ko": "왕길", "osm_id": 9687706211, "osm_type": "nodes" }, "geometry": { "type": "Point", "coordinates": [ 126.6423769, 37.5951775 ] } },
{ "type": "Feature", "properties": { "name": "검단사거리", "name:en": "Geomdan Sageori", "railway": "station", "ele": null, "operator:type": null, "layer": null, "addr:full": null, "addr:city": null, "source": null, "name:ko": "검단사거리", "osm_id": 9687738050, "osm_type": "nodes" }, "geometry": { "type": "Point", "coordinates": [ 126.6567336, 37.6018213 ] } },
{ "type": "Feature", "properties": { "name": "마전", "name:en": "Majeon", "railway": "station", "ele": null, "operator:type": null, "layer": null, "addr:full": null, "addr:city": null, "source": null, "name:ko": "마전", "osm_id": 9687738066, "osm_type": "nodes" }, "geometry": { "type": "Point", "coordinates": [ 126.6672467, 37.5975663 ] } },
{ "type": "Feature", "properties": { "name": "완정", "name:en": "Wanjeong", "railway": "station", "ele": null, "operator:type": null, "layer": null, "addr:full": null, "addr:city": null, "source": null, "name:ko": "완정", "osm_id": 9687738079, "osm_type": "nodes" }, "geometry": { "type": "Point", "coordinates": [ 126.6728745, 37.5928725 ] } },
{ "type": "Feature", "properties": { "name": "독정", "name:en": "Dokjeong", "railway": "station", "ele": null, "operator:type": null, "layer": null, "addr:full": null, "addr:city": null, "source": null, "name:ko": "독정", "osm_id": 9687738091, "osm_type": "nodes" }, "geometry": { "type": "Point", "coordinates": [ 126.6759581, 37.5848634 ] } },
{ "type": "Feature", "properties": { "name": "부원", "name:en": "Buwon", "railway": "station", "ele": null, "operator:type": null, "layer": null, "addr:full": null, "addr:city": null, "source": null, "name:ko": "부원", "osm_id": 5194520291, "osm_type": "nodes" }, "geometry": { "type": "Point", "coordinates": [ 128.8838834, 35.2264639 ] } },
{ "type": "Feature", "properties": { "name": "대저", "name:en": "Daejeo", "railway": "station", "ele": null, "operator:type": null, "layer": null, "addr:full": null, "addr:city": null, "source": null, "name:ko": "대저", "osm_id": 5197043947, "osm_type": "nodes" }, "geometry": { "type": "Point", "coordinates": [ 128.9604713, 35.2130537 ] } },
{ "type": "Feature", "properties": { "name": "서부산유통지구", "name:en": "Seobusan Yutongjigu", "railway": "station", "ele": null, "operator:type": null, "layer": null, "addr:full": null, "addr:city": null, "source": null, "name:ko": "서부산유통지구", "osm_id": 5197043950, "osm_type": "nodes" }, "geometry": { "type": "Point", "coordinates": [ 128.954937, 35.1663907 ] } },
{ "type": "Feature", "properties": { "name": "김해대학", "name:en": "Gimhae College", "railway": "station", "ele": null, "operator:type": null, "layer": null, "addr:full": null, "addr:city": null, "source": null, "name:ko": "김해대학", "osm_id": 5208433886, "osm_type": "nodes" }, "geometry": { "type": "Point", "coordinates": [ 128.9155466, 35.2289971 ] } },
{ "type": "Feature", "properties": { "name": "지내", "name:en": "Jinae", "railway": "station", "ele": null, "operator:type": null, "layer": null, "addr:full": null, "addr:city": null, "source": null, "name:ko": "지내", "osm_id": 5208433887, "osm_type": "nodes" }, "geometry": { "type": "Point", "coordinates": [ 128.9237872, 35.2275145 ] } },
{ "type": "Feature", "properties": { "name": "불암", "name:en": "Buram", "railway": "station", "ele": null, "operator:type": null, "layer": null, "addr:full": null, "addr:city": null, "source": null, "name:ko": "불암", "osm_id": 5208433888, "osm_type": "nodes" }, "geometry": { "type": "Point", "coordinates": [ 128.9278476, 35.2221749 ] } },
{ "type": "Feature", "properties": { "name": "대사", "name:en": "Daesa", "railway": "station", "ele": null, "operator:type": null, "layer": null, "addr:full": null, "addr:city": null, "source": null, "name:ko": "대사", "osm_id": 5208433889, "osm_type": "nodes" }, "geometry": { "type": "Point", "coordinates": [ 128.9383852, 35.2177753 ] } },
{ "type": "Feature", "properties": { "name": "평강", "name:en": "Pyeonggang", "railway": "station", "ele": null, "operator:type": null, "layer": null, "addr:full": null, "addr:city": null, "source": null, "name:ko": "평강", "osm_id": 5208433890, "osm_type": "nodes" }, "geometry": { "type": "Point", "coordinates": [ 128.9506383, 35.2140223 ] } },
{ "type": "Feature", "properties": { "name": "인제대", "name:en": "Inje University", "railway": "station", "ele": null, "operator:type": null, "layer": null, "addr:full": null, "addr:city": null, "source": null, "name:ko": "인제대", "osm_id": 5208433892, "osm_type": "nodes" }, "geometry": { "type": "Point", "coordinates": [ 128.901774499999988, 35.2280744 ] } },
{ "type": "Feature", "properties": { "name": "안평", "name:en": "Anpyeong", "railway": "station", "ele": null, "operator:type": "public", "layer": null, "addr:full": null, "addr:city": null, "source": null, "name:ko": "안평", "osm_id": 5589034151, "osm_type": "nodes" }, "geometry": { "type": "Point", "coordinates": [ 129.1717248, 35.2374174 ] } },
{ "type": "Feature", "properties": { "name": "석대", "name:en": "Seokdae", "railway": "station", "ele": null, "operator:type": "public", "layer": null, "addr:full": null, "addr:city": null, "source": null, "name:ko": "석대", "osm_id": 5713867149, "osm_type": "nodes" }, "geometry": { "type": "Point", "coordinates": [ 129.13684760000001, 35.2181187 ] } },
{ "type": "Feature", "properties": { "name": "사상", "name:en": "Sasang", "railway": "station", "ele": null, "operator:type": null, "layer": null, "addr:full": null, "addr:city": null, "source": null, "name:ko": null, "osm_id": 6503510663, "osm_type": "nodes" }, "geometry": { "type": "Point", "coordinates": [ 128.985938800000014, 35.1622789 ] } },
{ "type": "Feature", "properties": { "name": "봉황", "name:en": "Bonghwang", "railway": "station", "ele": null, "operator:type": null, "layer": null, "addr:full": null, "addr:city": null, "source": null, "name:ko": "봉황", "osm_id": 8276545363, "osm_type": "nodes" }, "geometry": { "type": "Point", "coordinates": [ 128.874279800000011, 35.227204 ] } },
{ "type": "Feature", "properties": { "name": "반여농산물시장", "name:en": "Banyeo Agricultural Market", "railway": "station", "ele": null, "operator:type": "public", "layer": null, "addr:full": null, "addr:city": null, "source": null, "name:ko": "반여농산물시장", "osm_id": 8724485217, "osm_type": "nodes" }, "geometry": { "type": "Point", "coordinates": [ 129.123964300000011, 35.2177516 ] } },
{ "type": "Feature", "properties": { "name": "윗반송", "name:en": null, "railway": "station", "ele": null, "operator:type": "public", "layer": null, "addr:full": null, "addr:city": null, "source": null, "name:ko": "윗반송", "osm_id": 8724485218, "osm_type": "nodes" }, "geometry": { "type": "Point", "coordinates": [ 129.1538725, 35.2324696 ] } },
{ "type": "Feature", "properties": { "name": "죽변", "name:en": "Jukbyeon", "railway": "station", "ele": null, "operator:type": null, "layer": null, "addr:full": null, "addr:city": null, "source": null, "name:ko": "죽변", "osm_id": 13483012397, "osm_type": "nodes" }, "geometry": { "type": "Point", "coordinates": [ 129.4288425, 37.0561584 ] } },
{ "type": "Feature", "properties": { "name": "봉수항", "name:en": "Bongsuhang", "railway": "station", "ele": null, "operator:type": null, "layer": null, "addr:full": null, "addr:city": null, "source": null, "name:ko": "봉수항", "osm_id": 13483012399, "osm_type": "nodes" }, "geometry": { "type": "Point", "coordinates": [ 129.425053600000012, 37.0653156 ] } },
{ "type": "Feature", "properties": { "name": "부전", "name:en": "Bujeon", "railway": "station", "ele": null, "operator:type": "public", "layer": null, "addr:full": null, "addr:city": "부산광역시", "source": null, "name:ko": "부전", "osm_id": 5425834492, "osm_type": "nodes" }, "geometry": { "type": "Point", "coordinates": [ 129.0601074, 35.1646008 ] } },
{ "type": "Feature", "properties": { "name": "정발산", "name:en": "Jeongbalsan", "railway": "station", "ele": null, "operator:type": "public", "layer": null, "addr:full": null, "addr:city": null, "source": null, "name:ko": "정발산", "osm_id": 5937907135, "osm_type": "nodes" }, "geometry": { "type": "Point", "coordinates": [ 126.7732651, 37.659711 ] } },
{ "type": "Feature", "properties": { "name": "대화", "name:en": "Daehwa", "railway": "station", "ele": null, "operator:type": "public", "layer": null, "addr:full": null, "addr:city": null, "source": null, "name:ko": "대화", "osm_id": 5937907137, "osm_type": "nodes" }, "geometry": { "type": "Point", "coordinates": [ 126.7474634, 37.6761753 ] } },
{ "type": "Feature", "properties": { "name": "마두", "name:en": "Madu", "railway": "station", "ele": null, "operator:type": "public", "layer": null, "addr:full": null, "addr:city": null, "source": null, "name:ko": "마두", "osm_id": 5937907134, "osm_type": "nodes" }, "geometry": { "type": "Point", "coordinates": [ 126.7777596, 37.6520039 ] } },
{ "type": "Feature", "properties": { "name": "왕십리", "name:en": "Wangsimni", "railway": "station", "ele": null, "operator:type": "public", "layer": null, "addr:full": null, "addr:city": null, "source": null, "name:ko": "왕십리", "osm_id": 5225311374, "osm_type": "nodes" }, "geometry": { "type": "Point", "coordinates": [ 127.0385786, 37.5614861 ] } },
{ "type": "Feature", "properties": { "name": "안동", "name:en": "Andong", "railway": "station", "ele": null, "operator:type": "public", "layer": null, "addr:full": null, "addr:city": null, "source": null, "name:ko": "안동", "osm_id": 13504830295, "osm_type": "nodes" }, "geometry": { "type": "Point", "coordinates": [ 128.6749254, 36.5741438 ] } },
{ "type": "Feature", "properties": { "name": "영남대", "name:en": "Yeungnam University", "railway": "station", "ele": null, "operator:type": null, "layer": null, "addr:full": null, "addr:city": null, "source": null, "name:ko": "영남대", "osm_id": 13505872502, "osm_type": "nodes" }, "geometry": { "type": "Point", "coordinates": [ 128.753529500000013, 35.8365895 ] } },
{ "type": "Feature", "properties": { "name": "임당", "name:en": "Imdang", "railway": "station", "ele": null, "operator:type": null, "layer": null, "addr:full": null, "addr:city": null, "source": null, "name:ko": "임당", "osm_id": 13505872503, "osm_type": "nodes" }, "geometry": { "type": "Point", "coordinates": [ 128.74103310000001, 35.8341215 ] } },
{ "type": "Feature", "properties": { "name": "계명대", "name:en": "Gyemyeongdae", "railway": "station", "ele": null, "operator:type": null, "layer": null, "addr:full": null, "addr:city": null, "source": null, "name:ko": "계명대", "osm_id": 13505872539, "osm_type": "nodes" }, "geometry": { "type": "Point", "coordinates": [ 128.4919792, 35.8515265 ] } },
{ "type": "Feature", "properties": { "name": "강창", "name:en": "Gangchang", "railway": "station", "ele": null, "operator:type": null, "layer": null, "addr:full": null, "addr:city": null, "source": null, "name:ko": "강창", "osm_id": 13505872540, "osm_type": "nodes" }, "geometry": { "type": "Point", "coordinates": [ 128.4781471, 35.8531179 ] } },
{ "type": "Feature", "properties": { "name": "문양", "name:en": "Munyang", "railway": "station", "ele": null, "operator:type": null, "layer": null, "addr:full": null, "addr:city": null, "source": null, "name:ko": "문양", "osm_id": 13505872543, "osm_type": "nodes" }, "geometry": { "type": "Point", "coordinates": [ 128.437125400000014, 35.8643392 ] } },
{ "type": "Feature", "properties": { "name": "안심", "name:en": "Ansim", "railway": "station", "ele": null, "operator:type": null, "layer": null, "addr:full": null, "addr:city": null, "source": null, "name:ko": "안심", "osm_id": 13505872548, "osm_type": "nodes" }, "geometry": { "type": "Point", "coordinates": [ 128.733675799999986, 35.8711882 ] } },
{ "type": "Feature", "properties": { "name": "각산", "name:en": "Gaksan", "railway": "station", "ele": null, "operator:type": null, "layer": null, "addr:full": null, "addr:city": null, "source": null, "name:ko": "각산", "osm_id": 13505872549, "osm_type": "nodes" }, "geometry": { "type": "Point", "coordinates": [ 128.7239045, 35.8678822 ] } },
{ "type": "Feature", "properties": { "name": "동촌", "name:en": "Dongchon", "railway": "station", "ele": null, "operator:type": null, "layer": null, "addr:full": null, "addr:city": null, "source": null, "name:ko": "동촌", "osm_id": 13505872556, "osm_type": "nodes" }, "geometry": { "type": "Point", "coordinates": [ 128.6503918, 35.8860154 ] } },
{ "type": "Feature", "properties": { "name": "칠성시장", "name:en": "Chilseong Market", "railway": "station", "ele": null, "operator:type": null, "layer": null, "addr:full": null, "addr:city": null, "source": null, "name:ko": "칠성시장", "osm_id": 13505872561, "osm_type": "nodes" }, "geometry": { "type": "Point", "coordinates": [ 128.6050739, 35.8760968 ] } },
{ "type": "Feature", "properties": { "name": "중앙로", "name:en": "Jungangno", "railway": "station", "ele": null, "operator:type": null, "layer": null, "addr:full": null, "addr:city": null, "source": null, "name:ko": "중앙로", "osm_id": 13505872563, "osm_type": "nodes" }, "geometry": { "type": "Point", "coordinates": [ 128.5940373, 35.8707448 ] } },
{ "type": "Feature", "properties": { "name": "명덕", "name:en": "Myeongdeok", "railway": "station", "ele": null, "operator:type": null, "layer": null, "addr:full": null, "addr:city": null, "source": null, "name:ko": "명덕", "osm_id": 13505872564, "osm_type": "nodes" }, "geometry": { "type": "Point", "coordinates": [ 128.5907489, 35.856957 ] } },
{ "type": "Feature", "properties": { "name": "월촌", "name:en": "Wolchon", "railway": "station", "ele": null, "operator:type": null, "layer": null, "addr:full": null, "addr:city": null, "source": null, "name:ko": "월촌", "osm_id": 13505872572, "osm_type": "nodes" }, "geometry": { "type": "Point", "coordinates": [ 128.545827300000013, 35.8240268 ] } },
{ "type": "Feature", "properties": { "name": "월배", "name:en": "Wolbae", "railway": "station", "ele": null, "operator:type": null, "layer": null, "addr:full": null, "addr:city": null, "source": null, "name:ko": "월배", "osm_id": 13505872574, "osm_type": "nodes" }, "geometry": { "type": "Point", "coordinates": [ 128.5304193, 35.8161591 ] } },
{ "type": "Feature", "properties": { "name": "진천", "name:en": "Jincheon", "railway": "station", "ele": null, "operator:type": null, "layer": null, "addr:full": null, "addr:city": null, "source": null, "name:ko": "진천", "osm_id": 13505872575, "osm_type": "nodes" }, "geometry": { "type": "Point", "coordinates": [ 128.522685200000012, 35.8138155 ] } },
{ "type": "Feature", "properties": { "name": "백석", "name:en": "Baekseok", "railway": "station", "ele": null, "operator:type": "public", "layer": null, "addr:full": null, "addr:city": null, "source": null, "name:ko": "백석", "osm_id": 6125828716, "osm_type": "nodes" }, "geometry": { "type": "Point", "coordinates": [ 126.7880378, 37.6430359 ] } },
{ "type": "Feature", "properties": { "name": "인천", "name:en": "Incheon", "railway": "station", "ele": null, "operator:type": "public", "layer": null, "addr:full": null, "addr:city": null, "source": null, "name:ko": "인천", "osm_id": 5902085992, "osm_type": "nodes" }, "geometry": { "type": "Point", "coordinates": [ 126.6168874, 37.4766821 ] } },
{ "type": "Feature", "properties": { "name": "신기", "name:en": "Singi", "railway": "station", "ele": null, "operator:type": null, "layer": null, "addr:full": null, "addr:city": null, "source": null, "name:ko": "신기", "osm_id": 13504638852, "osm_type": "nodes" }, "geometry": { "type": "Point", "coordinates": [ 128.7016433, 35.8667387 ] } },
{ "type": "Feature", "properties": { "name": "사천", "name:en": "Sacheon", "railway": "station", "ele": null, "operator:type": "public", "layer": null, "addr:full": null, "addr:city": null, "source": null, "name:ko": "사천", "osm_id": 8041793373, "osm_type": "nodes" }, "geometry": { "type": "Point", "coordinates": [ 128.0903825, 35.0933974 ] } },
{ "type": "Feature", "properties": { "name": "화정", "name:en": "Hwajeong", "railway": "station", "ele": null, "operator:type": "public", "layer": null, "addr:full": null, "addr:city": null, "source": null, "name:ko": "화정", "osm_id": 5937907124, "osm_type": "nodes" }, "geometry": { "type": "Point", "coordinates": [ 126.832577, 37.6346457 ] } },
{ "type": "Feature", "properties": { "name": "인천공항1터미널", "name:en": "Incheon Int'l Airport Terminal 1", "railway": "station", "ele": null, "operator:type": "consortium", "layer": null, "addr:full": null, "addr:city": null, "source": null, "name:ko": "인천공항1터미널", "osm_id": 5919544816, "osm_type": "nodes" }, "geometry": { "type": "Point", "coordinates": [ 126.4527808, 37.447159 ] } },
{ "type": "Feature", "properties": { "name": "원당", "name:en": "Wondang", "railway": "station", "ele": null, "operator:type": "public", "layer": null, "addr:full": null, "addr:city": null, "source": null, "name:ko": "원당", "osm_id": 5937907115, "osm_type": "nodes" }, "geometry": { "type": "Point", "coordinates": [ 126.8428981, 37.6530498 ] } },
{ "type": "Feature", "properties": { "name": "석계", "name:en": "Seokgye", "railway": "station", "ele": null, "operator:type": "public", "layer": null, "addr:full": null, "addr:city": null, "source": null, "name:ko": "석계", "osm_id": 6041673026, "osm_type": "nodes" }, "geometry": { "type": "Point", "coordinates": [ 127.0658393, 37.6148083 ] } },
{ "type": "Feature", "properties": { "name": "원흥", "name:en": "Wonheung", "railway": "station", "ele": null, "operator:type": "public", "layer": null, "addr:full": null, "addr:city": null, "source": null, "name:ko": "원흥", "osm_id": 5937907114, "osm_type": "nodes" }, "geometry": { "type": "Point", "coordinates": [ 126.8736684, 37.6505121 ] } },
{ "type": "Feature", "properties": { "name": "삼송", "name:en": "Samsong", "railway": "station", "ele": null, "operator:type": "public", "layer": null, "addr:full": null, "addr:city": null, "source": null, "name:ko": "삼송", "osm_id": 5941651083, "osm_type": "nodes" }, "geometry": { "type": "Point", "coordinates": [ 126.8954796, 37.6531194 ] } },
{ "type": "Feature", "properties": { "name": "선바위", "name:en": "Seonbawi", "railway": "station", "ele": null, "operator:type": "public", "layer": null, "addr:full": null, "addr:city": null, "source": null, "name:ko": "선바위", "osm_id": 6035746718, "osm_type": "nodes" }, "geometry": { "type": "Point", "coordinates": [ 127.0021114, 37.4518055 ] } },
{ "type": "Feature", "properties": { "name": "범계", "name:en": "Beomgye", "railway": "station", "ele": null, "operator:type": "public", "layer": null, "addr:full": null, "addr:city": null, "source": null, "name:ko": "범계", "osm_id": 6035746705, "osm_type": "nodes" }, "geometry": { "type": "Point", "coordinates": [ 126.95091, 37.3899129 ] } },
{ "type": "Feature", "properties": { "name": "금천구청", "name:en": "Geumcheon-gu Office", "railway": "station", "ele": null, "operator:type": "public", "layer": null, "addr:full": null, "addr:city": null, "source": null, "name:ko": "금천구청", "osm_id": 5448524543, "osm_type": "nodes" }, "geometry": { "type": "Point", "coordinates": [ 126.8939002, 37.4558132 ] } },
{ "type": "Feature", "properties": { "name": "산본", "name:en": "Sanbon", "railway": "station", "ele": null, "operator:type": "public", "layer": null, "addr:full": null, "addr:city": null, "source": null, "name:ko": "산본", "osm_id": 355173135, "osm_type": "nodes" }, "geometry": { "type": "Point", "coordinates": [ 126.9330964, 37.3580735 ] } },
{ "type": "Feature", "properties": { "name": "독산", "name:en": "Doksan", "railway": "station", "ele": null, "operator:type": "public", "layer": null, "addr:full": null, "addr:city": null, "source": null, "name:ko": "독산", "osm_id": 5444369664, "osm_type": "nodes" }, "geometry": { "type": "Point", "coordinates": [ 126.8894844, 37.4660736 ] } },
{ "type": "Feature", "properties": { "name": "광명사거리", "name:en": "Gwangmyeongsageori", "railway": "station", "ele": null, "operator:type": null, "layer": null, "addr:full": null, "addr:city": null, "source": null, "name:ko": "광명사거리", "osm_id": 6048953566, "osm_type": "nodes" }, "geometry": { "type": "Point", "coordinates": [ 126.8544598, 37.4794207 ] } },
{ "type": "Feature", "properties": { "name": "도봉산", "name:en": "Dobongsan", "railway": "station", "ele": null, "operator:type": "public", "layer": null, "addr:full": null, "addr:city": "서울특별시", "source": null, "name:ko": "도봉산", "osm_id": 5814312742, "osm_type": "nodes" }, "geometry": { "type": "Point", "coordinates": [ 127.0460783, 37.6898359 ] } },
{ "type": "Feature", "properties": { "name": "작전", "name:en": "Jakjeon", "railway": "station", "ele": null, "operator:type": null, "layer": null, "addr:full": null, "addr:city": "인천광역시", "source": null, "name:ko": "작전", "osm_id": 8390080121, "osm_type": "nodes" }, "geometry": { "type": "Point", "coordinates": [ 126.7225307, 37.5303129 ] } },
{ "type": "Feature", "properties": { "name": "팔달시장", "name:en": "Paldal Market", "railway": "station", "ele": null, "operator:type": null, "layer": null, "addr:full": null, "addr:city": null, "source": null, "name:ko": "팔달시장", "osm_id": 11581482347, "osm_type": "nodes" }, "geometry": { "type": "Point", "coordinates": [ 128.5678637, 35.8888555 ] } },
{ "type": "Feature", "properties": { "name": "대구한의대병원", "name:en": "Daegu Haany University Hospital", "railway": "station", "ele": null, "operator:type": null, "layer": null, "addr:full": null, "addr:city": null, "source": null, "name:ko": "대구한의대병원", "osm_id": 8181571012, "osm_type": "nodes" }, "geometry": { "type": "Point", "coordinates": [ 128.7510326, 35.8716372 ] } }
]
}
