{
"type": "FeatureCollection",
"name": "hotosm_pak_railways_points_geojson",
"features": [
{ "type": "Feature", "properties": { "name": "اسلام آباد ریلوے اسٹیشن", "name:en": "Islamabad Railway Station", "railway": "station", "ele": null, "operator:type": null, "layer": null, "addr:full": null, "addr:city": "اسلام آباد", "source": null, "name:ur": "اسلام آباد ریلوے اسٹیشن", "osm_id": 104638370, "osm_type": "nodes" }, "geometry": { "type": "Point", "coordinates": [ 73.047219, 33.6635385 ] } },
{ "type": "Feature", "properties": { "name": "چک لالہ ریلوے اسٹیشن", "name:en": "Chaklala", "railway": "station", "ele": null, "operator:type": null, "layer": null, "addr:full": null, "addr:city": null, "source": null, "name:ur": "چک لالہ ریلوے اسٹیشن", "osm_id": 248036851, "osm_type": "nodes" }, "geometry": { "type": "Point", "coordinates": [ 73.0964464, 33.6009169 ] } },
{ "type": "Feature", "properties": { "name": "بڈھا پور", "name:en": "Budhapur", "railway": "station", "ele": null, "operator:type": null, "layer": null, "addr:full": null, "addr:city": null, "source": "NGA-GNS", "name:ur": "بڈھا پور", "osm_id": 253145577, "osm_type": "nodes" }, "geometry": { "type": "Point", "coordinates": [ 68.3290149, 25.6747282 ] } },
{ "type": "Feature", "properties": { "name": "کہروڑپکا", "name:en": "Kahror Pakka", "railway": "station", "ele": null, "operator:type": null, "layer": null, "addr:full": null, "addr:city": null, "source": null, "name:ur": "کہروڑ پکّا", "osm_id": 251156253, "osm_type": "nodes" }, "geometry": { "type": "Point", "coordinates": [ 71.8989189, 29.6284469 ] } },
{ "type": "Feature", "properties": { "name": "بیلیلی", "name:en": "Beleli", "railway": "station", "ele": null, "operator:type": null, "layer": null, "addr:full": null, "addr:city": null, "source": "Pakistan 250k mosaic", "name:ur": "بیلیلی", "osm_id": 253252090, "osm_type": "nodes" }, "geometry": { "type": "Point", "coordinates": [ 66.9350684, 30.2694537 ] } },
{ "type": "Feature", "properties": { "name": "Pakistan Railways online Reservation Ticketing Private", "name:en": null, "railway": "station", "ele": null, "operator:type": null, "layer": null, "addr:full": null, "addr:city": "Karachi", "source": null, "name:ur": null, "osm_id": 12211994174, "osm_type": "nodes" }, "geometry": { "type": "Point", "coordinates": [ 67.047769, 24.9220522 ] } },
{ "type": "Feature", "properties": { "name": "پشاور چھاؤنی", "name:en": "Peshawar Cantonment", "railway": "station", "ele": null, "operator:type": null, "layer": null, "addr:full": null, "addr:city": null, "source": null, "name:ur": "پشاور چھاؤنی", "osm_id": 307633246, "osm_type": "nodes" }, "geometry": { "type": "Point", "coordinates": [ 71.5504094, 34.0022483 ] } },
{ "type": "Feature", "properties": { "name": "نارووال جکشن", "name:en": null, "railway": "station", "ele": null, "operator:type": null, "layer": null, "addr:full": null, "addr:city": "Narowal", "source": null, "name:ur": null, "osm_id": 1778013861, "osm_type": "nodes" }, "geometry": { "type": "Point", "coordinates": [ 74.8645809, 32.1012198 ] } },
{ "type": "Feature", "properties": { "name": "چونڈہ", "name:en": "Chawinda", "railway": "station", "ele": null, "operator:type": null, "layer": null, "addr:full": null, "addr:city": "چونڈہ", "source": null, "name:ur": "چونڈہ", "osm_id": 1778013884, "osm_type": "nodes" }, "geometry": { "type": "Point", "coordinates": [ 74.6985079, 32.3433886 ] } },
{ "type": "Feature", "properties": { "name": "علی ٹاؤن", "name:en": "Ali Town", "railway": "station", "ele": null, "operator:type": null, "layer": null, "addr:full": null, "addr:city": null, "source": null, "name:ur": "علی ٹاؤن", "osm_id": 5844889650, "osm_type": "nodes" }, "geometry": { "type": "Point", "coordinates": [ 74.2438263, 31.464321 ] } },
{ "type": "Feature", "properties": { "name": "لالہ موسیٰ جنکشن ریلوے اسٹیشن", "name:en": "Lala Musa Junction", "railway": "station", "ele": null, "operator:type": null, "layer": null, "addr:full": null, "addr:city": null, "source": null, "name:ur": "لالہ موسیٰ جنکشن ریلوے اسٹیشن", "osm_id": 663714298, "osm_type": "nodes" }, "geometry": { "type": "Point", "coordinates": [ 73.9495045, 32.7000387 ] } },
{ "type": "Feature", "properties": { "name": "شیلا باغ", "name:en": "Shela Bagh", "railway": "station", "ele": null, "operator:type": null, "layer": null, "addr:full": null, "addr:city": null, "source": null, "name:ur": "شیلا باغ", "osm_id": 663980296, "osm_type": "nodes" }, "geometry": { "type": "Point", "coordinates": [ 66.5897504, 30.8304866 ] } },
{ "type": "Feature", "properties": { "name": "North Nazimabad", "name:en": null, "railway": "station", "ele": null, "operator:type": null, "layer": null, "addr:full": null, "addr:city": null, "source": null, "name:ur": null, "osm_id": 8294565795, "osm_type": "nodes" }, "geometry": { "type": "Point", "coordinates": [ 67.0358669, 24.9215162 ] } },
{ "type": "Feature", "properties": { "name": "ٹھوکر نیاز بیگ", "name:en": "Thokar Niaz Baig", "railway": "station", "ele": null, "operator:type": null, "layer": null, "addr:full": null, "addr:city": null, "source": null, "name:ur": "ٹھوکر نیاز بیگ", "osm_id": 5844889651, "osm_type": "nodes" }, "geometry": { "type": "Point", "coordinates": [ 74.2418249, 31.4736422 ] } },
{ "type": "Feature", "properties": { "name": "رومیان", "name:en": "Rumiān", "railway": "station", "ele": null, "operator:type": null, "layer": null, "addr:full": null, "addr:city": null, "source": null, "name:ur": "رومیان", "osm_id": 875866698, "osm_type": "nodes" }, "geometry": { "type": "Point", "coordinates": [ 72.3031056, 33.8561241 ] } },
{ "type": "Feature", "properties": { "name": "دومیل ریلوے اسٹیشن", "name:en": "Domel", "railway": "station", "ele": null, "operator:type": null, "layer": null, "addr:full": null, "addr:city": null, "source": "survey;streetlevel imagery", "name:ur": "دومیل ریلوے اسٹیشن", "osm_id": 876095266, "osm_type": "nodes" }, "geometry": { "type": "Point", "coordinates": [ 72.1884732, 33.5555236 ] } },
{ "type": "Feature", "properties": { "name": "کوہاٹ", "name:en": "Kohat Cantt", "railway": "station", "ele": null, "operator:type": null, "layer": null, "addr:full": null, "addr:city": null, "source": "historical", "name:ur": "کوہاٹ", "osm_id": 876095851, "osm_type": "nodes" }, "geometry": { "type": "Point", "coordinates": [ 71.4510859, 33.5718997 ] } },
{ "type": "Feature", "properties": { "name": "بھولاری", "name:en": "Bolāri", "railway": "station", "ele": null, "operator:type": null, "layer": null, "addr:full": null, "addr:city": null, "source": null, "name:ur": "بھولاری", "osm_id": 878018461, "osm_type": "nodes" }, "geometry": { "type": "Point", "coordinates": [ 68.2143049, 25.3221727 ] } },
{ "type": "Feature", "properties": { "name": "بسال جنکشن ریلوے اسٹیشن", "name:en": "Basal Junction", "railway": "station", "ele": null, "operator:type": null, "layer": null, "addr:full": null, "addr:city": null, "source": "historical;survey;streetlevel imagery", "name:ur": "بسال جنکشن ریلوے اسٹیشن", "osm_id": 876044190, "osm_type": "nodes" }, "geometry": { "type": "Point", "coordinates": [ 72.2322904, 33.557302 ] } },
{ "type": "Feature", "properties": { "name": "بابری بانڈہ", "name:en": "Babari Banda", "railway": "station", "ele": null, "operator:type": null, "layer": null, "addr:full": null, "addr:city": null, "source": null, "name:ur": "بابری بانڈہ", "osm_id": 876097302, "osm_type": "nodes" }, "geometry": { "type": "Point", "coordinates": [ 71.5757137, 33.5294234 ] } },
{ "type": "Feature", "properties": { "name": "ہیبت شھید", "name:en": "Haibat Shaheed", "railway": "station", "ele": null, "operator:type": null, "layer": null, "addr:full": null, "addr:city": null, "source": null, "name:ur": "ہیبت شھید", "osm_id": 1934348342, "osm_type": "nodes" }, "geometry": { "type": "Point", "coordinates": [ 69.0034031, 28.2794677 ] } },
{ "type": "Feature", "properties": { "name": "دلمراد", "name:en": "Dilmurad", "railway": "station", "ele": null, "operator:type": null, "layer": null, "addr:full": null, "addr:city": null, "source": "Bing", "name:ur": "دلمراد", "osm_id": 1934348399, "osm_type": "nodes" }, "geometry": { "type": "Point", "coordinates": [ 68.5854177, 28.2827262 ] } },
{ "type": "Feature", "properties": { "name": "کشمور", "name:en": "Kashmor", "railway": "station", "ele": null, "operator:type": null, "layer": null, "addr:full": null, "addr:city": null, "source": "Bing", "name:ur": "کشمور", "osm_id": 1935923497, "osm_type": "nodes" }, "geometry": { "type": "Point", "coordinates": [ 69.5834558, 28.4386158 ] } },
{ "type": "Feature", "properties": { "name": "دادو", "name:en": "Dadu", "railway": "station", "ele": null, "operator:type": null, "layer": null, "addr:full": null, "addr:city": null, "source": "Bing", "name:ur": "دادو", "osm_id": 1970511962, "osm_type": "nodes" }, "geometry": { "type": "Point", "coordinates": [ 67.7716655, 26.7253309 ] } },
{ "type": "Feature", "properties": { "name": "رحمانی نگر", "name:en": "Rehmani Nagar", "railway": "station", "ele": null, "operator:type": null, "layer": null, "addr:full": null, "addr:city": null, "source": "Bing", "name:ur": "رحمانی نگر", "osm_id": 1970512048, "osm_type": "nodes" }, "geometry": { "type": "Point", "coordinates": [ 67.8482889, 27.0400676 ] } },
{ "type": "Feature", "properties": { "name": "سپیزنڈ جنکشن", "name:en": "Spezand Junction", "railway": "station", "ele": null, "operator:type": null, "layer": null, "addr:full": null, "addr:city": null, "source": null, "name:ur": "سپیزنڈ جنکشن", "osm_id": 1975773417, "osm_type": "nodes" }, "geometry": { "type": "Point", "coordinates": [ 66.999481, 29.9801435 ] } },
{ "type": "Feature", "properties": { "name": "سمہ سٹہ جنکشن ریلوے اسٹیشن‎", "name:en": "Samasata Junction", "railway": "station", "ele": null, "operator:type": null, "layer": null, "addr:full": null, "addr:city": null, "source": "Bing", "name:ur": "سمہ سٹہ جنکشن ریلوے اسٹیشن‎", "osm_id": 1975192443, "osm_type": "nodes" }, "geometry": { "type": "Point", "coordinates": [ 71.546229, 29.3477274 ] } },
{ "type": "Feature", "properties": { "name": "نور ریلوے اسٹیشن", "name:en": "Nur", "railway": "station", "ele": null, "operator:type": null, "layer": null, "addr:full": null, "addr:city": null, "source": null, "name:ur": "نور ریلوے اسٹیشن", "osm_id": 2160198093, "osm_type": "nodes" }, "geometry": { "type": "Point", "coordinates": [ 73.0134299, 33.6288427 ] } },
{ "type": "Feature", "properties": { "name": "والٹن", "name:en": "Walton", "railway": "station", "ele": null, "operator:type": null, "layer": null, "addr:full": null, "addr:city": null, "source": null, "name:ur": "والٹن", "osm_id": 2296900504, "osm_type": "nodes" }, "geometry": { "type": "Point", "coordinates": [ 74.354274, 31.4874038 ] } },
{ "type": "Feature", "properties": { "name": "ٹنڈو محمد خان", "name:en": "Tando Muhammad Khan", "railway": "station", "ele": null, "operator:type": null, "layer": null, "addr:full": null, "addr:city": null, "source": null, "name:ur": "ٹنڈو محمد خان", "osm_id": 2364735580, "osm_type": "nodes" }, "geometry": { "type": "Point", "coordinates": [ 68.5299107, 25.122623 ] } },
{ "type": "Feature", "properties": { "name": "سنجوال", "name:en": "Sanjwal", "railway": "station", "ele": null, "operator:type": null, "layer": null, "addr:full": null, "addr:city": null, "source": null, "name:ur": "سنجوال", "osm_id": 2432186131, "osm_type": "nodes" }, "geometry": { "type": "Point", "coordinates": [ 72.4330079, 33.8092965 ] } },
{ "type": "Feature", "properties": { "name": "ٹیکسلا", "name:en": "Taxila", "railway": "station", "ele": null, "operator:type": null, "layer": null, "addr:full": null, "addr:city": "ٹیکسلا", "source": null, "name:ur": "ٹیکسلا", "osm_id": 2432186144, "osm_type": "nodes" }, "geometry": { "type": "Point", "coordinates": [ 72.8145203, 33.7422793 ] } },
{ "type": "Feature", "properties": { "name": "‎مدنیتہ الحجاج ریلوے اسٹیشن", "name:en": "Madina Tul Hujjaj", "railway": "station", "ele": null, "operator:type": null, "layer": null, "addr:full": null, "addr:city": null, "source": null, "name:ur": "‎مدنیتہ الحجاج ریلوے اسٹیشن", "osm_id": 2433164394, "osm_type": "nodes" }, "geometry": { "type": "Point", "coordinates": [ 72.968585, 33.6326341 ] } },
{ "type": "Feature", "properties": { "name": "لوہی بھیر ریلوے اسٹیشن", "name:en": "Lohi Bher", "railway": "station", "ele": null, "operator:type": null, "layer": null, "addr:full": null, "addr:city": null, "source": null, "name:ur": "لوہی بھیر ریلوے اسٹیشن", "osm_id": 2433164395, "osm_type": "nodes" }, "geometry": { "type": "Point", "coordinates": [ 73.1575285, 33.5740351 ] } },
{ "type": "Feature", "properties": { "name": "مانکیالہ ریلوے اسٹیشن", "name:en": "Mankiala", "railway": "station", "ele": null, "operator:type": null, "layer": null, "addr:full": null, "addr:city": null, "source": null, "name:ur": "مانکیالہ ریلوے اسٹیشن", "osm_id": 2433164398, "osm_type": "nodes" }, "geometry": { "type": "Point", "coordinates": [ 73.2404312, 33.4775076 ] } },
{ "type": "Feature", "properties": { "name": "پنڈورا ریلوے اسٹیشن", "name:en": "Pindora Railway Station", "railway": "station", "ele": null, "operator:type": null, "layer": null, "addr:full": null, "addr:city": null, "source": null, "name:ur": "پنڈورا ریلوے اسٹیشن", "osm_id": 2433202106, "osm_type": "nodes" }, "geometry": { "type": "Point", "coordinates": [ 73.339084, 33.2264685 ] } },
{ "type": "Feature", "properties": { "name": "سوہاوہ ریلوے اسٹیشن", "name:en": "Sohawa", "railway": "station", "ele": null, "operator:type": null, "layer": null, "addr:full": null, "addr:city": null, "source": null, "name:ur": "سوہاوہ ریلوے اسٹیشن", "osm_id": 2433202107, "osm_type": "nodes" }, "geometry": { "type": "Point", "coordinates": [ 73.4297313, 33.1315974 ] } },
{ "type": "Feature", "properties": { "name": "ترکی ریلوے اسٹیشن", "name:en": "Tarki", "railway": "station", "ele": null, "operator:type": null, "layer": null, "addr:full": null, "addr:city": null, "source": null, "name:ur": "ترکی ریلوے اسٹیشن", "osm_id": 2433202108, "osm_type": "nodes" }, "geometry": { "type": "Point", "coordinates": [ 73.4267935, 33.0688201 ] } },
{ "type": "Feature", "properties": { "name": "چوآ کٹریالہ ریلوے اسٹیشن", "name:en": "Choa Kariala", "railway": "station", "ele": null, "operator:type": null, "layer": null, "addr:full": null, "addr:city": null, "source": null, "name:ur": "چوآ کٹریالہ ریلوے اسٹیشن", "osm_id": 2433212971, "osm_type": "nodes" }, "geometry": { "type": "Point", "coordinates": [ 73.7856281, 32.8796105 ] } },
{ "type": "Feature", "properties": { "name": "ایمن آباد", "name:en": "Eimenabad", "railway": "station", "ele": null, "operator:type": null, "layer": null, "addr:full": null, "addr:city": null, "source": null, "name:ur": "ایمن آباد", "osm_id": 2433331699, "osm_type": "nodes" }, "geometry": { "type": "Point", "coordinates": [ 74.210782, 32.0546955 ] } },
{ "type": "Feature", "properties": { "name": "کامونکی", "name:en": "Kamoke", "railway": "station", "ele": null, "operator:type": null, "layer": null, "addr:full": null, "addr:city": "کامونکی", "source": null, "name:ur": "کامونکی", "osm_id": 2433331700, "osm_type": "nodes" }, "geometry": { "type": "Point", "coordinates": [ 74.2259352, 31.9818109 ] } },
{ "type": "Feature", "properties": { "name": "واہ", "name:en": "Wah", "railway": "station", "ele": null, "operator:type": null, "layer": null, "addr:full": null, "addr:city": null, "source": null, "name:ur": "واہ", "osm_id": 2432186140, "osm_type": "nodes" }, "geometry": { "type": "Point", "coordinates": [ 72.7371729, 33.817464 ] } },
{ "type": "Feature", "properties": { "name": "گوجرخان ریلوے اسٹیشن", "name:en": "Gujar Khan", "railway": "station", "ele": null, "operator:type": null, "layer": null, "addr:full": null, "addr:city": "Gujar Khan", "source": null, "name:ur": "گوجرخان ریلوے اسٹیشن", "osm_id": 2433202104, "osm_type": "nodes" }, "geometry": { "type": "Point", "coordinates": [ 73.3076163, 33.2590018 ] } },
{ "type": "Feature", "properties": { "name": "رتیال ریلوے اسٹیشن", "name:en": "Ratial", "railway": "station", "ele": null, "operator:type": null, "layer": null, "addr:full": null, "addr:city": null, "source": null, "name:ur": "رتیال ریلوے اسٹیشن", "osm_id": 2433202111, "osm_type": "nodes" }, "geometry": { "type": "Point", "coordinates": [ 73.5361871, 33.0331989 ] } },
{ "type": "Feature", "properties": { "name": "دینہ ریلوے اسٹیشن", "name:en": "Dina", "railway": "station", "ele": null, "operator:type": null, "layer": null, "addr:full": null, "addr:city": "دینہ", "source": null, "name:ur": "دینہ ریلوے اسٹیشن", "osm_id": 2433202112, "osm_type": "nodes" }, "geometry": { "type": "Point", "coordinates": [ 73.6032165, 33.0246341 ] } },
{ "type": "Feature", "properties": { "name": "کالووال ریلوے اسٹیشن", "name:en": "Kaluwal", "railway": "station", "ele": null, "operator:type": null, "layer": null, "addr:full": null, "addr:city": null, "source": null, "name:ur": "کالووال ریلوے اسٹیشن", "osm_id": 2433202113, "osm_type": "nodes" }, "geometry": { "type": "Point", "coordinates": [ 73.6587956, 33.0239949 ] } },
{ "type": "Feature", "properties": { "name": "کالا گُجراں ریلوے اسٹیشن", "name:en": "Kala Gujran", "railway": "station", "ele": null, "operator:type": null, "layer": null, "addr:full": null, "addr:city": null, "source": null, "name:ur": "کالا گُجراں ریلوے اسٹیشن", "osm_id": 2433202114, "osm_type": "nodes" }, "geometry": { "type": "Point", "coordinates": [ 73.6948919, 32.9629321 ] } },
{ "type": "Feature", "properties": { "name": "سَرائے عالمگیر ریلوے اسٹیشن", "name:en": "Sarai Alamgir", "railway": "station", "ele": null, "operator:type": null, "layer": null, "addr:full": null, "addr:city": null, "source": null, "name:ur": "سَرائے عالمگیر ریلوے اسٹیشن", "osm_id": 2433212970, "osm_type": "nodes" }, "geometry": { "type": "Point", "coordinates": [ 73.7494584, 32.9067748 ] } },
{ "type": "Feature", "properties": { "name": "دھونکل", "name:en": "Dhaunkal", "railway": "station", "ele": null, "operator:type": null, "layer": null, "addr:full": null, "addr:city": null, "source": null, "name:ur": "دھونکل", "osm_id": 2433331668, "osm_type": "nodes" }, "geometry": { "type": "Point", "coordinates": [ 74.1330702, 32.3833288 ] } },
{ "type": "Feature", "properties": { "name": "گکھڑ منڈی", "name:en": "Gakkhar Mandi", "railway": "station", "ele": null, "operator:type": null, "layer": null, "addr:full": null, "addr:city": null, "source": null, "name:ur": "گکھڑ منڈی", "osm_id": 2433331669, "osm_type": "nodes" }, "geometry": { "type": "Point", "coordinates": [ 74.1521289, 32.3018826 ] } },
{ "type": "Feature", "properties": { "name": "گوجرانوالہ کینٹ", "name:en": "Gujranwala Cantt", "railway": "station", "ele": null, "operator:type": null, "layer": null, "addr:full": null, "addr:city": null, "source": null, "name:ur": "گوجرانوالہ کینٹ", "osm_id": 2433331671, "osm_type": "nodes" }, "geometry": { "type": "Point", "coordinates": [ 74.168168, 32.2456655 ] } },
{ "type": "Feature", "properties": { "name": "گوجرانوالا", "name:en": "Gujranwala", "railway": "station", "ele": null, "operator:type": null, "layer": null, "addr:full": null, "addr:city": null, "source": null, "name:ur": null, "osm_id": 2433331678, "osm_type": "nodes" }, "geometry": { "type": "Point", "coordinates": [ 74.181315, 32.1990328 ] } },
{ "type": "Feature", "properties": { "name": "تھیری سانسی", "name:en": "Theri Sansi", "railway": "station", "ele": null, "operator:type": null, "layer": null, "addr:full": null, "addr:city": null, "source": null, "name:ur": "تھیری سانسی", "osm_id": 2433331698, "osm_type": "nodes" }, "geometry": { "type": "Point", "coordinates": [ 74.204101, 32.1033655 ] } },
{ "type": "Feature", "properties": { "name": "DFO office", "name:en": null, "railway": "station", "ele": null, "operator:type": null, "layer": null, "addr:full": null, "addr:city": null, "source": null, "name:ur": null, "osm_id": 8059018054, "osm_type": "nodes" }, "geometry": { "type": "Point", "coordinates": [ 73.9682935, 31.0656535 ] } },
{ "type": "Feature", "properties": { "name": "کوئٹہ", "name:en": "Quetta", "railway": "station", "ele": null, "operator:type": null, "layer": null, "addr:full": null, "addr:city": null, "source": null, "name:ur": "کوئٹہ", "osm_id": 2669085020, "osm_type": "nodes" }, "geometry": { "type": "Point", "coordinates": [ 67.0007561, 30.1916268 ] } },
{ "type": "Feature", "properties": { "name": "Bostan", "name:en": null, "railway": "station", "ele": null, "operator:type": null, "layer": null, "addr:full": null, "addr:city": null, "source": null, "name:ur": null, "osm_id": 2668980904, "osm_type": "nodes" }, "geometry": { "type": "Point", "coordinates": [ 67.0070328, 30.4314317 ] } },
{ "type": "Feature", "properties": { "name": "لیہ", "name:en": "Leiah", "railway": "station", "ele": null, "operator:type": null, "layer": null, "addr:full": null, "addr:city": null, "source": null, "name:ur": "لیہ", "osm_id": 2978044465, "osm_type": "nodes" }, "geometry": { "type": "Point", "coordinates": [ 70.9433836, 30.9681007 ] } },
{ "type": "Feature", "properties": { "name": "منڈی بُورے والا", "name:en": "Mandi Burewala", "railway": "station", "ele": null, "operator:type": null, "layer": null, "addr:full": null, "addr:city": null, "source": null, "name:ur": "منڈی بُورے والا", "osm_id": 3137619051, "osm_type": "nodes" }, "geometry": { "type": "Point", "coordinates": [ 72.6815187, 30.1553358 ] } },
{ "type": "Feature", "properties": { "name": "حویلی وساویوالا", "name:en": "Haveli Wasawewala", "railway": "station", "ele": null, "operator:type": null, "layer": null, "addr:full": null, "addr:city": null, "source": null, "name:ur": "حویلی وساویوالا", "osm_id": 3306883000, "osm_type": "nodes" }, "geometry": { "type": "Point", "coordinates": [ 73.6773723, 30.4571452 ] } },
{ "type": "Feature", "properties": { "name": "شیخ واصل", "name:en": "Sheikh Wasil", "railway": "station", "ele": null, "operator:type": null, "layer": null, "addr:full": null, "addr:city": null, "source": "NGA-GNS", "name:ur": "شیخ واصل", "osm_id": 3953658520, "osm_type": "nodes" }, "geometry": { "type": "Point", "coordinates": [ 66.6176432, 29.8963366 ] } },
{ "type": "Feature", "properties": { "name": "دالبندین", "name:en": "Dalbandin", "railway": "station", "ele": null, "operator:type": null, "layer": null, "addr:full": null, "addr:city": null, "source": null, "name:ur": "دالبندین", "osm_id": 3947848722, "osm_type": "nodes" }, "geometry": { "type": "Point", "coordinates": [ 64.4091038, 28.890622 ] } },
{ "type": "Feature", "properties": { "name": "کیشنگی", "name:en": "Kishingi", "railway": "station", "ele": null, "operator:type": null, "layer": null, "addr:full": null, "addr:city": null, "source": null, "name:ur": "کیشنگی", "osm_id": 3948032668, "osm_type": "nodes" }, "geometry": { "type": "Point", "coordinates": [ 66.1558069, 29.5772158 ] } },
{ "type": "Feature", "properties": { "name": "چمن", "name:en": "Chaman", "railway": "station", "ele": null, "operator:type": null, "layer": null, "addr:full": null, "addr:city": null, "source": null, "name:ur": "چمن", "osm_id": 3955477797, "osm_type": "nodes" }, "geometry": { "type": "Point", "coordinates": [ 66.4405297, 30.9249448 ] } },
{ "type": "Feature", "properties": { "name": "مظفر گڑھ", "name:en": "Muzaffargarh", "railway": "station", "ele": null, "operator:type": null, "layer": null, "addr:full": null, "addr:city": "مظفر گڑھ", "source": null, "name:ur": "مظفر گڑھ", "osm_id": 849927573, "osm_type": "nodes" }, "geometry": { "type": "Point", "coordinates": [ 71.1939667, 30.084183 ] } },
{ "type": "Feature", "properties": { "name": "ڈرگ روڈ", "name:en": "Drigh Road", "railway": "station", "ele": null, "operator:type": null, "layer": null, "addr:full": null, "addr:city": "Karachi", "source": null, "name:ur": "ڈرگ روڈ", "osm_id": 3523382867, "osm_type": "nodes" }, "geometry": { "type": "Point", "coordinates": [ 67.1261891, 24.8863153 ] } },
{ "type": "Feature", "properties": { "name": "بہاولنگر", "name:en": "Bhawalnagar", "railway": "station", "ele": null, "operator:type": null, "layer": null, "addr:full": null, "addr:city": null, "source": null, "name:ur": "بہاولنگر", "osm_id": 2669031285, "osm_type": "nodes" }, "geometry": { "type": "Point", "coordinates": [ 73.2529028, 30.0023425 ] } },
{ "type": "Feature", "properties": { "name": "جنڈ جنکشن ریلوے اسٹیشن", "name:en": "Jand Junction", "railway": "station", "ele": null, "operator:type": null, "layer": null, "addr:full": null, "addr:city": null, "source": null, "name:ur": "جنڈ جنکشن ریلوے اسٹیشن", "osm_id": 3882639533, "osm_type": "nodes" }, "geometry": { "type": "Point", "coordinates": [ 72.011332, 33.4401978 ] } },
{ "type": "Feature", "properties": { "name": "کچلاک", "name:en": "Kuchlak", "railway": "station", "ele": null, "operator:type": null, "layer": null, "addr:full": null, "addr:city": null, "source": null, "name:ur": "کچلاک", "osm_id": 3955477798, "osm_type": "nodes" }, "geometry": { "type": "Point", "coordinates": [ 66.9498015, 30.3540649 ] } },
{ "type": "Feature", "properties": { "name": "یک مچ", "name:en": "Yakmach", "railway": "station", "ele": null, "operator:type": null, "layer": null, "addr:full": null, "addr:city": null, "source": null, "name:ur": "یک مچ", "osm_id": 3955477806, "osm_type": "nodes" }, "geometry": { "type": "Point", "coordinates": [ 63.8481644, 28.7441032 ] } },
{ "type": "Feature", "properties": { "name": "ڈیرہ اللہ یار", "name:en": "Dera Allah Yar", "railway": "station", "ele": null, "operator:type": null, "layer": null, "addr:full": null, "addr:city": null, "source": null, "name:ur": "ڈیرہ اللہ یار", "osm_id": 3965034135, "osm_type": "nodes" }, "geometry": { "type": "Point", "coordinates": [ 68.3562971, 28.3717632 ] } },
{ "type": "Feature", "properties": { "name": "گوسڑجی", "name:en": "Gosarji", "railway": "station", "ele": null, "operator:type": null, "layer": null, "addr:full": null, "addr:city": null, "source": null, "name:ur": "گوسڑجی", "osm_id": 3965893621, "osm_type": "nodes" }, "geometry": { "type": "Point", "coordinates": [ 68.7626577, 27.7770558 ] } },
{ "type": "Feature", "properties": { "name": "شکارپور", "name:en": "Shikarpur", "railway": "station", "ele": null, "operator:type": null, "layer": null, "addr:full": null, "addr:city": null, "source": null, "name:ur": "شکارپور", "osm_id": 3965893626, "osm_type": "nodes" }, "geometry": { "type": "Point", "coordinates": [ 68.6467484, 27.9579085 ] } },
{ "type": "Feature", "properties": { "name": "سلطان کوٹ", "name:en": "Sultan Kot", "railway": "station", "ele": null, "operator:type": null, "layer": null, "addr:full": null, "addr:city": null, "source": null, "name:ur": "سلطان کوٹ", "osm_id": 3965893629, "osm_type": "nodes" }, "geometry": { "type": "Point", "coordinates": [ 68.5966918, 28.0761374 ] } },
{ "type": "Feature", "properties": { "name": "کوہسار", "name:en": "Kohsar", "railway": "station", "ele": null, "operator:type": null, "layer": null, "addr:full": null, "addr:city": null, "source": null, "name:ur": "کوہسار", "osm_id": 3966717519, "osm_type": "nodes" }, "geometry": { "type": "Point", "coordinates": [ 67.5092237, 29.6996785 ] } },
{ "type": "Feature", "properties": { "name": "نٹال", "name:en": "Nuttall", "railway": "station", "ele": null, "operator:type": null, "layer": null, "addr:full": null, "addr:city": null, "source": null, "name:ur": "نٹال", "osm_id": 3965127363, "osm_type": "nodes" }, "geometry": { "type": "Point", "coordinates": [ 68.0771169, 28.7512164 ] } },
{ "type": "Feature", "properties": { "name": "سبی جنکشن", "name:en": "Sibi Junction", "railway": "station", "ele": null, "operator:type": null, "layer": null, "addr:full": null, "addr:city": null, "source": null, "name:ur": "سبی جنکشن", "osm_id": 3965127795, "osm_type": "nodes" }, "geometry": { "type": "Point", "coordinates": [ 67.8697687, 29.5475664 ] } },
{ "type": "Feature", "properties": { "name": "دمبولی", "name:en": "Damboli", "railway": "station", "ele": null, "operator:type": null, "layer": null, "addr:full": null, "addr:city": null, "source": null, "name:ur": "دمبولی", "osm_id": 3966714659, "osm_type": "nodes" }, "geometry": { "type": "Point", "coordinates": [ 67.9714835, 29.0911269 ] } },
{ "type": "Feature", "properties": { "name": "ڈیرہ مراد جمالی", "name:en": "Dera Murad Jamali", "railway": "station", "ele": null, "operator:type": null, "layer": null, "addr:full": null, "addr:city": null, "source": "NGA-GNS", "name:ur": "ڈیرہ مراد جمالی", "osm_id": 3966714660, "osm_type": "nodes" }, "geometry": { "type": "Point", "coordinates": [ 68.2203045, 28.5484533 ] } },
{ "type": "Feature", "properties": { "name": "دنگرا", "name:en": "Dingra", "railway": "station", "ele": null, "operator:type": null, "layer": null, "addr:full": null, "addr:city": null, "source": null, "name:ur": "دنگرا", "osm_id": 3966714663, "osm_type": "nodes" }, "geometry": { "type": "Point", "coordinates": [ 67.8961829, 29.2865667 ] } },
{ "type": "Feature", "properties": { "name": "منگولی", "name:en": "Mangoli", "railway": "station", "ele": null, "operator:type": null, "layer": null, "addr:full": null, "addr:city": null, "source": null, "name:ur": "منگولی", "osm_id": 3966714664, "osm_type": "nodes" }, "geometry": { "type": "Point", "coordinates": [ 68.282669, 28.4675386 ] } },
{ "type": "Feature", "properties": { "name": "مشکاف", "name:en": "Mushkaf", "railway": "station", "ele": null, "operator:type": null, "layer": null, "addr:full": null, "addr:city": null, "source": null, "name:ur": "مشکاف", "osm_id": 3966714667, "osm_type": "nodes" }, "geometry": { "type": "Point", "coordinates": [ 67.7306188, 29.5647815 ] } },
{ "type": "Feature", "properties": { "name": "پانیر", "name:en": "Panir", "railway": "station", "ele": null, "operator:type": null, "layer": null, "addr:full": null, "addr:city": null, "source": null, "name:ur": "پانیر", "osm_id": 3966714669, "osm_type": "nodes" }, "geometry": { "type": "Point", "coordinates": [ 67.5462334, 29.6756408 ] } },
{ "type": "Feature", "properties": { "name": "پھیرو کنری", "name:en": "Pehro Kunri", "railway": "station", "ele": null, "operator:type": null, "layer": null, "addr:full": null, "addr:city": null, "source": null, "name:ur": "پھیرو کنری", "osm_id": 3966714670, "osm_type": "nodes" }, "geometry": { "type": "Point", "coordinates": [ 67.6669498, 29.6174521 ] } },
{ "type": "Feature", "properties": { "name": null, "name:en": "Perak", "railway": "station", "ele": null, "operator:type": null, "layer": null, "addr:full": null, "addr:city": null, "source": null, "name:ur": null, "osm_id": 3966714673, "osm_type": "nodes" }, "geometry": { "type": "Point", "coordinates": [ 67.8433342, 29.4662537 ] } },
{ "type": "Feature", "properties": { "name": "پیشی", "name:en": "Peshi", "railway": "station", "ele": null, "operator:type": null, "layer": null, "addr:full": null, "addr:city": null, "source": null, "name:ur": "پیشی", "osm_id": 3966714676, "osm_type": "nodes" }, "geometry": { "type": "Point", "coordinates": [ 67.4852726, 29.7276575 ] } },
{ "type": "Feature", "properties": { "name": "آبِ گم", "name:en": "Aab-e-Gum", "railway": "station", "ele": null, "operator:type": null, "layer": null, "addr:full": null, "addr:city": null, "source": null, "name:ur": "آب گم", "osm_id": 3967853445, "osm_type": "nodes" }, "geometry": { "type": "Point", "coordinates": [ 67.4031606, 29.8037535 ] } },
{ "type": "Feature", "properties": { "name": "ہیروک", "name:en": "Hirok", "railway": "station", "ele": null, "operator:type": null, "layer": null, "addr:full": null, "addr:city": null, "source": null, "name:ur": "ہیروک", "osm_id": 3969545499, "osm_type": "nodes" }, "geometry": { "type": "Point", "coordinates": [ 67.2266638, 29.9296342 ] } },
{ "type": "Feature", "properties": { "name": "کول پور", "name:en": "Kolpur", "railway": "station", "ele": null, "operator:type": null, "layer": null, "addr:full": null, "addr:city": null, "source": null, "name:ur": "کول پور", "osm_id": 3953659168, "osm_type": "nodes" }, "geometry": { "type": "Point", "coordinates": [ 67.1349005, 29.9015239 ] } },
{ "type": "Feature", "properties": { "name": "مظفرآباد ریلوے اسٹیشن", "name:en": "Muzafarabad", "railway": "station", "ele": null, "operator:type": null, "layer": null, "addr:full": null, "addr:city": null, "source": null, "name:ur": "مظفرآباد ریلوے اسٹیشن", "osm_id": 4319158597, "osm_type": "nodes" }, "geometry": { "type": "Point", "coordinates": [ 71.3650933, 30.1350836 ] } },
{ "type": "Feature", "properties": { "name": "لانڈھی ریلوے اسٹیشن", "name:en": "Landhi", "railway": "station", "ele": null, "operator:type": null, "layer": null, "addr:full": null, "addr:city": null, "source": null, "name:ur": "لانڈھی ریلوے اسٹیشن", "osm_id": 4104332771, "osm_type": "nodes" }, "geometry": { "type": "Point", "coordinates": [ 67.211895, 24.8508469 ] } },
{ "type": "Feature", "properties": { "name": "Airport", "name:en": null, "railway": "station", "ele": null, "operator:type": null, "layer": null, "addr:full": null, "addr:city": "Karachi", "source": null, "name:ur": null, "osm_id": 4104333346, "osm_type": "nodes" }, "geometry": { "type": "Point", "coordinates": [ 67.1440848, 24.8861183 ] } },
{ "type": "Feature", "properties": { "name": "ترنڈہ", "name:en": "Tarinda", "railway": "station", "ele": null, "operator:type": null, "layer": null, "addr:full": null, "addr:city": null, "source": null, "name:ur": "ترنڈہ", "osm_id": 4344550096, "osm_type": "nodes" }, "geometry": { "type": "Point", "coordinates": [ 70.4018386, 28.4863253 ] } },
{ "type": "Feature", "properties": { "name": "کوٹ سمابہ", "name:en": "Kot Samaba", "railway": "station", "ele": null, "operator:type": null, "layer": null, "addr:full": null, "addr:city": null, "source": null, "name:ur": "کوٹ سمابہ", "osm_id": 4351908260, "osm_type": "nodes" }, "geometry": { "type": "Point", "coordinates": [ 70.4806782, 28.5369569 ] } },
{ "type": "Feature", "properties": { "name": "سہجا", "name:en": "Sahja", "railway": "station", "ele": null, "operator:type": null, "layer": null, "addr:full": null, "addr:city": null, "source": null, "name:ur": null, "osm_id": 4351908261, "osm_type": "nodes" }, "geometry": { "type": "Point", "coordinates": [ 70.5622779, 28.589036 ] } },
{ "type": "Feature", "properties": { "name": "تخت بھائی", "name:en": "Takht Bhai", "railway": "station", "ele": null, "operator:type": null, "layer": null, "addr:full": null, "addr:city": null, "source": null, "name:ur": "تخت بھائی", "osm_id": 4732835070, "osm_type": "nodes" }, "geometry": { "type": "Point", "coordinates": [ 71.9300465, 34.2776137 ] } },
{ "type": "Feature", "properties": { "name": "کالا شاہ کاکو", "name:en": "Kala Shah Kaku", "railway": "station", "ele": null, "operator:type": null, "layer": null, "addr:full": null, "addr:city": null, "source": null, "name:ur": "کالا شاہ کاکو", "osm_id": 4907178055, "osm_type": "nodes" }, "geometry": { "type": "Point", "coordinates": [ 74.2735186, 31.7197334 ] } },
{ "type": "Feature", "properties": { "name": "راجن شاہ", "name:en": "Rajan Shah", "railway": "station", "ele": null, "operator:type": null, "layer": null, "addr:full": null, "addr:city": null, "source": null, "name:ur": "راجن شاہ", "osm_id": 4936415686, "osm_type": "nodes" }, "geometry": { "type": "Point", "coordinates": [ 70.9534828, 31.1445691 ] } },
{ "type": "Feature", "properties": { "name": "کوٹ سلطان", "name:en": "Kot Sultan", "railway": "station", "ele": null, "operator:type": null, "layer": null, "addr:full": null, "addr:city": null, "source": null, "name:ur": "کوٹ سلطان", "osm_id": 4936420515, "osm_type": "nodes" }, "geometry": { "type": "Point", "coordinates": [ 70.9352799, 30.7644816 ] } },
{ "type": "Feature", "properties": { "name": "Zero Point Khokhrapar", "name:en": null, "railway": "station", "ele": null, "operator:type": null, "layer": null, "addr:full": null, "addr:city": null, "source": null, "name:ur": "زیرو پوائنٹ کھوکھراپار", "osm_id": 4099144203, "osm_type": "nodes" }, "geometry": { "type": "Point", "coordinates": [ 70.2571133, 25.7320756 ] } },
{ "type": "Feature", "properties": { "name": "مٹھن کوٹ", "name:en": "Mithan Kot", "railway": "station", "ele": null, "operator:type": null, "layer": null, "addr:full": null, "addr:city": null, "source": "bing", "name:ur": "مٹھن کوٹ", "osm_id": 5067100789, "osm_type": "nodes" }, "geometry": { "type": "Point", "coordinates": [ 70.3547046, 28.9723478 ] } },
{ "type": "Feature", "properties": { "name": "وارچا", "name:en": "Warechah", "railway": "station", "ele": null, "operator:type": null, "layer": null, "addr:full": null, "addr:city": null, "source": null, "name:ur": "وارچا", "osm_id": 4992730387, "osm_type": "nodes" }, "geometry": { "type": "Point", "coordinates": [ 61.9082728, 28.8653396 ] } },
{ "type": "Feature", "properties": { "name": "مانجھند", "name:en": "Manjhand", "railway": "station", "ele": null, "operator:type": null, "layer": null, "addr:full": null, "addr:city": null, "source": null, "name:ur": "مانجھند", "osm_id": 5442362549, "osm_type": "nodes" }, "geometry": { "type": "Point", "coordinates": [ 68.2298678, 25.9012691 ] } },
{ "type": "Feature", "properties": { "name": "اسلام پارک", "name:en": "Islam Park", "railway": "station", "ele": null, "operator:type": null, "layer": null, "addr:full": null, "addr:city": null, "source": null, "name:ur": "اسلام پارک", "osm_id": 5844883298, "osm_type": "nodes" }, "geometry": { "type": "Point", "coordinates": [ 74.4228338, 31.5888788 ] } },
{ "type": "Feature", "properties": { "name": "ڈیرہ گجراں", "name:en": "Dera Gujran", "railway": "station", "ele": null, "operator:type": null, "layer": null, "addr:full": null, "addr:city": null, "source": null, "name:ur": "ڈیرہ گجراں", "osm_id": 5844883299, "osm_type": "nodes" }, "geometry": { "type": "Point", "coordinates": [ 74.4313009, 31.5897383 ] } },
{ "type": "Feature", "properties": { "name": "کینال ویو", "name:en": "Canal View", "railway": "station", "ele": null, "operator:type": null, "layer": null, "addr:full": null, "addr:city": null, "source": null, "name:ur": "کینال ویو", "osm_id": 5844889652, "osm_type": "nodes" }, "geometry": { "type": "Point", "coordinates": [ 74.249204, 31.4806954 ] } },
{ "type": "Feature", "properties": { "name": "ہنجروال", "name:en": "Hanjarwal", "railway": "station", "ele": null, "operator:type": null, "layer": null, "addr:full": null, "addr:city": null, "source": null, "name:ur": "ہنجروال", "osm_id": 5844889653, "osm_type": "nodes" }, "geometry": { "type": "Point", "coordinates": [ 74.2583504, 31.4862956 ] } },
{ "type": "Feature", "properties": { "name": "وحدت روڈ", "name:en": "Wahdat Road", "railway": "station", "ele": null, "operator:type": null, "layer": null, "addr:full": null, "addr:city": null, "source": null, "name:ur": "وحدت روڈ", "osm_id": 5844889654, "osm_type": "nodes" }, "geometry": { "type": "Point", "coordinates": [ 74.2633664, 31.4946893 ] } },
{ "type": "Feature", "properties": { "name": "سمن آباد", "name:en": "Samanabad", "railway": "station", "ele": null, "operator:type": null, "layer": null, "addr:full": null, "addr:city": null, "source": null, "name:ur": "سمن آباد", "osm_id": 5844879610, "osm_type": "nodes" }, "geometry": { "type": "Point", "coordinates": [ 74.2928181, 31.5397538 ] } },
{ "type": "Feature", "properties": { "name": "محمود بوٹی", "name:en": "Mahmood Booti", "railway": "station", "ele": null, "operator:type": null, "layer": null, "addr:full": null, "addr:city": null, "source": null, "name:ur": "محمود بوٹی", "osm_id": 5844883296, "osm_type": "nodes" }, "geometry": { "type": "Point", "coordinates": [ 74.4024351, 31.5868291 ] } },
{ "type": "Feature", "properties": { "name": "سلامت پورہ", "name:en": "Salamatpura", "railway": "station", "ele": null, "operator:type": null, "layer": null, "addr:full": null, "addr:city": null, "source": null, "name:ur": "سلامت پورہ", "osm_id": 5844883297, "osm_type": "nodes" }, "geometry": { "type": "Point", "coordinates": [ 74.4130374, 31.587909 ] } },
{ "type": "Feature", "properties": { "name": "اعوان ٹاؤن", "name:en": "Awan Town", "railway": "station", "ele": null, "operator:type": null, "layer": null, "addr:full": null, "addr:city": null, "source": null, "name:ur": "اعوان ٹاؤن", "osm_id": 5844889655, "osm_type": "nodes" }, "geometry": { "type": "Point", "coordinates": [ 74.2682841, 31.5033102 ] } },
{ "type": "Feature", "properties": { "name": "سبزہ زار", "name:en": "Sabzazar", "railway": "station", "ele": null, "operator:type": null, "layer": null, "addr:full": null, "addr:city": null, "source": null, "name:ur": "سبزہ زار", "osm_id": 5844889656, "osm_type": "nodes" }, "geometry": { "type": "Point", "coordinates": [ 74.2728442, 31.5101229 ] } },
{ "type": "Feature", "properties": { "name": "شاہ نور", "name:en": "Shahnoor", "railway": "station", "ele": null, "operator:type": null, "layer": null, "addr:full": null, "addr:city": null, "source": null, "name:ur": "شاہ نور", "osm_id": 5844889657, "osm_type": "nodes" }, "geometry": { "type": "Point", "coordinates": [ 74.2776467, 31.517424 ] } },
{ "type": "Feature", "properties": { "name": "صلاح الدین روڈ", "name:en": "Salahudin Road", "railway": "station", "ele": null, "operator:type": null, "layer": null, "addr:full": null, "addr:city": null, "source": null, "name:ur": "صلاح الدین روڈ", "osm_id": 5844889658, "osm_type": "nodes" }, "geometry": { "type": "Point", "coordinates": [ 74.2833141, 31.5245991 ] } },
{ "type": "Feature", "properties": { "name": "گولڑہ شریف جنکشن ریلوے اسٹیشن", "name:en": "Golra Sharif Junction", "railway": "station", "ele": null, "operator:type": null, "layer": null, "addr:full": null, "addr:city": null, "source": null, "name:ur": "گولڑہ شریف جنکشن ریلوے اسٹیشن", "osm_id": 6422526503, "osm_type": "nodes" }, "geometry": { "type": "Point", "coordinates": [ 72.9478446, 33.6704978 ] } },
{ "type": "Feature", "properties": { "name": "مياں چنوں ریلوے سٹیشن", "name:en": "Mian Channu Railway Station", "railway": "station", "ele": null, "operator:type": null, "layer": null, "addr:full": null, "addr:city": "Mian Channu", "source": null, "name:ur": null, "osm_id": 2433633690, "osm_type": "nodes" }, "geometry": { "type": "Point", "coordinates": [ 72.3575394, 30.4374885 ] } },
{ "type": "Feature", "properties": { "name": "نظام آباد ریلوے اسٹیشن", "name:en": "Nizamabad", "railway": "station", "ele": null, "operator:type": null, "layer": null, "addr:full": null, "addr:city": null, "source": null, "name:ur": "نظام آباد ریلوے اسٹیشن", "osm_id": 6677556524, "osm_type": "nodes" }, "geometry": { "type": "Point", "coordinates": [ 74.1176776, 32.4296382 ] } },
{ "type": "Feature", "properties": { "name": "تفتان", "name:en": "Taftan", "railway": "station", "ele": null, "operator:type": null, "layer": null, "addr:full": null, "addr:city": "تفتان", "source": null, "name:ur": "تفتان", "osm_id": 7991978842, "osm_type": "nodes" }, "geometry": { "type": "Point", "coordinates": [ 61.5569329, 28.9725472 ] } },
{ "type": "Feature", "properties": { "name": "یو-ای-ٹی", "name:en": "U.E.T", "railway": "station", "ele": null, "operator:type": null, "layer": null, "addr:full": null, "addr:city": null, "source": null, "name:ur": "یو-ای-ٹی", "osm_id": 8058806348, "osm_type": "nodes" }, "geometry": { "type": "Point", "coordinates": [ 74.3608023, 31.5772741 ] } },
{ "type": "Feature", "properties": { "name": "سلطان پورہ", "name:en": "Sultanpura", "railway": "station", "ele": null, "operator:type": null, "layer": null, "addr:full": null, "addr:city": null, "source": null, "name:ur": "سلطان پورہ", "osm_id": 8058806350, "osm_type": "nodes" }, "geometry": { "type": "Point", "coordinates": [ 74.3507937, 31.5757716 ] } },
{ "type": "Feature", "properties": { "name": "ریلوے اسٹیشن", "name:en": "Railway Station", "railway": "station", "ele": null, "operator:type": null, "layer": null, "addr:full": null, "addr:city": null, "source": null, "name:ur": "ریلوے اسٹیشن", "osm_id": 8058806356, "osm_type": "nodes" }, "geometry": { "type": "Point", "coordinates": [ 74.3361528, 31.5722982 ] } },
{ "type": "Feature", "properties": { "name": "چوبرجی", "name:en": "Chauburji", "railway": "station", "ele": null, "operator:type": null, "layer": null, "addr:full": null, "addr:city": null, "source": null, "name:ur": "چوبرجی", "osm_id": 8060376252, "osm_type": "nodes" }, "geometry": { "type": "Point", "coordinates": [ 74.302941, 31.5522961 ] } },
{ "type": "Feature", "properties": { "name": "ناری", "name:en": "Nari", "railway": "station", "ele": null, "operator:type": null, "layer": null, "addr:full": null, "addr:city": null, "source": "US Army map NH 46-10", "name:ur": "ناری", "osm_id": 8220610751, "osm_type": "nodes" }, "geometry": { "type": "Point", "coordinates": [ 67.888813, 29.6541488 ] } },
{ "type": "Feature", "properties": { "name": "اورنگی", "name:en": "Orangi", "railway": "station", "ele": null, "operator:type": null, "layer": null, "addr:full": null, "addr:city": null, "source": null, "name:ur": "اورنگی", "osm_id": 8294610400, "osm_type": "nodes" }, "geometry": { "type": "Point", "coordinates": [ 67.0203973, 24.9159474 ] } },
{ "type": "Feature", "properties": { "name": "مندرہ ریلوے اسٹیشن", "name:en": "Mandra", "railway": "station", "ele": null, "operator:type": null, "layer": null, "addr:full": null, "addr:city": null, "source": null, "name:ur": "مندرہ ریلوے اسٹیشن", "osm_id": 9581803356, "osm_type": "nodes" }, "geometry": { "type": "Point", "coordinates": [ 73.2380339, 33.3646569 ] } },
{ "type": "Feature", "properties": { "name": "نورائی شريف", "name:en": "Norai Sharif", "railway": "station", "ele": null, "operator:type": null, "layer": null, "addr:full": null, "addr:city": null, "source": null, "name:ur": "نورائی شريف", "osm_id": 9960537511, "osm_type": "nodes" }, "geometry": { "type": "Point", "coordinates": [ 68.4672623, 25.1708841 ] } },
{ "type": "Feature", "properties": { "name": "Chichawatni", "name:en": null, "railway": "station", "ele": null, "operator:type": null, "layer": null, "addr:full": null, "addr:city": null, "source": null, "name:ur": null, "osm_id": 2433633682, "osm_type": "nodes" }, "geometry": { "type": "Point", "coordinates": [ 72.6903375, 30.5354804 ] } },
{ "type": "Feature", "properties": { "name": "Kassowal", "name:en": null, "railway": "station", "ele": null, "operator:type": null, "layer": null, "addr:full": null, "addr:city": null, "source": null, "name:ur": null, "osm_id": 2433633685, "osm_type": "nodes" }, "geometry": { "type": "Point", "coordinates": [ 72.5364496, 30.4904004 ] } },
{ "type": "Feature", "properties": { "name": "بوبک روڈ", "name:en": "Bubak Road", "railway": "station", "ele": null, "operator:type": null, "layer": null, "addr:full": null, "addr:city": null, "source": "NGA-GNS", "name:ur": "بوبک روڈ", "osm_id": 10536170070, "osm_type": "nodes" }, "geometry": { "type": "Point", "coordinates": [ 67.7703196, 26.4837063 ] } },
{ "type": "Feature", "properties": { "name": "سحر", "name:en": "Sihar", "railway": "station", "ele": null, "operator:type": null, "layer": null, "addr:full": null, "addr:city": null, "source": "NGA-GNS", "name:ur": "سحر", "osm_id": 10564036988, "osm_type": "nodes" }, "geometry": { "type": "Point", "coordinates": [ 67.987785, 27.2459721 ] } },
{ "type": "Feature", "properties": { "name": null, "name:en": null, "railway": "station", "ele": null, "operator:type": null, "layer": null, "addr:full": null, "addr:city": null, "source": null, "name:ur": null, "osm_id": 6641889887, "osm_type": "nodes" }, "geometry": { "type": "Point", "coordinates": [ 73.1483907, 33.1800366 ] } },
{ "type": "Feature", "properties": { "name": "Okara Cantt", "name:en": null, "railway": "station", "ele": null, "operator:type": null, "layer": null, "addr:full": null, "addr:city": null, "source": null, "name:ur": null, "osm_id": 2433522638, "osm_type": "nodes" }, "geometry": { "type": "Point", "coordinates": [ 73.3317968, 30.7501549 ] } },
{ "type": "Feature", "properties": { "name": "راجن پور", "name:en": "Rajanpur", "railway": "station", "ele": null, "operator:type": null, "layer": null, "addr:full": null, "addr:city": null, "source": null, "name:ur": "راجن پور", "osm_id": 11191866864, "osm_type": "nodes" }, "geometry": { "type": "Point", "coordinates": [ 70.3378699, 29.1002542 ] } },
{ "type": "Feature", "properties": { "name": "سِہالہ ریلوے اسٹیشن", "name:en": "Sihala", "railway": "station", "ele": null, "operator:type": null, "layer": null, "addr:full": null, "addr:city": null, "source": null, "name:ur": "سِہالہ ریلوے اسٹیشن", "osm_id": 11258115819, "osm_type": "nodes" }, "geometry": { "type": "Point", "coordinates": [ 73.2010316, 33.5514835 ] } },
{ "type": "Feature", "properties": { "name": "سمند والا ریلوے اسٹیشن", "name:en": "Samand Wala Railway Station", "railway": "station", "ele": null, "operator:type": null, "layer": null, "addr:full": null, "addr:city": null, "source": null, "name:ur": "سمند والا ریلوے اسٹیشن", "osm_id": 11614917804, "osm_type": "nodes" }, "geometry": { "type": "Point", "coordinates": [ 71.5625723, 32.6934144 ] } },
{ "type": "Feature", "properties": { "name": "سوہان برج ریلوے اسٹیشن", "name:en": "Sohan Bridge", "railway": "station", "ele": null, "operator:type": null, "layer": null, "addr:full": null, "addr:city": null, "source": null, "name:ur": "سوہان برج ریلوے اسٹیشن", "osm_id": 11618695608, "osm_type": "nodes" }, "geometry": { "type": "Point", "coordinates": [ 71.7680653, 33.0035972 ] } },
{ "type": "Feature", "properties": { "name": "انجرا ریلوے اسٹیشن", "name:en": "Injra", "railway": "station", "ele": null, "operator:type": null, "layer": null, "addr:full": null, "addr:city": null, "source": null, "name:ur": "انجرا ریلوے اسٹیشن", "osm_id": 11618903239, "osm_type": "nodes" }, "geometry": { "type": "Point", "coordinates": [ 71.8507685, 33.1274379 ] } },
{ "type": "Feature", "properties": { "name": "نمل ریلوے اسٹیشن", "name:en": "Nammal", "railway": "station", "ele": null, "operator:type": null, "layer": null, "addr:full": null, "addr:city": null, "source": null, "name:ur": "نمل ریلوے اسٹیشن", "osm_id": 11621708715, "osm_type": "nodes" }, "geometry": { "type": "Point", "coordinates": [ 72.1182978, 33.5060727 ] } },
{ "type": "Feature", "properties": { "name": "لنگر ریلوے اسٹیشن", "name:en": "Langar Halt", "railway": "station", "ele": null, "operator:type": null, "layer": null, "addr:full": null, "addr:city": null, "source": null, "name:ur": "لنگر ریلوے اسٹیشن", "osm_id": 11623176177, "osm_type": "nodes" }, "geometry": { "type": "Point", "coordinates": [ 72.052552, 33.4576284 ] } },
{ "type": "Feature", "properties": { "name": "داؤد خیل ریلوے اسٹیشن", "name:en": "Daud Khel Junction", "railway": "station", "ele": null, "operator:type": null, "layer": null, "addr:full": null, "addr:city": null, "source": null, "name:ur": "داؤد خیل ریلوے اسٹیشن", "osm_id": 11615791700, "osm_type": "nodes" }, "geometry": { "type": "Point", "coordinates": [ 71.5816918, 32.8822933 ] } },
{ "type": "Feature", "properties": { "name": "خٹک آباد ریلوے اسٹیشن", "name:en": "Khattakabad", "railway": "station", "ele": null, "operator:type": null, "layer": null, "addr:full": null, "addr:city": null, "source": null, "name:ur": "خٹک آباد ریلوے اسٹیشن", "osm_id": 11619071198, "osm_type": "nodes" }, "geometry": { "type": "Point", "coordinates": [ 71.8636331, 33.172526 ] } },
{ "type": "Feature", "properties": { "name": "اُچھری ریلوے اسٹیشن", "name:en": "Uchhri", "railway": "station", "ele": null, "operator:type": null, "layer": null, "addr:full": null, "addr:city": null, "source": null, "name:ur": "اُچھری ریلوے اسٹیشن", "osm_id": 11619719398, "osm_type": "nodes" }, "geometry": { "type": "Point", "coordinates": [ 71.9272718, 33.3647685 ] } },
{ "type": "Feature", "properties": { "name": "چُورہ شریف ریلوے اسٹیشن", "name:en": "Chura Sharif Halt", "railway": "station", "ele": null, "operator:type": null, "layer": null, "addr:full": null, "addr:city": null, "source": null, "name:ur": "چُورہ شریف ریلوے اسٹیشن", "osm_id": 11623129072, "osm_type": "nodes" }, "geometry": { "type": "Point", "coordinates": [ 72.0906553, 33.4741961 ] } },
{ "type": "Feature", "properties": { "name": "مہر شاہ", "name:en": "Mehar Shah", "railway": "station", "ele": null, "operator:type": null, "layer": null, "addr:full": null, "addr:city": null, "source": null, "name:ur": "مہر شاہ", "osm_id": 11644854626, "osm_type": "nodes" }, "geometry": { "type": "Point", "coordinates": [ 71.8863643, 30.2368133 ] } },
{ "type": "Feature", "properties": { "name": "بیٹرولی ریلوے اسٹیشن", "name:en": "Biruli Railway Station", "railway": "station", "ele": null, "operator:type": null, "layer": null, "addr:full": null, "addr:city": null, "source": null, "name:ur": "بیٹرولی ریلوے اسٹیشن", "osm_id": 11613826097, "osm_type": "nodes" }, "geometry": { "type": "Point", "coordinates": [ 71.5521895, 32.6328313 ] } },
{ "type": "Feature", "properties": { "name": "پائی خیل ریلوے اسٹیشن", "name:en": "Pai Khel", "railway": "station", "ele": null, "operator:type": null, "layer": null, "addr:full": null, "addr:city": null, "source": null, "name:ur": "پائی خیل ریلوے اسٹیشن", "osm_id": 11615140780, "osm_type": "nodes" }, "geometry": { "type": "Point", "coordinates": [ 71.5747787, 32.7646993 ] } },
{ "type": "Feature", "properties": { "name": "مسّان ریلوے اسٹیشن", "name:en": "Masan", "railway": "station", "ele": null, "operator:type": null, "layer": null, "addr:full": null, "addr:city": null, "source": null, "name:ur": "مسّان ریلوے اسٹیشن", "osm_id": 11616382737, "osm_type": "nodes" }, "geometry": { "type": "Point", "coordinates": [ 71.7185186, 32.9275914 ] } },
{ "type": "Feature", "properties": { "name": "چھب ریلوے اسٹیشن", "name:en": "Chhab", "railway": "station", "ele": null, "operator:type": null, "layer": null, "addr:full": null, "addr:city": null, "source": null, "name:ur": "چھب ریلوے اسٹیشن", "osm_id": 11619587889, "osm_type": "nodes" }, "geometry": { "type": "Point", "coordinates": [ 71.9004199, 33.2319408 ] } },
{ "type": "Feature", "properties": { "name": "جھمٹ ریلوے اسٹیشن", "name:en": "Jhamat", "railway": "station", "ele": null, "operator:type": null, "layer": null, "addr:full": null, "addr:city": null, "source": null, "name:ur": "جھمٹ ریلوے اسٹیشن", "osm_id": 11619651365, "osm_type": "nodes" }, "geometry": { "type": "Point", "coordinates": [ 71.8986228, 33.2950339 ] } },
{ "type": "Feature", "properties": { "name": "بکٹرالہ ریلوے اسٹیشن", "name:en": "Bakrala", "railway": "station", "ele": null, "operator:type": null, "layer": null, "addr:full": null, "addr:city": null, "source": null, "name:ur": "بکٹرالہ ریلوے اسٹیشن", "osm_id": 11633742021, "osm_type": "nodes" }, "geometry": { "type": "Point", "coordinates": [ 73.4486289, 33.0753511 ] } },
{ "type": "Feature", "properties": { "name": "ٹاٹے پور ریلوے اسٹیشن", "name:en": "Tatipur", "railway": "station", "ele": null, "operator:type": null, "layer": null, "addr:full": null, "addr:city": null, "source": null, "name:ur": null, "osm_id": 11643634429, "osm_type": "nodes" }, "geometry": { "type": "Point", "coordinates": [ 71.6499706, 30.2248504 ] } },
{ "type": "Feature", "properties": { "name": "عثمان والا", "name:en": "Usmanwala", "railway": "station", "ele": null, "operator:type": null, "layer": null, "addr:full": null, "addr:city": null, "source": null, "name:ur": "عُثمان والا", "osm_id": 11747105425, "osm_type": "nodes" }, "geometry": { "type": "Point", "coordinates": [ 74.2381701, 30.8968896 ] } },
{ "type": "Feature", "properties": { "name": "کنگنپور", "name:en": "Kanganpur", "railway": "station", "ele": null, "operator:type": null, "layer": null, "addr:full": null, "addr:city": null, "source": null, "name:ur": "کنگنپور", "osm_id": 11747114106, "osm_type": "nodes" }, "geometry": { "type": "Point", "coordinates": [ 74.1219801, 30.7584477 ] } },
{ "type": "Feature", "properties": { "name": "قصور جنکشن", "name:en": "Kasur Junction", "railway": "station", "ele": null, "operator:type": null, "layer": null, "addr:full": null, "addr:city": null, "source": null, "name:ur": "قصور جنکشن", "osm_id": 11747086748, "osm_type": "nodes" }, "geometry": { "type": "Point", "coordinates": [ 74.442669, 31.1178863 ] } },
{ "type": "Feature", "properties": { "name": "Mehmood Kot Railway", "name:en": null, "railway": "station", "ele": null, "operator:type": null, "layer": null, "addr:full": null, "addr:city": null, "source": null, "name:ur": null, "osm_id": 4397244487, "osm_type": "nodes" }, "geometry": { "type": "Point", "coordinates": [ 70.9757394, 30.1965787 ] } },
{ "type": "Feature", "properties": { "name": "Nurkot", "name:en": null, "railway": "station", "ele": null, "operator:type": null, "layer": null, "addr:full": null, "addr:city": null, "source": null, "name:ur": null, "osm_id": 2408222328, "osm_type": "nodes" }, "geometry": { "type": "Point", "coordinates": [ 75.1005763, 32.1969149 ] } },
{ "type": "Feature", "properties": { "name": "جسّڑ", "name:en": "Jassar", "railway": "station", "ele": null, "operator:type": null, "layer": null, "addr:full": null, "addr:city": null, "source": null, "name:ur": null, "osm_id": 7900649505, "osm_type": "nodes" }, "geometry": { "type": "Point", "coordinates": [ 74.9504364, 32.084467 ] } },
{ "type": "Feature", "properties": { "name": "Kissan", "name:en": null, "railway": "station", "ele": null, "operator:type": null, "layer": null, "addr:full": null, "addr:city": null, "source": null, "name:ur": null, "osm_id": 2433508566, "osm_type": "nodes" }, "geometry": { "type": "Point", "coordinates": [ 73.5236472, 30.8442054 ] } },
{ "type": "Feature", "properties": { "name": "Lunar Lake", "name:en": null, "railway": "station", "ele": null, "operator:type": null, "layer": null, "addr:full": null, "addr:city": null, "source": null, "name:ur": null, "osm_id": 8059137684, "osm_type": "nodes" }, "geometry": { "type": "Point", "coordinates": [ 74.0016662, 31.0798523 ] } },
{ "type": "Feature", "properties": { "name": null, "name:en": null, "railway": "station", "ele": null, "operator:type": null, "layer": null, "addr:full": null, "addr:city": null, "source": null, "name:ur": null, "osm_id": 303789869, "osm_type": "nodes" }, "geometry": { "type": "Point", "coordinates": [ 72.9929296, 30.6232104 ] } },
{ "type": "Feature", "properties": { "name": "Harappa", "name:en": null, "railway": "station", "ele": null, "operator:type": null, "layer": null, "addr:full": null, "addr:city": null, "source": null, "name:ur": null, "osm_id": 303789888, "osm_type": "nodes" }, "geometry": { "type": "Point", "coordinates": [ 72.9068389, 30.5983927 ] } },
{ "type": "Feature", "properties": { "name": "Hasilpur Railway Station", "name:en": null, "railway": "station", "ele": null, "operator:type": null, "layer": null, "addr:full": null, "addr:city": null, "source": null, "name:ur": null, "osm_id": 3752426111, "osm_type": "nodes" }, "geometry": { "type": "Point", "coordinates": [ 72.549889, 29.6970444 ] } },
{ "type": "Feature", "properties": { "name": "Sahiwal", "name:en": null, "railway": "station", "ele": null, "operator:type": null, "layer": null, "addr:full": null, "addr:city": null, "source": null, "name:ur": null, "osm_id": 2433522641, "osm_type": "nodes" }, "geometry": { "type": "Point", "coordinates": [ 73.1011256, 30.6542672 ] } },
{ "type": "Feature", "properties": { "name": "سری رامپورہ", "name:en": "Srirampura", "railway": "station", "ele": null, "operator:type": null, "layer": null, "addr:full": null, "addr:city": null, "source": null, "name:ur": null, "osm_id": 8851307819, "osm_type": "nodes" }, "geometry": { "type": "Point", "coordinates": [ 74.382719, 31.7414383 ] } },
{ "type": "Feature", "properties": { "name": "Rahme Shah", "name:en": null, "railway": "station", "ele": null, "operator:type": null, "layer": null, "addr:full": null, "addr:city": null, "source": null, "name:ur": null, "osm_id": 2510742845, "osm_type": "nodes" }, "geometry": { "type": "Point", "coordinates": [ 73.0005122, 30.9472463 ] } },
{ "type": "Feature", "properties": { "name": "چناب نگر", "name:en": "Chenab Nagar", "railway": "station", "ele": null, "operator:type": null, "layer": null, "addr:full": null, "addr:city": "چناب نگر", "source": null, "name:ur": "چناب نگر", "osm_id": 11787335254, "osm_type": "nodes" }, "geometry": { "type": "Point", "coordinates": [ 72.9078503, 31.7587689 ] } },
{ "type": "Feature", "properties": { "name": null, "name:en": null, "railway": "station", "ele": null, "operator:type": null, "layer": null, "addr:full": null, "addr:city": null, "source": null, "name:ur": null, "osm_id": 7970894858, "osm_type": "nodes" }, "geometry": { "type": "Point", "coordinates": [ 73.1869993, 32.7013726 ] } },
{ "type": "Feature", "properties": { "name": "Amruka", "name:en": null, "railway": "station", "ele": null, "operator:type": null, "layer": null, "addr:full": null, "addr:city": null, "source": null, "name:ur": null, "osm_id": 720622613, "osm_type": "nodes" }, "geometry": { "type": "Point", "coordinates": [ 73.8887495, 30.2891281 ] } },
{ "type": "Feature", "properties": { "name": "Gunna Kalan RS", "name:en": null, "railway": "station", "ele": null, "operator:type": null, "layer": null, "addr:full": null, "addr:city": null, "source": null, "name:ur": null, "osm_id": 3742358257, "osm_type": "nodes" }, "geometry": { "type": "Point", "coordinates": [ 74.6108914, 32.417137 ] } },
{ "type": "Feature", "properties": { "name": "Okara", "name:en": null, "railway": "station", "ele": null, "operator:type": null, "layer": null, "addr:full": null, "addr:city": null, "source": null, "name:ur": null, "osm_id": 2433508567, "osm_type": "nodes" }, "geometry": { "type": "Point", "coordinates": [ 73.4442836, 30.80528 ] } },
{ "type": "Feature", "properties": { "name": "Katimar", "name:en": null, "railway": "station", "ele": null, "operator:type": null, "layer": null, "addr:full": null, "addr:city": null, "source": null, "name:ur": null, "osm_id": 4317541033, "osm_type": "nodes" }, "geometry": { "type": "Point", "coordinates": [ 72.4312836, 32.2912718 ] } },
{ "type": "Feature", "properties": { "name": "Banna Mianwala", "name:en": null, "railway": "station", "ele": null, "operator:type": null, "layer": null, "addr:full": null, "addr:city": null, "source": null, "name:ur": null, "osm_id": 2447813891, "osm_type": "nodes" }, "geometry": { "type": "Point", "coordinates": [ 73.1723117, 32.5382047 ] } },
{ "type": "Feature", "properties": { "name": "Dandot Railway Station", "name:en": null, "railway": "station", "ele": null, "operator:type": null, "layer": null, "addr:full": null, "addr:city": null, "source": null, "name:ur": null, "osm_id": 5054528204, "osm_type": "nodes" }, "geometry": { "type": "Point", "coordinates": [ 72.9817576, 32.6390259 ] } },
{ "type": "Feature", "properties": { "name": null, "name:en": null, "railway": "station", "ele": null, "operator:type": null, "layer": null, "addr:full": null, "addr:city": null, "source": null, "name:ur": null, "osm_id": 2443907012, "osm_type": "nodes" }, "geometry": { "type": "Point", "coordinates": [ 72.6963621, 31.8895064 ] } },
{ "type": "Feature", "properties": { "name": "Pindi Rasool", "name:en": null, "railway": "station", "ele": null, "operator:type": null, "layer": null, "addr:full": null, "addr:city": null, "source": null, "name:ur": null, "osm_id": 2447935921, "osm_type": "nodes" }, "geometry": { "type": "Point", "coordinates": [ 72.6389261, 31.9701135 ] } },
{ "type": "Feature", "properties": { "name": null, "name:en": null, "railway": "station", "ele": null, "operator:type": null, "layer": null, "addr:full": null, "addr:city": null, "source": null, "name:ur": null, "osm_id": 2408173190, "osm_type": "nodes" }, "geometry": { "type": "Point", "coordinates": [ 75.1661195, 32.3197538 ] } },
{ "type": "Feature", "properties": { "name": "نیو ملتان سٹی ریلوے اسٹیشن", "name:en": "New Multan City", "railway": "station", "ele": null, "operator:type": null, "layer": null, "addr:full": null, "addr:city": null, "source": null, "name:ur": "نیو ملتان سٹی ریلوے اسٹیشن", "osm_id": 12723558376, "osm_type": "nodes" }, "geometry": { "type": "Point", "coordinates": [ 71.5167957, 30.1837337 ] } },
{ "type": "Feature", "properties": { "name": "ملتان شہر ریلوے اسٹیشن", "name:en": "Multan City", "railway": "station", "ele": null, "operator:type": null, "layer": null, "addr:full": null, "addr:city": null, "source": null, "name:ur": "ملتان شہر ریلوے اسٹیشن", "osm_id": 12723558390, "osm_type": "nodes" }, "geometry": { "type": "Point", "coordinates": [ 71.4654311, 30.1823296 ] } },
{ "type": "Feature", "properties": { "name": "آدم واہن ریلوے اسٹیشن", "name:en": "Adam Wahan", "railway": "station", "ele": null, "operator:type": null, "layer": null, "addr:full": null, "addr:city": null, "source": null, "name:ur": "آدم واہن ریلوے اسٹیشن", "osm_id": 12723689032, "osm_type": "nodes" }, "geometry": { "type": "Point", "coordinates": [ 71.6451689, 29.4670765 ] } },
{ "type": "Feature", "properties": { "name": "ملتان چھاؤنی ریلوے اسٹیشن", "name:en": "Multan Cantt", "railway": "station", "ele": null, "operator:type": null, "layer": null, "addr:full": null, "addr:city": null, "source": null, "name:ur": "ملتان چھاؤنی ریلوے اسٹیشن", "osm_id": 12723444285, "osm_type": "nodes" }, "geometry": { "type": "Point", "coordinates": [ 71.4446702, 30.1804746 ] } },
{ "type": "Feature", "properties": { "name": "پیراں غائب ریلوے اسٹیشن", "name:en": "Piran Ghaib", "railway": "station", "ele": null, "operator:type": null, "layer": null, "addr:full": null, "addr:city": null, "source": null, "name:ur": "پیراں غائب ریلوے اسٹیشن", "osm_id": 12723560202, "osm_type": "nodes" }, "geometry": { "type": "Point", "coordinates": [ 71.5579284, 30.1967056 ] } },
{ "type": "Feature", "properties": { "name": "بستی شاہ نال ریلوے اسٹیشن", "name:en": "Basti Shahnal", "railway": "station", "ele": null, "operator:type": null, "layer": null, "addr:full": null, "addr:city": null, "source": null, "name:ur": "بستی شاہ نال ریلوے اسٹیشن", "osm_id": 12723659561, "osm_type": "nodes" }, "geometry": { "type": "Point", "coordinates": [ 71.5600587, 29.6183001 ] } },
{ "type": "Feature", "properties": { "name": "چک ریلوے اسٹیشن", "name:en": "Chak", "railway": "station", "ele": null, "operator:type": null, "layer": null, "addr:full": null, "addr:city": null, "source": null, "name:ur": "چک ریلوے اسٹیشن", "osm_id": 12723596766, "osm_type": "nodes" }, "geometry": { "type": "Point", "coordinates": [ 71.3242648, 29.9464795 ] } },
{ "type": "Feature", "properties": { "name": "ہربنس پورہ", "name:en": null, "railway": "station", "ele": null, "operator:type": null, "layer": null, "addr:full": null, "addr:city": null, "source": null, "name:ur": null, "osm_id": 11747136390, "osm_type": "nodes" }, "geometry": { "type": "Point", "coordinates": [ 74.4365533, 31.5690248 ] } },
{ "type": "Feature", "properties": { "name": "ميرپورخاص", "name:en": "Mirpur Khas", "railway": "station", "ele": null, "operator:type": null, "layer": null, "addr:full": null, "addr:city": null, "source": "Bing", "name:ur": null, "osm_id": 1967476283, "osm_type": "nodes" }, "geometry": { "type": "Point", "coordinates": [ 69.0172232, 25.5252244 ] } },
{ "type": "Feature", "properties": { "name": "کوٹ لکھپت", "name:en": "Kot Lakhpat", "railway": "station", "ele": null, "operator:type": null, "layer": null, "addr:full": null, "addr:city": null, "source": null, "name:ur": null, "osm_id": 2433376123, "osm_type": "nodes" }, "geometry": { "type": "Point", "coordinates": [ 74.3385474, 31.4596096 ] } },
{ "type": "Feature", "properties": { "name": "کانا کاچھا", "name:en": "Kana Kacha", "railway": "station", "ele": null, "operator:type": null, "layer": null, "addr:full": null, "addr:city": null, "source": null, "name:ur": null, "osm_id": 2433376132, "osm_type": "nodes" }, "geometry": { "type": "Point", "coordinates": [ 74.3056202, 31.4004944 ] } },
{ "type": "Feature", "properties": { "name": null, "name:en": null, "railway": "station", "ele": null, "operator:type": null, "layer": null, "addr:full": null, "addr:city": null, "source": "Bing", "name:ur": null, "osm_id": 1973008228, "osm_type": "nodes" }, "geometry": { "type": "Point", "coordinates": [ 73.5740663, 31.731687 ] } },
{ "type": "Feature", "properties": { "name": null, "name:en": null, "railway": "station", "ele": null, "operator:type": null, "layer": null, "addr:full": null, "addr:city": null, "source": null, "name:ur": null, "osm_id": 869368607, "osm_type": "nodes" }, "geometry": { "type": "Point", "coordinates": [ 68.1078486, 26.9346219 ] } },
{ "type": "Feature", "properties": { "name": "رینالہ خورد", "name:en": "Renala Khurd", "railway": "station", "ele": null, "operator:type": null, "layer": null, "addr:full": null, "addr:city": "رینالہ خورد", "source": null, "name:ur": "رینالہ خورد", "osm_id": 2433508565, "osm_type": "nodes" }, "geometry": { "type": "Point", "coordinates": [ 73.5993206, 30.881245 ] } },
{ "type": "Feature", "properties": { "name": "پتوکی", "name:en": "Pattoki", "railway": "station", "ele": null, "operator:type": null, "layer": null, "addr:full": null, "addr:city": null, "source": null, "name:ur": null, "osm_id": 2433482231, "osm_type": "nodes" }, "geometry": { "type": "Point", "coordinates": [ 73.8539011, 31.0190575 ] } },
{ "type": "Feature", "properties": { "name": "واہگہ", "name:en": "Wagah", "railway": "station", "ele": null, "operator:type": null, "layer": null, "addr:full": null, "addr:city": null, "source": null, "name:ur": "واہگہ", "osm_id": 99902837, "osm_type": "nodes" }, "geometry": { "type": "Point", "coordinates": [ 74.5765072, 31.589944 ] } },
{ "type": "Feature", "properties": { "name": "رائے ونڈ جنکشن", "name:en": "Raiwind Junction", "railway": "station", "ele": null, "operator:type": null, "layer": null, "addr:full": null, "addr:city": null, "source": null, "name:ur": null, "osm_id": 2408040528, "osm_type": "nodes" }, "geometry": { "type": "Point", "coordinates": [ 74.2222049, 31.2506309 ] } },
{ "type": "Feature", "properties": { "name": "Wazir Mansion Railway Station", "name:en": null, "railway": "station", "ele": null, "operator:type": null, "layer": null, "addr:full": null, "addr:city": "Karachi", "source": null, "name:ur": null, "osm_id": 5232539135, "osm_type": "nodes" }, "geometry": { "type": "Point", "coordinates": [ 66.9867717, 24.8567918 ] } },
{ "type": "Feature", "properties": { "name": "ترنول ریلوے اسٹیشن", "name:en": "Tarnol Railway Station", "railway": "station", "ele": null, "operator:type": null, "layer": null, "addr:full": null, "addr:city": null, "source": null, "name:ur": "ترنول ریلوے اسٹیشن", "osm_id": 11623655773, "osm_type": "nodes" }, "geometry": { "type": "Point", "coordinates": [ 72.9098017, 33.6499553 ] } },
{ "type": "Feature", "properties": { "name": "کالاباغ ریلوے اسٹیشن", "name:en": "Kalabagh Railway Station", "railway": "station", "ele": null, "operator:type": null, "layer": null, "addr:full": null, "addr:city": "Kalabagh", "source": null, "name:ur": "کالاباغ ریلوے اسٹیشن", "osm_id": 11616206876, "osm_type": "nodes" }, "geometry": { "type": "Point", "coordinates": [ 71.5361752, 32.9607014 ] } },
{ "type": "Feature", "properties": { "name": "بجار ریلوے اسٹیشن", "name:en": "Bijar Railway Station", "railway": "station", "ele": null, "operator:type": null, "layer": null, "addr:full": null, "addr:city": null, "source": null, "name:ur": "بجار ریلوے اسٹیشن", "osm_id": 11613746520, "osm_type": "nodes" }, "geometry": { "type": "Point", "coordinates": [ 72.0535696, 32.3008401 ] } },
{ "type": "Feature", "properties": { "name": "شکرگڑھ", "name:en": "Shakargarh", "railway": "station", "ele": null, "operator:type": null, "layer": null, "addr:full": null, "addr:city": "Shakargarh", "source": null, "name:ur": null, "osm_id": 2408173154, "osm_type": "nodes" }, "geometry": { "type": "Point", "coordinates": [ 75.1552536, 32.2707197 ] } },
{ "type": "Feature", "properties": { "name": "S.I.T.E Station", "name:en": null, "railway": "station", "ele": null, "operator:type": null, "layer": null, "addr:full": null, "addr:city": "Karachi", "source": null, "name:ur": null, "osm_id": 12250544749, "osm_type": "nodes" }, "geometry": { "type": "Point", "coordinates": [ 66.9872078, 24.894648 ] } },
{ "type": "Feature", "properties": { "name": "Bobi Road Station", "name:en": null, "railway": "station", "ele": null, "operator:type": null, "layer": null, "addr:full": null, "addr:city": null, "source": "http://osm.arkemie.org/cgi-bin/tiles/1.0.0/pakistan_250k_mosaic/!/!/!", "name:ur": null, "osm_id": 881651678, "osm_type": "nodes" }, "geometry": { "type": "Point", "coordinates": [ 68.9186563, 25.8915889 ] } },
{ "type": "Feature", "properties": { "name": "Nazikabad Station", "name:en": null, "railway": "station", "ele": null, "operator:type": null, "layer": null, "addr:full": null, "addr:city": null, "source": "http://osm.arkemie.org/cgi-bin/tiles/1.0.0/pakistan_250k_mosaic/!/!/!", "name:ur": null, "osm_id": 881653974, "osm_type": "nodes" }, "geometry": { "type": "Point", "coordinates": [ 68.9721373, 25.6737891 ] } },
{ "type": "Feature", "properties": { "name": "کھوکھراپار", "name:en": "Khokhrapar", "railway": "station", "ele": null, "operator:type": null, "layer": null, "addr:full": null, "addr:city": null, "source": null, "name:ur": "کھوکھراپار", "osm_id": 353854806, "osm_type": "nodes" }, "geometry": { "type": "Point", "coordinates": [ 70.1951754, 25.6998815 ] } },
{ "type": "Feature", "properties": { "name": null, "name:en": null, "railway": "station", "ele": null, "operator:type": null, "layer": null, "addr:full": null, "addr:city": null, "source": "http://osm.arkemie.org/cgi-bin/tiles/1.0.0/pakistan_250k_mosaic/!/!/!", "name:ur": null, "osm_id": 871793296, "osm_type": "nodes" }, "geometry": { "type": "Point", "coordinates": [ 69.5327611, 25.2300416 ] } },
{ "type": "Feature", "properties": { "name": "باغبان پورہ", "name:en": "Baghbanpura", "railway": "station", "ele": null, "operator:type": null, "layer": null, "addr:full": null, "addr:city": null, "source": null, "name:ur": "باغبان پورہ", "osm_id": 8058806340, "osm_type": "nodes" }, "geometry": { "type": "Point", "coordinates": [ 74.3707828, 31.5794163 ] } },
{ "type": "Feature", "properties": { "name": "جی-پی-او", "name:en": "G.P.O", "railway": "station", "ele": null, "operator:type": null, "layer": null, "addr:full": null, "addr:city": null, "source": null, "name:ur": "جی-پی-او", "osm_id": 9564940684, "osm_type": "nodes" }, "geometry": { "type": "Point", "coordinates": [ 74.314236, 31.5655542 ] } },
{ "type": "Feature", "properties": { "name": "مغلپورہ", "name:en": "Moghalpura", "railway": "station", "ele": null, "operator:type": null, "layer": null, "addr:full": null, "addr:city": null, "source": null, "name:ur": null, "osm_id": 10051063687, "osm_type": "nodes" }, "geometry": { "type": "Point", "coordinates": [ 74.3793767, 31.5604099 ] } },
{ "type": "Feature", "properties": { "name": "تقی پور", "name:en": "Taqipur", "railway": "station", "ele": null, "operator:type": null, "layer": null, "addr:full": null, "addr:city": null, "source": null, "name:ur": null, "osm_id": 11747127380, "osm_type": "nodes" }, "geometry": { "type": "Point", "coordinates": [ 74.5268692, 31.582547 ] } },
{ "type": "Feature", "properties": { "name": "جلّو", "name:en": "Jallo", "railway": "station", "ele": null, "operator:type": null, "layer": null, "addr:full": null, "addr:city": null, "source": null, "name:ur": null, "osm_id": 2406886912, "osm_type": "nodes" }, "geometry": { "type": "Point", "coordinates": [ 74.4948677, 31.5777113 ] } },
{ "type": "Feature", "properties": { "name": "انارکلی", "name:en": "Anarkali", "railway": "station", "ele": null, "operator:type": null, "layer": null, "addr:full": null, "addr:city": null, "source": null, "name:ur": "انارکلی‎", "osm_id": 5752543097, "osm_type": "nodes" }, "geometry": { "type": "Point", "coordinates": [ 74.3093567, 31.56248 ] } },
{ "type": "Feature", "properties": { "name": "گلشنِ راوی", "name:en": "Gulshan-e-Ravi", "railway": "station", "ele": null, "operator:type": null, "layer": null, "addr:full": null, "addr:city": null, "source": null, "name:ur": "گلشنِ راوی", "osm_id": 5844879609, "osm_type": "nodes" }, "geometry": { "type": "Point", "coordinates": [ 74.2952995, 31.5448979 ] } },
{ "type": "Feature", "properties": { "name": "بند روڈ", "name:en": "Bund Road", "railway": "station", "ele": null, "operator:type": null, "layer": null, "addr:full": null, "addr:city": null, "source": null, "name:ur": "بند روڈ", "osm_id": 5844879611, "osm_type": "nodes" }, "geometry": { "type": "Point", "coordinates": [ 74.287648, 31.5322399 ] } },
{ "type": "Feature", "properties": { "name": "Tower/KPT", "name:en": null, "railway": "station", "ele": null, "operator:type": null, "layer": null, "addr:full": null, "addr:city": null, "source": null, "name:ur": null, "osm_id": 8294603458, "osm_type": "nodes" }, "geometry": { "type": "Point", "coordinates": [ 66.9901492, 24.8476897 ] } },
{ "type": "Feature", "properties": { "name": "Manghopir", "name:en": null, "railway": "station", "ele": null, "operator:type": null, "layer": null, "addr:full": null, "addr:city": null, "source": null, "name:ur": null, "osm_id": 8294621168, "osm_type": "nodes" }, "geometry": { "type": "Point", "coordinates": [ 67.0018707, 24.9052186 ] } },
{ "type": "Feature", "properties": { "name": "سندھ انڈسٹریل ٹریڈنگ اسٹیٹ", "name:en": "Sindh Industrial Trading Estate", "railway": "station", "ele": null, "operator:type": null, "layer": null, "addr:full": null, "addr:city": "کراچی", "source": null, "name:ur": "سندھ انڈسٹریل ٹریڈنگ اسٹیٹ", "osm_id": 5336782581, "osm_type": "nodes" }, "geometry": { "type": "Point", "coordinates": [ 66.9882904, 24.8950805 ] } },
{ "type": "Feature", "properties": { "name": null, "name:en": null, "railway": "station", "ele": null, "operator:type": null, "layer": null, "addr:full": null, "addr:city": null, "source": null, "name:ur": null, "osm_id": 871793224, "osm_type": "nodes" }, "geometry": { "type": "Point", "coordinates": [ 69.520843, 25.0381227 ] } },
{ "type": "Feature", "properties": { "name": "Jamrao Station", "name:en": null, "railway": "station", "ele": null, "operator:type": null, "layer": null, "addr:full": null, "addr:city": null, "source": "http://osm.arkemie.org/cgi-bin/tiles/1.0.0/pakistan_250k_mosaic/!/!/!", "name:ur": null, "osm_id": 871794851, "osm_type": "nodes" }, "geometry": { "type": "Point", "coordinates": [ 69.0953244, 25.524013 ] } },
{ "type": "Feature", "properties": { "name": "حیدرآباد ریلوے اسٹیشن", "name:en": "Hyderabad Railway Station", "railway": "station", "ele": null, "operator:type": null, "layer": null, "addr:full": null, "addr:city": "حیدرآباد", "source": null, "name:ur": "حیدرآباد ریلوے اسٹیشن", "osm_id": 2853884272, "osm_type": "nodes" }, "geometry": { "type": "Point", "coordinates": [ 68.3734953, 25.3810804 ] } },
{ "type": "Feature", "properties": { "name": "Kunri", "name:en": null, "railway": "station", "ele": null, "operator:type": null, "layer": null, "addr:full": null, "addr:city": null, "source": "http://osm.arkemie.org/cgi-bin/tiles/1.0.0/pakistan_250k_mosaic/!/!/!", "name:ur": null, "osm_id": 871793286, "osm_type": "nodes" }, "geometry": { "type": "Point", "coordinates": [ 69.5728904, 25.179984 ] } },
{ "type": "Feature", "properties": { "name": "Begowala Ghartal", "name:en": null, "railway": "station", "ele": null, "operator:type": null, "layer": null, "addr:full": null, "addr:city": "Adda Begowala", "source": null, "name:ur": null, "osm_id": 9575871374, "osm_type": "nodes" }, "geometry": { "type": "Point", "coordinates": [ 74.2838627, 32.463114 ] } },
{ "type": "Feature", "properties": { "name": "Muhammed Rahim Kalro Station", "name:en": null, "railway": "station", "ele": null, "operator:type": null, "layer": null, "addr:full": null, "addr:city": null, "source": "http://osm.arkemie.org/cgi-bin/tiles/1.0.0/pakistan_250k_mosaic/!/!/!", "name:ur": null, "osm_id": 871793417, "osm_type": "nodes" }, "geometry": { "type": "Point", "coordinates": [ 69.4214047, 25.3605177 ] } },
{ "type": "Feature", "properties": { "name": "صالح بھبرو اسٹیشن", "name:en": null, "railway": "station", "ele": null, "operator:type": null, "layer": null, "addr:full": null, "addr:city": "صالح بھبرو", "source": null, "name:ur": "صالح بھبرو اسٹیشن", "osm_id": 9962824460, "osm_type": "nodes" }, "geometry": { "type": "Point", "coordinates": [ 69.399058, 25.3985152 ] } },
{ "type": "Feature", "properties": { "name": "ٹنڈو آدم", "name:en": "Tando Adam", "railway": "station", "ele": null, "operator:type": null, "layer": null, "addr:full": null, "addr:city": null, "source": null, "name:ur": "ٹنڈو آدم", "osm_id": 4035123238, "osm_type": "nodes" }, "geometry": { "type": "Point", "coordinates": [ 68.6621855, 25.7607497 ] } },
{ "type": "Feature", "properties": { "name": "سیٹھارجہ", "name:en": "Setharja", "railway": "station", "ele": null, "operator:type": null, "layer": null, "addr:full": null, "addr:city": null, "source": null, "name:ur": "سیٹھارجہ", "osm_id": 9573596292, "osm_type": "nodes" }, "geometry": { "type": "Point", "coordinates": [ 68.4767546, 27.2039739 ] } },
{ "type": "Feature", "properties": { "name": "خیرپور", "name:en": "Khairpur", "railway": "station", "ele": null, "operator:type": null, "layer": null, "addr:full": null, "addr:city": null, "source": null, "name:ur": "خیرپور", "osm_id": 9573605888, "osm_type": "nodes" }, "geometry": { "type": "Point", "coordinates": [ 68.7383149, 27.5204873 ] } },
{ "type": "Feature", "properties": { "name": "گمبٹ", "name:en": "Gambat", "railway": "station", "ele": null, "operator:type": null, "layer": null, "addr:full": null, "addr:city": null, "source": null, "name:ur": "گمبٹ", "osm_id": 13299615861, "osm_type": "nodes" }, "geometry": { "type": "Point", "coordinates": [ 68.5443257, 27.3388477 ] } },
{ "type": "Feature", "properties": { "name": "کوٹری", "name:en": "Kotri Junction", "railway": "station", "ele": null, "operator:type": null, "layer": null, "addr:full": null, "addr:city": "کوٹری", "source": null, "name:ur": "کوٹری", "osm_id": 1097717240, "osm_type": "nodes" }, "geometry": { "type": "Point", "coordinates": [ 68.2982586, 25.366818 ] } },
{ "type": "Feature", "properties": { "name": "نوابشاہ", "name:en": "Nawabshah", "railway": "station", "ele": null, "operator:type": null, "layer": null, "addr:full": null, "addr:city": "نوابشاہ", "source": null, "name:ur": "نوابشاہ", "osm_id": 3093901697, "osm_type": "nodes" }, "geometry": { "type": "Point", "coordinates": [ 68.4116, 26.2457531 ] } },
{ "type": "Feature", "properties": { "name": "شہدادپور", "name:en": "Shahdadpur", "railway": "station", "ele": null, "operator:type": null, "layer": null, "addr:full": null, "addr:city": null, "source": null, "name:ur": "شہدادپور", "osm_id": 3093901701, "osm_type": "nodes" }, "geometry": { "type": "Point", "coordinates": [ 68.6314549, 25.9281245 ] } },
{ "type": "Feature", "properties": { "name": "محراب پور", "name:en": "Mehrabpur", "railway": "station", "ele": null, "operator:type": null, "layer": null, "addr:full": null, "addr:city": null, "source": null, "name:ur": "محراب پور", "osm_id": 11236783031, "osm_type": "nodes" }, "geometry": { "type": "Point", "coordinates": [ 68.4209501, 27.0996677 ] } },
{ "type": "Feature", "properties": { "name": "بیگ مانجی", "name:en": "Begmanji", "railway": "station", "ele": null, "operator:type": null, "layer": null, "addr:full": null, "addr:city": null, "source": null, "name:ur": "بیگ مانجی", "osm_id": 13301120582, "osm_type": "nodes" }, "geometry": { "type": "Point", "coordinates": [ 68.8278578, 27.5909998 ] } },
{ "type": "Feature", "properties": { "name": "لنڈو", "name:en": "Lundo", "railway": "station", "ele": null, "operator:type": null, "layer": null, "addr:full": null, "addr:city": null, "source": null, "name:ur": "لنڈو", "osm_id": 4090715683, "osm_type": "nodes" }, "geometry": { "type": "Point", "coordinates": [ 68.5469685, 26.0280698 ] } },
{ "type": "Feature", "properties": { "name": "سرہاری", "name:en": "Sarhari", "railway": "station", "ele": null, "operator:type": null, "layer": null, "addr:full": null, "addr:city": null, "source": null, "name:ur": "سرہاڑی", "osm_id": 4090716840, "osm_type": "nodes" }, "geometry": { "type": "Point", "coordinates": [ 68.4796605, 26.0971518 ] } },
{ "type": "Feature", "properties": { "name": "ڈیتھا", "name:en": "Detha", "railway": "station", "ele": null, "operator:type": null, "layer": null, "addr:full": null, "addr:city": null, "source": null, "name:ur": "دیتہ", "osm_id": 4096901917, "osm_type": "nodes" }, "geometry": { "type": "Point", "coordinates": [ 68.43949, 25.4048972 ] } },
{ "type": "Feature", "properties": { "name": "دوڑ", "name:en": "Daur", "railway": "station", "ele": null, "operator:type": null, "layer": null, "addr:full": null, "addr:city": null, "source": null, "name:ur": "دوڑ", "osm_id": 5644181613, "osm_type": "nodes" }, "geometry": { "type": "Point", "coordinates": [ 68.3204174, 26.4587895 ] } },
{ "type": "Feature", "properties": { "name": "ﷲ دینو ساند", "name:en": "Allahdino Sand", "railway": "station", "ele": null, "operator:type": null, "layer": null, "addr:full": null, "addr:city": null, "source": null, "name:ur": "الله دینو ساند", "osm_id": 9958165147, "osm_type": "nodes" }, "geometry": { "type": "Point", "coordinates": [ 68.5223096, 25.5035388 ] } },
{ "type": "Feature", "properties": { "name": "ٽنڊو مستي خان", "name:en": "Tando Mustikhan", "railway": "station", "ele": null, "operator:type": null, "layer": null, "addr:full": null, "addr:city": null, "source": null, "name:ur": "ٽنڊو مستي خان", "osm_id": 13301120583, "osm_type": "nodes" }, "geometry": { "type": "Point", "coordinates": [ 68.6468632, 27.4286928 ] } },
{ "type": "Feature", "properties": { "name": "بوچیری", "name:en": "Bucheri", "railway": "station", "ele": null, "operator:type": null, "layer": null, "addr:full": null, "addr:city": null, "source": null, "name:ur": "بوچیری", "osm_id": 11237159676, "osm_type": "nodes" }, "geometry": { "type": "Point", "coordinates": [ 68.3655843, 26.3535552 ] } },
{ "type": "Feature", "properties": { "name": "حسن ابدال", "name:en": "‎Hasan Abdal", "railway": "station", "ele": null, "operator:type": null, "layer": null, "addr:full": null, "addr:city": null, "source": null, "name:ur": "حسن ابدال", "osm_id": 2424054019, "osm_type": "nodes" }, "geometry": { "type": "Point", "coordinates": [ 72.6990758, 33.8267964 ] } },
{ "type": "Feature", "properties": { "name": "برہان", "name:en": "Burhan", "railway": "station", "ele": null, "operator:type": null, "layer": null, "addr:full": null, "addr:city": null, "source": null, "name:ur": "برہان", "osm_id": 2432186137, "osm_type": "nodes" }, "geometry": { "type": "Point", "coordinates": [ 72.5878843, 33.821451 ] } },
{ "type": "Feature", "properties": { "name": "سنگجانی", "name:en": "Sangjani", "railway": "station", "ele": null, "operator:type": null, "layer": null, "addr:full": null, "addr:city": null, "source": null, "name:ur": "سنگجانی", "osm_id": 2433164392, "osm_type": "nodes" }, "geometry": { "type": "Point", "coordinates": [ 72.8503729, 33.6963031 ] } },
{ "type": "Feature", "properties": { "name": "اکوڑا خٹک", "name:en": "Akora Khattak", "railway": "station", "ele": null, "operator:type": null, "layer": null, "addr:full": null, "addr:city": "اکوڑا خٹک", "source": null, "name:ur": "اکوڑا خٹک", "osm_id": 13301788545, "osm_type": "nodes" }, "geometry": { "type": "Point", "coordinates": [ 72.1471483, 33.9946823 ] } },
{ "type": "Feature", "properties": { "name": "خیرآباد کنڈ", "name:en": "Khairabad Kund", "railway": "station", "ele": null, "operator:type": null, "layer": null, "addr:full": null, "addr:city": null, "source": null, "name:ur": "خیرآباد کنڈ", "osm_id": 13301973742, "osm_type": "nodes" }, "geometry": { "type": "Point", "coordinates": [ 72.2262821, 33.9002211 ] } },
{ "type": "Feature", "properties": { "name": "واہ کینٹ ریلوے", "name:en": "Wah Cantonment", "railway": "station", "ele": null, "operator:type": null, "layer": null, "addr:full": null, "addr:city": null, "source": null, "name:ur": "واہ کینٹ ریلوے", "osm_id": 13301973858, "osm_type": "nodes" }, "geometry": { "type": "Point", "coordinates": [ 72.7930331, 33.7582369 ] } },
{ "type": "Feature", "properties": { "name": "بودھو", "name:en": "Budho", "railway": "station", "ele": null, "operator:type": null, "layer": null, "addr:full": null, "addr:city": null, "source": null, "name:ur": "بودھو", "osm_id": 13301973862, "osm_type": "nodes" }, "geometry": { "type": "Point", "coordinates": [ 72.7679202, 33.7947531 ] } },
{ "type": "Feature", "properties": { "name": "کلیام آوان ریلوے اسٹیشن", "name:en": "Kaliam Awan", "railway": "station", "ele": null, "operator:type": null, "layer": null, "addr:full": null, "addr:city": null, "source": null, "name:ur": "کلیام آوان ریلوے اسٹیشن", "osm_id": 11258198213, "osm_type": "nodes" }, "geometry": { "type": "Point", "coordinates": [ 73.2230617, 33.4327704 ] } },
{ "type": "Feature", "properties": { "name": "جہلم ریلوے اسٹیشن", "name:en": "Jhelum", "railway": "station", "ele": null, "operator:type": null, "layer": null, "addr:full": null, "addr:city": null, "source": null, "name:ur": "جہلم ریلوے اسٹیشن", "osm_id": 2433212969, "osm_type": "nodes" }, "geometry": { "type": "Point", "coordinates": [ 73.7258593, 32.9292155 ] } },
{ "type": "Feature", "properties": { "name": "چک پیرانا ریلوے اسٹیشن", "name:en": "Chak Pirana", "railway": "station", "ele": null, "operator:type": null, "layer": null, "addr:full": null, "addr:city": null, "source": null, "name:ur": "چک پیرانا ریلوے اسٹیشن", "osm_id": 2433212973, "osm_type": "nodes" }, "geometry": { "type": "Point", "coordinates": [ 73.907456, 32.7512603 ] } },
{ "type": "Feature", "properties": { "name": "مِسّہ کسَوال ریلوے اسٹیشن", "name:en": "Missa Kassowal", "railway": "station", "ele": null, "operator:type": null, "layer": null, "addr:full": null, "addr:city": null, "source": null, "name:ur": "مِسّہ کسَوال ریلوے اسٹیشن", "osm_id": 11630358242, "osm_type": "nodes" }, "geometry": { "type": "Point", "coordinates": [ 73.3683535, 33.1968925 ] } },
{ "type": "Feature", "properties": { "name": "گجرات ریلوے اسٹیشن", "name:en": "Gujrat", "railway": "station", "ele": null, "operator:type": null, "layer": null, "addr:full": null, "addr:city": null, "source": null, "name:ur": "گجرات ریلوے اسٹیشن", "osm_id": 2418521105, "osm_type": "nodes" }, "geometry": { "type": "Point", "coordinates": [ 74.064535, 32.5627852 ] } },
{ "type": "Feature", "properties": { "name": "دیونہ جلیانی ریلوے اسٹیشن", "name:en": "Deona Juliani", "railway": "station", "ele": null, "operator:type": null, "layer": null, "addr:full": null, "addr:city": null, "source": null, "name:ur": "دیونہ جلیانی ریلوے اسٹیشن", "osm_id": 2433218363, "osm_type": "nodes" }, "geometry": { "type": "Point", "coordinates": [ 74.0053806, 32.6328159 ] } },
{ "type": "Feature", "properties": { "name": "گھنگریلہ ریلوے اسٹیشن", "name:en": "Ghungrila", "railway": "station", "ele": null, "operator:type": null, "layer": null, "addr:full": null, "addr:city": null, "source": null, "name:ur": "گھنگریلہ ریلوے اسٹیشن", "osm_id": 67173943, "osm_type": "nodes" }, "geometry": { "type": "Point", "coordinates": [ 73.2657534, 33.3011353 ] } },
{ "type": "Feature", "properties": { "name": "کھاریاں ریلوے اسٹیشن", "name:en": "Kharian", "railway": "station", "ele": null, "operator:type": null, "layer": null, "addr:full": null, "addr:city": "کھاریاں", "source": null, "name:ur": "کھاریاں ریلوے اسٹیشن", "osm_id": 2417418752, "osm_type": "nodes" }, "geometry": { "type": "Point", "coordinates": [ 73.8560588, 32.8156976 ] } },
{ "type": "Feature", "properties": { "name": "کھاریاں چھاؤنی ریلوے اسٹیشن", "name:en": "Kharian Cantt", "railway": "station", "ele": null, "operator:type": null, "layer": null, "addr:full": null, "addr:city": null, "source": null, "name:ur": "کھاریاں چھاؤنی ریلوے اسٹیشن", "osm_id": 2417432437, "osm_type": "nodes" }, "geometry": { "type": "Point", "coordinates": [ 73.889978, 32.7734879 ] } },
{ "type": "Feature", "properties": { "name": "جڑالہ ریلوے اسٹیشن", "name:en": "Jarala", "railway": "station", "ele": null, "operator:type": null, "layer": null, "addr:full": null, "addr:city": null, "source": null, "name:ur": "جڑالہ ریلوے اسٹیشن", "osm_id": 5419801588, "osm_type": "nodes" }, "geometry": { "type": "Point", "coordinates": [ 72.2088053, 30.725024 ] } },
{ "type": "Feature", "properties": { "name": "شیر شاہ جنکشن ریلوے اسٹیشن", "name:en": "Sher Shah Junction", "railway": "station", "ele": null, "operator:type": null, "layer": null, "addr:full": null, "addr:city": null, "source": null, "name:ur": "شیر شاہ جنکشن ریلوے اسٹیشن", "osm_id": 4319158595, "osm_type": "nodes" }, "geometry": { "type": "Point", "coordinates": [ 71.3426437, 30.0918716 ] } },
{ "type": "Feature", "properties": { "name": "ظریف شہید ریلوے اسٹیشن", "name:en": "Zareef Shaheed", "railway": "station", "ele": null, "operator:type": null, "layer": null, "addr:full": null, "addr:city": null, "source": null, "name:ur": "ظریف شہید ریلوے اسٹیشن", "osm_id": 9366303174, "osm_type": "nodes" }, "geometry": { "type": "Point", "coordinates": [ 71.4039473, 29.7950672 ] } },
{ "type": "Feature", "properties": { "name": "شجاع آباد ریلوے اسٹیشن", "name:en": "Shujabad", "railway": "station", "ele": null, "operator:type": null, "layer": null, "addr:full": null, "addr:city": null, "source": null, "name:ur": "شجاع آباد ریلوے اسٹیشن", "osm_id": 11191826435, "osm_type": "nodes" }, "geometry": { "type": "Point", "coordinates": [ 71.3242707, 29.8730687 ] } },
{ "type": "Feature", "properties": { "name": "لودھراں جنکشن ریلوے اسٹیشن", "name:en": "Lodhran Junction Railway Station", "railway": "station", "ele": null, "operator:type": null, "layer": null, "addr:full": null, "addr:city": null, "source": null, "name:ur": "لودھراں جنکشن ریلوے اسٹیشن", "osm_id": 251114105, "osm_type": "nodes" }, "geometry": { "type": "Point", "coordinates": [ 71.6230143, 29.5403844 ] } },
{ "type": "Feature", "properties": { "name": "گیلے والا ریلوے اسٹیشن", "name:en": "Gilawala", "railway": "station", "ele": null, "operator:type": null, "layer": null, "addr:full": null, "addr:city": null, "source": null, "name:ur": "گیلے والا ریلوے اسٹیشن", "osm_id": 4306718681, "osm_type": "nodes" }, "geometry": { "type": "Point", "coordinates": [ 71.4765551, 29.7151963 ] } },
{ "type": "Feature", "properties": { "name": "ڈیرہ نواب", "name:en": "Dera Nawab Sahib", "railway": "station", "ele": null, "operator:type": null, "layer": null, "addr:full": null, "addr:city": null, "source": null, "name:ur": "ڈیرہ نواب", "osm_id": 10270129172, "osm_type": "nodes" }, "geometry": { "type": "Point", "coordinates": [ 71.2552306, 29.1518998 ] } },
{ "type": "Feature", "properties": { "name": "مبارک پور", "name:en": "Mubarakpur", "railway": "station", "ele": null, "operator:type": null, "layer": null, "addr:full": null, "addr:city": null, "source": null, "name:ur": "مبارک پور", "osm_id": 10270129173, "osm_type": "nodes" }, "geometry": { "type": "Point", "coordinates": [ 71.3715393, 29.2395425 ] } },
{ "type": "Feature", "properties": { "name": "خان پور", "name:en": "Khanpur", "railway": "station", "ele": null, "operator:type": null, "layer": null, "addr:full": null, "addr:city": null, "source": null, "name:ur": "خان پور", "osm_id": 3339002293, "osm_type": "nodes" }, "geometry": { "type": "Point", "coordinates": [ 70.6494106, 28.6401307 ] } },
{ "type": "Feature", "properties": { "name": "رحیم یار خان ریلوے اسٹیشن", "name:en": "Rahim Yar Khan", "railway": "station", "ele": null, "operator:type": null, "layer": null, "addr:full": null, "addr:city": "رحیم یار خان", "source": null, "name:ur": "رحیم یار خان ریلوے اسٹیشن", "osm_id": 3347029858, "osm_type": "nodes" }, "geometry": { "type": "Point", "coordinates": [ 70.3034237, 28.4225413 ] } },
{ "type": "Feature", "properties": { "name": "کلانچ والا", "name:en": "Kalanchwala", "railway": "station", "ele": null, "operator:type": null, "layer": null, "addr:full": null, "addr:city": null, "source": null, "name:ur": "کلانچ والا", "osm_id": 13306172821, "osm_type": "nodes" }, "geometry": { "type": "Point", "coordinates": [ 71.4449353, 29.2943906 ] } },
{ "type": "Feature", "properties": { "name": "جھتھا بھٹہ", "name:en": "Jhetha Bhutta", "railway": "station", "ele": null, "operator:type": null, "layer": null, "addr:full": null, "addr:city": null, "source": null, "name:ur": "جھتھا بھٹہ", "osm_id": 13306172822, "osm_type": "nodes" }, "geometry": { "type": "Point", "coordinates": [ 70.7419609, 28.6815741 ] } },
{ "type": "Feature", "properties": { "name": "گھوٹکی", "name:en": "Ghotki", "railway": "station", "ele": null, "operator:type": null, "layer": null, "addr:full": null, "addr:city": null, "source": null, "name:ur": "گھوٹکی", "osm_id": 8811163719, "osm_type": "nodes" }, "geometry": { "type": "Point", "coordinates": [ 69.3134173, 27.9940699 ] } },
{ "type": "Feature", "properties": { "name": "میرپور ماتھیلو", "name:en": "Mirpur Mathelo", "railway": "station", "ele": null, "operator:type": null, "layer": null, "addr:full": null, "addr:city": "Mirpur Mathelo", "source": null, "name:ur": "میرپور ماتھیلو", "osm_id": 9569559953, "osm_type": "nodes" }, "geometry": { "type": "Point", "coordinates": [ 69.5526287, 28.0194368 ] } },
{ "type": "Feature", "properties": { "name": "ڈھرکی", "name:en": "Daharki", "railway": "station", "ele": null, "operator:type": null, "layer": null, "addr:full": null, "addr:city": "Daharki", "source": null, "name:ur": "ڈھرکی", "osm_id": 9569605285, "osm_type": "nodes" }, "geometry": { "type": "Point", "coordinates": [ 69.6877176, 28.0456516 ] } },
{ "type": "Feature", "properties": { "name": "صادق آباد", "name:en": "Sadiqabad", "railway": "station", "ele": null, "operator:type": null, "layer": null, "addr:full": null, "addr:city": "Sadiqabad", "source": null, "name:ur": "صادق آباد", "osm_id": 9569632065, "osm_type": "nodes" }, "geometry": { "type": "Point", "coordinates": [ 70.1285933, 28.3018999 ] } },
{ "type": "Feature", "properties": { "name": "پنو عاقل", "name:en": "Pano Akil", "railway": "station", "ele": null, "operator:type": null, "layer": null, "addr:full": null, "addr:city": null, "source": null, "name:ur": "پنو عاقل", "osm_id": 11224150276, "osm_type": "nodes" }, "geometry": { "type": "Point", "coordinates": [ 69.1147416, 27.850339 ] } },
{ "type": "Feature", "properties": { "name": "لِياقت پُور", "name:en": "Liaquat Pur", "railway": "station", "ele": null, "operator:type": null, "layer": null, "addr:full": null, "addr:city": null, "source": null, "name:ur": "لیاقت پور", "osm_id": 11191832681, "osm_type": "nodes" }, "geometry": { "type": "Point", "coordinates": [ 70.9458977, 28.9371539 ] } },
{ "type": "Feature", "properties": { "name": null, "name:en": null, "railway": "station", "ele": null, "operator:type": null, "layer": null, "addr:full": null, "addr:city": null, "source": null, "name:ur": null, "osm_id": 11191832682, "osm_type": "nodes" }, "geometry": { "type": "Point", "coordinates": [ 70.9460525, 28.9368956 ] } },
{ "type": "Feature", "properties": { "name": "لارنس پور", "name:en": "Faqirabad", "railway": "station", "ele": null, "operator:type": null, "layer": null, "addr:full": null, "addr:city": null, "source": null, "name:ur": "فقیر آباد", "osm_id": 2432186134, "osm_type": "nodes" }, "geometry": { "type": "Point", "coordinates": [ 72.5035902, 33.826755 ] } },
{ "type": "Feature", "properties": { "name": "سانگی", "name:en": "Sangi", "railway": "station", "ele": null, "operator:type": null, "layer": null, "addr:full": null, "addr:city": null, "source": null, "name:ur": "سانگی", "osm_id": 2808648732, "osm_type": "nodes" }, "geometry": { "type": "Point", "coordinates": [ 69.0544363, 27.7589325 ] } },
{ "type": "Feature", "properties": { "name": "مریدکے", "name:en": "Muridke", "railway": "station", "ele": null, "operator:type": null, "layer": null, "addr:full": null, "addr:city": null, "source": null, "name:ur": "مریدکے", "osm_id": 2433331703, "osm_type": "nodes" }, "geometry": { "type": "Point", "coordinates": [ 74.2590012, 31.8007774 ] } },
{ "type": "Feature", "properties": { "name": "شاہدرہ ٹاؤن", "name:en": "Shahdara Bagh Junction", "railway": "station", "ele": null, "operator:type": null, "layer": null, "addr:full": null, "addr:city": null, "source": null, "name:ur": "شاہدرہ ٹاؤن", "osm_id": 2433331705, "osm_type": "nodes" }, "geometry": { "type": "Point", "coordinates": [ 74.2905987, 31.6267536 ] } },
{ "type": "Feature", "properties": { "name": "سادھوکے", "name:en": "Sadhoke", "railway": "station", "ele": null, "operator:type": null, "layer": null, "addr:full": null, "addr:city": null, "source": null, "name:ur": "سادھوکے", "osm_id": 13307291431, "osm_type": "nodes" }, "geometry": { "type": "Point", "coordinates": [ 74.2428605, 31.8903268 ] } },
{ "type": "Feature", "properties": { "name": "بادامی باغ", "name:en": "Badami Bagh", "railway": "station", "ele": null, "operator:type": null, "layer": null, "addr:full": null, "addr:city": null, "source": null, "name:ur": null, "osm_id": 2433364438, "osm_type": "nodes" }, "geometry": { "type": "Point", "coordinates": [ 74.3171869, 31.5960294 ] } },
{ "type": "Feature", "properties": { "name": "Nawas Dahri Station", "name:en": null, "railway": "station", "ele": null, "operator:type": null, "layer": null, "addr:full": null, "addr:city": null, "source": "http://osm.arkemie.org/cgi-bin/tiles/1.0.0/pakistan_250k_mosaic/!/!/!", "name:ur": null, "osm_id": 89130210, "osm_type": "nodes" }, "geometry": { "type": "Point", "coordinates": [ 68.4477746, 26.16657 ] } },
{ "type": "Feature", "properties": { "name": "درگئی", "name:en": "Dargai", "railway": "station", "ele": null, "operator:type": null, "layer": null, "addr:full": null, "addr:city": null, "source": null, "name:ur": "درگئی", "osm_id": 3972498435, "osm_type": "nodes" }, "geometry": { "type": "Point", "coordinates": [ 71.894704, 34.514861 ] } },
{ "type": "Feature", "properties": { "name": "خوشحال گڑھ", "name:en": "Khushal Garh", "railway": "station", "ele": null, "operator:type": null, "layer": null, "addr:full": null, "addr:city": null, "source": null, "name:ur": "خوشحال گڑھ", "osm_id": 13314222868, "osm_type": "nodes" }, "geometry": { "type": "Point", "coordinates": [ 71.8704519, 33.4732251 ] } },
{ "type": "Feature", "properties": { "name": "خانقاہ سراجیہ", "name:en": "Khanqah Sirajia", "railway": "station", "ele": null, "operator:type": null, "layer": null, "addr:full": null, "addr:city": null, "source": null, "name:ur": "خانقاہ سراجیہ", "osm_id": 4111630991, "osm_type": "nodes" }, "geometry": { "type": "Point", "coordinates": [ 71.4547804, 32.4118579 ] } },
{ "type": "Feature", "properties": { "name": "سلطان کروڑی ہالٹ", "name:en": "Sultan Karori Halt", "railway": "station", "ele": null, "operator:type": null, "layer": null, "addr:full": null, "addr:city": null, "source": null, "name:ur": "سلطان کروڑی ہالٹ", "osm_id": 4317472741, "osm_type": "nodes" }, "geometry": { "type": "Point", "coordinates": [ 71.0541913, 31.5341596 ] } },
{ "type": "Feature", "properties": { "name": "Pahar Pur", "name:en": null, "railway": "station", "ele": null, "operator:type": null, "layer": null, "addr:full": null, "addr:city": null, "source": null, "name:ur": null, "osm_id": 4936420518, "osm_type": "nodes" }, "geometry": { "type": "Point", "coordinates": [ 70.9449643, 30.6988242 ] } },
{ "type": "Feature", "properties": { "name": "Khewra Salt Mines", "name:en": null, "railway": "station", "ele": null, "operator:type": null, "layer": null, "addr:full": null, "addr:city": null, "source": null, "name:ur": null, "osm_id": 7943620444, "osm_type": "nodes" }, "geometry": { "type": "Point", "coordinates": [ 73.0083511, 32.6476974 ] } },
{ "type": "Feature", "properties": { "name": "سیالکوٹ", "name:en": "Sialkot", "railway": "station", "ele": null, "operator:type": null, "layer": null, "addr:full": null, "addr:city": "سیالکوٹ", "source": null, "name:ur": "سیالکوٹ", "osm_id": 720627478, "osm_type": "nodes" }, "geometry": { "type": "Point", "coordinates": [ 74.5408711, 32.4983685 ] } },
{ "type": "Feature", "properties": { "name": null, "name:en": null, "railway": "station", "ele": null, "operator:type": null, "layer": null, "addr:full": null, "addr:city": null, "source": "http://osm.arkemie.org/cgi-bin/tiles/1.0.0/pakistan_250k_mosaic/!/!/!", "name:ur": null, "osm_id": 3019796115, "osm_type": "nodes" }, "geometry": { "type": "Point", "coordinates": [ 69.5640367, 25.5027004 ] } },
{ "type": "Feature", "properties": { "name": "Usta Muhammad", "name:en": null, "railway": "station", "ele": null, "operator:type": null, "layer": null, "addr:full": null, "addr:city": null, "source": null, "name:ur": null, "osm_id": 2992443538, "osm_type": "nodes" }, "geometry": { "type": "Point", "coordinates": [ 68.0488066, 28.1773027 ] } },
{ "type": "Feature", "properties": { "name": "لنڈی کوتل", "name:en": "Landi Kotal", "railway": "station", "ele": null, "operator:type": null, "layer": null, "addr:full": null, "addr:city": "لنڈی کوتل", "source": null, "name:ur": "لنڈی کوتل", "osm_id": 2432077419, "osm_type": "nodes" }, "geometry": { "type": "Point", "coordinates": [ 71.1465987, 34.093718 ] } },
{ "type": "Feature", "properties": { "name": "تورہ تیگہ", "name:en": "Torra Tigga", "railway": "station", "ele": null, "operator:type": null, "layer": null, "addr:full": null, "addr:city": null, "source": null, "name:ur": "تورہ تیگہ", "osm_id": 13346752071, "osm_type": "nodes" }, "geometry": { "type": "Point", "coordinates": [ 71.119798, 34.128037 ] } },
{ "type": "Feature", "properties": { "name": "لنڈی خانہ", "name:en": "Landi Khana", "railway": "station", "ele": null, "operator:type": null, "layer": null, "addr:full": null, "addr:city": null, "source": null, "name:ur": "لنڈی خانہ", "osm_id": 13346752076, "osm_type": "nodes" }, "geometry": { "type": "Point", "coordinates": [ 71.1095235, 34.10949 ] } },
{ "type": "Feature", "properties": { "name": "سلطان خیل", "name:en": "Sultan Khel", "railway": "station", "ele": null, "operator:type": null, "layer": null, "addr:full": null, "addr:city": null, "source": null, "name:ur": "سلطان خیل", "osm_id": 13346752081, "osm_type": "nodes" }, "geometry": { "type": "Point", "coordinates": [ 71.193904, 34.0822974 ] } },
{ "type": "Feature", "properties": { "name": "زنتارا", "name:en": "Zintara", "railway": "station", "ele": null, "operator:type": null, "layer": null, "addr:full": null, "addr:city": null, "source": null, "name:ur": "زنتارا", "osm_id": 13346752116, "osm_type": "nodes" }, "geometry": { "type": "Point", "coordinates": [ 71.2209428, 34.0725227 ] } },
{ "type": "Feature", "properties": { "name": "جمرود", "name:en": "Jamrud", "railway": "station", "ele": null, "operator:type": null, "layer": null, "addr:full": null, "addr:city": null, "source": null, "name:ur": "جمرود", "osm_id": 2433024865, "osm_type": "nodes" }, "geometry": { "type": "Point", "coordinates": [ 71.3780493, 34.0073228 ] } },
{ "type": "Feature", "properties": { "name": "پشاور شہر", "name:en": "Peshawar City", "railway": "station", "ele": null, "operator:type": null, "layer": null, "addr:full": null, "addr:city": "پشاور", "source": null, "name:ur": "پشاور شہر", "osm_id": 2432067850, "osm_type": "nodes" }, "geometry": { "type": "Point", "coordinates": [ 71.5869468, 34.0179762 ] } },
{ "type": "Feature", "properties": { "name": "خوشحال", "name:en": "Khushhal", "railway": "station", "ele": null, "operator:type": null, "layer": null, "addr:full": null, "addr:city": null, "source": null, "name:ur": "خوشحال", "osm_id": 2432160532, "osm_type": "nodes" }, "geometry": { "type": "Point", "coordinates": [ 71.9388345, 34.0094414 ] } },
{ "type": "Feature", "properties": { "name": "اٹک سٹی جنکشن", "name:en": "Attock City Junction", "railway": "station", "ele": null, "operator:type": null, "layer": null, "addr:full": null, "addr:city": null, "source": null, "name:ur": "اٹک سٹی جنکشن", "osm_id": 2279562922, "osm_type": "nodes" }, "geometry": { "type": "Point", "coordinates": [ 72.3516178, 33.77451 ] } },
{ "type": "Feature", "properties": { "name": "اٹک خورد", "name:en": "Attock Khurd", "railway": "station", "ele": null, "operator:type": null, "layer": null, "addr:full": null, "addr:city": null, "source": null, "name:ur": "اٹک خورد", "osm_id": 2432160530, "osm_type": "nodes" }, "geometry": { "type": "Point", "coordinates": [ 72.2409449, 33.873684 ] } },
{ "type": "Feature", "properties": { "name": "جہانگیرا", "name:en": "Jehangira", "railway": "station", "ele": null, "operator:type": null, "layer": null, "addr:full": null, "addr:city": null, "source": null, "name:ur": "جہانگیرا", "osm_id": 2653607928, "osm_type": "nodes" }, "geometry": { "type": "Point", "coordinates": [ 72.1971529, 33.9583258 ] } },
{ "type": "Feature", "properties": { "name": "احسان پور", "name:en": "Ashanpur", "railway": "station", "ele": null, "operator:type": null, "layer": null, "addr:full": null, "addr:city": null, "source": null, "name:ur": "احسان پور", "osm_id": 2916288871, "osm_type": "nodes" }, "geometry": { "type": "Point", "coordinates": [ 70.9512711, 30.6489068 ] } },
{ "type": "Feature", "properties": { "name": "بھکر", "name:en": "Bhakkar", "railway": "station", "ele": null, "operator:type": null, "layer": null, "addr:full": null, "addr:city": null, "source": null, "name:ur": "بھکر", "osm_id": 2977745605, "osm_type": "nodes" }, "geometry": { "type": "Point", "coordinates": [ 71.0650584, 31.6221111 ] } },
{ "type": "Feature", "properties": { "name": "کوٹلہ جام", "name:en": "Kotla Jam", "railway": "station", "ele": null, "operator:type": null, "layer": null, "addr:full": null, "addr:city": null, "source": null, "name:ur": "کوٹلہ جام", "osm_id": 8991614869, "osm_type": "nodes" }, "geometry": { "type": "Point", "coordinates": [ 71.0956745, 31.7026052 ] } },
{ "type": "Feature", "properties": { "name": "دریا خان", "name:en": "Darya Khan", "railway": "station", "ele": null, "operator:type": null, "layer": null, "addr:full": null, "addr:city": null, "source": null, "name:ur": "دریا خان", "osm_id": 11194787979, "osm_type": "nodes" }, "geometry": { "type": "Point", "coordinates": [ 71.1088112, 31.7855908 ] } },
{ "type": "Feature", "properties": { "name": "مکھڈ روڈ ریلوے اسٹیشن", "name:en": "Makhad Road", "railway": "station", "ele": null, "operator:type": null, "layer": null, "addr:full": null, "addr:city": null, "source": "historical", "name:ur": "مکھڈ روڈ ریلوے اسٹیشن", "osm_id": 876044050, "osm_type": "nodes" }, "geometry": { "type": "Point", "coordinates": [ 71.7857204, 33.0371728 ] } },
{ "type": "Feature", "properties": { "name": "جھلار", "name:en": "Jhalar", "railway": "station", "ele": null, "operator:type": null, "layer": null, "addr:full": null, "addr:city": null, "source": "historical;aerial imagery", "name:ur": "جھلار", "osm_id": 876095863, "osm_type": "nodes" }, "geometry": { "type": "Point", "coordinates": [ 72.3332605, 33.6337768 ] } },
{ "type": "Feature", "properties": { "name": "شاہ عالم", "name:en": "Shah Alam", "railway": "station", "ele": null, "operator:type": null, "layer": null, "addr:full": null, "addr:city": null, "source": null, "name:ur": "شاہ عالم", "osm_id": 4307674424, "osm_type": "nodes" }, "geometry": { "type": "Point", "coordinates": [ 71.1743726, 31.9725151 ] } },
{ "type": "Feature", "properties": { "name": "کلورکوٹ‎", "name:en": "Kalur Kot", "railway": "station", "ele": null, "operator:type": null, "layer": null, "addr:full": null, "addr:city": null, "source": null, "name:ur": "کلورکوٹ", "osm_id": 4318297699, "osm_type": "nodes" }, "geometry": { "type": "Point", "coordinates": [ 71.2650214, 32.1525006 ] } },
{ "type": "Feature", "properties": { "name": "Sulaimanabad", "name:en": null, "railway": "station", "ele": null, "operator:type": null, "layer": null, "addr:full": null, "addr:city": null, "source": null, "name:ur": "سلیمان آباد", "osm_id": 11258327495, "osm_type": "nodes" }, "geometry": { "type": "Point", "coordinates": [ 72.3140628, 33.5902029 ] } },
{ "type": "Feature", "properties": { "name": "کندیاں جنکشن ریلوے اسٹیشن", "name:en": "Kundian Junction", "railway": "station", "ele": null, "operator:type": null, "layer": null, "addr:full": null, "addr:city": null, "source": null, "name:ur": "کندیاں جنکشن ریلوے اسٹیشن", "osm_id": 11613774168, "osm_type": "nodes" }, "geometry": { "type": "Point", "coordinates": [ 71.4864404, 32.4532016 ] } },
{ "type": "Feature", "properties": { "name": "پائیگاہ", "name:en": "Paigah", "railway": "station", "ele": null, "operator:type": null, "layer": null, "addr:full": null, "addr:city": null, "source": null, "name:ur": "پائیگاہ", "osm_id": 13316937408, "osm_type": "nodes" }, "geometry": { "type": "Point", "coordinates": [ 70.6332829, 29.9509042 ] } },
{ "type": "Feature", "properties": { "name": "پبی", "name:en": "Pabbi", "railway": "station", "ele": null, "operator:type": null, "layer": null, "addr:full": null, "addr:city": null, "source": null, "name:ur": "پبی", "osm_id": 307527622, "osm_type": "nodes" }, "geometry": { "type": "Point", "coordinates": [ 71.7809285, 34.0133737 ] } },
{ "type": "Feature", "properties": { "name": "نوشہرہ جنکشن", "name:en": "Nowshera Junction", "railway": "station", "ele": null, "operator:type": null, "layer": null, "addr:full": null, "addr:city": null, "source": "Yahoo", "name:ur": "نوشہرہ جنکشن", "osm_id": 863716247, "osm_type": "nodes" }, "geometry": { "type": "Point", "coordinates": [ 72.0054602, 34.000228 ] } },
{ "type": "Feature", "properties": { "name": "حیات شیر پاؤ شہید", "name:en": "Hayat Sher Pao Shaheed", "railway": "station", "ele": null, "operator:type": null, "layer": null, "addr:full": null, "addr:city": null, "source": null, "name:ur": "حیات شیر پاؤ شہید", "osm_id": 13301788544, "osm_type": "nodes" }, "geometry": { "type": "Point", "coordinates": [ 72.0603185, 34.006855 ] } },
{ "type": "Feature", "properties": { "name": "نوتک", "name:en": "Notak", "railway": "station", "ele": null, "operator:type": null, "layer": null, "addr:full": null, "addr:city": null, "source": null, "name:ur": "نوتک", "osm_id": 4317475930, "osm_type": "nodes" }, "geometry": { "type": "Point", "coordinates": [ 71.039662, 31.4767178 ] } },
{ "type": "Feature", "properties": { "name": "دائرہ دین پناہ", "name:en": "Daira Din Panah", "railway": "station", "ele": null, "operator:type": null, "layer": null, "addr:full": null, "addr:city": null, "source": null, "name:ur": "دائرہ دین پناہ", "osm_id": 4936420517, "osm_type": "nodes" }, "geometry": { "type": "Point", "coordinates": [ 70.9434795, 30.5678968 ] } },
{ "type": "Feature", "properties": { "name": "کوٹ ادو جنکشن ریلوے اسٹیشن‬", "name:en": "Kot Adu Junction", "railway": "station", "ele": null, "operator:type": null, "layer": null, "addr:full": null, "addr:city": null, "source": null, "name:ur": "کوٹ ادو جنکشن ریلوے اسٹیشن‬", "osm_id": 5296227842, "osm_type": "nodes" }, "geometry": { "type": "Point", "coordinates": [ 70.9622584, 30.4693491 ] } },
{ "type": "Feature", "properties": { "name": "بہل", "name:en": "Behal", "railway": "station", "ele": null, "operator:type": null, "layer": null, "addr:full": null, "addr:city": null, "source": null, "name:ur": "بہل", "osm_id": 12834745144, "osm_type": "nodes" }, "geometry": { "type": "Point", "coordinates": [ 71.022879, 31.4124405 ] } },
{ "type": "Feature", "properties": { "name": "یارو کھوسہ", "name:en": "Yaroo Khosa", "railway": "station", "ele": null, "operator:type": null, "layer": null, "addr:full": null, "addr:city": null, "source": null, "name:ur": "یارو کھوسہ", "osm_id": 13316926494, "osm_type": "nodes" }, "geometry": { "type": "Point", "coordinates": [ 70.6119195, 30.1648573 ] } },
{ "type": "Feature", "properties": { "name": "علو والی", "name:en": "Alluwali", "railway": "station", "ele": null, "operator:type": null, "layer": null, "addr:full": null, "addr:city": null, "source": null, "name:ur": "علو والی", "osm_id": 4292829944, "osm_type": "nodes" }, "geometry": { "type": "Point", "coordinates": [ 71.4185106, 32.3649569 ] } },
{ "type": "Feature", "properties": { "name": "پپلاں ریلوے اسٹیشن", "name:en": "Piplan", "railway": "station", "ele": null, "operator:type": null, "layer": null, "addr:full": null, "addr:city": null, "source": null, "name:ur": "پپلاں ریلوے اسٹیشن", "osm_id": 4292881142, "osm_type": "nodes" }, "geometry": { "type": "Point", "coordinates": [ 71.3687782, 32.2923004 ] } },
{ "type": "Feature", "properties": { "name": "میبل", "name:en": "Maibal", "railway": "station", "ele": null, "operator:type": null, "layer": null, "addr:full": null, "addr:city": null, "source": null, "name:ur": "میبل", "osm_id": 4307667084, "osm_type": "nodes" }, "geometry": { "type": "Point", "coordinates": [ 71.202173, 32.0378526 ] } },
{ "type": "Feature", "properties": { "name": "پنجگرائیں", "name:en": "Panj Girain", "railway": "station", "ele": null, "operator:type": null, "layer": null, "addr:full": null, "addr:city": null, "source": null, "name:ur": "پنجگرائیں", "osm_id": 13314413144, "osm_type": "nodes" }, "geometry": { "type": "Point", "coordinates": [ 71.1539173, 31.9175125 ] } },
{ "type": "Feature", "properties": { "name": "شاہ نواز بھٹو", "name:en": "Shah Nawaz Bhutto", "railway": "station", "ele": null, "operator:type": null, "layer": null, "addr:full": null, "addr:city": "نوڈیرو", "source": "Bing", "name:ur": "شاہ نواز بھٹو", "osm_id": 1934240072, "osm_type": "nodes" }, "geometry": { "type": "Point", "coordinates": [ 68.3548909, 27.6706278 ] } },
{ "type": "Feature", "properties": { "name": "مہوتا", "name:en": "Mahota", "railway": "station", "ele": null, "operator:type": null, "layer": null, "addr:full": null, "addr:city": null, "source": null, "name:ur": "مہوتا", "osm_id": 11232831636, "osm_type": "nodes" }, "geometry": { "type": "Point", "coordinates": [ 68.2737713, 27.6179216 ] } },
{ "type": "Feature", "properties": { "name": "رک", "name:en": "Ruk", "railway": "station", "ele": null, "operator:type": null, "layer": null, "addr:full": null, "addr:city": null, "source": null, "name:ur": "رک", "osm_id": 13351438878, "osm_type": "nodes" }, "geometry": { "type": "Point", "coordinates": [ 68.6577061, 27.8110135 ] } },
{ "type": "Feature", "properties": { "name": "لاڑکانہ", "name:en": "Larkana", "railway": "station", "ele": null, "operator:type": null, "layer": null, "addr:full": null, "addr:city": "Larkana", "source": "Bing", "name:ur": "لاڑکانہ", "osm_id": 1934239835, "osm_type": "nodes" }, "geometry": { "type": "Point", "coordinates": [ 68.20985, 27.5495324 ] } },
{ "type": "Feature", "properties": { "name": "رادھن", "name:en": "Radhan", "railway": "station", "ele": null, "operator:type": null, "layer": null, "addr:full": null, "addr:city": null, "source": null, "name:ur": "رادھن", "osm_id": 2996195673, "osm_type": "nodes" }, "geometry": { "type": "Point", "coordinates": [ 67.9542257, 27.1763698 ] } },
{ "type": "Feature", "properties": { "name": "آباد", "name:en": "Abad", "railway": "station", "ele": null, "operator:type": null, "layer": null, "addr:full": null, "addr:city": null, "source": null, "name:ur": "آباد", "osm_id": 3965893618, "osm_type": "nodes" }, "geometry": { "type": "Point", "coordinates": [ 68.5190674, 28.1923044 ] } },
{ "type": "Feature", "properties": { "name": "جیکب آباد جنکشن", "name:en": "Jacobabad Junction", "railway": "station", "ele": null, "operator:type": null, "layer": null, "addr:full": null, "addr:city": null, "source": null, "name:ur": "جیکب آباد جنکشن", "osm_id": 3965893625, "osm_type": "nodes" }, "geometry": { "type": "Point", "coordinates": [ 68.432762, 28.2761265 ] } },
{ "type": "Feature", "properties": { "name": "كندھ كوٹ", "name:en": "Kandhkot", "railway": "station", "ele": null, "operator:type": null, "layer": null, "addr:full": null, "addr:city": "Kandhkot", "source": null, "name:ur": "كندھ كوٹ", "osm_id": 9571833810, "osm_type": "nodes" }, "geometry": { "type": "Point", "coordinates": [ 69.1854953, 28.2516478 ] } },
{ "type": "Feature", "properties": { "name": "حبیب کوٹ جنکشن", "name:en": "Habib Kot Junction", "railway": "station", "ele": null, "operator:type": null, "layer": null, "addr:full": null, "addr:city": null, "source": null, "name:ur": "حبیب کوٹ جنکشن", "osm_id": 3965893623, "osm_type": "nodes" }, "geometry": { "type": "Point", "coordinates": [ 68.6613819, 27.8723136 ] } },
{ "type": "Feature", "properties": { "name": null, "name:en": "Bago Toro", "railway": "station", "ele": null, "operator:type": null, "layer": null, "addr:full": null, "addr:city": null, "source": "http://osm.arkemie.org/cgi-bin/tiles/1.0.0/pakistan_250k_mosaic/!/!/!", "name:ur": null, "osm_id": 869008724, "osm_type": "nodes" }, "geometry": { "type": "Point", "coordinates": [ 67.8709997, 26.3464955 ] } },
{ "type": "Feature", "properties": { "name": "سیہون", "name:en": "Sehwan Sharif", "railway": "station", "ele": null, "operator:type": null, "layer": null, "addr:full": null, "addr:city": null, "source": null, "name:ur": "سیہون", "osm_id": 8303608690, "osm_type": "nodes" }, "geometry": { "type": "Point", "coordinates": [ 67.8602752, 26.4120067 ] } },
{ "type": "Feature", "properties": { "name": "پھلجی", "name:en": "Phulji", "railway": "station", "ele": null, "operator:type": null, "layer": null, "addr:full": null, "addr:city": null, "source": "Bing", "name:ur": "پھلجی", "osm_id": 1970512026, "osm_type": "nodes" }, "geometry": { "type": "Point", "coordinates": [ 67.785549, 26.8634698 ] } },
{ "type": "Feature", "properties": { "name": "چاغی", "name:en": "Chaghi", "railway": "station", "ele": null, "operator:type": null, "layer": null, "addr:full": null, "addr:city": null, "source": null, "name:ur": "چاغی", "osm_id": 13347265847, "osm_type": "nodes" }, "geometry": { "type": "Point", "coordinates": [ 71.3039473, 34.0100734 ] } },
{ "type": "Feature", "properties": { "name": "جامعہ سندھ", "name:en": "Sindh University", "railway": "station", "ele": null, "operator:type": null, "layer": null, "addr:full": null, "addr:city": null, "source": null, "name:ur": "جامعہ سندھ", "osm_id": 4461774907, "osm_type": "nodes" }, "geometry": { "type": "Point", "coordinates": [ 68.281131, 25.4243054 ] } },
{ "type": "Feature", "properties": { "name": "Bhurgari Station", "name:en": null, "railway": "station", "ele": null, "operator:type": null, "layer": null, "addr:full": null, "addr:city": null, "source": "http://osm.arkemie.org/cgi-bin/tiles/1.0.0/pakistan_250k_mosaic/!/!/!", "name:ur": null, "osm_id": 867184860, "osm_type": "nodes" }, "geometry": { "type": "Point", "coordinates": [ 67.9497584, 27.9569057 ] } },
{ "type": "Feature", "properties": { "name": "بن قاسم ریلوے اسٹیشن", "name:en": "Bin Qasim", "railway": "station", "ele": null, "operator:type": null, "layer": null, "addr:full": null, "addr:city": "Karachi", "source": null, "name:ur": null, "osm_id": 5164599146, "osm_type": "nodes" }, "geometry": { "type": "Point", "coordinates": [ 67.3394606, 24.8446008 ] } },
{ "type": "Feature", "properties": { "name": "بدين", "name:en": "Badin", "railway": "station", "ele": null, "operator:type": null, "layer": null, "addr:full": null, "addr:city": null, "source": null, "name:ur": "بدين", "osm_id": 2364735503, "osm_type": "nodes" }, "geometry": { "type": "Point", "coordinates": [ 68.8384724, 24.6623289 ] } },
{ "type": "Feature", "properties": { "name": "فورٹ عباس", "name:en": "Fort Abbas", "railway": "station", "ele": null, "operator:type": null, "layer": null, "addr:full": null, "addr:city": null, "source": null, "name:ur": "فورٹ عباس", "osm_id": 13355360804, "osm_type": "nodes" }, "geometry": { "type": "Point", "coordinates": [ 72.8553692, 29.190482 ] } },
{ "type": "Feature", "properties": { "name": "جمعھ حماہتی", "name:en": "Jummah Goth", "railway": "station", "ele": null, "operator:type": null, "layer": null, "addr:full": null, "addr:city": null, "source": null, "name:ur": "جمعھ حماہتی", "osm_id": 13306443776, "osm_type": "nodes" }, "geometry": { "type": "Point", "coordinates": [ 67.2694563, 24.84383 ] } },
{ "type": "Feature", "properties": { "name": "ہارون آباد", "name:en": "Haroonabad", "railway": "station", "ele": null, "operator:type": null, "layer": null, "addr:full": null, "addr:city": null, "source": null, "name:ur": "ہارون آباد", "osm_id": 3753966922, "osm_type": "nodes" }, "geometry": { "type": "Point", "coordinates": [ 73.1330597, 29.6118801 ] } },
{ "type": "Feature", "properties": { "name": "روشن بھیلہ", "name:en": "Roshan Bhila", "railway": "station", "ele": null, "operator:type": null, "layer": null, "addr:full": null, "addr:city": null, "source": null, "name:ur": "روشن بھیلہ", "osm_id": 11746999627, "osm_type": "nodes" }, "geometry": { "type": "Point", "coordinates": [ 74.3523847, 31.0620417 ] } },
{ "type": "Feature", "properties": { "name": "بستی قطب", "name:en": "Basti Qutab", "railway": "station", "ele": null, "operator:type": null, "layer": null, "addr:full": null, "addr:city": null, "source": null, "name:ur": "بستی قطب", "osm_id": 13356535308, "osm_type": "nodes" }, "geometry": { "type": "Point", "coordinates": [ 74.161639, 30.7857098 ] } },
{ "type": "Feature", "properties": { "name": "کھوڈیاں خاص", "name:en": "Khudian Khas", "railway": "station", "ele": null, "operator:type": null, "layer": null, "addr:full": null, "addr:city": null, "source": null, "name:ur": "کھوڈیاں خاص", "osm_id": 3315155019, "osm_type": "nodes" }, "geometry": { "type": "Point", "coordinates": [ 74.276948, 30.9940197 ] } },
{ "type": "Feature", "properties": { "name": "عارف والہ", "name:en": "Arifwala", "railway": "station", "ele": null, "operator:type": null, "layer": null, "addr:full": null, "addr:city": null, "source": null, "name:ur": "عارف والہ", "osm_id": 2420118480, "osm_type": "nodes" }, "geometry": { "type": "Point", "coordinates": [ 73.0653554, 30.2933092 ] } },
{ "type": "Feature", "properties": { "name": "بصیر پور", "name:en": "Basirpur", "railway": "station", "ele": null, "operator:type": null, "layer": null, "addr:full": null, "addr:city": "بصیر پور", "source": null, "name:ur": "بصیر پور", "osm_id": 5228663607, "osm_type": "nodes" }, "geometry": { "type": "Point", "coordinates": [ 73.8398905, 30.5766567 ] } },
{ "type": "Feature", "properties": { "name": "اشرف شاہ", "name:en": "Ashraf Shah", "railway": "station", "ele": null, "operator:type": null, "layer": null, "addr:full": null, "addr:city": null, "source": null, "name:ur": "اشرف شاہ", "osm_id": 13357635328, "osm_type": "nodes" }, "geometry": { "type": "Point", "coordinates": [ 72.1105865, 29.7551298 ] } },
{ "type": "Feature", "properties": { "name": "آرائیں روڈ", "name:en": "Arian Road", "railway": "station", "ele": null, "operator:type": null, "layer": null, "addr:full": null, "addr:city": null, "source": null, "name:ur": "آرائیں روڈ", "osm_id": 3965893619, "osm_type": "nodes" }, "geometry": { "type": "Point", "coordinates": [ 68.8141196, 27.7321637 ] } },
{ "type": "Feature", "properties": { "name": "شاہ گئی", "name:en": "Shahgai", "railway": "station", "ele": null, "operator:type": null, "layer": null, "addr:full": null, "addr:city": null, "source": null, "name:ur": "شاہ گئی", "osm_id": 13346752149, "osm_type": "nodes" }, "geometry": { "type": "Point", "coordinates": [ 71.2760031, 34.0185546 ] } },
{ "type": "Feature", "properties": { "name": "مردان", "name:en": "Mardan Junction", "railway": "station", "ele": null, "operator:type": null, "layer": null, "addr:full": null, "addr:city": null, "source": null, "name:ur": "مردان", "osm_id": 4732673365, "osm_type": "nodes" }, "geometry": { "type": "Point", "coordinates": [ 72.0331293, 34.1845024 ] } },
{ "type": "Feature", "properties": { "name": "ہاتھیان", "name:en": "Hathiyan", "railway": "station", "ele": null, "operator:type": null, "layer": null, "addr:full": null, "addr:city": null, "source": null, "name:ur": "ہاتھیان", "osm_id": 13313406013, "osm_type": "nodes" }, "geometry": { "type": "Point", "coordinates": [ 71.919275, 34.3862947 ] } },
{ "type": "Feature", "properties": { "name": "چارسدہ", "name:en": "Charsadda", "railway": "station", "ele": null, "operator:type": null, "layer": null, "addr:full": null, "addr:city": null, "source": null, "name:ur": null, "osm_id": 2671932802, "osm_type": "nodes" }, "geometry": { "type": "Point", "coordinates": [ 71.7592937, 34.150946 ] } },
{ "type": "Feature", "properties": { "name": "سكهر", "name:en": "Sukkur", "railway": "station", "ele": null, "operator:type": null, "layer": null, "addr:full": null, "addr:city": "سكهر", "source": null, "name:ur": "سكهر", "osm_id": 1934166394, "osm_type": "nodes" }, "geometry": { "type": "Point", "coordinates": [ 68.8663081, 27.7007522 ] } },
{ "type": "Feature", "properties": { "name": "شاہرگ", "name:en": "Shahrag", "railway": "station", "ele": null, "operator:type": null, "layer": null, "addr:full": null, "addr:city": null, "source": null, "name:ur": "شاہرگ", "osm_id": 1939925537, "osm_type": "nodes" }, "geometry": { "type": "Point", "coordinates": [ 67.7093435, 30.1868537 ] } },
{ "type": "Feature", "properties": { "name": null, "name:en": "Tanduri", "railway": "station", "ele": null, "operator:type": null, "layer": null, "addr:full": null, "addr:city": null, "source": "NGA-GNS", "name:ur": null, "osm_id": 13359941874, "osm_type": "nodes" }, "geometry": { "type": "Point", "coordinates": [ 67.9428245, 29.7239196 ] } },
{ "type": "Feature", "properties": { "name": "بابر کچھ", "name:en": "Babar Kachh", "railway": "station", "ele": null, "operator:type": null, "layer": null, "addr:full": null, "addr:city": null, "source": "NGA-GNS", "name:ur": "بابر کچھ", "osm_id": 13359948526, "osm_type": "nodes" }, "geometry": { "type": "Point", "coordinates": [ 67.9864107, 29.7922743 ] } },
{ "type": "Feature", "properties": { "name": "راجہ جنگ", "name:en": "Raja Jang", "railway": "station", "ele": null, "operator:type": null, "layer": null, "addr:full": null, "addr:city": null, "source": null, "name:ur": "راجہ جنگ", "osm_id": 2408040488, "osm_type": "nodes" }, "geometry": { "type": "Point", "coordinates": [ 74.2580584, 31.2220978 ] } },
{ "type": "Feature", "properties": { "name": "سپنتنگی", "name:en": "Spintangi", "railway": "station", "ele": null, "operator:type": null, "layer": null, "addr:full": null, "addr:city": null, "source": null, "name:ur": "سپنتنگی", "osm_id": 13359948642, "osm_type": "nodes" }, "geometry": { "type": "Point", "coordinates": [ 68.0969611, 29.941475 ] } },
{ "type": "Feature", "properties": { "name": "ہرنائی", "name:en": "Harnai", "railway": "station", "ele": null, "operator:type": null, "layer": null, "addr:full": null, "addr:city": null, "source": null, "name:ur": "ہرنائی", "osm_id": 3037408238, "osm_type": "nodes" }, "geometry": { "type": "Point", "coordinates": [ 67.9350792, 30.0999616 ] } },
{ "type": "Feature", "properties": { "name": "لنڈسے", "name:en": "Lindsay", "railway": "station", "ele": null, "operator:type": null, "layer": null, "addr:full": null, "addr:city": null, "source": "NGA-GNS", "name:ur": "لنڈسے", "osm_id": 13359409650, "osm_type": "nodes" }, "geometry": { "type": "Point", "coordinates": [ 67.9236889, 29.2151615 ] } },
{ "type": "Feature", "properties": { "name": "شاہ عبداللطیف", "name:en": "Shah Abdul Latif", "railway": "station", "ele": null, "operator:type": null, "layer": null, "addr:full": null, "addr:city": null, "source": null, "name:ur": "شاہ عبداللطیف", "osm_id": 8294625991, "osm_type": "nodes" }, "geometry": { "type": "Point", "coordinates": [ 66.9726217, 24.8829665 ] } },
{ "type": "Feature", "properties": { "name": "بختیار آباد", "name:en": "Bukhtiarabad Domki", "railway": "station", "ele": null, "operator:type": null, "layer": null, "addr:full": null, "addr:city": null, "source": "NGA-GNS", "name:ur": "بختیار آباد", "osm_id": 3965125435, "osm_type": "nodes" }, "geometry": { "type": "Point", "coordinates": [ 68.0099262, 28.9909361 ] } },
{ "type": "Feature", "properties": { "name": "سر آب", "name:en": "Sariab", "railway": "station", "ele": null, "operator:type": null, "layer": null, "addr:full": null, "addr:city": null, "source": "Pakistan 250k mosaic", "name:ur": "سر آب", "osm_id": 2473622548, "osm_type": "nodes" }, "geometry": { "type": "Point", "coordinates": [ 66.9818832, 30.103449 ] } },
{ "type": "Feature", "properties": { "name": "شیخ ماندہ", "name:en": "Sheikh Mandah", "railway": "station", "ele": null, "operator:type": null, "layer": null, "addr:full": null, "addr:city": null, "source": null, "name:ur": "شیخ ماندہ", "osm_id": 13310572870, "osm_type": "nodes" }, "geometry": { "type": "Point", "coordinates": [ 66.9706128, 30.2535641 ] } },
{ "type": "Feature", "properties": { "name": "یارو", "name:en": "Yaru", "railway": "station", "ele": null, "operator:type": null, "layer": null, "addr:full": null, "addr:city": null, "source": null, "name:ur": "یارو", "osm_id": 13310822927, "osm_type": "nodes" }, "geometry": { "type": "Point", "coordinates": [ 66.953123, 30.5021832 ] } },
{ "type": "Feature", "properties": { "name": "مستونگ", "name:en": "Mastung Walikhan", "railway": "station", "ele": null, "operator:type": null, "layer": null, "addr:full": null, "addr:city": null, "source": null, "name:ur": "مستونگ", "osm_id": 3953658484, "osm_type": "nodes" }, "geometry": { "type": "Point", "coordinates": [ 66.8414599, 29.8788076 ] } },
{ "type": "Feature", "properties": { "name": "روہڑی جنکشن", "name:en": "Rohri Junction", "railway": "station", "ele": null, "operator:type": null, "layer": null, "addr:full": null, "addr:city": null, "source": null, "name:ur": "روہڑی جنکشن", "osm_id": 3896072687, "osm_type": "nodes" }, "geometry": { "type": "Point", "coordinates": [ 68.8969978, 27.6854584 ] } },
{ "type": "Feature", "properties": { "name": "نوشکی", "name:en": "Nushki", "railway": "station", "ele": null, "operator:type": null, "layer": null, "addr:full": null, "addr:city": null, "source": null, "name:ur": "نوشکی", "osm_id": 1811845539, "osm_type": "nodes" }, "geometry": { "type": "Point", "coordinates": [ 66.0509687, 29.5442791 ] } },
{ "type": "Feature", "properties": { "name": "سرمل", "name:en": "Sarmall", "railway": "station", "ele": null, "operator:type": null, "layer": null, "addr:full": null, "addr:city": null, "source": null, "name:ur": "سرمل", "osm_id": 13364139760, "osm_type": "nodes" }, "geometry": { "type": "Point", "coordinates": [ 65.8081969, 29.277701 ] } },
{ "type": "Feature", "properties": { "name": "پڈاگ روڈ", "name:en": "Padag Road", "railway": "station", "ele": null, "operator:type": null, "layer": null, "addr:full": null, "addr:city": null, "source": "NGA-GNS", "name:ur": "پڈاگ روڈ", "osm_id": 13364139773, "osm_type": "nodes" }, "geometry": { "type": "Point", "coordinates": [ 65.1828952, 29.1028781 ] } },
{ "type": "Feature", "properties": { "name": "نوک کنڈی", "name:en": "Nok Kundi", "railway": "station", "ele": null, "operator:type": null, "layer": null, "addr:full": null, "addr:city": "نوک کنڈی", "source": null, "name:ur": "نوک کنڈی", "osm_id": 3955477971, "osm_type": "nodes" }, "geometry": { "type": "Point", "coordinates": [ 62.7457431, 28.8257743 ] } },
{ "type": "Feature", "properties": { "name": "خدﺁباد", "name:en": "Khudabad", "railway": "station", "ele": null, "operator:type": null, "layer": null, "addr:full": null, "addr:city": null, "source": "NGA-GNS", "name:ur": "خدﺁباد", "osm_id": 10316608112, "osm_type": "nodes" }, "geometry": { "type": "Point", "coordinates": [ 67.7441673, 26.6417589 ] } },
{ "type": "Feature", "properties": { "name": "انڑپور", "name:en": "Unarpur", "railway": "station", "ele": null, "operator:type": null, "layer": null, "addr:full": null, "addr:city": null, "source": "NGA-GNS", "name:ur": "انڑپور", "osm_id": 13353567086, "osm_type": "nodes" }, "geometry": { "type": "Point", "coordinates": [ 68.3536731, 25.6063574 ] } },
{ "type": "Feature", "properties": { "name": "باکرانی روڈ", "name:en": "Bakrani Road", "railway": "station", "ele": null, "operator:type": null, "layer": null, "addr:full": null, "addr:city": null, "source": "NGA-GNS", "name:ur": "باکرانی روڈ", "osm_id": 10635235593, "osm_type": "nodes" }, "geometry": { "type": "Point", "coordinates": [ 68.1380424, 27.4580032 ] } },
{ "type": "Feature", "properties": { "name": "بخش جتوئی", "name:en": "Bakhsh Jatoi", "railway": "station", "ele": null, "operator:type": null, "layer": null, "addr:full": null, "addr:city": null, "source": "NGA-GNS", "name:ur": "بخش جتوئی", "osm_id": 13351970904, "osm_type": "nodes" }, "geometry": { "type": "Point", "coordinates": [ 68.0972879, 27.4099608 ] } },
{ "type": "Feature", "properties": { "name": "پیارو گوٹھ", "name:en": "Piaro Goth", "railway": "station", "ele": null, "operator:type": null, "layer": null, "addr:full": null, "addr:city": null, "source": "NGA-GNS", "name:ur": "پیارو گوٹھ", "osm_id": 13352699179, "osm_type": "nodes" }, "geometry": { "type": "Point", "coordinates": [ 67.8151298, 26.9485878 ] } },
{ "type": "Feature", "properties": { "name": "لکی شاہ صدر", "name:en": "Laki Shah Saddar", "railway": "station", "ele": null, "operator:type": null, "layer": null, "addr:full": null, "addr:city": null, "source": "NGA-GNS", "name:ur": "لکی شاہ صدر", "osm_id": 13353116118, "osm_type": "nodes" }, "geometry": { "type": "Point", "coordinates": [ 67.9030882, 26.2626439 ] } },
{ "type": "Feature", "properties": { "name": null, "name:en": "Cadet College Petaro", "railway": "station", "ele": null, "operator:type": null, "layer": null, "addr:full": null, "addr:city": null, "source": "NGa-GNS", "name:ur": null, "osm_id": 13353568722, "osm_type": "nodes" }, "geometry": { "type": "Point", "coordinates": [ 68.3058989, 25.5239879 ] } },
{ "type": "Feature", "properties": { "name": "الله دادانی", "name:en": "Allahdadani", "railway": "station", "ele": null, "operator:type": null, "layer": null, "addr:full": null, "addr:city": null, "source": "NGA-GNS", "name:ur": "الله دادانی", "osm_id": 13367312840, "osm_type": "nodes" }, "geometry": { "type": "Point", "coordinates": [ 68.5655822, 27.7899395 ] } },
{ "type": "Feature", "properties": { "name": "مديجي روڊ", "name:en": "Madeji Road", "railway": "station", "ele": null, "operator:type": null, "layer": null, "addr:full": null, "addr:city": null, "source": "NGA-GNS", "name:ur": "مديجي روڊ", "osm_id": 13367312845, "osm_type": "nodes" }, "geometry": { "type": "Point", "coordinates": [ 68.4733765, 27.7386556 ] } },
{ "type": "Feature", "properties": { "name": "راہوجہ", "name:en": "Rahuja", "railway": "station", "ele": null, "operator:type": null, "layer": null, "addr:full": null, "addr:city": null, "source": "NGA-GNS", "name:ur": "راہوجہ", "osm_id": 13367800405, "osm_type": "nodes" }, "geometry": { "type": "Point", "coordinates": [ 67.8313658, 26.9960761 ] } },
{ "type": "Feature", "properties": { "name": "Sann", "name:en": null, "railway": "station", "ele": null, "operator:type": null, "layer": null, "addr:full": null, "addr:city": null, "source": "NGA-GNS", "name:ur": "سن", "osm_id": 869018558, "osm_type": "nodes" }, "geometry": { "type": "Point", "coordinates": [ 68.1145291, 26.0200595 ] } },
{ "type": "Feature", "properties": { "name": "آمری", "name:en": "Amri", "railway": "station", "ele": null, "operator:type": null, "layer": null, "addr:full": null, "addr:city": null, "source": "NGA-GNS", "name:ur": "آمری", "osm_id": 869021612, "osm_type": "nodes" }, "geometry": { "type": "Point", "coordinates": [ 68.0086972, 26.16983 ] } },
{ "type": "Feature", "properties": { "name": "ڀان سعيدآباد", "name:en": "Bhan Syedabad", "railway": "station", "ele": null, "operator:type": null, "layer": null, "addr:full": null, "addr:city": null, "source": "NGA-GNS", "name:ur": "ڀان سعيدآباد", "osm_id": 1970511828, "osm_type": "nodes" }, "geometry": { "type": "Point", "coordinates": [ 67.7252936, 26.5572885 ] } },
{ "type": "Feature", "properties": { "name": "باڈہ", "name:en": "Badah", "railway": "station", "ele": null, "operator:type": null, "layer": null, "addr:full": null, "addr:city": null, "source": "NGA-GNS", "name:ur": "باڈہ", "osm_id": 5912821508, "osm_type": "nodes" }, "geometry": { "type": "Point", "coordinates": [ 68.0286756, 27.3289448 ] } },
{ "type": "Feature", "properties": { "name": null, "name:en": "Ongar", "railway": "station", "ele": null, "operator:type": null, "layer": null, "addr:full": null, "addr:city": null, "source": "NGA-GNS", "name:ur": null, "osm_id": 13368662261, "osm_type": "nodes" }, "geometry": { "type": "Point", "coordinates": [ 68.1742005, 25.2335706 ] } },
{ "type": "Feature", "properties": { "name": "داھابیجی", "name:en": "Dhabeji", "railway": "station", "ele": null, "operator:type": null, "layer": null, "addr:full": null, "addr:city": null, "source": null, "name:ur": "دابهيجي", "osm_id": 2775029954, "osm_type": "nodes" }, "geometry": { "type": "Point", "coordinates": [ 67.5011886, 24.8127692 ] } },
{ "type": "Feature", "properties": { "name": "پشوک", "name:en": "Pishok", "railway": "station", "ele": null, "operator:type": null, "layer": null, "addr:full": null, "addr:city": null, "source": "NGA-GNS", "name:ur": "پشوک", "osm_id": 13364187712, "osm_type": "nodes" }, "geometry": { "type": "Point", "coordinates": [ 64.60832, 28.9439154 ] } },
{ "type": "Feature", "properties": { "name": "گڈار", "name:en": "Gaddar", "railway": "station", "ele": null, "operator:type": null, "layer": null, "addr:full": null, "addr:city": null, "source": "NGA-GNS", "name:ur": "گڈار", "osm_id": 13368860506, "osm_type": "nodes" }, "geometry": { "type": "Point", "coordinates": [ 67.4283628, 24.8454207 ] } },
{ "type": "Feature", "properties": { "name": "بیلاو", "name:en": "Bilao", "railway": "station", "ele": null, "operator:type": null, "layer": null, "addr:full": null, "addr:city": null, "source": null, "name:ur": "بیلاو", "osm_id": 13364139759, "osm_type": "nodes" }, "geometry": { "type": "Point", "coordinates": [ 65.3819241, 29.1489876 ] } },
{ "type": "Feature", "properties": { "name": "Ahla", "name:en": null, "railway": "station", "ele": null, "operator:type": null, "layer": null, "addr:full": null, "addr:city": null, "source": null, "name:ur": null, "osm_id": 2447748747, "osm_type": "nodes" }, "geometry": { "type": "Point", "coordinates": [ 73.3933983, 32.573183 ] } },
{ "type": "Feature", "properties": { "name": "Quetta Train Station", "name:en": null, "railway": "station", "ele": null, "operator:type": null, "layer": null, "addr:full": null, "addr:city": null, "source": null, "name:ur": null, "osm_id": 12200963982, "osm_type": "nodes" }, "geometry": { "type": "Point", "coordinates": [ 67.0013591, 30.1914793 ] } },
{ "type": "Feature", "properties": { "name": "Muslim Bagh", "name:en": null, "railway": "station", "ele": null, "operator:type": null, "layer": null, "addr:full": null, "addr:city": null, "source": null, "name:ur": null, "osm_id": 4867410421, "osm_type": "nodes" }, "geometry": { "type": "Point", "coordinates": [ 67.7411467, 30.808224 ] } },
{ "type": "Feature", "properties": { "name": "لیاری", "name:en": "Layari", "railway": "station", "ele": null, "operator:type": null, "layer": null, "addr:full": null, "addr:city": null, "source": null, "name:ur": "لیاری", "osm_id": 8294625989, "osm_type": "nodes" }, "geometry": { "type": "Point", "coordinates": [ 66.9801817, 24.8680359 ] } },
{ "type": "Feature", "properties": { "name": "Hasisar Station", "name:en": null, "railway": "station", "ele": null, "operator:type": null, "layer": null, "addr:full": null, "addr:city": null, "source": "http://osm.arkemie.org/cgi-bin/tiles/1.0.0/pakistan_250k_mosaic/!/!/!", "name:ur": null, "osm_id": 3019798204, "osm_type": "nodes" }, "geometry": { "type": "Point", "coordinates": [ 69.6770341, 25.5067612 ] } },
{ "type": "Feature", "properties": { "name": "شیخوپورہ", "name:en": "Sheikhupura", "railway": "station", "ele": null, "operator:type": null, "layer": null, "addr:full": null, "addr:city": "شیخوپورہ", "source": null, "name:ur": "شیخوپورہ", "osm_id": 1973009755, "osm_type": "nodes" }, "geometry": { "type": "Point", "coordinates": [ 73.9788857, 31.7182167 ] } },
{ "type": "Feature", "properties": { "name": "حبیب آباد", "name:en": "Habib Abad", "railway": "station", "ele": null, "operator:type": null, "layer": null, "addr:full": null, "addr:city": null, "source": null, "name:ur": null, "osm_id": 2433508562, "osm_type": "nodes" }, "geometry": { "type": "Point", "coordinates": [ 73.7445121, 30.9544549 ] } },
{ "type": "Feature", "properties": { "name": "کچہ کھوہ", "name:en": "Kacha Khuh", "railway": "station", "ele": null, "operator:type": null, "layer": null, "addr:full": null, "addr:city": null, "source": null, "name:ur": null, "osm_id": 2433646751, "osm_type": "nodes" }, "geometry": { "type": "Point", "coordinates": [ 72.1431946, 30.3737095 ] } },
{ "type": "Feature", "properties": { "name": "Rurala Railway Station", "name:en": null, "railway": "station", "ele": null, "operator:type": null, "layer": null, "addr:full": null, "addr:city": null, "source": null, "name:ur": null, "osm_id": 3994569366, "osm_type": "nodes" }, "geometry": { "type": "Point", "coordinates": [ 73.2990121, 31.198816 ] } },
{ "type": "Feature", "properties": { "name": "Mandi Sadiq Ganj", "name:en": null, "railway": "station", "ele": null, "operator:type": null, "layer": null, "addr:full": null, "addr:city": null, "source": null, "name:ur": null, "osm_id": 10270375605, "osm_type": "nodes" }, "geometry": { "type": "Point", "coordinates": [ 73.738651, 30.1536838 ] } },
{ "type": "Feature", "properties": { "name": "Hindumalkot", "name:en": null, "railway": "station", "ele": null, "operator:type": null, "layer": null, "addr:full": null, "addr:city": null, "source": null, "name:ur": null, "osm_id": 1795310413, "osm_type": "nodes" }, "geometry": { "type": "Point", "coordinates": [ 73.9166398, 30.1364677 ] } },
{ "type": "Feature", "properties": { "name": "پریم نگر", "name:en": "Premnagar", "railway": "station", "ele": null, "operator:type": null, "layer": null, "addr:full": null, "addr:city": null, "source": null, "name:ur": null, "osm_id": 2433405826, "osm_type": "nodes" }, "geometry": { "type": "Point", "coordinates": [ 74.1558126, 31.2064829 ] } },
{ "type": "Feature", "properties": { "name": "Yousafwala", "name:en": null, "railway": "station", "ele": null, "operator:type": null, "layer": null, "addr:full": null, "addr:city": null, "source": null, "name:ur": null, "osm_id": 2433522640, "osm_type": "nodes" }, "geometry": { "type": "Point", "coordinates": [ 73.265269, 30.7173815 ] } },
{ "type": "Feature", "properties": { "name": "Cargo Station Arifwala", "name:en": null, "railway": "station", "ele": null, "operator:type": null, "layer": null, "addr:full": null, "addr:city": null, "source": null, "name:ur": null, "osm_id": 4441605693, "osm_type": "nodes" }, "geometry": { "type": "Point", "coordinates": [ 73.0654079, 30.2926694 ] } },
{ "type": "Feature", "properties": { "name": "Jhol", "name:en": null, "railway": "station", "ele": null, "operator:type": null, "layer": null, "addr:full": null, "addr:city": null, "source": "http://osm.arkemie.org/cgi-bin/tiles/1.0.0/pakistan_250k_mosaic/!/!/!", "name:ur": null, "osm_id": 881651090, "osm_type": "nodes" }, "geometry": { "type": "Point", "coordinates": [ 68.8881564, 25.9614247 ] } },
{ "type": "Feature", "properties": { "name": null, "name:en": null, "railway": "station", "ele": null, "operator:type": null, "layer": null, "addr:full": null, "addr:city": null, "source": "http://osm.arkemie.org/cgi-bin/tiles/1.0.0/pakistan_250k_mosaic/!/!/!", "name:ur": null, "osm_id": 881653840, "osm_type": "nodes" }, "geometry": { "type": "Point", "coordinates": [ 68.9624836, 25.7452226 ] } },
{ "type": "Feature", "properties": { "name": null, "name:en": null, "railway": "station", "ele": null, "operator:type": null, "layer": null, "addr:full": null, "addr:city": null, "source": "http://osm.arkemie.org/cgi-bin/tiles/1.0.0/pakistan_250k_mosaic/!/!/!", "name:ur": null, "osm_id": 881653472, "osm_type": "nodes" }, "geometry": { "type": "Point", "coordinates": [ 68.9423552, 25.8123819 ] } },
{ "type": "Feature", "properties": { "name": "پیر جنڈ", "name:en": "Pir Jand", "railway": "station", "ele": null, "operator:type": null, "layer": null, "addr:full": null, "addr:city": null, "source": null, "name:ur": null, "osm_id": 2445623579, "osm_type": "nodes" }, "geometry": { "type": "Point", "coordinates": [ 73.8030661, 32.6461483 ] } },
{ "type": "Feature", "properties": { "name": "جوره کرنانا", "name:en": "Jaurah Karnana", "railway": "station", "ele": null, "operator:type": null, "layer": null, "addr:full": null, "addr:city": null, "source": null, "name:ur": null, "osm_id": 2445623584, "osm_type": "nodes" }, "geometry": { "type": "Point", "coordinates": [ 73.8405653, 32.656063 ] } },
{ "type": "Feature", "properties": { "name": "بہالیکے", "name:en": "Bahalike", "railway": "station", "ele": null, "operator:type": null, "layer": null, "addr:full": null, "addr:city": null, "source": null, "name:ur": null, "osm_id": 1973008394, "osm_type": "nodes" }, "geometry": { "type": "Point", "coordinates": [ 73.6860265, 31.7385906 ] } },
{ "type": "Feature", "properties": { "name": "کالا خطائی اسٹیشن", "name:en": "Kala Khatai Station", "railway": "station", "ele": null, "operator:type": null, "layer": null, "addr:full": null, "addr:city": null, "source": null, "name:ur": "کالا خطائی اسٹیشن", "osm_id": 9325976857, "osm_type": "nodes" }, "geometry": { "type": "Point", "coordinates": [ 74.461019, 31.8323491 ] } },
{ "type": "Feature", "properties": { "name": "بدوملہی", "name:en": null, "railway": "station", "ele": null, "operator:type": null, "layer": null, "addr:full": null, "addr:city": null, "source": null, "name:ur": null, "osm_id": 8892037534, "osm_type": "nodes" }, "geometry": { "type": "Point", "coordinates": [ 74.6575604, 31.9839742 ] } },
{ "type": "Feature", "properties": { "name": "کلاس گورایہ", "name:en": null, "railway": "station", "ele": null, "operator:type": null, "layer": null, "addr:full": null, "addr:city": null, "source": null, "name:ur": null, "osm_id": 8892125174, "osm_type": "nodes" }, "geometry": { "type": "Point", "coordinates": [ 74.8324237, 32.0697668 ] } },
{ "type": "Feature", "properties": { "name": "رانی پور ریاست", "name:en": "Ranipur Riyasat", "railway": "station", "ele": null, "operator:type": null, "layer": null, "addr:full": null, "addr:city": null, "source": null, "name:ur": "رانی پور ریاست", "osm_id": 13299615863, "osm_type": "nodes" }, "geometry": { "type": "Point", "coordinates": [ 68.5170739, 27.2804977 ] } },
{ "type": "Feature", "properties": { "name": "لاکھا روڈ", "name:en": "Lakha Road", "railway": "station", "ele": null, "operator:type": null, "layer": null, "addr:full": null, "addr:city": null, "source": null, "name:ur": "لاکھا روڈ", "osm_id": 13299615867, "osm_type": "nodes" }, "geometry": { "type": "Point", "coordinates": [ 68.3453523, 26.9908338 ] } },
{ "type": "Feature", "properties": { "name": "بھریا روڈ", "name:en": "Bhiria Road", "railway": "station", "ele": null, "operator:type": null, "layer": null, "addr:full": null, "addr:city": null, "source": null, "name:ur": "بھریا روڈ", "osm_id": 13299615869, "osm_type": "nodes" }, "geometry": { "type": "Point", "coordinates": [ 68.2836128, 26.8889483 ] } },
{ "type": "Feature", "properties": { "name": "پڈ عیدن", "name:en": "Padidan", "railway": "station", "ele": null, "operator:type": null, "layer": null, "addr:full": null, "addr:city": null, "source": null, "name:ur": "پڈ عیدن", "osm_id": 13299615871, "osm_type": "nodes" }, "geometry": { "type": "Point", "coordinates": [ 68.2841113, 26.7766545 ] } },
{ "type": "Feature", "properties": { "name": "کوٹ لالو", "name:en": "Kot Lalloo", "railway": "station", "ele": null, "operator:type": null, "layer": null, "addr:full": null, "addr:city": null, "source": null, "name:ur": "کوٹ لالو", "osm_id": 13299615873, "osm_type": "nodes" }, "geometry": { "type": "Point", "coordinates": [ 68.292932, 26.6832207 ] } },
{ "type": "Feature", "properties": { "name": "پیر کاٹپر", "name:en": "Pir Katpar", "railway": "station", "ele": null, "operator:type": null, "layer": null, "addr:full": null, "addr:city": null, "source": null, "name:ur": "پیر کاٹپر", "osm_id": 13301120584, "osm_type": "nodes" }, "geometry": { "type": "Point", "coordinates": [ 68.5884756, 27.3851707 ] } },
{ "type": "Feature", "properties": { "name": "باندھی", "name:en": "Bandhi", "railway": "station", "ele": null, "operator:type": null, "layer": null, "addr:full": null, "addr:city": null, "source": null, "name:ur": "باندھی", "osm_id": 13301120585, "osm_type": "nodes" }, "geometry": { "type": "Point", "coordinates": [ 68.3013873, 26.5865688 ] } },
{ "type": "Feature", "properties": { "name": "جلال مری", "name:en": "Jalal Marri", "railway": "station", "ele": null, "operator:type": null, "layer": null, "addr:full": null, "addr:city": null, "source": null, "name:ur": "جلال مری", "osm_id": 13301120590, "osm_type": "nodes" }, "geometry": { "type": "Point", "coordinates": [ 68.664551, 25.8461493 ] } },
{ "type": "Feature", "properties": { "name": "اڈرولال", "name:en": "Oderolal", "railway": "station", "ele": null, "operator:type": null, "layer": null, "addr:full": null, "addr:city": null, "source": null, "name:ur": "اڈرولال", "osm_id": 13301120591, "osm_type": "nodes" }, "geometry": { "type": "Point", "coordinates": [ 68.5959598, 25.6297617 ] } },
{ "type": "Feature", "properties": { "name": "وہاب شاہ", "name:en": "Wahab Shah", "railway": "station", "ele": null, "operator:type": null, "layer": null, "addr:full": null, "addr:city": null, "source": null, "name:ur": "وہاب شاہ", "osm_id": 13301120592, "osm_type": "nodes" }, "geometry": { "type": "Point", "coordinates": [ 68.6328261, 25.6904532 ] } },
{ "type": "Feature", "properties": { "name": "پالی جانی", "name:en": "Palijani", "railway": "station", "ele": null, "operator:type": null, "layer": null, "addr:full": null, "addr:city": null, "source": null, "name:ur": "پالی جانی", "osm_id": 13301120593, "osm_type": "nodes" }, "geometry": { "type": "Point", "coordinates": [ 68.5585866, 25.5670564 ] } },
{ "type": "Feature", "properties": { "name": "نصرپور", "name:en": "Nasarpur", "railway": "station", "ele": null, "operator:type": null, "layer": null, "addr:full": null, "addr:city": null, "source": null, "name:ur": "نصرپور", "osm_id": 13301788538, "osm_type": "nodes" }, "geometry": { "type": "Point", "coordinates": [ 71.6779548, 34.0188776 ] } },
{ "type": "Feature", "properties": { "name": "تارو جبہ", "name:en": "Taru Jabba", "railway": "station", "ele": null, "operator:type": null, "layer": null, "addr:full": null, "addr:city": null, "source": null, "name:ur": "تارو جبہ", "osm_id": 13301788539, "osm_type": "nodes" }, "geometry": { "type": "Point", "coordinates": [ 71.7277121, 34.0171867 ] } },
{ "type": "Feature", "properties": { "name": "پیر پیائی", "name:en": "Pir Piai", "railway": "station", "ele": null, "operator:type": null, "layer": null, "addr:full": null, "addr:city": null, "source": null, "name:ur": "پیر پیائی", "osm_id": 13301788541, "osm_type": "nodes" }, "geometry": { "type": "Point", "coordinates": [ 71.8973791, 34.0097312 ] } },
{ "type": "Feature", "properties": { "name": "رتن ہالٹ", "name:en": "Rattan Halt", "railway": "station", "ele": null, "operator:type": null, "layer": null, "addr:full": null, "addr:city": null, "source": null, "name:ur": "رتن ہالٹ", "osm_id": 13304631332, "osm_type": "nodes" }, "geometry": { "type": "Point", "coordinates": [ 73.4644364, 31.8169742 ] } },
{ "type": "Feature", "properties": { "name": "ہری پور بند", "name:en": "Haripur Band", "railway": "station", "ele": null, "operator:type": null, "layer": null, "addr:full": null, "addr:city": null, "source": null, "name:ur": "ہری پور بند", "osm_id": 13304432841, "osm_type": "nodes" }, "geometry": { "type": "Point", "coordinates": [ 74.1043684, 32.4684015 ] } },
{ "type": "Feature", "properties": { "name": "ماچھی گوٹھ", "name:en": "Machi Goth", "railway": "station", "ele": null, "operator:type": null, "layer": null, "addr:full": null, "addr:city": null, "source": null, "name:ur": "ماچھی گوٹھ", "osm_id": 13306280310, "osm_type": "nodes" }, "geometry": { "type": "Point", "coordinates": [ 70.0658548, 28.2566882 ] } },
{ "type": "Feature", "properties": { "name": "شہید حیدر علی", "name:en": "Shaheed Haider Ali", "railway": "station", "ele": null, "operator:type": null, "layer": null, "addr:full": null, "addr:city": null, "source": null, "name:ur": "شہید حیدر علی", "osm_id": 13306280311, "osm_type": "nodes" }, "geometry": { "type": "Point", "coordinates": [ 69.9905732, 28.201604 ] } },
{ "type": "Feature", "properties": { "name": "رتی", "name:en": "Reti", "railway": "station", "ele": null, "operator:type": null, "layer": null, "addr:full": null, "addr:city": null, "source": null, "name:ur": "رتی", "osm_id": 13306280312, "osm_type": "nodes" }, "geometry": { "type": "Point", "coordinates": [ 69.8566559, 28.0853437 ] } },
{ "type": "Feature", "properties": { "name": "سرحد", "name:en": "Sarhad", "railway": "station", "ele": null, "operator:type": null, "layer": null, "addr:full": null, "addr:city": null, "source": null, "name:ur": "سرحد", "osm_id": 13306280315, "osm_type": "nodes" }, "geometry": { "type": "Point", "coordinates": [ 69.4172678, 28.0371018 ] } },
{ "type": "Feature", "properties": { "name": "ماہیسر", "name:en": "Mahesar", "railway": "station", "ele": null, "operator:type": null, "layer": null, "addr:full": null, "addr:city": null, "source": null, "name:ur": "ماہیسر", "osm_id": 13306280316, "osm_type": "nodes" }, "geometry": { "type": "Point", "coordinates": [ 69.1988751, 27.9217625 ] } },
{ "type": "Feature", "properties": { "name": "براؤدآباد", "name:en": "Braudabad", "railway": "station", "ele": null, "operator:type": null, "layer": null, "addr:full": null, "addr:city": null, "source": null, "name:ur": "براؤدآباد", "osm_id": 13306443773, "osm_type": "nodes" }, "geometry": { "type": "Point", "coordinates": [ 67.9032383, 24.9376489 ] } },
{ "type": "Feature", "properties": { "name": "آدم صحابہ", "name:en": "Adam Sahaba", "railway": "station", "ele": null, "operator:type": null, "layer": null, "addr:full": null, "addr:city": null, "source": null, "name:ur": "آدم صحابہ", "osm_id": 13306280308, "osm_type": "nodes" }, "geometry": { "type": "Point", "coordinates": [ 70.2243563, 28.359697 ] } },
{ "type": "Feature", "properties": { "name": "مندو ڈیرو", "name:en": "Mando Dairo", "railway": "station", "ele": null, "operator:type": null, "layer": null, "addr:full": null, "addr:city": null, "source": null, "name:ur": "مندو ڈیرو", "osm_id": 13306280318, "osm_type": "nodes" }, "geometry": { "type": "Point", "coordinates": [ 68.9813785, 27.6801506 ] } },
{ "type": "Feature", "properties": { "name": "رن پٹھانی", "name:en": "Rand Pethani", "railway": "station", "ele": null, "operator:type": null, "layer": null, "addr:full": null, "addr:city": null, "source": null, "name:ur": "رن پٹھانی", "osm_id": 13306443772, "osm_type": "nodes" }, "geometry": { "type": "Point", "coordinates": [ 67.6614369, 24.8260842 ] } },
{ "type": "Feature", "properties": { "name": "جھمپیر", "name:en": "Jhimpir", "railway": "station", "ele": null, "operator:type": null, "layer": null, "addr:full": null, "addr:city": null, "source": null, "name:ur": "جھمپیر", "osm_id": 13306443774, "osm_type": "nodes" }, "geometry": { "type": "Point", "coordinates": [ 68.013251, 25.0250559 ] } },
{ "type": "Feature", "properties": { "name": "میٹنگ", "name:en": "Meting", "railway": "station", "ele": null, "operator:type": null, "layer": null, "addr:full": null, "addr:city": null, "source": "NGA-GNS", "name:ur": "میٹنگ", "osm_id": 13306443775, "osm_type": "nodes" }, "geometry": { "type": "Point", "coordinates": [ 68.1219027, 25.1606267 ] } },
{ "type": "Feature", "properties": { "name": "ملیر", "name:en": "Malir", "railway": "station", "ele": null, "operator:type": null, "layer": null, "addr:full": null, "addr:city": null, "source": null, "name:ur": "ملیر", "osm_id": 13306443777, "osm_type": "nodes" }, "geometry": { "type": "Point", "coordinates": [ 67.1902424, 24.8773046 ] } },
{ "type": "Feature", "properties": { "name": "قلعہ عبداللہ", "name:en": "Killa Abdullah", "railway": "station", "ele": null, "operator:type": null, "layer": null, "addr:full": null, "addr:city": null, "source": null, "name:ur": "قلعہ عبداللہ", "osm_id": 13310823071, "osm_type": "nodes" }, "geometry": { "type": "Point", "coordinates": [ 66.6525545, 30.7345692 ] } },
{ "type": "Feature", "properties": { "name": "کابل دریا", "name:en": "Kabul River", "railway": "station", "ele": null, "operator:type": null, "layer": null, "addr:full": null, "addr:city": null, "source": null, "name:ur": "کابل دریا", "osm_id": 13313202753, "osm_type": "nodes" }, "geometry": { "type": "Point", "coordinates": [ 71.9927225, 34.0184229 ] } },
{ "type": "Feature", "properties": { "name": "رسالپور کینٹ", "name:en": "Risalpur Cantt", "railway": "station", "ele": null, "operator:type": null, "layer": null, "addr:full": null, "addr:city": null, "source": null, "name:ur": "رسالپور کینٹ", "osm_id": 13313202754, "osm_type": "nodes" }, "geometry": { "type": "Point", "coordinates": [ 72.0026859, 34.0626276 ] } },
{ "type": "Feature", "properties": { "name": "رشکئی", "name:en": "Rashkai", "railway": "station", "ele": null, "operator:type": null, "layer": null, "addr:full": null, "addr:city": null, "source": null, "name:ur": "رشکئی", "osm_id": 13313202755, "osm_type": "nodes" }, "geometry": { "type": "Point", "coordinates": [ 72.0197732, 34.116052 ] } },
{ "type": "Feature", "properties": { "name": "گجر گڑھی", "name:en": "Gujar Garhi", "railway": "station", "ele": null, "operator:type": null, "layer": null, "addr:full": null, "addr:city": null, "source": null, "name:ur": "گجر گڑھی", "osm_id": 13313374768, "osm_type": "nodes" }, "geometry": { "type": "Point", "coordinates": [ 72.013733, 34.2256798 ] } },
{ "type": "Feature", "properties": { "name": "سنی گمبٹ", "name:en": "Seni Gumbat Halt", "railway": "station", "ele": null, "operator:type": null, "layer": null, "addr:full": null, "addr:city": null, "source": null, "name:ur": "سنی گمبٹ", "osm_id": 13314222900, "osm_type": "nodes" }, "geometry": { "type": "Point", "coordinates": [ 71.6726726, 33.5022908 ] } },
{ "type": "Feature", "properties": { "name": "شادن لنڈ", "name:en": "Shadan Lund", "railway": "station", "ele": null, "operator:type": null, "layer": null, "addr:full": null, "addr:city": null, "source": null, "name:ur": "شادن لنڈ", "osm_id": 13314413149, "osm_type": "nodes" }, "geometry": { "type": "Point", "coordinates": [ 70.7253828, 30.4635925 ] } },
{ "type": "Feature", "properties": { "name": "گلستان", "name:en": "Gulistan", "railway": "station", "ele": null, "operator:type": null, "layer": null, "addr:full": null, "addr:city": null, "source": null, "name:ur": "گلستان", "osm_id": 13310823022, "osm_type": "nodes" }, "geometry": { "type": "Point", "coordinates": [ 66.6360073, 30.6308346 ] } },
{ "type": "Feature", "properties": { "name": "کلپانی", "name:en": "Kalpani", "railway": "station", "ele": null, "operator:type": null, "layer": null, "addr:full": null, "addr:city": null, "source": null, "name:ur": "کلپانی", "osm_id": 13313374774, "osm_type": "nodes" }, "geometry": { "type": "Point", "coordinates": [ 71.9855953, 34.2420537 ] } },
{ "type": "Feature", "properties": { "name": "پرخوڈھیری", "name:en": "Parkhoo Dheri", "railway": "station", "ele": null, "operator:type": null, "layer": null, "addr:full": null, "addr:city": null, "source": null, "name:ur": "پرخوڈھیری", "osm_id": 13313374797, "osm_type": "nodes" }, "geometry": { "type": "Point", "coordinates": [ 71.9375147, 34.3300796 ] } },
{ "type": "Feature", "properties": { "name": "سخاکوٹ", "name:en": "Skhakot", "railway": "station", "ele": null, "operator:type": null, "layer": null, "addr:full": null, "addr:city": null, "source": null, "name:ur": "سخاکوٹ", "osm_id": 13313406021, "osm_type": "nodes" }, "geometry": { "type": "Point", "coordinates": [ 71.9098765, 34.4562252 ] } },
{ "type": "Feature", "properties": { "name": "جمن شاہ", "name:en": "Jaman Shah", "railway": "station", "ele": null, "operator:type": null, "layer": null, "addr:full": null, "addr:city": null, "source": null, "name:ur": "جمن شاہ", "osm_id": 13314413148, "osm_type": "nodes" }, "geometry": { "type": "Point", "coordinates": [ 70.9419617, 30.8710149 ] } },
{ "type": "Feature", "properties": { "name": null, "name:en": "Basti Laghar", "railway": "station", "ele": null, "operator:type": null, "layer": null, "addr:full": null, "addr:city": null, "source": null, "name:ur": null, "osm_id": 13316926495, "osm_type": "nodes" }, "geometry": { "type": "Point", "coordinates": [ 70.6546389, 30.2506818 ] } },
{ "type": "Feature", "properties": { "name": "عظمت والا", "name:en": "Azmatwala", "railway": "station", "ele": null, "operator:type": null, "layer": null, "addr:full": null, "addr:city": null, "source": null, "name:ur": "عظمت والا", "osm_id": 13316937427, "osm_type": "nodes" }, "geometry": { "type": "Point", "coordinates": [ 70.5337096, 29.5701442 ] } },
{ "type": "Feature", "properties": { "name": "محمد پور دیوان", "name:en": "Muhammad Pur Diwan", "railway": "station", "ele": null, "operator:type": null, "layer": null, "addr:full": null, "addr:city": null, "source": null, "name:ur": "محمد پور دیوان", "osm_id": 13316937429, "osm_type": "nodes" }, "geometry": { "type": "Point", "coordinates": [ 70.4931935, 29.478456 ] } },
{ "type": "Feature", "properties": { "name": "فاضل پور", "name:en": "Fazilpur Dhandi", "railway": "station", "ele": null, "operator:type": null, "layer": null, "addr:full": null, "addr:city": null, "source": null, "name:ur": "فاضل پور", "osm_id": 13316937436, "osm_type": "nodes" }, "geometry": { "type": "Point", "coordinates": [ 70.4451739, 29.3013117 ] } },
{ "type": "Feature", "properties": { "name": "بدلی مزاری", "name:en": "Badli Mazari", "railway": "station", "ele": null, "operator:type": null, "layer": null, "addr:full": null, "addr:city": null, "source": null, "name:ur": "بدلی مزاری", "osm_id": 13316937453, "osm_type": "nodes" }, "geometry": { "type": "Point", "coordinates": [ 70.0656996, 28.7673544 ] } },
{ "type": "Feature", "properties": { "name": "بدلی مزاری", "name:en": "Badli Mazari", "railway": "station", "ele": null, "operator:type": null, "layer": null, "addr:full": null, "addr:city": null, "source": null, "name:ur": "بدلی مزاری", "osm_id": 13316937454, "osm_type": "nodes" }, "geometry": { "type": "Point", "coordinates": [ 70.3687817, 29.1876837 ] } },
{ "type": "Feature", "properties": { "name": "قلعہ سوبھا سنگھ", "name:en": "Kila Sobha Singh", "railway": "station", "ele": null, "operator:type": null, "layer": null, "addr:full": null, "addr:city": null, "source": null, "name:ur": null, "osm_id": 4869316769, "osm_type": "nodes" }, "geometry": { "type": "Point", "coordinates": [ 74.7634397, 32.230165 ] } },
{ "type": "Feature", "properties": { "name": "گیلانی", "name:en": "Gilani", "railway": "station", "ele": null, "operator:type": null, "layer": null, "addr:full": null, "addr:city": null, "source": null, "name:ur": "گیلانی", "osm_id": 8423212826, "osm_type": "nodes" }, "geometry": { "type": "Point", "coordinates": [ 67.0784111, 24.9088053 ] } },
{ "type": "Feature", "properties": { "name": "Burj", "name:en": null, "railway": "station", "ele": null, "operator:type": null, "layer": null, "addr:full": null, "addr:city": null, "source": null, "name:ur": null, "osm_id": 2440113843, "osm_type": "nodes" }, "geometry": { "type": "Point", "coordinates": [ 73.098405, 31.6585487 ] } },
{ "type": "Feature", "properties": { "name": "منڈی بہاؤالدین‬", "name:en": "Mandi Bahauddin", "railway": "station", "ele": null, "operator:type": null, "layer": null, "addr:full": null, "addr:city": null, "source": null, "name:ur": null, "osm_id": 2445623550, "osm_type": "nodes" }, "geometry": { "type": "Point", "coordinates": [ 73.4922009, 32.5883813 ] } },
{ "type": "Feature", "properties": { "name": "Chailianwala", "name:en": null, "railway": "station", "ele": null, "operator:type": null, "layer": null, "addr:full": null, "addr:city": null, "source": null, "name:ur": null, "osm_id": 2445623557, "osm_type": "nodes" }, "geometry": { "type": "Point", "coordinates": [ 73.6247022, 32.6131987 ] } },
{ "type": "Feature", "properties": { "name": "ملکوال", "name:en": "Malakwal", "railway": "station", "ele": null, "operator:type": null, "layer": null, "addr:full": null, "addr:city": null, "source": null, "name:ur": "ملکوال", "osm_id": 2447748755, "osm_type": "nodes" }, "geometry": { "type": "Point", "coordinates": [ 73.2129327, 32.5530723 ] } },
{ "type": "Feature", "properties": { "name": "کٹا کشتہ", "name:en": "Kata Kushta", "railway": "station", "ele": null, "operator:type": null, "layer": null, "addr:full": null, "addr:city": null, "source": null, "name:ur": "کٹا کشتہ", "osm_id": 13346752117, "osm_type": "nodes" }, "geometry": { "type": "Point", "coordinates": [ 71.2509629, 34.0494311 ] } },
{ "type": "Feature", "properties": { "name": "ڈومیلی ریلوے اسٹیشن", "name:en": "Domeli Railway Station", "railway": "station", "ele": null, "operator:type": null, "layer": null, "addr:full": null, "addr:city": null, "source": null, "name:ur": "ڈومیلی ریلوے اسٹیشن", "osm_id": 303694676, "osm_type": "nodes" }, "geometry": { "type": "Point", "coordinates": [ 73.4658492, 33.0328625 ] } },
{ "type": "Feature", "properties": { "name": "Haria", "name:en": null, "railway": "station", "ele": null, "operator:type": null, "layer": null, "addr:full": null, "addr:city": null, "source": null, "name:ur": null, "osm_id": 2447813882, "osm_type": "nodes" }, "geometry": { "type": "Point", "coordinates": [ 73.3188275, 32.5625359 ] } },
{ "type": "Feature", "properties": { "name": "میڈانک", "name:en": "Medanak", "railway": "station", "ele": null, "operator:type": null, "layer": null, "addr:full": null, "addr:city": null, "source": null, "name:ur": "میڈانک", "osm_id": 13347265858, "osm_type": "nodes" }, "geometry": { "type": "Point", "coordinates": [ 71.3083652, 34.0082288 ] } },
{ "type": "Feature", "properties": { "name": "باگیاری", "name:en": "Bagiari", "railway": "station", "ele": null, "operator:type": null, "layer": null, "addr:full": null, "addr:city": null, "source": null, "name:ur": "باگیاری", "osm_id": 13347265859, "osm_type": "nodes" }, "geometry": { "type": "Point", "coordinates": [ 71.3248215, 33.99865 ] } },
{ "type": "Feature", "properties": { "name": "ڈيره غازي خان", "name:en": "Dera Ghazi Khan", "railway": "station", "ele": null, "operator:type": null, "layer": null, "addr:full": null, "addr:city": "Dera Ghazi Khan", "source": null, "name:ur": null, "osm_id": 13348193813, "osm_type": "nodes" }, "geometry": { "type": "Point", "coordinates": [ 70.6230122, 30.0509787 ] } },
{ "type": "Feature", "properties": { "name": "روجھان", "name:en": "Rojhan", "railway": "station", "ele": null, "operator:type": null, "layer": null, "addr:full": null, "addr:city": null, "source": null, "name:ur": "روجھان", "osm_id": 13348464933, "osm_type": "nodes" }, "geometry": { "type": "Point", "coordinates": [ 69.9437457, 28.7118453 ] } },
{ "type": "Feature", "properties": { "name": "کروڑ", "name:en": "Karor", "railway": "station", "ele": null, "operator:type": null, "layer": null, "addr:full": null, "addr:city": null, "source": null, "name:ur": "کروڑ", "osm_id": 13348193602, "osm_type": "nodes" }, "geometry": { "type": "Point", "coordinates": [ 70.9636236, 31.2188127 ] } },
{ "type": "Feature", "properties": { "name": "جام پور", "name:en": "Jampur", "railway": "station", "ele": null, "operator:type": null, "layer": null, "addr:full": null, "addr:city": null, "source": null, "name:ur": "جام پور", "osm_id": 13348456937, "osm_type": "nodes" }, "geometry": { "type": "Point", "coordinates": [ 70.5772492, 29.6384224 ] } },
{ "type": "Feature", "properties": { "name": null, "name:en": null, "railway": "station", "ele": null, "operator:type": null, "layer": null, "addr:full": null, "addr:city": null, "source": null, "name:ur": null, "osm_id": 13348464978, "osm_type": "nodes" }, "geometry": { "type": "Point", "coordinates": [ 69.8229948, 28.646591 ] } },
{ "type": "Feature", "properties": { "name": null, "name:en": null, "railway": "station", "ele": null, "operator:type": null, "layer": null, "addr:full": null, "addr:city": null, "source": null, "name:ur": null, "osm_id": 13348465027, "osm_type": "nodes" }, "geometry": { "type": "Point", "coordinates": [ 69.6899586, 28.5037219 ] } },
{ "type": "Feature", "properties": { "name": "بخشاپور", "name:en": "Bakhshapur", "railway": "station", "ele": null, "operator:type": null, "layer": null, "addr:full": null, "addr:city": null, "source": null, "name:ur": "بخشاپور", "osm_id": 13350748339, "osm_type": "nodes" }, "geometry": { "type": "Point", "coordinates": [ 69.3794513, 28.3624572 ] } },
{ "type": "Feature", "properties": { "name": "تھل نو", "name:en": "Thul-Nao", "railway": "station", "ele": null, "operator:type": null, "layer": null, "addr:full": null, "addr:city": null, "source": null, "name:ur": "تھل نو", "osm_id": 13350892803, "osm_type": "nodes" }, "geometry": { "type": "Point", "coordinates": [ 68.7638532, 28.2623249 ] } },
{ "type": "Feature", "properties": { "name": "مشوری شریف", "name:en": "Mashori Sharif", "railway": "station", "ele": null, "operator:type": null, "layer": null, "addr:full": null, "addr:city": null, "source": null, "name:ur": "مشوری شریف", "osm_id": 13351969296, "osm_type": "nodes" }, "geometry": { "type": "Point", "coordinates": [ 68.1635215, 27.4881088 ] } },
{ "type": "Feature", "properties": { "name": null, "name:en": "Mohenjo-daro", "railway": "station", "ele": null, "operator:type": null, "layer": null, "addr:full": null, "addr:city": null, "source": "NGA-GNS", "name:ur": null, "osm_id": 13351970909, "osm_type": "nodes" }, "geometry": { "type": "Point", "coordinates": [ 68.0719038, 27.3797386 ] } },
{ "type": "Feature", "properties": { "name": "شاہ پنجو", "name:en": "Shah Panjo", "railway": "station", "ele": null, "operator:type": null, "layer": null, "addr:full": null, "addr:city": null, "source": "NGA-GNS", "name:ur": "شاہ پنجو", "osm_id": 13351971041, "osm_type": "nodes" }, "geometry": { "type": "Point", "coordinates": [ 67.9360898, 27.1407558 ] } },
{ "type": "Feature", "properties": { "name": "بالی شاہ", "name:en": "Balishah", "railway": "station", "ele": null, "operator:type": null, "layer": null, "addr:full": null, "addr:city": null, "source": "NGA-GNS", "name:ur": "بالی شاہ", "osm_id": 13351971050, "osm_type": "nodes" }, "geometry": { "type": "Point", "coordinates": [ 67.9084636, 27.1092639 ] } },
{ "type": "Feature", "properties": { "name": "جنگ شاہی", "name:en": "Jungshahi", "railway": "station", "ele": null, "operator:type": null, "layer": null, "addr:full": null, "addr:city": null, "source": null, "name:ur": "جنگ شاہی", "osm_id": 13353973113, "osm_type": "nodes" }, "geometry": { "type": "Point", "coordinates": [ 67.7728264, 24.8557465 ] } },
{ "type": "Feature", "properties": { "name": "تلہار", "name:en": "Talhar", "railway": "station", "ele": null, "operator:type": null, "layer": null, "addr:full": null, "addr:city": null, "source": null, "name:ur": "تلہار", "osm_id": 13354941640, "osm_type": "nodes" }, "geometry": { "type": "Point", "coordinates": [ 68.8142964, 24.8812657 ] } },
{ "type": "Feature", "properties": { "name": "کھاتر", "name:en": "Khathar", "railway": "station", "ele": null, "operator:type": null, "layer": null, "addr:full": null, "addr:city": null, "source": null, "name:ur": "کھاتر", "osm_id": 13355077865, "osm_type": "nodes" }, "geometry": { "type": "Point", "coordinates": [ 68.4446466, 25.2426935 ] } },
{ "type": "Feature", "properties": { "name": "پیرو لاشاری", "name:en": "Peeru Lashari", "railway": "station", "ele": null, "operator:type": null, "layer": null, "addr:full": null, "addr:city": null, "source": null, "name:ur": "پیرو لاشاری", "osm_id": 13354928281, "osm_type": "nodes" }, "geometry": { "type": "Point", "coordinates": [ 68.8160444, 24.7676551 ] } },
{ "type": "Feature", "properties": { "name": "پلہ", "name:en": "Palh", "railway": "station", "ele": null, "operator:type": null, "layer": null, "addr:full": null, "addr:city": null, "source": null, "name:ur": "پلہ", "osm_id": 13354941722, "osm_type": "nodes" }, "geometry": { "type": "Point", "coordinates": [ 68.7579358, 24.9628027 ] } },
{ "type": "Feature", "properties": { "name": "ماتلی", "name:en": "Matli", "railway": "station", "ele": null, "operator:type": null, "layer": null, "addr:full": null, "addr:city": null, "source": null, "name:ur": "ماتلی", "osm_id": 13354941813, "osm_type": "nodes" }, "geometry": { "type": "Point", "coordinates": [ 68.6541303, 25.0374238 ] } },
{ "type": "Feature", "properties": { "name": "ہوسری", "name:en": "Husri Halt", "railway": "station", "ele": null, "operator:type": null, "layer": null, "addr:full": null, "addr:city": null, "source": null, "name:ur": "ہوسری", "osm_id": 13355077951, "osm_type": "nodes" }, "geometry": { "type": "Point", "coordinates": [ 68.4096854, 25.3197789 ] } },
{ "type": "Feature", "properties": { "name": "رفیق -آباد", "name:en": "Rafiq-Abad", "railway": "station", "ele": null, "operator:type": null, "layer": null, "addr:full": null, "addr:city": null, "source": null, "name:ur": "رفیق -آباد", "osm_id": 13355360949, "osm_type": "nodes" }, "geometry": { "type": "Point", "coordinates": [ 72.9949891, 29.3937256 ] } },
{ "type": "Feature", "properties": { "name": "فقیر والی", "name:en": "Faqirwali", "railway": "station", "ele": null, "operator:type": null, "layer": null, "addr:full": null, "addr:city": null, "source": null, "name:ur": "فقیر والی", "osm_id": 13355360971, "osm_type": "nodes" }, "geometry": { "type": "Point", "coordinates": [ 73.0374331, 29.4693668 ] } },
{ "type": "Feature", "properties": { "name": "ذیل پاک", "name:en": "Zeal Pak", "railway": "station", "ele": null, "operator:type": null, "layer": null, "addr:full": null, "addr:city": null, "source": null, "name:ur": "ذیل پاک", "osm_id": 13355077925, "osm_type": "nodes" }, "geometry": { "type": "Point", "coordinates": [ 68.3984099, 25.3515466 ] } },
{ "type": "Feature", "properties": { "name": "شہباز والا", "name:en": "Shahbazwala", "railway": "station", "ele": null, "operator:type": null, "layer": null, "addr:full": null, "addr:city": null, "source": null, "name:ur": "شہباز والا", "osm_id": 13355360868, "osm_type": "nodes" }, "geometry": { "type": "Point", "coordinates": [ 72.9293671, 29.2762375 ] } },
{ "type": "Feature", "properties": { "name": "راؤخانوالا", "name:en": "Raokhan wala", "railway": "station", "ele": null, "operator:type": null, "layer": null, "addr:full": null, "addr:city": null, "source": null, "name:ur": "راؤخانوالا", "osm_id": 13356172360, "osm_type": "nodes" }, "geometry": { "type": "Point", "coordinates": [ 74.3273093, 31.1891073 ] } },
{ "type": "Feature", "properties": { "name": "اتھل پور", "name:en": "Athilpur", "railway": "station", "ele": null, "operator:type": null, "layer": null, "addr:full": null, "addr:city": null, "source": null, "name:ur": "اتھل پور", "osm_id": 13356172402, "osm_type": "nodes" }, "geometry": { "type": "Point", "coordinates": [ 74.387212, 31.1613726 ] } },
{ "type": "Feature", "properties": { "name": null, "name:en": "Kasur Bypass", "railway": "station", "ele": null, "operator:type": null, "layer": null, "addr:full": null, "addr:city": null, "source": null, "name:ur": null, "osm_id": 13356172443, "osm_type": "nodes" }, "geometry": { "type": "Point", "coordinates": [ 74.438666, 31.1221354 ] } },
{ "type": "Feature", "properties": { "name": "کھاٹن", "name:en": "Khatan", "railway": "station", "ele": null, "operator:type": null, "layer": null, "addr:full": null, "addr:city": null, "source": null, "name:ur": "کھاٹن", "osm_id": 13355702622, "osm_type": "nodes" }, "geometry": { "type": "Point", "coordinates": [ 73.1746921, 29.6713429 ] } },
{ "type": "Feature", "properties": { "name": "ڈونگہ بونگہ", "name:en": "Dunga Bunga", "railway": "station", "ele": null, "operator:type": null, "layer": null, "addr:full": null, "addr:city": null, "source": null, "name:ur": "ڈونگہ بونگہ", "osm_id": 13355702633, "osm_type": "nodes" }, "geometry": { "type": "Point", "coordinates": [ 73.2269185, 29.7457191 ] } },
{ "type": "Feature", "properties": { "name": "حاجی چاند", "name:en": "Haji Chand", "railway": "station", "ele": null, "operator:type": null, "layer": null, "addr:full": null, "addr:city": null, "source": null, "name:ur": "حاجی چاند", "osm_id": 13356535358, "osm_type": "nodes" }, "geometry": { "type": "Point", "coordinates": [ 74.069371, 30.6986377 ] } },
{ "type": "Feature", "properties": { "name": "ڈھولن", "name:en": "Dholan", "railway": "station", "ele": null, "operator:type": null, "layer": null, "addr:full": null, "addr:city": null, "source": null, "name:ur": "ڈھولن", "osm_id": 13356528892, "osm_type": "nodes" }, "geometry": { "type": "Point", "coordinates": [ 74.2635851, 30.9500565 ] } },
{ "type": "Feature", "properties": { "name": "منڈی احمد آباد", "name:en": "Mandi Ahmed Abad", "railway": "station", "ele": null, "operator:type": null, "layer": null, "addr:full": null, "addr:city": null, "source": null, "name:ur": "منڈی احمد آباد", "osm_id": 13356535393, "osm_type": "nodes" }, "geometry": { "type": "Point", "coordinates": [ 74.0270672, 30.6549149 ] } },
{ "type": "Feature", "properties": { "name": "گل شیر", "name:en": "Gul Sher", "railway": "station", "ele": null, "operator:type": null, "layer": null, "addr:full": null, "addr:city": null, "source": null, "name:ur": "گل شیر", "osm_id": 13357234344, "osm_type": "nodes" }, "geometry": { "type": "Point", "coordinates": [ 73.9128013, 30.6032725 ] } },
{ "type": "Feature", "properties": { "name": null, "name:en": "Chah Nor Mohammad", "railway": "station", "ele": null, "operator:type": null, "layer": null, "addr:full": null, "addr:city": null, "source": null, "name:ur": null, "osm_id": 13357282470, "osm_type": "nodes" }, "geometry": { "type": "Point", "coordinates": [ 73.4865465, 30.382994 ] } },
{ "type": "Feature", "properties": { "name": "پاکپتن", "name:en": "Pakpattan", "railway": "station", "ele": null, "operator:type": null, "layer": null, "addr:full": null, "addr:city": null, "source": null, "name:ur": "پاکپتن", "osm_id": 13357282521, "osm_type": "nodes" }, "geometry": { "type": "Point", "coordinates": [ 73.3951195, 30.3550157 ] } },
{ "type": "Feature", "properties": { "name": "قلعہ دیوا سنگھ", "name:en": "Kila Dewa Singh", "railway": "station", "ele": null, "operator:type": null, "layer": null, "addr:full": null, "addr:city": null, "source": null, "name:ur": "قلعہ دیوا سنگھ", "osm_id": 13357282306, "osm_type": "nodes" }, "geometry": { "type": "Point", "coordinates": [ 73.7573416, 30.5120335 ] } },
{ "type": "Feature", "properties": { "name": "چک کمبو", "name:en": "Chak Kambo", "railway": "station", "ele": null, "operator:type": null, "layer": null, "addr:full": null, "addr:city": null, "source": null, "name:ur": "چک کمبو", "osm_id": 13357282423, "osm_type": "nodes" }, "geometry": { "type": "Point", "coordinates": [ 73.5957451, 30.4263181 ] } },
{ "type": "Feature", "properties": { "name": "مولوی والا", "name:en": "Maulviwala", "railway": "station", "ele": null, "operator:type": null, "layer": null, "addr:full": null, "addr:city": null, "source": null, "name:ur": "مولوی والا", "osm_id": 13357282454, "osm_type": "nodes" }, "geometry": { "type": "Point", "coordinates": [ 73.5390963, 30.4039321 ] } },
{ "type": "Feature", "properties": { "name": "پکا سدھار", "name:en": "Pakka Sidhar", "railway": "station", "ele": null, "operator:type": null, "layer": null, "addr:full": null, "addr:city": null, "source": null, "name:ur": "پکا سدھار", "osm_id": 13357282574, "osm_type": "nodes" }, "geometry": { "type": "Point", "coordinates": [ 73.2745686, 30.3189458 ] } },
{ "type": "Feature", "properties": { "name": "ظفر اقبال", "name:en": "Zafar Iqbal", "railway": "station", "ele": null, "operator:type": null, "layer": null, "addr:full": null, "addr:city": null, "source": null, "name:ur": "ظفر اقبال", "osm_id": 13357467545, "osm_type": "nodes" }, "geometry": { "type": "Point", "coordinates": [ 72.2801283, 30.008336 ] } },
{ "type": "Feature", "properties": { "name": null, "name:en": "Nur Shah", "railway": "station", "ele": null, "operator:type": null, "layer": null, "addr:full": null, "addr:city": null, "source": null, "name:ur": null, "osm_id": 13357467550, "osm_type": "nodes" }, "geometry": { "type": "Point", "coordinates": [ 72.24567, 29.9364843 ] } },
{ "type": "Feature", "properties": { "name": "میلسی", "name:en": "Mailsi", "railway": "station", "ele": null, "operator:type": null, "layer": null, "addr:full": null, "addr:city": null, "source": null, "name:ur": "میلسی", "osm_id": 13357467563, "osm_type": "nodes" }, "geometry": { "type": "Point", "coordinates": [ 72.1769109, 29.8073001 ] } },
{ "type": "Feature", "properties": { "name": "سردار جھنڈیر", "name:en": "Sardar Jhandir", "railway": "station", "ele": null, "operator:type": null, "layer": null, "addr:full": null, "addr:city": null, "source": null, "name:ur": "سردار جھنڈیر", "osm_id": 13357635343, "osm_type": "nodes" }, "geometry": { "type": "Point", "coordinates": [ 72.0491169, 29.7192633 ] } },
{ "type": "Feature", "properties": { "name": "جمرانی واہ", "name:en": "Jamraniwah", "railway": "station", "ele": null, "operator:type": null, "layer": null, "addr:full": null, "addr:city": null, "source": null, "name:ur": "جمرانی واہ", "osm_id": 13357659939, "osm_type": "nodes" }, "geometry": { "type": "Point", "coordinates": [ 71.7453182, 29.5811799 ] } },
{ "type": "Feature", "properties": { "name": "شہیدانوالا", "name:en": "Shahidanwala", "railway": "station", "ele": null, "operator:type": null, "layer": null, "addr:full": null, "addr:city": null, "source": null, "name:ur": "شہیدانوالا", "osm_id": 13357960633, "osm_type": "nodes" }, "geometry": { "type": "Point", "coordinates": [ 71.6434034, 29.6124422 ] } },
{ "type": "Feature", "properties": { "name": "سراج والا", "name:en": "Sirajwala", "railway": "station", "ele": null, "operator:type": null, "layer": null, "addr:full": null, "addr:city": null, "source": null, "name:ur": "سراج والا", "osm_id": 13357960681, "osm_type": "nodes" }, "geometry": { "type": "Point", "coordinates": [ 71.6870398, 29.7222207 ] } },
{ "type": "Feature", "properties": { "name": "قُطب پُور", "name:en": "Kutabpur", "railway": "station", "ele": null, "operator:type": null, "layer": null, "addr:full": null, "addr:city": null, "source": null, "name:ur": "قُطب پُور", "osm_id": 13357960721, "osm_type": "nodes" }, "geometry": { "type": "Point", "coordinates": [ 71.7588417, 29.9020558 ] } },
{ "type": "Feature", "properties": { "name": "سکھ بیس", "name:en": "Sukh Beas", "railway": "station", "ele": null, "operator:type": null, "layer": null, "addr:full": null, "addr:city": null, "source": null, "name:ur": "سکھ بیس", "osm_id": 13357960750, "osm_type": "nodes" }, "geometry": { "type": "Point", "coordinates": [ 71.7924125, 29.9892653 ] } },
{ "type": "Feature", "properties": { "name": "جہانیاں", "name:en": "Jahanian", "railway": "station", "ele": null, "operator:type": null, "layer": null, "addr:full": null, "addr:city": "Jahanian", "source": null, "name:ur": "جہانیاں", "osm_id": 13357960762, "osm_type": "nodes" }, "geometry": { "type": "Point", "coordinates": [ 71.8128122, 30.0423325 ] } },
{ "type": "Feature", "properties": { "name": "پرویز والا", "name:en": "Parvezwala", "railway": "station", "ele": null, "operator:type": null, "layer": null, "addr:full": null, "addr:city": null, "source": null, "name:ur": "پرویز والا", "osm_id": 13357960792, "osm_type": "nodes" }, "geometry": { "type": "Point", "coordinates": [ 71.8467005, 30.1264242 ] } },
{ "type": "Feature", "properties": { "name": "مراد چشتی", "name:en": "Murad Chishti", "railway": "station", "ele": null, "operator:type": null, "layer": null, "addr:full": null, "addr:city": null, "source": null, "name:ur": "مراد چشتی", "osm_id": 13357282587, "osm_type": "nodes" }, "geometry": { "type": "Point", "coordinates": [ 73.2044402, 30.310875 ] } },
{ "type": "Feature", "properties": { "name": "محمد نگر", "name:en": "Muhammad Nagar", "railway": "station", "ele": null, "operator:type": null, "layer": null, "addr:full": null, "addr:city": null, "source": null, "name:ur": "محمد نگر", "osm_id": 13357448330, "osm_type": "nodes" }, "geometry": { "type": "Point", "coordinates": [ 72.9822242, 30.2667211 ] } },
{ "type": "Feature", "properties": { "name": "گگو", "name:en": "Gagoo", "railway": "station", "ele": null, "operator:type": null, "layer": null, "addr:full": null, "addr:city": null, "source": null, "name:ur": "گگو", "osm_id": 13357448347, "osm_type": "nodes" }, "geometry": { "type": "Point", "coordinates": [ 72.8276314, 30.2172424 ] } },
{ "type": "Feature", "properties": { "name": "ظاہرنگر", "name:en": "Zahirnagar", "railway": "station", "ele": null, "operator:type": null, "layer": null, "addr:full": null, "addr:city": null, "source": null, "name:ur": "ظاہرنگر", "osm_id": 13357467461, "osm_type": "nodes" }, "geometry": { "type": "Point", "coordinates": [ 72.5998839, 30.1303483 ] } },
{ "type": "Feature", "properties": { "name": "ماچھیانوالہ", "name:en": "Machhianwala", "railway": "station", "ele": null, "operator:type": null, "layer": null, "addr:full": null, "addr:city": null, "source": null, "name:ur": "ماچھیانوالہ", "osm_id": 13357467486, "osm_type": "nodes" }, "geometry": { "type": "Point", "coordinates": [ 72.5203394, 30.1032692 ] } },
{ "type": "Feature", "properties": { "name": null, "name:en": "Kussam Sar", "railway": "station", "ele": null, "operator:type": null, "layer": null, "addr:full": null, "addr:city": null, "source": null, "name:ur": null, "osm_id": 13357467514, "osm_type": "nodes" }, "geometry": { "type": "Point", "coordinates": [ 72.4360207, 30.0744206 ] } },
{ "type": "Feature", "properties": { "name": "وہاڑی", "name:en": "Vehari", "railway": "station", "ele": null, "operator:type": null, "layer": null, "addr:full": null, "addr:city": null, "source": null, "name:ur": "وہاڑی", "osm_id": 13357467522, "osm_type": "nodes" }, "geometry": { "type": "Point", "coordinates": [ 72.3500952, 30.044927 ] } },
{ "type": "Feature", "properties": { "name": "فارم نور محمد", "name:en": "Farm Noor Muhammad", "railway": "station", "ele": null, "operator:type": null, "layer": null, "addr:full": null, "addr:city": null, "source": null, "name:ur": "فارم نور محمد", "osm_id": 13357467568, "osm_type": "nodes" }, "geometry": { "type": "Point", "coordinates": [ 72.2214128, 29.8853176 ] } },
{ "type": "Feature", "properties": { "name": "رکن پور", "name:en": "Rukanpur", "railway": "station", "ele": null, "operator:type": null, "layer": null, "addr:full": null, "addr:city": null, "source": null, "name:ur": "رکن پور", "osm_id": 13357960649, "osm_type": "nodes" }, "geometry": { "type": "Point", "coordinates": [ 71.6698257, 29.6786572 ] } },
{ "type": "Feature", "properties": { "name": "دُنیا پُور", "name:en": "Dunyapur", "railway": "station", "ele": null, "operator:type": null, "layer": null, "addr:full": null, "addr:city": null, "source": null, "name:ur": "دُنیا پُور", "osm_id": 13357960695, "osm_type": "nodes" }, "geometry": { "type": "Point", "coordinates": [ 71.7210552, 29.8068303 ] } },
{ "type": "Feature", "properties": { "name": "جنگل مڑیالہ", "name:en": "Jangal Mariala", "railway": "station", "ele": null, "operator:type": null, "layer": null, "addr:full": null, "addr:city": null, "source": null, "name:ur": "جنگل مڑیالہ", "osm_id": 13357960799, "osm_type": "nodes" }, "geometry": { "type": "Point", "coordinates": [ 71.868178, 30.1831536 ] } },
{ "type": "Feature", "properties": { "name": "مٹھری", "name:en": "Mithri", "railway": "station", "ele": null, "operator:type": null, "layer": null, "addr:full": null, "addr:city": null, "source": "NGA-GNS", "name:ur": "مٹھری", "osm_id": 13359409671, "osm_type": "nodes" }, "geometry": { "type": "Point", "coordinates": [ 67.8569466, 29.3876392 ] } },
{ "type": "Feature", "properties": { "name": "شوری", "name:en": "Shori", "railway": "station", "ele": null, "operator:type": null, "layer": null, "addr:full": null, "addr:city": null, "source": null, "name:ur": "شوری", "osm_id": 13359409552, "osm_type": "nodes" }, "geometry": { "type": "Point", "coordinates": [ 68.1421002, 28.6499847 ] } },
{ "type": "Feature", "properties": { "name": "وزیرانی", "name:en": "Wazirani", "railway": "station", "ele": null, "operator:type": null, "layer": null, "addr:full": null, "addr:city": null, "source": null, "name:ur": "وزیرانی", "osm_id": 13359409557, "osm_type": "nodes" }, "geometry": { "type": "Point", "coordinates": [ 68.0646167, 28.8082842 ] } },
{ "type": "Feature", "properties": { "name": "موگھاری", "name:en": "Moghari", "railway": "station", "ele": null, "operator:type": null, "layer": null, "addr:full": null, "addr:city": null, "source": null, "name:ur": "موگھاری", "osm_id": 13359409578, "osm_type": "nodes" }, "geometry": { "type": "Point", "coordinates": [ 68.0506721, 28.8729933 ] } },
{ "type": "Feature", "properties": { "name": "خوست", "name:en": "Khost", "railway": "station", "ele": null, "operator:type": null, "layer": null, "addr:full": null, "addr:city": null, "source": null, "name:ur": "خوست", "osm_id": 13361307157, "osm_type": "nodes" }, "geometry": { "type": "Point", "coordinates": [ 67.5783658, 30.2236473 ] } },
{ "type": "Feature", "properties": { "name": "ناکوس", "name:en": "Nakus", "railway": "station", "ele": null, "operator:type": null, "layer": null, "addr:full": null, "addr:city": null, "source": null, "name:ur": "ناکوس", "osm_id": 13361157964, "osm_type": "nodes" }, "geometry": { "type": "Point", "coordinates": [ 67.8362268, 30.1416464 ] } },
{ "type": "Feature", "properties": { "name": "زردالو", "name:en": "Zardalu", "railway": "station", "ele": null, "operator:type": null, "layer": null, "addr:full": null, "addr:city": null, "source": null, "name:ur": "زردالو", "osm_id": 13361320584, "osm_type": "nodes" }, "geometry": { "type": "Point", "coordinates": [ 67.5290881, 30.2761939 ] } },
{ "type": "Feature", "properties": { "name": "مچھ", "name:en": "Mach", "railway": "station", "ele": null, "operator:type": null, "layer": null, "addr:full": null, "addr:city": "Mach", "source": null, "name:ur": "مچھ", "osm_id": 13361883736, "osm_type": "nodes" }, "geometry": { "type": "Point", "coordinates": [ 67.3251689, 29.863938 ] } },
{ "type": "Feature", "properties": { "name": "زانگی آباد", "name:en": "Zangiabad", "railway": "station", "ele": null, "operator:type": null, "layer": null, "addr:full": null, "addr:city": null, "source": "NGA-GNS", "name:ur": "زانگی آباد", "osm_id": 13363900298, "osm_type": "nodes" }, "geometry": { "type": "Point", "coordinates": [ 65.9947764, 29.4250854 ] } },
{ "type": "Feature", "properties": { "name": "کرداگاپ", "name:en": "Kirdagap", "railway": "station", "ele": null, "operator:type": null, "layer": null, "addr:full": null, "addr:city": null, "source": null, "name:ur": "کرداگاپ", "osm_id": 13363563778, "osm_type": "nodes" }, "geometry": { "type": "Point", "coordinates": [ 66.4367925, 29.7656198 ] } },
{ "type": "Feature", "properties": { "name": "ناری بنک", "name:en": "Nari Bank", "railway": "station", "ele": null, "operator:type": null, "layer": null, "addr:full": null, "addr:city": null, "source": null, "name:ur": "ناری بنک", "osm_id": 13361611035, "osm_type": "nodes" }, "geometry": { "type": "Point", "coordinates": [ 67.7973603, 29.523295 ] } },
{ "type": "Feature", "properties": { "name": "چیدارزئی", "name:en": "Chidarzai", "railway": "station", "ele": null, "operator:type": null, "layer": null, "addr:full": null, "addr:city": null, "source": null, "name:ur": "چیدارزئی", "osm_id": 13361876098, "osm_type": "nodes" }, "geometry": { "type": "Point", "coordinates": [ 67.4511836, 29.7920947 ] } },
{ "type": "Feature", "properties": { "name": "دوزن", "name:en": "Dozan", "railway": "station", "ele": null, "operator:type": null, "layer": null, "addr:full": null, "addr:city": null, "source": null, "name:ur": "دوزن", "osm_id": 13362247803, "osm_type": "nodes" }, "geometry": { "type": "Point", "coordinates": [ 67.1878858, 29.9398349 ] } },
{ "type": "Feature", "properties": { "name": null, "name:en": "Sanzala", "railway": "station", "ele": null, "operator:type": null, "layer": null, "addr:full": null, "addr:city": null, "source": null, "name:ur": null, "osm_id": 13362248037, "osm_type": "nodes" }, "geometry": { "type": "Point", "coordinates": [ 66.5191916, 30.8256148 ] } },
{ "type": "Feature", "properties": { "name": "احمد وال", "name:en": "Ahmedwal", "railway": "station", "ele": null, "operator:type": null, "layer": null, "addr:full": null, "addr:city": null, "source": null, "name:ur": "احمد وال", "osm_id": 13363900231, "osm_type": "nodes" }, "geometry": { "type": "Point", "coordinates": [ 65.9427395, 29.3953867 ] } },
{ "type": "Feature", "properties": { "name": "کانک", "name:en": "Kanak", "railway": "station", "ele": null, "operator:type": null, "layer": null, "addr:full": null, "addr:city": null, "source": "NGA-GNS", "name:ur": "کانک", "osm_id": 13363560287, "osm_type": "nodes" }, "geometry": { "type": "Point", "coordinates": [ 66.7402852, 29.898236 ] } },
{ "type": "Feature", "properties": { "name": "برگ خرد", "name:en": "Barag Khurd", "railway": "station", "ele": null, "operator:type": null, "layer": null, "addr:full": null, "addr:city": null, "source": null, "name:ur": "برگ خرد", "osm_id": 13363563914, "osm_type": "nodes" }, "geometry": { "type": "Point", "coordinates": [ 66.4833003, 29.8117425 ] } },
{ "type": "Feature", "properties": { "name": "پائیں مال", "name:en": "Pain Mall", "railway": "station", "ele": null, "operator:type": null, "layer": null, "addr:full": null, "addr:city": null, "source": null, "name:ur": "پائیں مال", "osm_id": 13364139785, "osm_type": "nodes" }, "geometry": { "type": "Point", "coordinates": [ 65.6027973, 29.1932243 ] } },
{ "type": "Feature", "properties": { "name": null, "name:en": "Landi Number Fifteen", "railway": "station", "ele": null, "operator:type": null, "layer": null, "addr:full": null, "addr:city": null, "source": "NGA-GNS", "name:ur": null, "osm_id": 13363811239, "osm_type": "nodes" }, "geometry": { "type": "Point", "coordinates": [ 66.3183562, 29.6179248 ] } },
{ "type": "Feature", "properties": { "name": "گلنگر", "name:en": "Galangur", "railway": "station", "ele": null, "operator:type": null, "layer": null, "addr:full": null, "addr:city": null, "source": null, "name:ur": "گلنگر", "osm_id": 13363811282, "osm_type": "nodes" }, "geometry": { "type": "Point", "coordinates": [ 66.2737412, 29.5939785 ] } },
{ "type": "Feature", "properties": { "name": "ابلک", "name:en": "Ablak", "railway": "station", "ele": null, "operator:type": null, "layer": null, "addr:full": null, "addr:city": null, "source": "NGA-GNS", "name:ur": "ابلک", "osm_id": 13363811450, "osm_type": "nodes" }, "geometry": { "type": "Point", "coordinates": [ 66.0716894, 29.5831723 ] } },
{ "type": "Feature", "properties": { "name": "نوک چاہ", "name:en": "Nok Chah", "railway": "station", "ele": null, "operator:type": null, "layer": null, "addr:full": null, "addr:city": null, "source": "NGA-GNS", "name:ur": "نوک چاہ", "osm_id": 13364139786, "osm_type": "nodes" }, "geometry": { "type": "Point", "coordinates": [ 64.8169563, 28.9597155 ] } },
{ "type": "Feature", "properties": { "name": "تلو", "name:en": "Taloo", "railway": "station", "ele": null, "operator:type": null, "layer": null, "addr:full": null, "addr:city": null, "source": null, "name:ur": "تلو", "osm_id": 13364187726, "osm_type": "nodes" }, "geometry": { "type": "Point", "coordinates": [ 64.2202547, 28.8378909 ] } },
{ "type": "Feature", "properties": { "name": "اسماعیلی", "name:en": "Ismaili", "railway": "station", "ele": null, "operator:type": null, "layer": null, "addr:full": null, "addr:city": null, "source": null, "name:ur": "اسماعیلی", "osm_id": 13364187727, "osm_type": "nodes" }, "geometry": { "type": "Point", "coordinates": [ 63.9998534, 28.7782089 ] } },
{ "type": "Feature", "properties": { "name": "نولی", "name:en": "Noli", "railway": "station", "ele": null, "operator:type": null, "layer": null, "addr:full": null, "addr:city": null, "source": null, "name:ur": "نولی", "osm_id": 13364187768, "osm_type": "nodes" }, "geometry": { "type": "Point", "coordinates": [ 63.6377258, 28.7489709 ] } },
{ "type": "Feature", "properties": { "name": "گاٹ", "name:en": "Gat", "railway": "station", "ele": null, "operator:type": null, "layer": null, "addr:full": null, "addr:city": null, "source": null, "name:ur": "گاٹ", "osm_id": 13364187769, "osm_type": "nodes" }, "geometry": { "type": "Point", "coordinates": [ 63.3175564, 28.7139399 ] } },
{ "type": "Feature", "properties": { "name": "آزاد", "name:en": "Azad", "railway": "station", "ele": null, "operator:type": null, "layer": null, "addr:full": null, "addr:city": null, "source": "NGA-GNS", "name:ur": "آزاد", "osm_id": 13364187770, "osm_type": "nodes" }, "geometry": { "type": "Point", "coordinates": [ 63.1372163, 28.7500653 ] } },
{ "type": "Feature", "properties": { "name": "عالم ریگ", "name:en": "Alam Reg", "railway": "station", "ele": null, "operator:type": null, "layer": null, "addr:full": null, "addr:city": null, "source": null, "name:ur": "عالم ریگ", "osm_id": 13364300804, "osm_type": "nodes" }, "geometry": { "type": "Point", "coordinates": [ 62.467758, 28.8318301 ] } },
{ "type": "Feature", "properties": { "name": "توزگھئی", "name:en": "Tozghi", "railway": "station", "ele": null, "operator:type": null, "layer": null, "addr:full": null, "addr:city": null, "source": null, "name:ur": "توزگھئی", "osm_id": 13364300811, "osm_type": "nodes" }, "geometry": { "type": "Point", "coordinates": [ 62.27861, 28.8018412 ] } },
{ "type": "Feature", "properties": { "name": "ریگ ملک", "name:en": "Reg-I-Malik", "railway": "station", "ele": null, "operator:type": null, "layer": null, "addr:full": null, "addr:city": null, "source": null, "name:ur": "ریگ ملک", "osm_id": 13364300826, "osm_type": "nodes" }, "geometry": { "type": "Point", "coordinates": [ 61.731092, 28.9491395 ] } },
{ "type": "Feature", "properties": { "name": null, "name:en": "Landi Number Thirteen", "railway": "station", "ele": null, "operator:type": null, "layer": null, "addr:full": null, "addr:city": null, "source": "NGA-GNS", "name:ur": null, "osm_id": 13363800350, "osm_type": "nodes" }, "geometry": { "type": "Point", "coordinates": [ 66.3964153, 29.719573 ] } },
{ "type": "Feature", "properties": { "name": null, "name:en": "Landi Number Fourteen", "railway": "station", "ele": null, "operator:type": null, "layer": null, "addr:full": null, "addr:city": null, "source": "NGA-GNS", "name:ur": null, "osm_id": 13363800396, "osm_type": "nodes" }, "geometry": { "type": "Point", "coordinates": [ 66.362831, 29.6628474 ] } },
{ "type": "Feature", "properties": { "name": null, "name:en": "Landi", "railway": "station", "ele": null, "operator:type": null, "layer": null, "addr:full": null, "addr:city": null, "source": "NGA-GNS", "name:ur": null, "osm_id": 13363811426, "osm_type": "nodes" }, "geometry": { "type": "Point", "coordinates": [ 66.0919745, 29.5935641 ] } },
{ "type": "Feature", "properties": { "name": null, "name:en": "Yadgar", "railway": "station", "ele": null, "operator:type": null, "layer": null, "addr:full": null, "addr:city": null, "source": null, "name:ur": null, "osm_id": 13364139799, "osm_type": "nodes" }, "geometry": { "type": "Point", "coordinates": [ 64.9963747, 29.0316723 ] } },
{ "type": "Feature", "properties": { "name": "عیسیٰ طاہر", "name:en": "Isa Tahir", "railway": "station", "ele": null, "operator:type": null, "layer": null, "addr:full": null, "addr:city": null, "source": "NGA-GNS", "name:ur": "عیسیٰ طاہر", "osm_id": 13364294079, "osm_type": "nodes" }, "geometry": { "type": "Point", "coordinates": [ 62.9736797, 28.7672582 ] } },
{ "type": "Feature", "properties": { "name": "باؤنڈری پلر", "name:en": "Boundary Pillar", "railway": "station", "ele": null, "operator:type": null, "layer": null, "addr:full": null, "addr:city": null, "source": null, "name:ur": "باؤنڈری پلر", "osm_id": 13366727509, "osm_type": "nodes" }, "geometry": { "type": "Point", "coordinates": [ 61.5520459, 28.9744807 ] } },
{ "type": "Feature", "properties": { "name": null, "name:en": null, "railway": "station", "ele": null, "operator:type": null, "layer": null, "addr:full": null, "addr:city": null, "source": null, "name:ur": null, "osm_id": 13366727507, "osm_type": "nodes" }, "geometry": { "type": "Point", "coordinates": [ 62.6604236, 28.8287666 ] } },
{ "type": "Feature", "properties": { "name": "ٹنڈو الہ یار", "name:en": "Tando Allahyar", "railway": "station", "ele": null, "operator:type": null, "layer": null, "addr:full": null, "addr:city": "ٹنڈو الہ یار", "source": null, "name:ur": "ٹنڈو الہ یار", "osm_id": 4883101847, "osm_type": "nodes" }, "geometry": { "type": "Point", "coordinates": [ 68.7255933, 25.4696214 ] } },
{ "type": "Feature", "properties": { "name": "نصرت", "name:en": "Nusrat", "railway": "station", "ele": null, "operator:type": null, "layer": null, "addr:full": null, "addr:city": null, "source": "NGA-GNS", "name:ur": "نصرت", "osm_id": 13367312862, "osm_type": "nodes" }, "geometry": { "type": "Point", "coordinates": [ 68.4175667, 27.7089771 ] } },
{ "type": "Feature", "properties": { "name": null, "name:en": "Haider Bakhsh Jatoi", "railway": "station", "ele": null, "operator:type": null, "layer": null, "addr:full": null, "addr:city": null, "source": "NGA-GNS", "name:ur": null, "osm_id": 13367780579, "osm_type": "nodes" }, "geometry": { "type": "Point", "coordinates": [ 68.1196456, 27.4361885 ] } },
{ "type": "Feature", "properties": { "name": null, "name:en": "Shalmani", "railway": "station", "ele": null, "operator:type": null, "layer": null, "addr:full": null, "addr:city": null, "source": "NGA-GNS", "name:ur": null, "osm_id": 13367800407, "osm_type": "nodes" }, "geometry": { "type": "Point", "coordinates": [ 68.0854806, 26.0884852 ] } },
{ "type": "Feature", "properties": { "name": "کھومان", "name:en": "Khuman", "railway": "station", "ele": null, "operator:type": null, "layer": null, "addr:full": null, "addr:city": null, "source": "NGA-GNS", "name:ur": "کھومان", "osm_id": 13367800408, "osm_type": "nodes" }, "geometry": { "type": "Point", "coordinates": [ 68.1876962, 25.9567304 ] } },
{ "type": "Feature", "properties": { "name": "خاڻوٺ", "name:en": "Khanot", "railway": "station", "ele": null, "operator:type": null, "layer": null, "addr:full": null, "addr:city": null, "source": "NGA-GNS", "name:ur": "خاڻوٺ", "osm_id": 13367800409, "osm_type": "nodes" }, "geometry": { "type": "Point", "coordinates": [ 68.2942256, 25.7489433 ] } },
{ "type": "Feature", "properties": { "name": "گڈو", "name:en": "Gidu", "railway": "station", "ele": null, "operator:type": null, "layer": null, "addr:full": null, "addr:city": null, "source": "NGA-GNS", "name:ur": "گڈو", "osm_id": 13367887494, "osm_type": "nodes" }, "geometry": { "type": "Point", "coordinates": [ 68.3176665, 25.379015 ] } },
{ "type": "Feature", "properties": { "name": "گهارو", "name:en": "Gharo", "railway": "station", "ele": null, "operator:type": null, "layer": null, "addr:full": null, "addr:city": null, "source": "NGA-GNS", "name:ur": "گهارو", "osm_id": 13368860471, "osm_type": "nodes" }, "geometry": { "type": "Point", "coordinates": [ 67.5553787, 24.7908981 ] } },
{ "type": "Feature", "properties": { "name": "لطیف چھانگ", "name:en": "Latif Chang", "railway": "station", "ele": null, "operator:type": null, "layer": null, "addr:full": null, "addr:city": null, "source": null, "name:ur": "لطیف چھانگ", "osm_id": 13368681813, "osm_type": "nodes" }, "geometry": { "type": "Point", "coordinates": [ 68.0834779, 25.0843604 ] } },
{ "type": "Feature", "properties": { "name": "اترام", "name:en": "Utram", "railway": "station", "ele": null, "operator:type": null, "layer": null, "addr:full": null, "addr:city": null, "source": null, "name:ur": "اترام", "osm_id": 13368681831, "osm_type": "nodes" }, "geometry": { "type": "Point", "coordinates": [ 67.9674919, 24.9773358 ] } },
{ "type": "Feature", "properties": { "name": "بادل نالا", "name:en": "Badal Nala", "railway": "station", "ele": null, "operator:type": null, "layer": null, "addr:full": null, "addr:city": null, "source": null, "name:ur": "بادل نالا", "osm_id": 13368860507, "osm_type": "nodes" }, "geometry": { "type": "Point", "coordinates": [ 67.3671636, 24.8448251 ] } },
{ "type": "Feature", "properties": { "name": "پسرور", "name:en": "Pasrur", "railway": "station", "ele": null, "operator:type": null, "layer": null, "addr:full": null, "addr:city": "پسرور", "source": null, "name:ur": "پسرور", "osm_id": 1778013876, "osm_type": "nodes" }, "geometry": { "type": "Point", "coordinates": [ 74.6687435, 32.2734893 ] } },
{ "type": "Feature", "properties": { "name": "پتھورو", "name:en": "Pithoro", "railway": "station", "ele": null, "operator:type": null, "layer": null, "addr:full": null, "addr:city": null, "source": null, "name:ur": "پتھورو", "osm_id": 871794706, "osm_type": "nodes" }, "geometry": { "type": "Point", "coordinates": [ 69.3751332, 25.5116219 ] } },
{ "type": "Feature", "properties": { "name": "Saroba Railway Station", "name:en": null, "railway": "station", "ele": null, "operator:type": null, "layer": null, "addr:full": null, "addr:city": "Saroba", "source": null, "name:ur": null, "osm_id": 12421892491, "osm_type": "nodes" }, "geometry": { "type": "Point", "coordinates": [ 72.865565, 32.5775275 ] } },
{ "type": "Feature", "properties": { "name": "جڑانوالہ", "name:en": "Jaranwala", "railway": "station", "ele": null, "operator:type": null, "layer": null, "addr:full": null, "addr:city": null, "source": null, "name:ur": null, "osm_id": 253515843, "osm_type": "nodes" }, "geometry": { "type": "Point", "coordinates": [ 73.4248698, 31.3354115 ] } },
{ "type": "Feature", "properties": { "name": "Husainiwala", "name:en": null, "railway": "station", "ele": null, "operator:type": null, "layer": null, "addr:full": null, "addr:city": null, "source": "bing", "name:ur": "حسینی والا", "osm_id": 4886453213, "osm_type": "nodes" }, "geometry": { "type": "Point", "coordinates": [ 74.5544752, 30.9878919 ] } },
{ "type": "Feature", "properties": { "name": "نارنگ منڈی", "name:en": "Narang Mandi", "railway": "station", "ele": null, "operator:type": null, "layer": null, "addr:full": null, "addr:city": null, "source": null, "name:ur": null, "osm_id": 2408171493, "osm_type": "nodes" }, "geometry": { "type": "Point", "coordinates": [ 74.5169183, 31.9038663 ] } },
{ "type": "Feature", "properties": { "name": "جیا بگا", "name:en": "Jia Bagga", "railway": "station", "ele": null, "operator:type": null, "layer": null, "addr:full": null, "addr:city": null, "source": null, "name:ur": null, "osm_id": 2433398693, "osm_type": "nodes" }, "geometry": { "type": "Point", "coordinates": [ 74.2667851, 31.3304027 ] } },
{ "type": "Feature", "properties": { "name": "اختر آباد", "name:en": "Akhtar Abad", "railway": "station", "ele": null, "operator:type": null, "layer": null, "addr:full": null, "addr:city": null, "source": null, "name:ur": null, "osm_id": 2433508564, "osm_type": "nodes" }, "geometry": { "type": "Point", "coordinates": [ 73.6813108, 30.9212827 ] } },
{ "type": "Feature", "properties": { "name": "بھوئے آصل", "name:en": "Bhoe Asal", "railway": "station", "ele": null, "operator:type": null, "layer": null, "addr:full": null, "addr:city": null, "source": null, "name:ur": null, "osm_id": 2433482217, "osm_type": "nodes" }, "geometry": { "type": "Point", "coordinates": [ 74.0357182, 31.1302339 ] } },
{ "type": "Feature", "properties": { "name": "چھانگا مانگا", "name:en": "Changa Manga", "railway": "station", "ele": null, "operator:type": null, "layer": null, "addr:full": null, "addr:city": null, "source": null, "name:ur": null, "osm_id": 2433482220, "osm_type": "nodes" }, "geometry": { "type": "Point", "coordinates": [ 73.9643415, 31.084781 ] } },
{ "type": "Feature", "properties": { "name": "Golpur railway statio گول پور ریلوے اسٹیشن", "name:en": null, "railway": "station", "ele": null, "operator:type": null, "layer": null, "addr:full": null, "addr:city": null, "source": null, "name:ur": null, "osm_id": 5045392851, "osm_type": "nodes" }, "geometry": { "type": "Point", "coordinates": [ 72.9351453, 32.5836499 ] } },
{ "type": "Feature", "properties": { "name": "بسال شریف ریلوے اسٹیشن", "name:en": "Basal Sharif Railway Station", "railway": "station", "ele": null, "operator:type": null, "layer": null, "addr:full": null, "addr:city": null, "source": null, "name:ur": "بسال شریف ریلوے اسٹیشن", "osm_id": 11622061375, "osm_type": "nodes" }, "geometry": { "type": "Point", "coordinates": [ 72.2577423, 33.5491487 ] } },
{ "type": "Feature", "properties": { "name": "کھیوڑہ", "name:en": "Khewra", "railway": "station", "ele": null, "operator:type": null, "layer": null, "addr:full": null, "addr:city": null, "source": null, "name:ur": null, "osm_id": 7231988723, "osm_type": "nodes" }, "geometry": { "type": "Point", "coordinates": [ 73.0095107, 32.6408095 ] } },
{ "type": "Feature", "properties": { "name": "ڈنگہ", "name:en": null, "railway": "station", "ele": null, "operator:type": null, "layer": null, "addr:full": null, "addr:city": "ڈنگہ", "source": null, "name:ur": "ڈنگہ", "osm_id": 2445623565, "osm_type": "nodes" }, "geometry": { "type": "Point", "coordinates": [ 73.7174586, 32.6303004 ] } },
{ "type": "Feature", "properties": { "name": "Chak Nizam", "name:en": null, "railway": "station", "ele": null, "operator:type": null, "layer": null, "addr:full": null, "addr:city": null, "source": null, "name:ur": null, "osm_id": 2447813886, "osm_type": "nodes" }, "geometry": { "type": "Point", "coordinates": [ 73.1625719, 32.5724061 ] } },
{ "type": "Feature", "properties": { "name": "پنڈ دادن خان", "name:en": "Pind Dadan Khan", "railway": "station", "ele": null, "operator:type": null, "layer": null, "addr:full": null, "addr:city": null, "source": null, "name:ur": "پنڈ دادن خان", "osm_id": 3670752033, "osm_type": "nodes" }, "geometry": { "type": "Point", "coordinates": [ 73.0459834, 32.5939485 ] } },
{ "type": "Feature", "properties": { "name": "Mona", "name:en": null, "railway": "station", "ele": null, "operator:type": null, "layer": null, "addr:full": null, "addr:city": null, "source": null, "name:ur": null, "osm_id": 2447748773, "osm_type": "nodes" }, "geometry": { "type": "Point", "coordinates": [ 73.064653, 32.4213954 ] } },
{ "type": "Feature", "properties": { "name": "پنڈ مکو", "name:en": "Pind Makko", "railway": "station", "ele": null, "operator:type": null, "layer": null, "addr:full": null, "addr:city": null, "source": null, "name:ur": "پنڈ مکو", "osm_id": 2447748776, "osm_type": "nodes" }, "geometry": { "type": "Point", "coordinates": [ 73.0912166, 32.4514253 ] } },
{ "type": "Feature", "properties": { "name": "Pakhowal", "name:en": null, "railway": "station", "ele": null, "operator:type": null, "layer": null, "addr:full": null, "addr:city": null, "source": null, "name:ur": null, "osm_id": 2447748779, "osm_type": "nodes" }, "geometry": { "type": "Point", "coordinates": [ 73.11612, 32.4795376 ] } },
{ "type": "Feature", "properties": { "name": "Wilson pur", "name:en": null, "railway": "station", "ele": null, "operator:type": null, "layer": null, "addr:full": null, "addr:city": null, "source": "Bing", "name:ur": null, "osm_id": 1975133268, "osm_type": "nodes" }, "geometry": { "type": "Point", "coordinates": [ 72.9479725, 32.3010115 ] } },
{ "type": "Feature", "properties": { "name": "پھلروان", "name:en": "Phularwan", "railway": "station", "ele": null, "operator:type": null, "layer": null, "addr:full": null, "addr:city": null, "source": null, "name:ur": "پُھلروان", "osm_id": 2447748763, "osm_type": "nodes" }, "geometry": { "type": "Point", "coordinates": [ 73.010415, 32.3598839 ] } },
{ "type": "Feature", "properties": { "name": "Ratokala", "name:en": null, "railway": "station", "ele": null, "operator:type": null, "layer": null, "addr:full": null, "addr:city": null, "source": null, "name:ur": null, "osm_id": 2447748766, "osm_type": "nodes" }, "geometry": { "type": "Point", "coordinates": [ 73.0431883, 32.3970398 ] } },
{ "type": "Feature", "properties": { "name": "بھلوال", "name:en": "Bhalwal", "railway": "station", "ele": null, "operator:type": null, "layer": null, "addr:full": null, "addr:city": null, "source": "Bing", "name:ur": "بھلوال", "osm_id": 1975133224, "osm_type": "nodes" }, "geometry": { "type": "Point", "coordinates": [ 72.90625, 32.2647903 ] } },
{ "type": "Feature", "properties": { "name": "Qudratabad", "name:en": null, "railway": "station", "ele": null, "operator:type": null, "layer": null, "addr:full": null, "addr:city": null, "source": null, "name:ur": null, "osm_id": 2447846964, "osm_type": "nodes" }, "geometry": { "type": "Point", "coordinates": [ 72.8765977, 32.2402275 ] } },
{ "type": "Feature", "properties": { "name": "Ajnalah", "name:en": null, "railway": "station", "ele": null, "operator:type": null, "layer": null, "addr:full": null, "addr:city": null, "source": null, "name:ur": null, "osm_id": 2447846977, "osm_type": "nodes" }, "geometry": { "type": "Point", "coordinates": [ 72.8263791, 32.2023106 ] } },
{ "type": "Feature", "properties": { "name": null, "name:en": null, "railway": "station", "ele": null, "operator:type": null, "layer": null, "addr:full": null, "addr:city": null, "source": null, "name:ur": null, "osm_id": 867186537, "osm_type": "nodes" }, "geometry": { "type": "Point", "coordinates": [ 68.3641819, 28.20584 ] } },
{ "type": "Feature", "properties": { "name": "ماڑی انڈس ریلوے اسٹیشن", "name:en": "Mari Indus Railway Station", "railway": "station", "ele": null, "operator:type": null, "layer": null, "addr:full": null, "addr:city": "Mari Indus", "source": null, "name:ur": "ماڑی انڈس ریلوے اسٹیشن", "osm_id": 3457691820, "osm_type": "nodes" }, "geometry": { "type": "Point", "coordinates": [ 71.5618403, 32.9552239 ] } },
{ "type": "Feature", "properties": { "name": "واں بھچراں ریلوے اسٹیشن", "name:en": "Wan Bhachran Railway Station", "railway": "station", "ele": null, "operator:type": null, "layer": null, "addr:full": null, "addr:city": null, "source": null, "name:ur": "واں بھچراں ریلوے اسٹیشن", "osm_id": 4298566032, "osm_type": "nodes" }, "geometry": { "type": "Point", "coordinates": [ 71.6943981, 32.4199548 ] } },
{ "type": "Feature", "properties": { "name": "قائدآباد ریلوے اسٹیشن", "name:en": "Quaidabad Railway Station", "railway": "station", "ele": null, "operator:type": null, "layer": null, "addr:full": null, "addr:city": null, "source": null, "name:ur": "قائدآباد ریلوے اسٹیشن", "osm_id": 4798455744, "osm_type": "nodes" }, "geometry": { "type": "Point", "coordinates": [ 71.8991628, 32.337076 ] } },
{ "type": "Feature", "properties": { "name": "خوشاب ریلوے سٹیشن", "name:en": "Khushab Railway Station", "railway": "station", "ele": null, "operator:type": null, "layer": null, "addr:full": null, "addr:city": null, "source": null, "name:ur": "خوشاب ریلوے سٹیشن", "osm_id": 11613691149, "osm_type": "nodes" }, "geometry": { "type": "Point", "coordinates": [ 72.3425324, 32.2986597 ] } },
{ "type": "Feature", "properties": { "name": "جوہرآباد ریلوے اسٹیشن", "name:en": "Jauharabad Railway Station", "railway": "station", "ele": null, "operator:type": null, "layer": null, "addr:full": null, "addr:city": null, "source": null, "name:ur": "جوہرآباد ریلوے اسٹیشن", "osm_id": 11613701319, "osm_type": "nodes" }, "geometry": { "type": "Point", "coordinates": [ 72.2820146, 32.2916584 ] } },
{ "type": "Feature", "properties": { "name": "مِٹھہّ ٹوانہ ریلوے اسٹیشن", "name:en": "Mitha Tiwana Railway Station", "railway": "station", "ele": null, "operator:type": null, "layer": null, "addr:full": null, "addr:city": null, "source": null, "name:ur": "مِٹھہّ ٹوانہ ریلوے اسٹیشن", "osm_id": 11613755001, "osm_type": "nodes" }, "geometry": { "type": "Point", "coordinates": [ 72.0879691, 32.2969122 ] } },
{ "type": "Feature", "properties": { "name": "سرگودھا", "name:en": "Sargodha", "railway": "station", "ele": null, "operator:type": null, "layer": null, "addr:full": null, "addr:city": "سرگودھا", "source": null, "name:ur": "سرگودھا", "osm_id": 1973009752, "osm_type": "nodes" }, "geometry": { "type": "Point", "coordinates": [ 72.676461, 32.0836514 ] } },
{ "type": "Feature", "properties": { "name": null, "name:en": null, "railway": "station", "ele": null, "operator:type": null, "layer": null, "addr:full": null, "addr:city": null, "source": null, "name:ur": null, "osm_id": 2447846981, "osm_type": "nodes" }, "geometry": { "type": "Point", "coordinates": [ 72.8091383, 32.1788978 ] } },
{ "type": "Feature", "properties": { "name": "Mitha Lak", "name:en": null, "railway": "station", "ele": null, "operator:type": null, "layer": null, "addr:full": null, "addr:city": null, "source": null, "name:ur": null, "osm_id": 2447848975, "osm_type": "nodes" }, "geometry": { "type": "Point", "coordinates": [ 72.77718, 32.1354912 ] } },
{ "type": "Feature", "properties": { "name": "Shaheenabad", "name:en": null, "railway": "station", "ele": null, "operator:type": null, "layer": null, "addr:full": null, "addr:city": null, "source": "Bing", "name:ur": null, "osm_id": 1973009136, "osm_type": "nodes" }, "geometry": { "type": "Point", "coordinates": [ 72.6361094, 31.9202298 ] } },
{ "type": "Feature", "properties": { "name": "Charnali", "name:en": null, "railway": "station", "ele": null, "operator:type": null, "layer": null, "addr:full": null, "addr:city": null, "source": "Bing", "name:ur": null, "osm_id": 1973009269, "osm_type": "nodes" }, "geometry": { "type": "Point", "coordinates": [ 72.6414875, 32.0191173 ] } },
{ "type": "Feature", "properties": { "name": "سلانوالی", "name:en": "Sillanwali", "railway": "station", "ele": null, "operator:type": null, "layer": null, "addr:full": null, "addr:city": null, "source": "Bing", "name:ur": "سلانوالی", "osm_id": 1975086588, "osm_type": "nodes" }, "geometry": { "type": "Point", "coordinates": [ 72.5370068, 31.8267679 ] } },
{ "type": "Feature", "properties": { "name": null, "name:en": null, "railway": "station", "ele": null, "operator:type": null, "layer": null, "addr:full": null, "addr:city": null, "source": "Bing", "name:ur": null, "osm_id": 1975085957, "osm_type": "nodes" }, "geometry": { "type": "Point", "coordinates": [ 72.3298121, 31.652138 ] } },
{ "type": "Feature", "properties": { "name": "چنیوٹ", "name:en": "Chiniot", "railway": "station", "ele": null, "operator:type": null, "layer": null, "addr:full": null, "addr:city": null, "source": "Bing", "name:ur": null, "osm_id": 1973008303, "osm_type": "nodes" }, "geometry": { "type": "Point", "coordinates": [ 72.9834213, 31.7309524 ] } },
{ "type": "Feature", "properties": { "name": "ہڈالی ریلوے اسٹیشن", "name:en": "Hadali Railway Station", "railway": "station", "ele": null, "operator:type": null, "layer": null, "addr:full": null, "addr:city": null, "source": null, "name:ur": "ہڈالی ریلوے اسٹیشن", "osm_id": 11613707922, "osm_type": "nodes" }, "geometry": { "type": "Point", "coordinates": [ 72.1806589, 32.2971414 ] } },
{ "type": "Feature", "properties": { "name": "کاہل ریلوے اسٹیشن", "name:en": "Kahal Railway Station", "railway": "station", "ele": null, "operator:type": null, "layer": null, "addr:full": null, "addr:city": null, "source": null, "name:ur": "کاہل ریلوے اسٹیشن", "osm_id": 11622069020, "osm_type": "nodes" }, "geometry": { "type": "Point", "coordinates": [ 72.3233516, 33.5367463 ] } },
{ "type": "Feature", "properties": { "name": "چونترہ ریلوے اسٹیشن", "name:en": "Chauntra Railway Station", "railway": "station", "ele": null, "operator:type": null, "layer": null, "addr:full": null, "addr:city": null, "source": null, "name:ur": "چونترہ ریلوے اسٹیشن", "osm_id": 11622200744, "osm_type": "nodes" }, "geometry": { "type": "Point", "coordinates": [ 72.3806017, 33.5133801 ] } },
{ "type": "Feature", "properties": { "name": "فتح جنگ ریلوے اسٹیشن", "name:en": "Fateh Jang Railway Station", "railway": "station", "ele": null, "operator:type": null, "layer": null, "addr:full": null, "addr:city": null, "source": null, "name:ur": "فتح جنگ ریلوے اسٹیشن", "osm_id": 3064100544, "osm_type": "nodes" }, "geometry": { "type": "Point", "coordinates": [ 72.6418651, 33.5758019 ] } },
{ "type": "Feature", "properties": { "name": "گگن ریلوے اسٹیشن", "name:en": "Gagan Railway Station", "railway": "station", "ele": null, "operator:type": null, "layer": null, "addr:full": null, "addr:city": null, "source": null, "name:ur": "گگن ریلوے اسٹیشن", "osm_id": 11622305363, "osm_type": "nodes" }, "geometry": { "type": "Point", "coordinates": [ 72.5159947, 33.5387881 ] } },
{ "type": "Feature", "properties": { "name": "قطبال ریلوے اسٹیشن", "name:en": "Qutbal Railway Station", "railway": "station", "ele": null, "operator:type": null, "layer": null, "addr:full": null, "addr:city": null, "source": null, "name:ur": "قطبال ریلوے اسٹیشن", "osm_id": 11623216707, "osm_type": "nodes" }, "geometry": { "type": "Point", "coordinates": [ 72.7615245, 33.5773447 ] } },
{ "type": "Feature", "properties": { "name": "جھنگ صدر", "name:en": "Jhang Sadar", "railway": "station", "ele": null, "operator:type": null, "layer": null, "addr:full": null, "addr:city": null, "source": null, "name:ur": "جھنگ صدر", "osm_id": 1975084311, "osm_type": "nodes" }, "geometry": { "type": "Point", "coordinates": [ 72.326433, 31.2603506 ] } },
{ "type": "Feature", "properties": { "name": "چور", "name:en": "Chor", "railway": "station", "ele": null, "operator:type": null, "layer": null, "addr:full": null, "addr:city": null, "source": null, "name:ur": null, "osm_id": 3019799551, "osm_type": "nodes" }, "geometry": { "type": "Point", "coordinates": [ 69.7719954, 25.5188315 ] } },
{ "type": "Feature", "properties": { "name": "کوٹ رادھا کشن", "name:en": "Kot Radha kishan", "railway": "station", "ele": null, "operator:type": null, "layer": null, "addr:full": null, "addr:city": null, "source": null, "name:ur": null, "osm_id": 2433405827, "osm_type": "nodes" }, "geometry": { "type": "Point", "coordinates": [ 74.099727, 31.170835 ] } },
{ "type": "Feature", "properties": { "name": "بلدیہ", "name:en": "Baldia", "railway": "station", "ele": null, "operator:type": null, "layer": null, "addr:full": null, "addr:city": null, "source": null, "name:ur": "بلدیہ", "osm_id": 8294625990, "osm_type": "nodes" }, "geometry": { "type": "Point", "coordinates": [ 66.968959, 24.8744489 ] } },
{ "type": "Feature", "properties": { "name": null, "name:en": null, "railway": "station", "ele": null, "operator:type": null, "layer": null, "addr:full": null, "addr:city": null, "source": null, "name:ur": null, "osm_id": 2419432277, "osm_type": "nodes" }, "geometry": { "type": "Point", "coordinates": [ 73.0659651, 33.5673313 ] } },
{ "type": "Feature", "properties": { "name": "Farooqabad", "name:en": null, "railway": "station", "ele": null, "operator:type": null, "layer": null, "addr:full": null, "addr:city": null, "source": "Bing", "name:ur": null, "osm_id": 1973008528, "osm_type": "nodes" }, "geometry": { "type": "Point", "coordinates": [ 73.8319189, 31.7428845 ] } },
{ "type": "Feature", "properties": { "name": "Samaro Road Station", "name:en": null, "railway": "station", "ele": null, "operator:type": null, "layer": null, "addr:full": null, "addr:city": null, "source": "http://osm.arkemie.org/cgi-bin/tiles/1.0.0/pakistan_250k_mosaic/!/!/!", "name:ur": null, "osm_id": 871793413, "osm_type": "nodes" }, "geometry": { "type": "Point", "coordinates": [ 69.4570603, 25.3013859 ] } },
{ "type": "Feature", "properties": { "name": "Kalahora Station", "name:en": null, "railway": "station", "ele": null, "operator:type": null, "layer": null, "addr:full": null, "addr:city": null, "source": "http://osm.arkemie.org/cgi-bin/tiles/1.0.0/pakistan_250k_mosaic/!/!/!", "name:ur": null, "osm_id": 869368220, "osm_type": "nodes" }, "geometry": { "type": "Point", "coordinates": [ 68.1972342, 26.8112506 ] } },
{ "type": "Feature", "properties": { "name": null, "name:en": null, "railway": "station", "ele": null, "operator:type": null, "layer": null, "addr:full": null, "addr:city": null, "source": "http://osm.arkemie.org/cgi-bin/tiles/1.0.0/pakistan_250k_mosaic/!/!/!", "name:ur": null, "osm_id": 881654806, "osm_type": "nodes" }, "geometry": { "type": "Point", "coordinates": [ 68.9632661, 25.6212528 ] } }
]
}
