{
"type": "FeatureCollection",
"name": "hotosm_irn_railways_points_geojson",
"features": [
{ "type": "Feature", "properties": { "name": "سرخس", "name:en": "Sarakhs", "railway": "station", "ele": null, "operator:type": null, "layer": null, "addr:full": null, "addr:city": null, "source": null, "name:fa": null, "osm_id": 3849836297, "osm_type": "nodes" }, "geometry": { "type": "Point", "coordinates": [ 61.1047085, 36.4705055 ] } },
{ "type": "Feature", "properties": { "name": "آزادگان", "name:en": "Azadegan", "railway": "station", "ele": null, "operator:type": null, "layer": null, "addr:full": null, "addr:city": null, "source": null, "name:fa": null, "osm_id": 8411423083, "osm_type": "nodes" }, "geometry": { "type": "Point", "coordinates": [ 60.0673588, 36.0332807 ] } },
{ "type": "Feature", "properties": { "name": "ایستگاه راه‌آهن مبارکه", "name:en": "Mobaraka", "railway": "station", "ele": null, "operator:type": null, "layer": null, "addr:full": null, "addr:city": null, "source": "bing", "name:fa": null, "osm_id": 3429663866, "osm_type": "nodes" }, "geometry": { "type": "Point", "coordinates": [ 55.4382695, 31.6182802 ] } },
{ "type": "Feature", "properties": { "name": "رباط شرف", "name:en": "Robat Sharaf", "railway": "station", "ele": null, "operator:type": null, "layer": null, "addr:full": null, "addr:city": null, "source": null, "name:fa": null, "osm_id": 8411528192, "osm_type": "nodes" }, "geometry": { "type": "Point", "coordinates": [ 60.8193657, 36.1833702 ] } },
{ "type": "Feature", "properties": { "name": "پتروشیمی", "name:en": "Petroshimi", "railway": "station", "ele": null, "operator:type": null, "layer": null, "addr:full": null, "addr:city": null, "source": null, "name:fa": null, "osm_id": 8411373719, "osm_type": "nodes" }, "geometry": { "type": "Point", "coordinates": [ 54.4712542, 37.1853077 ] } },
{ "type": "Feature", "properties": { "name": "شهید مطهری", "name:en": "Shahid Motahary", "railway": "station", "ele": null, "operator:type": null, "layer": null, "addr:full": null, "addr:city": null, "source": null, "name:fa": null, "osm_id": 688670899, "osm_type": "nodes" }, "geometry": { "type": "Point", "coordinates": [ 59.8195541, 36.030117 ] } },
{ "type": "Feature", "properties": { "name": "مختوم قلی", "name:en": "Makhtom Gholy", "railway": "station", "ele": null, "operator:type": null, "layer": null, "addr:full": null, "addr:city": null, "source": null, "name:fa": null, "osm_id": 8411445147, "osm_type": "nodes" }, "geometry": { "type": "Point", "coordinates": [ 60.4630449, 36.0869948 ] } },
{ "type": "Feature", "properties": { "name": "رباط ماهی", "name:en": "Robat Mahi", "railway": "station", "ele": null, "operator:type": null, "layer": null, "addr:full": null, "addr:city": null, "source": null, "name:fa": "رباط ماهی", "osm_id": 8411454881, "osm_type": "nodes" }, "geometry": { "type": "Point", "coordinates": [ 60.2329932, 36.0784986 ] } },
{ "type": "Feature", "properties": { "name": "یامپی", "name:en": "Yampi", "railway": "station", "ele": null, "operator:type": null, "layer": null, "addr:full": null, "addr:city": null, "source": null, "name:fa": null, "osm_id": 8410244690, "osm_type": "nodes" }, "geometry": { "type": "Point", "coordinates": [ 54.3961242, 36.9591598 ] } },
{ "type": "Feature", "properties": { "name": "سبزدشت", "name:en": "Sabz Dasht", "railway": "station", "ele": null, "operator:type": null, "layer": null, "addr:full": null, "addr:city": null, "source": null, "name:fa": null, "osm_id": 3426301007, "osm_type": "nodes" }, "geometry": { "type": "Point", "coordinates": [ 54.2136321, 36.8867935 ] } },
{ "type": "Feature", "properties": { "name": "بندر ترکمن", "name:en": "Bandar-e Torkaman", "railway": "station", "ele": null, "operator:type": null, "layer": null, "addr:full": null, "addr:city": null, "source": null, "name:fa": null, "osm_id": 684209169, "osm_type": "nodes" }, "geometry": { "type": "Point", "coordinates": [ 54.065777, 36.8933188 ] } },
{ "type": "Feature", "properties": { "name": "یزدگرد", "name:en": "YazdGerd", "railway": "station", "ele": null, "operator:type": null, "layer": null, "addr:full": null, "addr:city": null, "source": null, "name:fa": null, "osm_id": 6326523485, "osm_type": "nodes" }, "geometry": { "type": "Point", "coordinates": [ 54.5002345, 31.8176941 ] } },
{ "type": "Feature", "properties": { "name": "نودژ", "name:en": "Nowdezh", "railway": "station", "ele": null, "operator:type": null, "layer": null, "addr:full": null, "addr:city": null, "source": null, "name:fa": null, "osm_id": 4903457487, "osm_type": "nodes" }, "geometry": { "type": "Point", "coordinates": [ 50.7054865, 34.8878351 ] } },
{ "type": "Feature", "properties": { "name": "جاجرم", "name:en": "Jajarm", "railway": "station", "ele": null, "operator:type": null, "layer": null, "addr:full": null, "addr:city": null, "source": null, "name:fa": null, "osm_id": 3144515937, "osm_type": "nodes" }, "geometry": { "type": "Point", "coordinates": [ 56.5278232, 36.7038273 ] } },
{ "type": "Feature", "properties": { "name": "آزادور", "name:en": "Azadvar", "railway": "station", "ele": null, "operator:type": null, "layer": null, "addr:full": null, "addr:city": null, "source": null, "name:fa": null, "osm_id": 3144516664, "osm_type": "nodes" }, "geometry": { "type": "Point", "coordinates": [ 56.7483115, 36.7418632 ] } },
{ "type": "Feature", "properties": { "name": "بیهق", "name:en": "Beyhaq", "railway": "station", "ele": null, "operator:type": null, "layer": null, "addr:full": null, "addr:city": null, "source": null, "name:fa": null, "osm_id": 8371478170, "osm_type": "nodes" }, "geometry": { "type": "Point", "coordinates": [ 57.8427614, 36.5247806 ] } },
{ "type": "Feature", "properties": { "name": "میوتک", "name:en": null, "railway": "station", "ele": null, "operator:type": null, "layer": null, "addr:full": null, "addr:city": null, "source": null, "name:fa": null, "osm_id": 8371927564, "osm_type": "nodes" }, "geometry": { "type": "Point", "coordinates": [ 60.4853503, 34.3443442 ] } },
{ "type": "Feature", "properties": { "name": "خوشابه", "name:en": null, "railway": "station", "ele": null, "operator:type": null, "layer": null, "addr:full": null, "addr:city": null, "source": null, "name:fa": null, "osm_id": 8372007354, "osm_type": "nodes" }, "geometry": { "type": "Point", "coordinates": [ 60.6679128, 34.3276443 ] } },
{ "type": "Feature", "properties": { "name": "ایستگاه شاهرود", "name:en": "Shahrud", "railway": "station", "ele": null, "operator:type": null, "layer": null, "addr:full": null, "addr:city": null, "source": null, "name:fa": null, "osm_id": 8364095070, "osm_type": "nodes" }, "geometry": { "type": "Point", "coordinates": [ 55.0012131, 36.4001066 ] } },
{ "type": "Feature", "properties": { "name": "کلاتخوان", "name:en": "Kalateh-ye Khan", "railway": "station", "ele": null, "operator:type": null, "layer": null, "addr:full": null, "addr:city": null, "source": null, "name:fa": null, "osm_id": 8364118439, "osm_type": "nodes" }, "geometry": { "type": "Point", "coordinates": [ 54.8463853, 36.2830964 ] } },
{ "type": "Feature", "properties": { "name": "دامغان", "name:en": "Damghan", "railway": "station", "ele": null, "operator:type": null, "layer": null, "addr:full": null, "addr:city": null, "source": null, "name:fa": null, "osm_id": 303841913, "osm_type": "nodes" }, "geometry": { "type": "Point", "coordinates": [ 54.3703683, 36.1505901 ] } },
{ "type": "Feature", "properties": { "name": "ایستگاه راه آهن یزد", "name:en": "Yazd", "railway": "station", "ele": null, "operator:type": null, "layer": null, "addr:full": null, "addr:city": null, "source": null, "name:fa": null, "osm_id": 5685144962, "osm_type": "nodes" }, "geometry": { "type": "Point", "coordinates": [ 54.3446319, 31.8644678 ] } },
{ "type": "Feature", "properties": { "name": "ایستگاه قطار ابومسلم", "name:en": "Abumoslem railroad station", "railway": "station", "ele": null, "operator:type": null, "layer": null, "addr:full": null, "addr:city": null, "source": null, "name:fa": null, "osm_id": 6354687689, "osm_type": "nodes" }, "geometry": { "type": "Point", "coordinates": [ 59.384234, 35.9465756 ] } },
{ "type": "Feature", "properties": { "name": "ایستگاه مترو بهارستان", "name:en": "Baharestan metro station", "railway": "station", "ele": null, "operator:type": null, "layer": null, "addr:full": null, "addr:city": null, "source": null, "name:fa": "بهارستان", "osm_id": 659782107, "osm_type": "nodes" }, "geometry": { "type": "Point", "coordinates": [ 51.4331713, 35.6923351 ] } },
{ "type": "Feature", "properties": { "name": "ایستگاه مترو شهید مدنی", "name:en": "Shahid Madani metro station", "railway": "station", "ele": null, "operator:type": null, "layer": null, "addr:full": null, "addr:city": null, "source": null, "name:fa": "شهید مدنی", "osm_id": 660628303, "osm_type": "nodes" }, "geometry": { "type": "Point", "coordinates": [ 51.4529655, 35.7090585 ] } },
{ "type": "Feature", "properties": { "name": "ایستگاه مترو سبلان", "name:en": "Sabalan metro station", "railway": "station", "ele": null, "operator:type": null, "layer": null, "addr:full": null, "addr:city": null, "source": null, "name:fa": "سبلان", "osm_id": 660628364, "osm_type": "nodes" }, "geometry": { "type": "Point", "coordinates": [ 51.4645702, 35.7182413 ] } },
{ "type": "Feature", "properties": { "name": "ایستگاه مترو سرسبز", "name:en": "Sarsabz metro station", "railway": "station", "ele": null, "operator:type": null, "layer": null, "addr:full": null, "addr:city": null, "source": null, "name:fa": "سرسبز", "osm_id": 660628705, "osm_type": "nodes" }, "geometry": { "type": "Point", "coordinates": [ 51.4947992, 35.7357324 ] } },
{ "type": "Feature", "properties": { "name": "ایستگاه مترو دانشگاه علم و صنعت", "name:en": "Daneshgah-e Elm-o San'at Metro Station", "railway": "station", "ele": null, "operator:type": null, "layer": null, "addr:full": null, "addr:city": null, "source": null, "name:fa": "دانشگاه علم و صنعت", "osm_id": 660628852, "osm_type": "nodes" }, "geometry": { "type": "Point", "coordinates": [ 51.5049701, 35.7344204 ] } },
{ "type": "Feature", "properties": { "name": "ایستگاه مترو شهید همت", "name:en": "Shahid Hemmat", "railway": "station", "ele": null, "operator:type": null, "layer": null, "addr:full": null, "addr:city": null, "source": null, "name:fa": "شهید همت", "osm_id": 660658572, "osm_type": "nodes" }, "geometry": { "type": "Point", "coordinates": [ 51.4262979, 35.7488862 ] } },
{ "type": "Feature", "properties": { "name": "ایستگاه مترو ملت", "name:en": "Mellat metro station", "railway": "station", "ele": null, "operator:type": null, "layer": null, "addr:full": null, "addr:city": null, "source": null, "name:fa": "ملت", "osm_id": 659784460, "osm_type": "nodes" }, "geometry": { "type": "Point", "coordinates": [ 51.426721, 35.6883561 ] } },
{ "type": "Feature", "properties": { "name": "ریزو", "name:en": null, "railway": "station", "ele": null, "operator:type": null, "layer": null, "addr:full": null, "addr:city": null, "source": null, "name:fa": null, "osm_id": 9803604125, "osm_type": "nodes" }, "geometry": { "type": "Point", "coordinates": [ 56.1442226, 33.0482472 ] } },
{ "type": "Feature", "properties": { "name": "شهید منتظر", "name:en": "Shahid Montazer", "railway": "station", "ele": null, "operator:type": null, "layer": null, "addr:full": null, "addr:city": null, "source": null, "name:fa": null, "osm_id": 9803621193, "osm_type": "nodes" }, "geometry": { "type": "Point", "coordinates": [ 56.0001129, 33.0257317 ] } },
{ "type": "Feature", "properties": { "name": "ایستگاه اضطراری ۲۲", "name:en": null, "railway": "station", "ele": null, "operator:type": null, "layer": null, "addr:full": null, "addr:city": null, "source": null, "name:fa": null, "osm_id": 7304911486, "osm_type": "nodes" }, "geometry": { "type": "Point", "coordinates": [ 55.4965306, 30.8609424 ] } },
{ "type": "Feature", "properties": { "name": "عباس آباد", "name:en": "Abbasabad", "railway": "station", "ele": null, "operator:type": null, "layer": null, "addr:full": null, "addr:city": null, "source": null, "name:fa": null, "osm_id": 9803574074, "osm_type": "nodes" }, "geometry": { "type": "Point", "coordinates": [ 56.3360063, 33.1621414 ] } },
{ "type": "Feature", "properties": { "name": "ایستگاه سیریز", "name:en": null, "railway": "station", "ele": null, "operator:type": null, "layer": null, "addr:full": null, "addr:city": null, "source": null, "name:fa": null, "osm_id": 4413853645, "osm_type": "nodes" }, "geometry": { "type": "Point", "coordinates": [ 55.9447168, 31.0326625 ] } },
{ "type": "Feature", "properties": { "name": "ایستگاه راه‌آهن اقلید", "name:en": "Eqlid railway station", "railway": "station", "ele": null, "operator:type": null, "layer": null, "addr:full": null, "addr:city": "اقلید", "source": null, "name:fa": null, "osm_id": 4506949244, "osm_type": "nodes" }, "geometry": { "type": "Point", "coordinates": [ 52.7501794, 31.0067995 ] } },
{ "type": "Feature", "properties": { "name": "ایستگاه نانگرد", "name:en": "Nangrd", "railway": "station", "ele": null, "operator:type": null, "layer": null, "addr:full": null, "addr:city": null, "source": null, "name:fa": null, "osm_id": 703788434, "osm_type": "nodes" }, "geometry": { "type": "Point", "coordinates": [ 50.1614119, 34.327813 ] } },
{ "type": "Feature", "properties": { "name": "بهرام", "name:en": "Bahram", "railway": "station", "ele": null, "operator:type": null, "layer": null, "addr:full": null, "addr:city": null, "source": null, "name:fa": null, "osm_id": 684272179, "osm_type": "nodes" }, "geometry": { "type": "Point", "coordinates": [ 51.5362158, 35.4640484 ] } },
{ "type": "Feature", "properties": { "name": "ایستگاه راه آهن پرویز بهمن", "name:en": "Parviz Bahman", "railway": "station", "ele": null, "operator:type": null, "layer": null, "addr:full": null, "addr:city": null, "source": null, "name:fa": null, "osm_id": 691781573, "osm_type": "nodes" }, "geometry": { "type": "Point", "coordinates": [ 45.7962928, 37.5647641 ] } },
{ "type": "Feature", "properties": { "name": "تبریز", "name:en": "Tabriz", "railway": "station", "ele": null, "operator:type": null, "layer": null, "addr:full": null, "addr:city": "تبریز", "source": null, "name:fa": "تبریز", "osm_id": 691781800, "osm_type": "nodes" }, "geometry": { "type": "Point", "coordinates": [ 46.2281879, 38.0718589 ] } },
{ "type": "Feature", "properties": { "name": "ایستگاه راه آهن شیرامین", "name:en": "Shiramin", "railway": "station", "ele": null, "operator:type": null, "layer": null, "addr:full": null, "addr:city": null, "source": null, "name:fa": null, "osm_id": 691782426, "osm_type": "nodes" }, "geometry": { "type": "Point", "coordinates": [ 45.8302471, 37.6434945 ] } },
{ "type": "Feature", "properties": { "name": "Şahtaxtı", "name:en": null, "railway": "station", "ele": null, "operator:type": null, "layer": null, "addr:full": null, "addr:city": null, "source": null, "name:fa": null, "osm_id": 431966946, "osm_type": "nodes" }, "geometry": { "type": "Point", "coordinates": [ 45.0889905, 39.356798 ] } },
{ "type": "Feature", "properties": { "name": "زرند", "name:en": "Zarand", "railway": "station", "ele": null, "operator:type": null, "layer": null, "addr:full": null, "addr:city": null, "source": null, "name:fa": null, "osm_id": 6007553193, "osm_type": "nodes" }, "geometry": { "type": "Point", "coordinates": [ 56.5822667, 30.8126512 ] } },
{ "type": "Feature", "properties": { "name": "ایستگاه راه آهن دیزج رود بناب", "name:en": "Dizj Road Bonab railway station", "railway": "station", "ele": null, "operator:type": null, "layer": null, "addr:full": null, "addr:city": "Bonab", "source": null, "name:fa": null, "osm_id": 691782090, "osm_type": "nodes" }, "geometry": { "type": "Point", "coordinates": [ 45.9786921, 37.4344279 ] } },
{ "type": "Feature", "properties": { "name": "ایستگاه راه آهن ملکان", "name:en": "Malekan railway station", "railway": "station", "ele": null, "operator:type": null, "layer": null, "addr:full": null, "addr:city": "ملکان", "source": null, "name:fa": null, "osm_id": 4901680424, "osm_type": "nodes" }, "geometry": { "type": "Point", "coordinates": [ 46.159346, 37.1444553 ] } },
{ "type": "Feature", "properties": { "name": "ایستگاه راه آهن قوشاچای (میاندوآب)", "name:en": "Miandoab railway station", "railway": "station", "ele": null, "operator:type": null, "layer": null, "addr:full": null, "addr:city": "میاندوآب", "source": null, "name:fa": null, "osm_id": 4901680492, "osm_type": "nodes" }, "geometry": { "type": "Point", "coordinates": [ 46.0553265, 37.0087823 ] } },
{ "type": "Feature", "properties": { "name": "نیروی هوایی(گجیل)", "name:en": "Niru-ye Havaei(gajil)", "railway": "station", "ele": null, "operator:type": null, "layer": null, "addr:full": null, "addr:city": null, "source": null, "name:fa": null, "osm_id": 7723701900, "osm_type": "nodes" }, "geometry": { "type": "Point", "coordinates": [ 46.283589, 38.0799769 ] } },
{ "type": "Feature", "properties": { "name": "نیروی هوایی(گجیل)", "name:en": "Niru-ye Havaei(gajil)", "railway": "station", "ele": null, "operator:type": null, "layer": null, "addr:full": null, "addr:city": null, "source": null, "name:fa": null, "osm_id": 7723701904, "osm_type": "nodes" }, "geometry": { "type": "Point", "coordinates": [ 46.2836345, 38.0800725 ] } },
{ "type": "Feature", "properties": { "name": "مترو راه آهن", "name:en": "Raah Ahan Metro Station", "railway": "station", "ele": null, "operator:type": null, "layer": null, "addr:full": null, "addr:city": null, "source": null, "name:fa": null, "osm_id": 1229578065, "osm_type": "nodes" }, "geometry": { "type": "Point", "coordinates": [ 59.6229181, 36.3034236 ] } },
{ "type": "Feature", "properties": { "name": "مترو الندشت", "name:en": "Alandasht Metro Station", "railway": "station", "ele": null, "operator:type": null, "layer": null, "addr:full": null, "addr:city": null, "source": null, "name:fa": null, "osm_id": 1229578067, "osm_type": "nodes" }, "geometry": { "type": "Point", "coordinates": [ 59.5761299, 36.2877086 ] } },
{ "type": "Feature", "properties": { "name": "مترو سعدی", "name:en": "Sa'di Metro Station", "railway": "station", "ele": null, "operator:type": null, "layer": null, "addr:full": null, "addr:city": null, "source": null, "name:fa": null, "osm_id": 1229578075, "osm_type": "nodes" }, "geometry": { "type": "Point", "coordinates": [ 59.5982227, 36.2953477 ] } },
{ "type": "Feature", "properties": { "name": "رسالت", "name:en": "Resalat", "railway": "station", "ele": null, "operator:type": null, "layer": null, "addr:full": null, "addr:city": null, "source": null, "name:fa": null, "osm_id": 7694352639, "osm_type": "nodes" }, "geometry": { "type": "Point", "coordinates": [ 51.5917864, 32.7195097 ] } },
{ "type": "Feature", "properties": { "name": "ایستگاه راه آهن اردکان", "name:en": "Ardakan Railway Station", "railway": "station", "ele": null, "operator:type": null, "layer": null, "addr:full": null, "addr:city": null, "source": null, "name:fa": null, "osm_id": 7786409744, "osm_type": "nodes" }, "geometry": { "type": "Point", "coordinates": [ 53.8983832, 32.3503843 ] } },
{ "type": "Feature", "properties": { "name": "ایستگاه راه آهن تنگ چنار", "name:en": "Tang-e Chenar Railway Station", "railway": "station", "ele": null, "operator:type": null, "layer": null, "addr:full": null, "addr:city": null, "source": null, "name:fa": null, "osm_id": 8960554733, "osm_type": "nodes" }, "geometry": { "type": "Point", "coordinates": [ 54.3080087, 31.2431089 ] } },
{ "type": "Feature", "properties": { "name": "زواره", "name:en": "Zavareh", "railway": "station", "ele": null, "operator:type": null, "layer": null, "addr:full": null, "addr:city": null, "source": null, "name:fa": null, "osm_id": 5922896616, "osm_type": "nodes" }, "geometry": { "type": "Point", "coordinates": [ 52.5096756, 33.4328314 ] } },
{ "type": "Feature", "properties": { "name": "ایستگاه راه آهن سوادکوه", "name:en": "Savadkuh", "railway": "station", "ele": null, "operator:type": null, "layer": null, "addr:full": null, "addr:city": null, "source": null, "name:fa": null, "osm_id": 6735414917, "osm_type": "nodes" }, "geometry": { "type": "Point", "coordinates": [ 53.0445403, 36.0187685 ] } },
{ "type": "Feature", "properties": { "name": "خاتون آباد", "name:en": "Khatunabad", "railway": "station", "ele": null, "operator:type": null, "layer": null, "addr:full": null, "addr:city": null, "source": null, "name:fa": null, "osm_id": 6041737444, "osm_type": "nodes" }, "geometry": { "type": "Point", "coordinates": [ 55.5414677, 29.9157061 ] } },
{ "type": "Feature", "properties": { "name": "ایستگاه مترو میدان صنعت", "name:en": "San'at Square metro station", "railway": "station", "ele": null, "operator:type": null, "layer": null, "addr:full": null, "addr:city": null, "source": null, "name:fa": "میدان صنعت", "osm_id": 3784648885, "osm_type": "nodes" }, "geometry": { "type": "Point", "coordinates": [ 51.3679617, 35.7543831 ] } },
{ "type": "Feature", "properties": { "name": "مترو طبرسی", "name:en": "Tabarsi Metro Station", "railway": "station", "ele": null, "operator:type": null, "layer": null, "addr:full": null, "addr:city": null, "source": null, "name:fa": null, "osm_id": 3808291107, "osm_type": "nodes" }, "geometry": { "type": "Point", "coordinates": [ 59.6752419, 36.3250926 ] } },
{ "type": "Feature", "properties": { "name": "ایستگاه مترو شهرک شریعتی", "name:en": "Shahrak-e Shariati Metro Station", "railway": "station", "ele": null, "operator:type": null, "layer": null, "addr:full": null, "addr:city": null, "source": null, "name:fa": "شهرک شریعتی", "osm_id": 3649760928, "osm_type": "nodes" }, "geometry": { "type": "Point", "coordinates": [ 51.3685225, 35.6442232 ] } },
{ "type": "Feature", "properties": { "name": "ایستگاه مترو سهروردی", "name:en": "Sohrevardi Metro Station", "railway": "station", "ele": null, "operator:type": null, "layer": null, "addr:full": null, "addr:city": null, "source": null, "name:fa": "سهروردی", "osm_id": 3778861785, "osm_type": "nodes" }, "geometry": { "type": "Point", "coordinates": [ 51.4367691, 35.7311282 ] } },
{ "type": "Feature", "properties": { "name": "ایستگاه مترو شهید صیاد شیرازی", "name:en": "Shahid Sayyad-e Shirazi Metro Station", "railway": "station", "ele": null, "operator:type": null, "layer": null, "addr:full": null, "addr:city": null, "source": null, "name:fa": "شهید صیاد شیرازی", "osm_id": 3778861786, "osm_type": "nodes" }, "geometry": { "type": "Point", "coordinates": [ 51.4583975, 35.7355601 ] } },
{ "type": "Feature", "properties": { "name": "ایستگاه مترو راه آهن", "name:en": "Rah Ahan Metro Station", "railway": "station", "ele": null, "operator:type": null, "layer": null, "addr:full": null, "addr:city": null, "source": null, "name:fa": "راه آهن", "osm_id": 3635251445, "osm_type": "nodes" }, "geometry": { "type": "Point", "coordinates": [ 51.3977283, 35.6595032 ] } },
{ "type": "Feature", "properties": { "name": "ایستگاه مترو میدان هروی", "name:en": "Heravi Square Metro Station", "railway": "station", "ele": null, "operator:type": null, "layer": null, "addr:full": null, "addr:city": null, "source": null, "name:fa": "میدان هروی", "osm_id": 3778822187, "osm_type": "nodes" }, "geometry": { "type": "Point", "coordinates": [ 51.4731866, 35.772078 ] } },
{ "type": "Feature", "properties": { "name": "ایستگاه مترو حسین آباد", "name:en": "Hossein Abad Metro Station", "railway": "station", "ele": null, "operator:type": null, "layer": null, "addr:full": null, "addr:city": null, "source": null, "name:fa": "حسین آباد", "osm_id": 3778861789, "osm_type": "nodes" }, "geometry": { "type": "Point", "coordinates": [ 51.4786726, 35.7789408 ] } },
{ "type": "Feature", "properties": { "name": "ایستگاه مترو نوبنیاد", "name:en": "Nobonyad Metro Station", "railway": "station", "ele": null, "operator:type": null, "layer": null, "addr:full": null, "addr:city": null, "source": null, "name:fa": "نوبنیاد", "osm_id": 3778861790, "osm_type": "nodes" }, "geometry": { "type": "Point", "coordinates": [ 51.479379, 35.7903188 ] } },
{ "type": "Feature", "properties": { "name": "مترو کوهسنگی", "name:en": "Kouh Sangi Metro Station", "railway": "station", "ele": null, "operator:type": null, "layer": null, "addr:full": null, "addr:city": null, "source": null, "name:fa": null, "osm_id": 3808279928, "osm_type": "nodes" }, "geometry": { "type": "Point", "coordinates": [ 59.5639834, 36.2837736 ] } },
{ "type": "Feature", "properties": { "name": "ایستگاه مترو اشرفی اصفهانی", "name:en": "Ashrafi Esfahani Metro Station", "railway": "station", "ele": null, "operator:type": null, "layer": null, "addr:full": null, "addr:city": null, "source": null, "name:fa": "اشرفی اصفهانی", "osm_id": 3815456838, "osm_type": "nodes" }, "geometry": { "type": "Point", "coordinates": [ 51.3318177, 35.7360887 ] } },
{ "type": "Feature", "properties": { "name": "ایستگاه مترو آیت الله کاشانی", "name:en": "Ayatollah Kashani Metro Station", "railway": "station", "ele": null, "operator:type": null, "layer": null, "addr:full": null, "addr:city": null, "source": null, "name:fa": "آیت الله کاشانی", "osm_id": 3815456860, "osm_type": "nodes" }, "geometry": { "type": "Point", "coordinates": [ 51.3008783, 35.7414736 ] } },
{ "type": "Feature", "properties": { "name": "ایستگاه مترو شهران", "name:en": "Shahran Metro Station", "railway": "station", "ele": null, "operator:type": null, "layer": null, "addr:full": null, "addr:city": null, "source": null, "name:fa": "شهران", "osm_id": 3853324358, "osm_type": "nodes" }, "geometry": { "type": "Point", "coordinates": [ 51.2874715, 35.753978 ] } },
{ "type": "Feature", "properties": { "name": "ایستگاه مترو پانزده خرداد", "name:en": "Panzdah-e Khordad Metro Station", "railway": "station", "ele": null, "operator:type": null, "layer": null, "addr:full": null, "addr:city": null, "source": null, "name:fa": "پانزده خرداد", "osm_id": 4396461099, "osm_type": "nodes" }, "geometry": { "type": "Point", "coordinates": [ 51.4173042, 35.678294 ] } },
{ "type": "Feature", "properties": { "name": "آپرین", "name:en": "Aperyn", "railway": "station", "ele": null, "operator:type": null, "layer": null, "addr:full": null, "addr:city": null, "source": null, "name:fa": null, "osm_id": 684272105, "osm_type": "nodes" }, "geometry": { "type": "Point", "coordinates": [ 51.2367782, 35.5814252 ] } },
{ "type": "Feature", "properties": { "name": "کرج", "name:en": "Karaj", "railway": "station", "ele": null, "operator:type": null, "layer": null, "addr:full": null, "addr:city": null, "source": null, "name:fa": null, "osm_id": 4794780991, "osm_type": "nodes" }, "geometry": { "type": "Point", "coordinates": [ 50.9890867, 35.779495 ] } },
{ "type": "Feature", "properties": { "name": "ایستگاه راه‌آهن ساوه", "name:en": "Saveh", "railway": "station", "ele": null, "operator:type": null, "layer": null, "addr:full": null, "addr:city": null, "source": null, "name:fa": null, "osm_id": 5060941284, "osm_type": "nodes" }, "geometry": { "type": "Point", "coordinates": [ 50.2685355, 35.1064336 ] } },
{ "type": "Feature", "properties": { "name": "مترو ۲۹ بهمن", "name:en": "29 Bahman", "railway": "station", "ele": null, "operator:type": null, "layer": null, "addr:full": null, "addr:city": null, "source": null, "name:fa": null, "osm_id": 5160940302, "osm_type": "nodes" }, "geometry": { "type": "Point", "coordinates": [ 46.3469691, 38.0542667 ] } },
{ "type": "Feature", "properties": { "name": "صدف", "name:en": "Sadaf", "railway": "station", "ele": null, "operator:type": null, "layer": null, "addr:full": null, "addr:city": null, "source": null, "name:fa": null, "osm_id": 5162609081, "osm_type": "nodes" }, "geometry": { "type": "Point", "coordinates": [ 59.492898, 36.3300842 ] } },
{ "type": "Feature", "properties": { "name": "صیاد شیرازی", "name:en": "Sayyad Shirazi", "railway": "station", "ele": null, "operator:type": null, "layer": null, "addr:full": null, "addr:city": null, "source": null, "name:fa": null, "osm_id": 5162609083, "osm_type": "nodes" }, "geometry": { "type": "Point", "coordinates": [ 59.4848239, 36.3325958 ] } },
{ "type": "Feature", "properties": { "name": "وکیل آباد", "name:en": "Vakilabad", "railway": "station", "ele": null, "operator:type": null, "layer": null, "addr:full": null, "addr:city": null, "source": null, "name:fa": null, "osm_id": 5162609088, "osm_type": "nodes" }, "geometry": { "type": "Point", "coordinates": [ 59.4421504, 36.3450952 ] } },
{ "type": "Feature", "properties": { "name": "آزادی", "name:en": "Azadi", "railway": "station", "ele": null, "operator:type": null, "layer": null, "addr:full": null, "addr:city": null, "source": null, "name:fa": null, "osm_id": 5162991963, "osm_type": "nodes" }, "geometry": { "type": "Point", "coordinates": [ 59.5445171, 36.3125521 ] } },
{ "type": "Feature", "properties": { "name": "ائل‌گلی", "name:en": "El Goli", "railway": "station", "ele": null, "operator:type": null, "layer": null, "addr:full": null, "addr:city": null, "source": null, "name:fa": null, "osm_id": 5160940295, "osm_type": "nodes" }, "geometry": { "type": "Point", "coordinates": [ 46.3636592, 38.0200988 ] } },
{ "type": "Feature", "properties": { "name": "مترو استاد شهریار", "name:en": "Ostad Shahriar", "railway": "station", "ele": null, "operator:type": null, "layer": null, "addr:full": null, "addr:city": null, "source": null, "name:fa": null, "osm_id": 5160940303, "osm_type": "nodes" }, "geometry": { "type": "Point", "coordinates": [ 46.3409655, 38.0606209 ] } },
{ "type": "Feature", "properties": { "name": "هفت تیر", "name:en": "Haft-e Tir", "railway": "station", "ele": null, "operator:type": null, "layer": null, "addr:full": null, "addr:city": null, "source": null, "name:fa": null, "osm_id": 5162609074, "osm_type": "nodes" }, "geometry": { "type": "Point", "coordinates": [ 59.5004042, 36.3277382 ] } },
{ "type": "Feature", "properties": { "name": "کوهستان پارک", "name:en": "Kuhestan Park", "railway": "station", "ele": null, "operator:type": null, "layer": null, "addr:full": null, "addr:city": null, "source": null, "name:fa": null, "osm_id": 5162609087, "osm_type": "nodes" }, "geometry": { "type": "Point", "coordinates": [ 59.4526541, 36.3426719 ] } },
{ "type": "Feature", "properties": { "name": "ایستگاه مترو میدان انقلاب اسلامی", "name:en": "Meydan-e Enghelab-e Eslami Metro Station", "railway": "station", "ele": null, "operator:type": null, "layer": null, "addr:full": null, "addr:city": null, "source": null, "name:fa": "میدان انقلاب اسلامی", "osm_id": 5162910431, "osm_type": "nodes" }, "geometry": { "type": "Point", "coordinates": [ 51.392437, 35.7011762 ] } },
{ "type": "Feature", "properties": { "name": "ایستگاه مترو شهید کلاهدوز", "name:en": "Shahid Kolahdooz metro station", "railway": "station", "ele": null, "operator:type": null, "layer": null, "addr:full": null, "addr:city": null, "source": null, "name:fa": "شهید کلاهدوز", "osm_id": 5162910442, "osm_type": "nodes" }, "geometry": { "type": "Point", "coordinates": [ 51.4997931, 35.6986125 ] } },
{ "type": "Feature", "properties": { "name": "شهدا", "name:en": "Shohada", "railway": "station", "ele": null, "operator:type": null, "layer": null, "addr:full": null, "addr:city": null, "source": null, "name:fa": null, "osm_id": 5162947301, "osm_type": "nodes" }, "geometry": { "type": "Point", "coordinates": [ 59.6065526, 36.2982807 ] } },
{ "type": "Feature", "properties": { "name": "خیام", "name:en": "Khayyam", "railway": "station", "ele": null, "operator:type": null, "layer": null, "addr:full": null, "addr:city": null, "source": null, "name:fa": null, "osm_id": 5162991964, "osm_type": "nodes" }, "geometry": { "type": "Point", "coordinates": [ 59.552675, 36.307127 ] } },
{ "type": "Feature", "properties": { "name": "دانش آموز", "name:en": "Danesh Amooz", "railway": "station", "ele": null, "operator:type": null, "layer": null, "addr:full": null, "addr:city": null, "source": null, "name:fa": null, "osm_id": 5162609068, "osm_type": "nodes" }, "geometry": { "type": "Point", "coordinates": [ 59.5086023, 36.3251818 ] } },
{ "type": "Feature", "properties": { "name": "اقبال لاهوری", "name:en": "Eghbal Lahuri", "railway": "station", "ele": null, "operator:type": null, "layer": null, "addr:full": null, "addr:city": null, "source": null, "name:fa": null, "osm_id": 5162609085, "osm_type": "nodes" }, "geometry": { "type": "Point", "coordinates": [ 59.4742419, 36.3359039 ] } },
{ "type": "Feature", "properties": { "name": "ایستگاه مترو کهریزک", "name:en": "Kahrizak", "railway": "station", "ele": null, "operator:type": null, "layer": null, "addr:full": null, "addr:city": null, "source": null, "name:fa": "کهریزک", "osm_id": 5162855457, "osm_type": "nodes" }, "geometry": { "type": "Point", "coordinates": [ 51.3691839, 35.5217646 ] } },
{ "type": "Feature", "properties": { "name": "ایستگاه مترو شاهد باقرشهر", "name:en": "Shahed- Bagher Shahr", "railway": "station", "ele": null, "operator:type": null, "layer": null, "addr:full": null, "addr:city": null, "source": null, "name:fa": "شاهد باقرشهر", "osm_id": 5162855462, "osm_type": "nodes" }, "geometry": { "type": "Point", "coordinates": [ 51.3827705, 35.5473567 ] } },
{ "type": "Feature", "properties": { "name": "فلسطین", "name:en": "Felestin", "railway": "station", "ele": null, "operator:type": null, "layer": null, "addr:full": null, "addr:city": null, "source": null, "name:fa": null, "osm_id": 5162991965, "osm_type": "nodes" }, "geometry": { "type": "Point", "coordinates": [ 59.5632872, 36.3002003 ] } },
{ "type": "Feature", "properties": { "name": "شریعتی", "name:en": "Shariati", "railway": "station", "ele": null, "operator:type": null, "layer": null, "addr:full": null, "addr:city": null, "source": null, "name:fa": null, "osm_id": 5162991968, "osm_type": "nodes" }, "geometry": { "type": "Point", "coordinates": [ 59.5861034, 36.2910754 ] } },
{ "type": "Feature", "properties": { "name": "امام خمینی", "name:en": "Imam Khomeini", "railway": "station", "ele": null, "operator:type": null, "layer": null, "addr:full": null, "addr:city": null, "source": null, "name:fa": null, "osm_id": 5162991970, "osm_type": "nodes" }, "geometry": { "type": "Point", "coordinates": [ 59.5958752, 36.2812025 ] } },
{ "type": "Feature", "properties": { "name": "ایستگاه قطارشهری هفده شهریور", "name:en": "Hefdah-e Shahrivar", "railway": "station", "ele": null, "operator:type": null, "layer": null, "addr:full": null, "addr:city": null, "source": null, "name:fa": null, "osm_id": 5162991973, "osm_type": "nodes" }, "geometry": { "type": "Point", "coordinates": [ 59.6092172, 36.2677285 ] } },
{ "type": "Feature", "properties": { "name": "پروین اعتصامی", "name:en": "Parvin-e Etessami", "railway": "station", "ele": null, "operator:type": null, "layer": null, "addr:full": null, "addr:city": null, "source": null, "name:fa": null, "osm_id": 5162991974, "osm_type": "nodes" }, "geometry": { "type": "Point", "coordinates": [ 59.6141847, 36.2627827 ] } },
{ "type": "Feature", "properties": { "name": "ایستگاه مترو شهید باقری", "name:en": "Shahid Bagheri metro station", "railway": "station", "ele": null, "operator:type": null, "layer": null, "addr:full": null, "addr:city": null, "source": null, "name:fa": "شهید باقری", "osm_id": 5163103599, "osm_type": "nodes" }, "geometry": { "type": "Point", "coordinates": [ 51.516843, 35.732899 ] } },
{ "type": "Feature", "properties": { "name": "ایستگاه مترو فرهنگسرا", "name:en": "Farhangsara metro station", "railway": "station", "ele": null, "operator:type": null, "layer": null, "addr:full": null, "addr:city": null, "source": null, "name:fa": "فرهنگسرا", "osm_id": 5163103600, "osm_type": "nodes" }, "geometry": { "type": "Point", "coordinates": [ 51.5470491, 35.7298253 ] } },
{ "type": "Feature", "properties": { "name": "ایستگاه مترو تهرانپارس", "name:en": "Tehranpars metro station", "railway": "station", "ele": null, "operator:type": null, "layer": null, "addr:full": null, "addr:city": null, "source": null, "name:fa": "تهرانپارس", "osm_id": 5163103601, "osm_type": "nodes" }, "geometry": { "type": "Point", "coordinates": [ 51.5318398, 35.7308782 ] } },
{ "type": "Feature", "properties": { "name": "ایستگاه مترو نعمت آباد", "name:en": "Ne'mat Abad Metro Station", "railway": "station", "ele": null, "operator:type": null, "layer": null, "addr:full": null, "addr:city": null, "source": null, "name:fa": "نعمت آباد", "osm_id": 5165462147, "osm_type": "nodes" }, "geometry": { "type": "Point", "coordinates": [ 51.3472457, 35.6337679 ] } },
{ "type": "Feature", "properties": { "name": "ایستگاه مترو آزادگان", "name:en": "Azadegan Metro Station", "railway": "station", "ele": null, "operator:type": null, "layer": null, "addr:full": null, "addr:city": null, "source": null, "name:fa": "آزادگان", "osm_id": 5165462148, "osm_type": "nodes" }, "geometry": { "type": "Point", "coordinates": [ 51.3352468, 35.627521 ] } },
{ "type": "Feature", "properties": { "name": "ایستگاه مترو علی آباد", "name:en": "Ali Abad", "railway": "station", "ele": null, "operator:type": null, "layer": null, "addr:full": null, "addr:city": null, "source": null, "name:fa": "علی آباد", "osm_id": 5183513583, "osm_type": "nodes" }, "geometry": { "type": "Point", "coordinates": [ 51.4157072, 35.6296378 ] } },
{ "type": "Feature", "properties": { "name": "ایستگاه مترو دروازه دولت", "name:en": "Darvazeh Dowlat", "railway": "station", "ele": null, "operator:type": null, "layer": null, "addr:full": null, "addr:city": null, "source": null, "name:fa": "دروازه دولت", "osm_id": 5188247275, "osm_type": "nodes" }, "geometry": { "type": "Point", "coordinates": [ 51.426021, 35.7015783 ] } },
{ "type": "Feature", "properties": { "name": "فرودگاه", "name:en": "Airport", "railway": "station", "ele": null, "operator:type": null, "layer": null, "addr:full": null, "addr:city": null, "source": null, "name:fa": null, "osm_id": 5162991976, "osm_type": "nodes" }, "geometry": { "type": "Point", "coordinates": [ 59.6405992, 36.2283352 ] } },
{ "type": "Feature", "properties": { "name": "ایستگاه مترو شهید محلاتی", "name:en": "Shahid Mahallati Metro Station", "railway": "station", "ele": null, "operator:type": null, "layer": null, "addr:full": null, "addr:city": null, "source": null, "name:fa": "شهید محلاتی", "osm_id": 5163103597, "osm_type": "nodes" }, "geometry": { "type": "Point", "coordinates": [ 51.5081682, 35.7978034 ] } },
{ "type": "Feature", "properties": { "name": "ایستگاه مترو شهید نواب صفوی", "name:en": "Shahid Navvab-e Safavi metro station", "railway": "station", "ele": null, "operator:type": null, "layer": null, "addr:full": null, "addr:city": null, "source": null, "name:fa": "شهید نواب صفوی", "osm_id": 5165422503, "osm_type": "nodes" }, "geometry": { "type": "Point", "coordinates": [ 51.3787835, 35.6949232 ] } },
{ "type": "Feature", "properties": { "name": "ایستگاه مترو رودکی", "name:en": "Roudaki metro station", "railway": "station", "ele": null, "operator:type": null, "layer": null, "addr:full": null, "addr:city": null, "source": null, "name:fa": "رودکی", "osm_id": 5165422504, "osm_type": "nodes" }, "geometry": { "type": "Point", "coordinates": [ 51.3795193, 35.6877551 ] } },
{ "type": "Feature", "properties": { "name": "مترو چهارراه منصور - بهشتی", "name:en": "Shahid Beheshti", "railway": "station", "ele": null, "operator:type": null, "layer": null, "addr:full": null, "addr:city": null, "source": null, "name:fa": null, "osm_id": 5166881726, "osm_type": "nodes" }, "geometry": { "type": "Point", "coordinates": [ 46.3047819, 38.0717971 ] } },
{ "type": "Feature", "properties": { "name": "مترو دانشگاه", "name:en": "Daneshgah", "railway": "station", "ele": null, "operator:type": null, "layer": null, "addr:full": null, "addr:city": null, "source": null, "name:fa": null, "osm_id": 5188802228, "osm_type": "nodes" }, "geometry": { "type": "Point", "coordinates": [ 46.3301444, 38.0643922 ] } },
{ "type": "Feature", "properties": { "name": "مترو میدان ساعت", "name:en": "Meydan-e Saat", "railway": "station", "ele": null, "operator:type": null, "layer": null, "addr:full": null, "addr:city": null, "source": null, "name:fa": null, "osm_id": 5188802234, "osm_type": "nodes" }, "geometry": { "type": "Point", "coordinates": [ 46.2969295, 38.0740624 ] } },
{ "type": "Feature", "properties": { "name": "ایستگاه مترو حرم مطهر", "name:en": "Haram-e Motahar-e Imam Khomeini", "railway": "station", "ele": null, "operator:type": null, "layer": null, "addr:full": null, "addr:city": null, "source": null, "name:fa": "حرم مطهر", "osm_id": 5194776019, "osm_type": "nodes" }, "geometry": { "type": "Point", "coordinates": [ 51.3730265, 35.5450892 ] } },
{ "type": "Feature", "properties": { "name": "نظامیه", "name:en": "Nezamiyeh", "railway": "station", "ele": null, "operator:type": null, "layer": null, "addr:full": null, "addr:city": null, "source": null, "name:fa": null, "osm_id": 695272314, "osm_type": "nodes" }, "geometry": { "type": "Point", "coordinates": [ 48.6905593, 31.4717572 ] } },
{ "type": "Feature", "properties": { "name": "ایستگاه قطار درانجیر", "name:en": "Dareanjir", "railway": "station", "ele": null, "operator:type": null, "layer": null, "addr:full": null, "addr:city": null, "source": null, "name:fa": null, "osm_id": 7319397466, "osm_type": "nodes" }, "geometry": { "type": "Point", "coordinates": [ 55.0499093, 32.3325633 ] } },
{ "type": "Feature", "properties": { "name": "ایستگاه راه آهن اهواز", "name:en": "Ahvaz", "railway": "station", "ele": null, "operator:type": null, "layer": null, "addr:full": null, "addr:city": null, "source": null, "name:fa": null, "osm_id": 5888798463, "osm_type": "nodes" }, "geometry": { "type": "Point", "coordinates": [ 48.6637087, 31.3240443 ] } },
{ "type": "Feature", "properties": { "name": "ایستگاه مترو اتمسفر", "name:en": "Atmosfer", "railway": "station", "ele": null, "operator:type": null, "layer": null, "addr:full": null, "addr:city": null, "source": null, "name:fa": "اتمسفر", "osm_id": 5602602180, "osm_type": "nodes" }, "geometry": { "type": "Point", "coordinates": [ 51.0458865, 35.7675416 ] } },
{ "type": "Feature", "properties": { "name": "ایستگاه مترو وردآورد", "name:en": "Vardavard metro station", "railway": "station", "ele": null, "operator:type": null, "layer": null, "addr:full": null, "addr:city": null, "source": null, "name:fa": "وردآورد", "osm_id": 5604713689, "osm_type": "nodes" }, "geometry": { "type": "Point", "coordinates": [ 51.1506325, 35.7438259 ] } },
{ "type": "Feature", "properties": { "name": "ایستگاه مترو ورزشگاه آزادی", "name:en": "Varzeshgah-e Azadi", "railway": "station", "ele": null, "operator:type": null, "layer": null, "addr:full": null, "addr:city": null, "source": null, "name:fa": "ورزشگاه آزادی", "osm_id": 5604726880, "osm_type": "nodes" }, "geometry": { "type": "Point", "coordinates": [ 51.2814613, 35.7165426 ] } },
{ "type": "Feature", "properties": { "name": "ایستگاه مترو چیتگر", "name:en": "Chitgar", "railway": "station", "ele": null, "operator:type": null, "layer": null, "addr:full": null, "addr:city": null, "source": null, "name:fa": "چیتگر", "osm_id": 5604726917, "osm_type": "nodes" }, "geometry": { "type": "Point", "coordinates": [ 51.2438647, 35.7169564 ] } },
{ "type": "Feature", "properties": { "name": "ایستگاه مترو ایران خودرو", "name:en": "Iran Khodro metro station", "railway": "station", "ele": null, "operator:type": null, "layer": null, "addr:full": null, "addr:city": null, "source": null, "name:fa": "ایران خودرو", "osm_id": 5604727187, "osm_type": "nodes" }, "geometry": { "type": "Point", "coordinates": [ 51.1965948, 35.7252171 ] } },
{ "type": "Feature", "properties": { "name": "ایستگاه مترو صادقیه", "name:en": "Sadeghiyeh metro station", "railway": "station", "ele": null, "operator:type": null, "layer": null, "addr:full": null, "addr:city": null, "source": null, "name:fa": "صادقیه", "osm_id": 5604727197, "osm_type": "nodes" }, "geometry": { "type": "Point", "coordinates": [ 51.3311631, 35.7178504 ] } },
{ "type": "Feature", "properties": { "name": "ایستگاه مترو ارم سبز", "name:en": "Eram-e Sabz", "railway": "station", "ele": null, "operator:type": null, "layer": null, "addr:full": null, "addr:city": null, "source": null, "name:fa": "ارم سبز", "osm_id": 5602579936, "osm_type": "nodes" }, "geometry": { "type": "Point", "coordinates": [ 51.3020416, 35.7175582 ] } },
{ "type": "Feature", "properties": { "name": "ایستگاه مترو محمد شهر", "name:en": "Mohammad Shahr", "railway": "station", "ele": null, "operator:type": null, "layer": null, "addr:full": null, "addr:city": null, "source": null, "name:fa": "محمد شهر", "osm_id": 5607262986, "osm_type": "nodes" }, "geometry": { "type": "Point", "coordinates": [ 50.9649204, 35.8023357 ] } },
{ "type": "Feature", "properties": { "name": "ایستگاه مترو گرمدره", "name:en": "Garmdarreh metro station", "railway": "station", "ele": null, "operator:type": null, "layer": null, "addr:full": null, "addr:city": null, "source": null, "name:fa": "گرمدره", "osm_id": 5606659846, "osm_type": "nodes" }, "geometry": { "type": "Point", "coordinates": [ 51.081807, 35.7517846 ] } },
{ "type": "Feature", "properties": { "name": "ایستگاه مترو کرج", "name:en": "Karaj", "railway": "station", "ele": null, "operator:type": null, "layer": null, "addr:full": null, "addr:city": null, "source": null, "name:fa": "کرج", "osm_id": 5607263132, "osm_type": "nodes" }, "geometry": { "type": "Point", "coordinates": [ 51.0025585, 35.786678 ] } },
{ "type": "Feature", "properties": { "name": "بوستان ریحانه", "name:en": "Bustan-e Reyhaneh", "railway": "station", "ele": null, "operator:type": null, "layer": null, "addr:full": null, "addr:city": null, "source": null, "name:fa": null, "osm_id": 5849418653, "osm_type": "nodes" }, "geometry": { "type": "Point", "coordinates": [ 59.6235739, 36.2433798 ] } },
{ "type": "Feature", "properties": { "name": "طالقانی", "name:en": "Taleghani", "railway": "station", "ele": null, "operator:type": null, "layer": null, "addr:full": null, "addr:city": null, "source": null, "name:fa": null, "osm_id": 5849418886, "osm_type": "nodes" }, "geometry": { "type": "Point", "coordinates": [ 59.5730131, 36.2971706 ] } },
{ "type": "Feature", "properties": { "name": "پیام", "name:en": "Payam", "railway": "station", "ele": null, "operator:type": null, "layer": null, "addr:full": null, "addr:city": null, "source": null, "name:fa": null, "osm_id": 5978908224, "osm_type": "nodes" }, "geometry": { "type": "Point", "coordinates": [ 45.800174, 38.3497246 ] } },
{ "type": "Feature", "properties": { "name": "Dərəşam", "name:en": null, "railway": "station", "ele": null, "operator:type": null, "layer": null, "addr:full": null, "addr:city": null, "source": null, "name:fa": null, "osm_id": 3082845837, "osm_type": "nodes" }, "geometry": { "type": "Point", "coordinates": [ 45.5154997, 38.9766416 ] } },
{ "type": "Feature", "properties": { "name": "توقفگاه باقرآباد", "name:en": "Bagher Abad", "railway": "station", "ele": null, "operator:type": null, "layer": null, "addr:full": null, "addr:city": null, "source": null, "name:fa": null, "osm_id": 6025233370, "osm_type": "nodes" }, "geometry": { "type": "Point", "coordinates": [ 51.5837422, 35.4032466 ] } },
{ "type": "Feature", "properties": { "name": "نمکزار-طبس", "name:en": "Namakzar Tabas", "railway": "station", "ele": null, "operator:type": null, "layer": null, "addr:full": null, "addr:city": null, "source": null, "name:fa": null, "osm_id": 7930487224, "osm_type": "nodes" }, "geometry": { "type": "Point", "coordinates": [ 56.7470308, 33.4227491 ] } },
{ "type": "Feature", "properties": { "name": "ایستگاه مترو میدان شهدا", "name:en": "Meydan-e Shohada metro station", "railway": "station", "ele": null, "operator:type": null, "layer": null, "addr:full": null, "addr:city": null, "source": null, "name:fa": "میدان شهدا", "osm_id": 6390530109, "osm_type": "nodes" }, "geometry": { "type": "Point", "coordinates": [ 51.44742, 35.690092 ] } },
{ "type": "Feature", "properties": { "name": "ایستگاه مترو بعثت", "name:en": "Be'sat Metro Station", "railway": "station", "ele": null, "operator:type": null, "layer": null, "addr:full": null, "addr:city": null, "source": null, "name:fa": "بعثت", "osm_id": 6444462277, "osm_type": "nodes" }, "geometry": { "type": "Point", "coordinates": [ 51.4445887, 35.6448382 ] } },
{ "type": "Feature", "properties": { "name": "ایستگاه راه آهن کالمند", "name:en": "Kalmand Railway Station", "railway": "station", "ele": null, "operator:type": null, "layer": null, "addr:full": null, "addr:city": null, "source": null, "name:fa": null, "osm_id": 8960554744, "osm_type": "nodes" }, "geometry": { "type": "Point", "coordinates": [ 54.5956255, 31.3209575 ] } },
{ "type": "Feature", "properties": { "name": "ابردژ", "name:en": "Abardej", "railway": "station", "ele": null, "operator:type": null, "layer": null, "addr:full": null, "addr:city": null, "source": null, "name:fa": null, "osm_id": 6535044505, "osm_type": "nodes" }, "geometry": { "type": "Point", "coordinates": [ 51.8015375, 35.2053441 ] } },
{ "type": "Feature", "properties": { "name": "مرند", "name:en": "Marand", "railway": "station", "ele": null, "operator:type": null, "layer": null, "addr:full": null, "addr:city": null, "source": null, "name:fa": null, "osm_id": 6534887564, "osm_type": "nodes" }, "geometry": { "type": "Point", "coordinates": [ 45.7936126, 38.4367223 ] } },
{ "type": "Feature", "properties": { "name": "ایستگاه راه آهن سمنگان", "name:en": "Samangan", "railway": "station", "ele": null, "operator:type": null, "layer": null, "addr:full": null, "addr:city": null, "source": null, "name:fa": null, "osm_id": 703788388, "osm_type": "nodes" }, "geometry": { "type": "Point", "coordinates": [ 49.5604362, 34.0157662 ] } },
{ "type": "Feature", "properties": { "name": "ایستگاه راه آهن پیشوا", "name:en": "Pishva", "railway": "station", "ele": null, "operator:type": null, "layer": null, "addr:full": null, "addr:city": null, "source": null, "name:fa": null, "osm_id": 6867095014, "osm_type": "nodes" }, "geometry": { "type": "Point", "coordinates": [ 51.7211808, 35.2898205 ] } },
{ "type": "Feature", "properties": { "name": "توقفگاه قرچک", "name:en": "Qarchak", "railway": "station", "ele": null, "operator:type": null, "layer": null, "addr:full": null, "addr:city": null, "source": null, "name:fa": null, "osm_id": 6875973189, "osm_type": "nodes" }, "geometry": { "type": "Point", "coordinates": [ 51.5655016, 35.4285271 ] } },
{ "type": "Feature", "properties": { "name": "نقلان", "name:en": "Neghlan", "railway": "station", "ele": null, "operator:type": null, "layer": null, "addr:full": null, "addr:city": null, "source": null, "name:fa": null, "osm_id": 7025667201, "osm_type": "nodes" }, "geometry": { "type": "Point", "coordinates": [ 47.5759265, 37.5517417 ] } },
{ "type": "Feature", "properties": { "name": "شهید حمید موسوی", "name:en": "Hamid Moussavi", "railway": "station", "ele": null, "operator:type": null, "layer": null, "addr:full": null, "addr:city": null, "source": null, "name:fa": null, "osm_id": 7954921875, "osm_type": "nodes" }, "geometry": { "type": "Point", "coordinates": [ 48.3042119, 31.1311634 ] } },
{ "type": "Feature", "properties": { "name": "کارون", "name:en": "Karun", "railway": "station", "ele": null, "operator:type": null, "layer": null, "addr:full": null, "addr:city": null, "source": null, "name:fa": "کارون", "osm_id": 7955005752, "osm_type": "nodes" }, "geometry": { "type": "Point", "coordinates": [ 48.6980474, 31.3200999 ] } },
{ "type": "Feature", "properties": { "name": "ایستگاه راه آهن خرمشهر", "name:en": "Khorramshahr", "railway": "station", "ele": null, "operator:type": null, "layer": null, "addr:full": null, "addr:city": null, "source": null, "name:fa": "ایستگاه راه آهن خرمشهر", "osm_id": 7954933890, "osm_type": "nodes" }, "geometry": { "type": "Point", "coordinates": [ 48.1627965, 30.4473557 ] } },
{ "type": "Feature", "properties": { "name": "حسينيه", "name:en": "Hoseyniyeh", "railway": "station", "ele": null, "operator:type": null, "layer": null, "addr:full": null, "addr:city": null, "source": null, "name:fa": null, "osm_id": 7954940515, "osm_type": "nodes" }, "geometry": { "type": "Point", "coordinates": [ 48.1855289, 30.8076688 ] } },
{ "type": "Feature", "properties": { "name": "ایستگاه راه آهن زاهدان", "name:en": "Zahedan Railway Station", "railway": "station", "ele": null, "operator:type": null, "layer": null, "addr:full": null, "addr:city": null, "source": null, "name:fa": null, "osm_id": 7991945731, "osm_type": "nodes" }, "geometry": { "type": "Point", "coordinates": [ 60.8740935, 29.4802494 ] } },
{ "type": "Feature", "properties": { "name": "ایستگاه راه آهن خان محمد چاہ", "name:en": "Khan Muhammad Chah", "railway": "station", "ele": null, "operator:type": null, "layer": null, "addr:full": null, "addr:city": "خان محمد چاہ", "source": null, "name:fa": null, "osm_id": 7991978803, "osm_type": "nodes" }, "geometry": { "type": "Point", "coordinates": [ 61.2012767, 29.2659407 ] } },
{ "type": "Feature", "properties": { "name": "ایستگاه راه آهن میرجاوه", "name:en": "Mirjaveh", "railway": "station", "ele": null, "operator:type": null, "layer": null, "addr:full": null, "addr:city": null, "source": null, "name:fa": null, "osm_id": 7991978841, "osm_type": "nodes" }, "geometry": { "type": "Point", "coordinates": [ 61.4519781, 29.0220918 ] } },
{ "type": "Feature", "properties": { "name": "صوفیان", "name:en": "Sufian", "railway": "station", "ele": null, "operator:type": null, "layer": null, "addr:full": null, "addr:city": null, "source": null, "name:fa": null, "osm_id": 8075174696, "osm_type": "nodes" }, "geometry": { "type": "Point", "coordinates": [ 46.0026595, 38.2730164 ] } },
{ "type": "Feature", "properties": { "name": "ایستگاه راه آهن سبز ارباط", "name:en": "sabz railway station", "railway": "station", "ele": null, "operator:type": null, "layer": null, "addr:full": null, "addr:city": null, "source": null, "name:fa": null, "osm_id": 11821653433, "osm_type": "nodes" }, "geometry": { "type": "Point", "coordinates": [ 47.8046476, 37.4319097 ] } },
{ "type": "Feature", "properties": { "name": "هرزند", "name:en": "Harzand", "railway": "station", "ele": null, "operator:type": null, "layer": null, "addr:full": null, "addr:city": null, "source": null, "name:fa": null, "osm_id": 8421323596, "osm_type": "nodes" }, "geometry": { "type": "Point", "coordinates": [ 45.6934395, 38.6261224 ] } },
{ "type": "Feature", "properties": { "name": "عباسی", "name:en": "Abbasi", "railway": "station", "ele": null, "operator:type": null, "layer": null, "addr:full": null, "addr:city": null, "source": null, "name:fa": null, "osm_id": 8422353442, "osm_type": "nodes" }, "geometry": { "type": "Point", "coordinates": [ 46.0835494, 38.0112563 ] } },
{ "type": "Feature", "properties": { "name": "کویر", "name:en": "Kavir", "railway": "station", "ele": null, "operator:type": null, "layer": null, "addr:full": null, "addr:city": null, "source": null, "name:fa": null, "osm_id": 8410168398, "osm_type": "nodes" }, "geometry": { "type": "Point", "coordinates": [ 52.039072, 35.1640425 ] } },
{ "type": "Feature", "properties": { "name": "ایستگاه راه آهن شرفخانه", "name:en": "Sharafkhaneh", "railway": "station", "ele": null, "operator:type": null, "layer": null, "addr:full": null, "addr:city": null, "source": null, "name:fa": null, "osm_id": 8412479700, "osm_type": "nodes" }, "geometry": { "type": "Point", "coordinates": [ 45.4855389, 38.1678102 ] } },
{ "type": "Feature", "properties": { "name": "ایستگاه راه آهن سلماس", "name:en": "Salmas", "railway": "station", "ele": null, "operator:type": null, "layer": null, "addr:full": null, "addr:city": null, "source": null, "name:fa": null, "osm_id": 8412572618, "osm_type": "nodes" }, "geometry": { "type": "Point", "coordinates": [ 44.8265925, 38.3302239 ] } },
{ "type": "Feature", "properties": { "name": "ایستگاه قطار گرگر", "name:en": "Gargar", "railway": "station", "ele": null, "operator:type": null, "layer": null, "addr:full": null, "addr:city": null, "source": null, "name:fa": null, "osm_id": 8421380750, "osm_type": "nodes" }, "geometry": { "type": "Point", "coordinates": [ 45.6332521, 38.8318205 ] } },
{ "type": "Feature", "properties": { "name": "سهلان", "name:en": "Sahlan", "railway": "station", "ele": null, "operator:type": null, "layer": null, "addr:full": null, "addr:city": null, "source": null, "name:fa": null, "osm_id": 8412372281, "osm_type": "nodes" }, "geometry": { "type": "Point", "coordinates": [ 46.097973, 38.1973266 ] } },
{ "type": "Feature", "properties": { "name": "ایستگاه راه آهن دیزج خلیل", "name:en": "Dizaj Khalil", "railway": "station", "ele": null, "operator:type": null, "layer": null, "addr:full": null, "addr:city": null, "source": null, "name:fa": null, "osm_id": 8412392478, "osm_type": "nodes" }, "geometry": { "type": "Point", "coordinates": [ 45.74921, 38.143506 ] } },
{ "type": "Feature", "properties": { "name": "چشمه کنان", "name:en": "Cheshmeh Kenan", "railway": "station", "ele": null, "operator:type": null, "layer": null, "addr:full": null, "addr:city": null, "source": null, "name:fa": null, "osm_id": 8412518423, "osm_type": "nodes" }, "geometry": { "type": "Point", "coordinates": [ 45.1190941, 38.2869976 ] } },
{ "type": "Feature", "properties": { "name": "بندر امام خمینی", "name:en": "Sarbandar", "railway": "station", "ele": null, "operator:type": null, "layer": null, "addr:full": null, "addr:city": null, "source": null, "name:fa": null, "osm_id": 8425504841, "osm_type": "nodes" }, "geometry": { "type": "Point", "coordinates": [ 49.068608, 30.5418906 ] } },
{ "type": "Feature", "properties": { "name": "تجرک", "name:en": "Tajarak", "railway": "station", "ele": null, "operator:type": null, "layer": null, "addr:full": null, "addr:city": null, "source": null, "name:fa": "تجرک", "osm_id": 8491234281, "osm_type": "nodes" }, "geometry": { "type": "Point", "coordinates": [ 49.3043688, 35.1159957 ] } },
{ "type": "Feature", "properties": { "name": "میدان امام حسین", "name:en": "Meydan-e Emam Hossein", "railway": "station", "ele": null, "operator:type": null, "layer": null, "addr:full": null, "addr:city": null, "source": null, "name:fa": null, "osm_id": 8488079107, "osm_type": "nodes" }, "geometry": { "type": "Point", "coordinates": [ 46.2479398, 38.0564401 ] } },
{ "type": "Feature", "properties": { "name": "جعفرلو", "name:en": "Jafarlou", "railway": "station", "ele": null, "operator:type": null, "layer": null, "addr:full": null, "addr:city": null, "source": null, "name:fa": null, "osm_id": 12120749193, "osm_type": "nodes" }, "geometry": { "type": "Point", "coordinates": [ 48.380575, 37.9085373 ] } },
{ "type": "Feature", "properties": { "name": "ایستگاه مترو مرزداران", "name:en": "Marzdaran Metro Station", "railway": "station", "ele": null, "operator:type": null, "layer": null, "addr:full": null, "addr:city": null, "source": null, "name:fa": "مرزداران", "osm_id": 8890549263, "osm_type": "nodes" }, "geometry": { "type": "Point", "coordinates": [ 51.3594728, 35.7344246 ] } },
{ "type": "Feature", "properties": { "name": "شیرین سو", "name:en": "Shirin Su", "railway": "station", "ele": null, "operator:type": null, "layer": null, "addr:full": null, "addr:city": null, "source": null, "name:fa": null, "osm_id": 7131411632, "osm_type": "nodes" }, "geometry": { "type": "Point", "coordinates": [ 49.5019488, 36.4026702 ] } },
{ "type": "Feature", "properties": { "name": "ایستگاه راه آهن خاوران", "name:en": "Khavaran", "railway": "station", "ele": null, "operator:type": null, "layer": null, "addr:full": null, "addr:city": null, "source": null, "name:fa": null, "osm_id": 9193277326, "osm_type": "nodes" }, "geometry": { "type": "Point", "coordinates": [ 46.4138849, 38.0040211 ] } },
{ "type": "Feature", "properties": { "name": "ایستگاه کشور", "name:en": null, "railway": "station", "ele": null, "operator:type": null, "layer": null, "addr:full": null, "addr:city": null, "source": null, "name:fa": null, "osm_id": 703775750, "osm_type": "nodes" }, "geometry": { "type": "Point", "coordinates": [ 48.6435465, 33.1352757 ] } },
{ "type": "Feature", "properties": { "name": "ابستگاه راه آهن رستمکلا", "name:en": "Rostamkola", "railway": "station", "ele": null, "operator:type": null, "layer": null, "addr:full": null, "addr:city": null, "source": null, "name:fa": null, "osm_id": 11752239419, "osm_type": "nodes" }, "geometry": { "type": "Point", "coordinates": [ 53.4123725, 36.6871843 ] } },
{ "type": "Feature", "properties": { "name": "فیروزکوه", "name:en": "Firuzkuh", "railway": "station", "ele": null, "operator:type": null, "layer": null, "addr:full": null, "addr:city": null, "source": null, "name:fa": null, "osm_id": 7819484419, "osm_type": "nodes" }, "geometry": { "type": "Point", "coordinates": [ 52.7750412, 35.7497938 ] } },
{ "type": "Feature", "properties": { "name": "ایستگاه مترو شهید ستاری", "name:en": "Shahid Sattari Metro Station", "railway": "station", "ele": null, "operator:type": null, "layer": null, "addr:full": null, "addr:city": null, "source": null, "name:fa": "شهید ستاری", "osm_id": 10235224668, "osm_type": "nodes" }, "geometry": { "type": "Point", "coordinates": [ 51.3199678, 35.7369271 ] } },
{ "type": "Feature", "properties": { "name": "ایستگاه راه آهن میانه", "name:en": "Miyaneh", "railway": "station", "ele": null, "operator:type": null, "layer": null, "addr:full": null, "addr:city": null, "source": null, "name:fa": null, "osm_id": 10556462822, "osm_type": "nodes" }, "geometry": { "type": "Point", "coordinates": [ 47.7392399, 37.3827996 ] } },
{ "type": "Feature", "properties": { "name": "جیگولی", "name:en": null, "railway": "station", "ele": null, "operator:type": null, "layer": null, "addr:full": null, "addr:city": null, "source": null, "name:fa": null, "osm_id": 1880561009, "osm_type": "nodes" }, "geometry": { "type": "Point", "coordinates": [ 60.7902616, 29.3114396 ] } },
{ "type": "Feature", "properties": { "name": "ایستگاه راه‌آهن شرکت نفت", "name:en": null, "railway": "station", "ele": null, "operator:type": null, "layer": null, "addr:full": null, "addr:city": null, "source": null, "name:fa": null, "osm_id": 5953983807, "osm_type": "nodes" }, "geometry": { "type": "Point", "coordinates": [ 60.8253847, 29.4010644 ] } },
{ "type": "Feature", "properties": { "name": "جزین", "name:en": "Jazin", "railway": "station", "ele": null, "operator:type": null, "layer": null, "addr:full": null, "addr:city": null, "source": null, "name:fa": null, "osm_id": 11062935202, "osm_type": "nodes" }, "geometry": { "type": "Point", "coordinates": [ 57.6381393, 34.4152143 ] } },
{ "type": "Feature", "properties": { "name": "ایستگاه مترو کارگر", "name:en": "Kargar Metro Station", "railway": "station", "ele": null, "operator:type": null, "layer": null, "addr:full": null, "addr:city": null, "source": null, "name:fa": "کارگر", "osm_id": 10746895093, "osm_type": "nodes" }, "geometry": { "type": "Point", "coordinates": [ 51.3895579, 35.7149533 ] } },
{ "type": "Feature", "properties": { "name": "ایستگاه متروی بهار شیراز", "name:en": "Bahar Shiraz Metro Station", "railway": "station", "ele": null, "operator:type": null, "layer": null, "addr:full": null, "addr:city": null, "source": null, "name:fa": "بهار شیراز", "osm_id": 10759924012, "osm_type": "nodes" }, "geometry": { "type": "Point", "coordinates": [ 51.4397861, 35.71564 ] } },
{ "type": "Feature", "properties": { "name": "ایستگاه مترو شهدای کن", "name:en": "Shohada-ye Kan Metro Station", "railway": "station", "ele": null, "operator:type": null, "layer": null, "addr:full": null, "addr:city": null, "source": null, "name:fa": "شهدای کن", "osm_id": 10761286147, "osm_type": "nodes" }, "geometry": { "type": "Point", "coordinates": [ 51.2839432, 35.7632103 ] } },
{ "type": "Feature", "properties": { "name": "ایستگاه مترو میدان حضرت ولیعصر", "name:en": "Hazrat Vali-e Asr Square Metro Station", "railway": "station", "ele": null, "operator:type": null, "layer": null, "addr:full": null, "addr:city": null, "source": null, "name:fa": "میدان حضرت ولیعصر", "osm_id": 10760685493, "osm_type": "nodes" }, "geometry": { "type": "Point", "coordinates": [ 51.4070003, 35.7115655 ] } },
{ "type": "Feature", "properties": { "name": "سفیددشت", "name:en": "Sefiddasht", "railway": "station", "ele": null, "operator:type": null, "layer": null, "addr:full": null, "addr:city": null, "source": null, "name:fa": null, "osm_id": 7787930028, "osm_type": "nodes" }, "geometry": { "type": "Point", "coordinates": [ 51.2058027, 32.1715391 ] } },
{ "type": "Feature", "properties": { "name": "بم", "name:en": "Bam", "railway": "station", "ele": null, "operator:type": null, "layer": null, "addr:full": null, "addr:city": null, "source": null, "name:fa": "بم", "osm_id": 4383533077, "osm_type": "nodes" }, "geometry": { "type": "Point", "coordinates": [ 58.3520593, 29.0333292 ] } },
{ "type": "Feature", "properties": { "name": "ایستگاه راه آهن سعادت شهر", "name:en": "Saadatshahr", "railway": "station", "ele": null, "operator:type": null, "layer": null, "addr:full": null, "addr:city": null, "source": null, "name:fa": null, "osm_id": 7786409713, "osm_type": "nodes" }, "geometry": { "type": "Point", "coordinates": [ 53.0942238, 30.1053415 ] } },
{ "type": "Feature", "properties": { "name": "ورزنه", "name:en": "Varzaneh", "railway": "station", "ele": null, "operator:type": null, "layer": null, "addr:full": null, "addr:city": null, "source": null, "name:fa": null, "osm_id": 7786409743, "osm_type": "nodes" }, "geometry": { "type": "Point", "coordinates": [ 52.6070642, 32.569614 ] } },
{ "type": "Feature", "properties": { "name": "ایستگاه راه آهن رشت", "name:en": "Rasht", "railway": "station", "ele": null, "operator:type": null, "layer": null, "addr:full": null, "addr:city": "Rasht", "source": null, "name:fa": null, "osm_id": 5977726455, "osm_type": "nodes" }, "geometry": { "type": "Point", "coordinates": [ 49.5635372, 37.204137 ] } },
{ "type": "Feature", "properties": { "name": "ایستگاه راه آهن گل تپه", "name:en": "Gol Tepe railway station", "railway": "station", "ele": null, "operator:type": null, "layer": null, "addr:full": null, "addr:city": "گل تپه", "source": null, "name:fa": null, "osm_id": 694340800, "osm_type": "nodes" }, "geometry": { "type": "Point", "coordinates": [ 46.406618, 37.2942145 ] } },
{ "type": "Feature", "properties": { "name": "ایستگاه راه آهن مراغه", "name:en": "Maragheh railway station", "railway": "station", "ele": null, "operator:type": null, "layer": null, "addr:full": null, "addr:city": null, "source": null, "name:fa": null, "osm_id": 1997761041, "osm_type": "nodes" }, "geometry": { "type": "Point", "coordinates": [ 46.2341012, 37.3796321 ] } },
{ "type": "Feature", "properties": { "name": "شیرین بلاغ", "name:en": null, "railway": "station", "ele": null, "operator:type": null, "layer": null, "addr:full": null, "addr:city": null, "source": null, "name:fa": null, "osm_id": 8418713826, "osm_type": "nodes" }, "geometry": { "type": "Point", "coordinates": [ 45.4258244, 37.1496663 ] } },
{ "type": "Feature", "properties": { "name": "رشکان", "name:en": "Rashkan", "railway": "station", "ele": null, "operator:type": null, "layer": null, "addr:full": null, "addr:city": null, "source": null, "name:fa": null, "osm_id": 8419179681, "osm_type": "nodes" }, "geometry": { "type": "Point", "coordinates": [ 45.289479, 37.3387256 ] } },
{ "type": "Feature", "properties": { "name": "بابک", "name:en": "Babak", "railway": "station", "ele": null, "operator:type": null, "layer": null, "addr:full": null, "addr:city": null, "source": null, "name:fa": null, "osm_id": 694341295, "osm_type": "nodes" }, "geometry": { "type": "Point", "coordinates": [ 47.2625921, 37.3521436 ] } },
{ "type": "Feature", "properties": { "name": "قره داغی", "name:en": "Qranqv", "railway": "station", "ele": null, "operator:type": null, "layer": null, "addr:full": null, "addr:city": null, "source": null, "name:fa": null, "osm_id": 2018396552, "osm_type": "nodes" }, "geometry": { "type": "Point", "coordinates": [ 47.5753536, 37.3919015 ] } },
{ "type": "Feature", "properties": { "name": "ایستگاه راه آهن سولدوز (نقده)", "name:en": "Soldoz railway station", "railway": "station", "ele": null, "operator:type": null, "layer": null, "addr:full": null, "addr:city": "سولدوز", "source": null, "name:fa": null, "osm_id": 8418713855, "osm_type": "nodes" }, "geometry": { "type": "Point", "coordinates": [ 45.4883169, 36.9592521 ] } },
{ "type": "Feature", "properties": { "name": "قزقلعه", "name:en": "Qez Qaleh", "railway": "station", "ele": null, "operator:type": null, "layer": null, "addr:full": null, "addr:city": null, "source": null, "name:fa": null, "osm_id": 4901693877, "osm_type": "nodes" }, "geometry": { "type": "Point", "coordinates": [ 45.8868956, 36.9950122 ] } },
{ "type": "Feature", "properties": { "name": "بسیج", "name:en": "Basij", "railway": "station", "ele": null, "operator:type": null, "layer": null, "addr:full": null, "addr:city": null, "source": null, "name:fa": "بسیج", "osm_id": 11362701839, "osm_type": "nodes" }, "geometry": { "type": "Point", "coordinates": [ 52.5158273, 29.6039128 ] } },
{ "type": "Feature", "properties": { "name": "قهرمانان", "name:en": "Ghahramanan", "railway": "station", "ele": null, "operator:type": null, "layer": null, "addr:full": null, "addr:city": null, "source": null, "name:fa": null, "osm_id": 11362701858, "osm_type": "nodes" }, "geometry": { "type": "Point", "coordinates": [ 52.4965036, 29.5701791 ] } },
{ "type": "Feature", "properties": { "name": "ایستگاه مترو فرودگاه مهرآباد ترمینال‌های ۴ و ۶", "name:en": "Mehrabad Airport Terminals 4 & 6 Metro Station", "railway": "station", "ele": null, "operator:type": null, "layer": null, "addr:full": null, "addr:city": null, "source": null, "name:fa": "فرودگاه مهرآباد ترمینال‌های ۴ و ۶", "osm_id": 11417054143, "osm_type": "nodes" }, "geometry": { "type": "Point", "coordinates": [ 51.3304485, 35.6890644 ] } },
{ "type": "Feature", "properties": { "name": "ایستگاه مترو فرودگاه مهرآباد ترمینال‌های ۱ و ۲", "name:en": "Mehrabad Airport Terminals 1 & 2 Metro Station", "railway": "station", "ele": null, "operator:type": null, "layer": null, "addr:full": null, "addr:city": null, "source": null, "name:fa": "فرودگاه مهرآباد ترمینال‌های ۱ و ۲", "osm_id": 11417054161, "osm_type": "nodes" }, "geometry": { "type": "Point", "coordinates": [ 51.3251037, 35.69316 ] } },
{ "type": "Feature", "properties": { "name": "شیخ صفی", "name:en": "Sheikh Safi", "railway": "station", "ele": null, "operator:type": null, "layer": null, "addr:full": null, "addr:city": null, "source": null, "name:fa": null, "osm_id": 2018396551, "osm_type": "nodes" }, "geometry": { "type": "Point", "coordinates": [ 47.4253279, 37.3462537 ] } },
{ "type": "Feature", "properties": { "name": "ایستگاه راه آهن مهرداد", "name:en": null, "railway": "station", "ele": null, "operator:type": null, "layer": null, "addr:full": null, "addr:city": null, "source": null, "name:fa": null, "osm_id": 3751301481, "osm_type": "nodes" }, "geometry": { "type": "Point", "coordinates": [ 55.0813531, 31.7129188 ] } },
{ "type": "Feature", "properties": { "name": "ایستگاه راه آهن تبرکوه", "name:en": null, "railway": "station", "ele": null, "operator:type": null, "layer": null, "addr:full": null, "addr:city": null, "source": null, "name:fa": null, "osm_id": 6367921786, "osm_type": "nodes" }, "geometry": { "type": "Point", "coordinates": [ 54.9299775, 31.7481702 ] } },
{ "type": "Feature", "properties": { "name": "خطیب شمالی", "name:en": "Khatib-e Shomali", "railway": "station", "ele": null, "operator:type": null, "layer": null, "addr:full": null, "addr:city": null, "source": null, "name:fa": null, "osm_id": 7723701875, "osm_type": "nodes" }, "geometry": { "type": "Point", "coordinates": [ 46.2440856, 38.0854125 ] } },
{ "type": "Feature", "properties": { "name": "قراملک", "name:en": "Qaramalek", "railway": "station", "ele": null, "operator:type": null, "layer": null, "addr:full": null, "addr:city": null, "source": null, "name:fa": null, "osm_id": 7723701849, "osm_type": "nodes" }, "geometry": { "type": "Point", "coordinates": [ 46.2229702, 38.0903785 ] } },
{ "type": "Feature", "properties": { "name": "کوچه باغ", "name:en": "Koocheh Bagh", "railway": "station", "ele": null, "operator:type": null, "layer": null, "addr:full": null, "addr:city": null, "source": null, "name:fa": null, "osm_id": 7723701896, "osm_type": "nodes" }, "geometry": { "type": "Point", "coordinates": [ 46.2647823, 38.0812408 ] } },
{ "type": "Feature", "properties": { "name": "ششگلان", "name:en": "Sheshgolan", "railway": "station", "ele": null, "operator:type": null, "layer": null, "addr:full": null, "addr:city": null, "source": null, "name:fa": null, "osm_id": 7723701951, "osm_type": "nodes" }, "geometry": { "type": "Point", "coordinates": [ 46.3085213, 38.0797358 ] } },
{ "type": "Feature", "properties": { "name": "ششگلان", "name:en": "Sheshgolan", "railway": "station", "ele": null, "operator:type": null, "layer": null, "addr:full": null, "addr:city": null, "source": null, "name:fa": null, "osm_id": 7723701958, "osm_type": "nodes" }, "geometry": { "type": "Point", "coordinates": [ 46.3085208, 38.0798364 ] } },
{ "type": "Feature", "properties": { "name": "سیلاب", "name:en": "Seylab", "railway": "station", "ele": null, "operator:type": null, "layer": null, "addr:full": null, "addr:city": null, "source": null, "name:fa": null, "osm_id": 7723701960, "osm_type": "nodes" }, "geometry": { "type": "Point", "coordinates": [ 46.3153095, 38.0793392 ] } },
{ "type": "Feature", "properties": { "name": "باغمیشه", "name:en": "Baghmisheh", "railway": "station", "ele": null, "operator:type": null, "layer": null, "addr:full": null, "addr:city": null, "source": null, "name:fa": null, "osm_id": 7723701965, "osm_type": "nodes" }, "geometry": { "type": "Point", "coordinates": [ 46.3264064, 38.0778975 ] } },
{ "type": "Feature", "properties": { "name": "باغمیشه", "name:en": "Baghmisheh", "railway": "station", "ele": null, "operator:type": null, "layer": null, "addr:full": null, "addr:city": null, "source": null, "name:fa": null, "osm_id": 7723701968, "osm_type": "nodes" }, "geometry": { "type": "Point", "coordinates": [ 46.3264335, 38.0779828 ] } },
{ "type": "Feature", "properties": { "name": "عباسی", "name:en": "Abbasi", "railway": "station", "ele": null, "operator:type": null, "layer": null, "addr:full": null, "addr:city": null, "source": null, "name:fa": null, "osm_id": 7723701970, "osm_type": "nodes" }, "geometry": { "type": "Point", "coordinates": [ 46.3358342, 38.0762854 ] } },
{ "type": "Feature", "properties": { "name": "عباسی", "name:en": "Abbasi", "railway": "station", "ele": null, "operator:type": null, "layer": null, "addr:full": null, "addr:city": null, "source": null, "name:fa": null, "osm_id": 7723701972, "osm_type": "nodes" }, "geometry": { "type": "Point", "coordinates": [ 46.3358432, 38.0763849 ] } },
{ "type": "Feature", "properties": { "name": "توانیر", "name:en": "Tavanir", "railway": "station", "ele": null, "operator:type": null, "layer": null, "addr:full": null, "addr:city": null, "source": null, "name:fa": null, "osm_id": 7723701974, "osm_type": "nodes" }, "geometry": { "type": "Point", "coordinates": [ 46.3451087, 38.075625 ] } },
{ "type": "Feature", "properties": { "name": "توانیر", "name:en": "Tavanir", "railway": "station", "ele": null, "operator:type": null, "layer": null, "addr:full": null, "addr:city": null, "source": null, "name:fa": null, "osm_id": 7723701976, "osm_type": "nodes" }, "geometry": { "type": "Point", "coordinates": [ 46.3451357, 38.0757386 ] } },
{ "type": "Feature", "properties": { "name": "سیابان", "name:en": "Siyaban", "railway": "station", "ele": null, "operator:type": null, "layer": null, "addr:full": null, "addr:city": null, "source": null, "name:fa": null, "osm_id": 7723701986, "osm_type": "nodes" }, "geometry": { "type": "Point", "coordinates": [ 46.3549335, 38.0746662 ] } },
{ "type": "Feature", "properties": { "name": "رشدیه", "name:en": "Roshdiyeh", "railway": "station", "ele": null, "operator:type": null, "layer": null, "addr:full": null, "addr:city": null, "source": null, "name:fa": null, "osm_id": 7723701996, "osm_type": "nodes" }, "geometry": { "type": "Point", "coordinates": [ 46.3647402, 38.0769104 ] } },
{ "type": "Feature", "properties": { "name": "رشدیه", "name:en": "Roshdiyeh", "railway": "station", "ele": null, "operator:type": null, "layer": null, "addr:full": null, "addr:city": null, "source": null, "name:fa": null, "osm_id": 7723702004, "osm_type": "nodes" }, "geometry": { "type": "Point", "coordinates": [ 46.3647312, 38.0769956 ] } },
{ "type": "Feature", "properties": { "name": "فرشته", "name:en": "Fereshteh", "railway": "station", "ele": null, "operator:type": null, "layer": null, "addr:full": null, "addr:city": null, "source": null, "name:fa": null, "osm_id": 7723702013, "osm_type": "nodes" }, "geometry": { "type": "Point", "coordinates": [ 46.3791842, 38.0709233 ] } },
{ "type": "Feature", "properties": { "name": "ابن سینا", "name:en": "Ebne Sina", "railway": "station", "ele": null, "operator:type": null, "layer": null, "addr:full": null, "addr:city": null, "source": null, "name:fa": null, "osm_id": 7090319704, "osm_type": "nodes" }, "geometry": { "type": "Point", "coordinates": [ 51.6873784, 32.6740947 ] } },
{ "type": "Feature", "properties": { "name": "نقش جهان", "name:en": "Naqsh-e Jahan", "railway": "station", "ele": null, "operator:type": null, "layer": null, "addr:full": null, "addr:city": null, "source": null, "name:fa": null, "osm_id": 7694192092, "osm_type": "nodes" }, "geometry": { "type": "Point", "coordinates": [ 51.6840642, 32.6598468 ] } },
{ "type": "Feature", "properties": { "name": "کهندژ", "name:en": "Kohandezh", "railway": "station", "ele": null, "operator:type": null, "layer": null, "addr:full": null, "addr:city": null, "source": null, "name:fa": null, "osm_id": 7694240191, "osm_type": "nodes" }, "geometry": { "type": "Point", "coordinates": [ 51.6385007, 32.6637043 ] } },
{ "type": "Feature", "properties": { "name": "شهرک امام", "name:en": "Shahrak-e Emam", "railway": "station", "ele": null, "operator:type": null, "layer": null, "addr:full": null, "addr:city": null, "source": null, "name:fa": null, "osm_id": 7723701858, "osm_type": "nodes" }, "geometry": { "type": "Point", "coordinates": [ 46.2332599, 38.0889142 ] } },
{ "type": "Feature", "properties": { "name": "قراملک", "name:en": "Qaramalek", "railway": "station", "ele": null, "operator:type": null, "layer": null, "addr:full": null, "addr:city": null, "source": null, "name:fa": null, "osm_id": 7723701871, "osm_type": "nodes" }, "geometry": { "type": "Point", "coordinates": [ 46.2229739, 38.0904799 ] } },
{ "type": "Feature", "properties": { "name": "خطیب شمالی", "name:en": "Khatib-e Shomali", "railway": "station", "ele": null, "operator:type": null, "layer": null, "addr:full": null, "addr:city": null, "source": null, "name:fa": null, "osm_id": 7723701880, "osm_type": "nodes" }, "geometry": { "type": "Point", "coordinates": [ 46.2441506, 38.0854951 ] } },
{ "type": "Feature", "properties": { "name": "آخونی", "name:en": "Akhuni", "railway": "station", "ele": null, "operator:type": null, "layer": null, "addr:full": null, "addr:city": null, "source": null, "name:fa": null, "osm_id": 7723701887, "osm_type": "nodes" }, "geometry": { "type": "Point", "coordinates": [ 46.256161, 38.0817519 ] } },
{ "type": "Feature", "properties": { "name": "کوچه باغ", "name:en": "Koocheh Bagh", "railway": "station", "ele": null, "operator:type": null, "layer": null, "addr:full": null, "addr:city": null, "source": null, "name:fa": null, "osm_id": 7723701888, "osm_type": "nodes" }, "geometry": { "type": "Point", "coordinates": [ 46.2647525, 38.0811574 ] } },
{ "type": "Feature", "properties": { "name": "فرشته", "name:en": "Fereshteh", "railway": "station", "ele": null, "operator:type": null, "layer": null, "addr:full": null, "addr:city": null, "source": null, "name:fa": null, "osm_id": 7723702022, "osm_type": "nodes" }, "geometry": { "type": "Point", "coordinates": [ 46.3792448, 38.0709609 ] } },
{ "type": "Feature", "properties": { "name": "نارمک", "name:en": "Narmak", "railway": "station", "ele": null, "operator:type": null, "layer": null, "addr:full": null, "addr:city": null, "source": null, "name:fa": null, "osm_id": 7723702025, "osm_type": "nodes" }, "geometry": { "type": "Point", "coordinates": [ 46.3880236, 38.0603734 ] } },
{ "type": "Feature", "properties": { "name": "نارمک", "name:en": "Narmak", "railway": "station", "ele": null, "operator:type": null, "layer": null, "addr:full": null, "addr:city": null, "source": null, "name:fa": null, "osm_id": 7723702028, "osm_type": "nodes" }, "geometry": { "type": "Point", "coordinates": [ 46.3881523, 38.0604241 ] } },
{ "type": "Feature", "properties": { "name": "Salamalik", "name:en": null, "railway": "station", "ele": null, "operator:type": null, "layer": null, "addr:full": null, "addr:city": null, "source": null, "name:fa": null, "osm_id": 3963704035, "osm_type": "nodes" }, "geometry": { "type": "Point", "coordinates": [ 46.0751337, 38.8770691 ] } },
{ "type": "Feature", "properties": { "name": "Qarğalıq", "name:en": null, "railway": "station", "ele": null, "operator:type": null, "layer": null, "addr:full": null, "addr:city": null, "source": null, "name:fa": null, "osm_id": 3082856348, "osm_type": "nodes" }, "geometry": { "type": "Point", "coordinates": [ 45.1609149, 39.2675492 ] } },
{ "type": "Feature", "properties": { "name": "Aşağı Aza", "name:en": null, "railway": "station", "ele": null, "operator:type": null, "layer": null, "addr:full": null, "addr:city": null, "source": null, "name:fa": null, "osm_id": 3082841257, "osm_type": "nodes" }, "geometry": { "type": "Point", "coordinates": [ 45.8472341, 38.912185 ] } },
{ "type": "Feature", "properties": { "name": "Nehrəm", "name:en": null, "railway": "station", "ele": null, "operator:type": null, "layer": null, "addr:full": null, "addr:city": null, "source": null, "name:fa": null, "osm_id": 1370907358, "osm_type": "nodes" }, "geometry": { "type": "Point", "coordinates": [ 45.4576586, 39.0510931 ] } },
{ "type": "Feature", "properties": { "name": "Sarahs", "name:en": null, "railway": "station", "ele": null, "operator:type": null, "layer": null, "addr:full": null, "addr:city": "Sarahs", "source": null, "name:fa": "سرخس", "osm_id": 2945785088, "osm_type": "nodes" }, "geometry": { "type": "Point", "coordinates": [ 61.197816, 36.5284568 ] } },
{ "type": "Feature", "properties": { "name": "ایستگاه راه آهن ملایر", "name:en": "Malayer", "railway": "station", "ele": null, "operator:type": null, "layer": null, "addr:full": null, "addr:city": "ملایر", "source": null, "name:fa": null, "osm_id": 4447689890, "osm_type": "nodes" }, "geometry": { "type": "Point", "coordinates": [ 48.8494143, 34.2471938 ] } },
{ "type": "Feature", "properties": { "name": "شکریازی", "name:en": "Shekar Yazi", "railway": "station", "ele": null, "operator:type": null, "layer": null, "addr:full": null, "addr:city": null, "source": null, "name:fa": null, "osm_id": 237583704, "osm_type": "nodes" }, "geometry": { "type": "Point", "coordinates": [ 44.9412087, 38.3023543 ] } },
{ "type": "Feature", "properties": { "name": "سیابان", "name:en": "Siyaban", "railway": "station", "ele": null, "operator:type": null, "layer": null, "addr:full": null, "addr:city": null, "source": null, "name:fa": null, "osm_id": 7723701980, "osm_type": "nodes" }, "geometry": { "type": "Point", "coordinates": [ 46.3548883, 38.074581 ] } },
{ "type": "Feature", "properties": { "name": "سیلاب", "name:en": "Seylab", "railway": "station", "ele": null, "operator:type": null, "layer": null, "addr:full": null, "addr:city": null, "source": null, "name:fa": null, "osm_id": 7723701962, "osm_type": "nodes" }, "geometry": { "type": "Point", "coordinates": [ 46.3153095, 38.0794386 ] } },
{ "type": "Feature", "properties": { "name": "ایستگاه راه آهن تربت", "name:en": "Torbat Railway Station", "railway": "station", "ele": null, "operator:type": null, "layer": null, "addr:full": null, "addr:city": null, "source": null, "name:fa": null, "osm_id": 6479850747, "osm_type": "nodes" }, "geometry": { "type": "Point", "coordinates": [ 59.57481, 35.9576568 ] } },
{ "type": "Feature", "properties": { "name": "ایستگاه راه آهن سبزوار", "name:en": "Sabzevar Railway Station", "railway": "station", "ele": null, "operator:type": null, "layer": null, "addr:full": null, "addr:city": null, "source": null, "name:fa": null, "osm_id": 8371063323, "osm_type": "nodes" }, "geometry": { "type": "Point", "coordinates": [ 58.0815075, 36.4503228 ] } },
{ "type": "Feature", "properties": { "name": "ایستگاه راه آهن فردوس", "name:en": "Ferdows Railway Station", "railway": "station", "ele": null, "operator:type": null, "layer": null, "addr:full": null, "addr:city": null, "source": null, "name:fa": null, "osm_id": 9644182230, "osm_type": "nodes" }, "geometry": { "type": "Point", "coordinates": [ 58.326357, 36.3733112 ] } },
{ "type": "Feature", "properties": { "name": "گوجه منار", "name:en": "Gojeh Menar", "railway": "station", "ele": null, "operator:type": null, "layer": null, "addr:full": null, "addr:city": null, "source": null, "name:fa": null, "osm_id": 12056232522, "osm_type": "nodes" }, "geometry": { "type": "Point", "coordinates": [ 49.5213462, 35.1063032 ] } },
{ "type": "Feature", "properties": { "name": "کوریجان", "name:en": "Kurijan", "railway": "station", "ele": null, "operator:type": null, "layer": null, "addr:full": null, "addr:city": null, "source": null, "name:fa": null, "osm_id": 12056262980, "osm_type": "nodes" }, "geometry": { "type": "Point", "coordinates": [ 48.7018993, 35.0233102 ] } },
{ "type": "Feature", "properties": { "name": "امیر آباد", "name:en": "Amirabad", "railway": "station", "ele": null, "operator:type": null, "layer": null, "addr:full": null, "addr:city": null, "source": null, "name:fa": "امیرآباد", "osm_id": 12056284578, "osm_type": "nodes" }, "geometry": { "type": "Point", "coordinates": [ 49.0825325, 35.0714537 ] } },
{ "type": "Feature", "properties": { "name": "ایستگاه سمیه", "name:en": null, "railway": "station", "ele": null, "operator:type": null, "layer": null, "addr:full": null, "addr:city": null, "source": null, "name:fa": null, "osm_id": 703789184, "osm_type": "nodes" }, "geometry": { "type": "Point", "coordinates": [ 49.4575494, 33.6800884 ] } },
{ "type": "Feature", "properties": { "name": "رازقین", "name:en": "Razghin", "railway": "station", "ele": null, "operator:type": null, "layer": null, "addr:full": null, "addr:city": null, "source": null, "name:fa": null, "osm_id": 12056856718, "osm_type": "nodes" }, "geometry": { "type": "Point", "coordinates": [ 50.0448329, 35.1079003 ] } },
{ "type": "Feature", "properties": { "name": "فامنین", "name:en": "Famenin", "railway": "station", "ele": null, "operator:type": null, "layer": null, "addr:full": null, "addr:city": null, "source": null, "name:fa": null, "osm_id": 12056904722, "osm_type": "nodes" }, "geometry": { "type": "Point", "coordinates": [ 48.9163899, 35.0509106 ] } },
{ "type": "Feature", "properties": { "name": "آخونی", "name:en": "Akhuni", "railway": "station", "ele": null, "operator:type": null, "layer": null, "addr:full": null, "addr:city": null, "source": null, "name:fa": null, "osm_id": 7723701895, "osm_type": "nodes" }, "geometry": { "type": "Point", "coordinates": [ 46.2561641, 38.0818141 ] } },
{ "type": "Feature", "properties": { "name": "سرچم", "name:en": "Sr Chem", "railway": "station", "ele": null, "operator:type": null, "layer": null, "addr:full": null, "addr:city": null, "source": null, "name:fa": null, "osm_id": 691707593, "osm_type": "nodes" }, "geometry": { "type": "Point", "coordinates": [ 47.964188, 37.071325 ] } },
{ "type": "Feature", "properties": { "name": "آذرپی", "name:en": "Adr Pey", "railway": "station", "ele": null, "operator:type": null, "layer": null, "addr:full": null, "addr:city": null, "source": null, "name:fa": null, "osm_id": 691707415, "osm_type": "nodes" }, "geometry": { "type": "Point", "coordinates": [ 48.1069458, 36.9642046 ] } },
{ "type": "Feature", "properties": { "name": "خراسانلو - خراسانک", "name:en": "Khorasanak", "railway": "station", "ele": null, "operator:type": null, "layer": null, "addr:full": null, "addr:city": null, "source": null, "name:fa": null, "osm_id": 694341186, "osm_type": "nodes" }, "geometry": { "type": "Point", "coordinates": [ 47.1126627, 37.3813719 ] } },
{ "type": "Feature", "properties": { "name": null, "name:en": null, "railway": "station", "ele": null, "operator:type": null, "layer": null, "addr:full": null, "addr:city": null, "source": null, "name:fa": null, "osm_id": 12912155013, "osm_type": "nodes" }, "geometry": { "type": "Point", "coordinates": [ 59.595854, 36.2808986 ] } },
{ "type": "Feature", "properties": { "name": "بالارود", "name:en": "Balarud", "railway": "station", "ele": null, "operator:type": null, "layer": null, "addr:full": null, "addr:city": null, "source": null, "name:fa": null, "osm_id": 8568609363, "osm_type": "nodes" }, "geometry": { "type": "Point", "coordinates": [ 48.3683932, 32.7141463 ] } },
{ "type": "Feature", "properties": { "name": "فضیلت", "name:en": "Fazilat", "railway": "station", "ele": null, "operator:type": null, "layer": null, "addr:full": null, "addr:city": null, "source": null, "name:fa": null, "osm_id": 13200463967, "osm_type": "nodes" }, "geometry": { "type": "Point", "coordinates": [ 52.5678755, 29.5961373 ] } },
{ "type": "Feature", "properties": { "name": "زندیه", "name:en": "Zandiyeh", "railway": "station", "ele": null, "operator:type": null, "layer": null, "addr:full": null, "addr:city": null, "source": null, "name:fa": null, "osm_id": 13200207828, "osm_type": "nodes" }, "geometry": { "type": "Point", "coordinates": [ 52.540672, 29.6189133 ] } },
{ "type": "Feature", "properties": { "name": "شهید کاوه", "name:en": "Shahid Kaveh", "railway": "station", "ele": null, "operator:type": null, "layer": null, "addr:full": null, "addr:city": null, "source": null, "name:fa": null, "osm_id": 13200210530, "osm_type": "nodes" }, "geometry": { "type": "Point", "coordinates": [ 52.5628918, 29.6029027 ] } },
{ "type": "Feature", "properties": { "name": "چشمه کنان", "name:en": "Cheshmeh Kenan", "railway": "station", "ele": null, "operator:type": null, "layer": null, "addr:full": null, "addr:city": null, "source": null, "name:fa": null, "osm_id": 181308696, "osm_type": "nodes" }, "geometry": { "type": "Point", "coordinates": [ 45.1190954, 38.2869555 ] } },
{ "type": "Feature", "properties": { "name": "اردبیل", "name:en": "Ardabil", "railway": "station", "ele": null, "operator:type": null, "layer": null, "addr:full": null, "addr:city": null, "source": null, "name:fa": null, "osm_id": 11640598269, "osm_type": "nodes" }, "geometry": { "type": "Point", "coordinates": [ 48.3980665, 38.2591285 ] } },
{ "type": "Feature", "properties": { "name": "دکتر شریعتی", "name:en": "Doctor Shari'ati", "railway": "station", "ele": null, "operator:type": null, "layer": null, "addr:full": null, "addr:city": null, "source": null, "name:fa": null, "osm_id": 5161029882, "osm_type": "nodes" }, "geometry": { "type": "Point", "coordinates": [ 52.4650396, 29.6827061 ] } },
{ "type": "Feature", "properties": { "name": "مرزداران", "name:en": "Marzdaran", "railway": "station", "ele": null, "operator:type": null, "layer": null, "addr:full": null, "addr:city": null, "source": null, "name:fa": null, "osm_id": 8411484086, "osm_type": "nodes" }, "geometry": { "type": "Point", "coordinates": [ 60.6114221, 36.1302755 ] } },
{ "type": "Feature", "properties": { "name": "مترو میرزای شیرازی", "name:en": "Mirza-ye Shirazi Metro Station", "railway": "station", "ele": null, "operator:type": null, "layer": null, "addr:full": null, "addr:city": null, "source": null, "name:fa": null, "osm_id": 5161029883, "osm_type": "nodes" }, "geometry": { "type": "Point", "coordinates": [ 52.4736781, 29.6865746 ] } },
{ "type": "Feature", "properties": { "name": "قائمشهر", "name:en": "Qaem Shahr", "railway": "station", "ele": null, "operator:type": null, "layer": null, "addr:full": null, "addr:city": null, "source": null, "name:fa": null, "osm_id": 5164517834, "osm_type": "nodes" }, "geometry": { "type": "Point", "coordinates": [ 52.8631123, 36.4628245 ] } },
{ "type": "Feature", "properties": { "name": "جوین", "name:en": null, "railway": "station", "ele": null, "operator:type": null, "layer": null, "addr:full": null, "addr:city": null, "source": null, "name:fa": null, "osm_id": 6805219938, "osm_type": "nodes" }, "geometry": { "type": "Point", "coordinates": [ 57.1743085, 36.725493 ] } },
{ "type": "Feature", "properties": { "name": "پل سفید", "name:en": "Pol-e Sefid", "railway": "station", "ele": null, "operator:type": null, "layer": null, "addr:full": null, "addr:city": null, "source": null, "name:fa": null, "osm_id": 684209769, "osm_type": "nodes" }, "geometry": { "type": "Point", "coordinates": [ 53.0562359, 36.115112 ] } },
{ "type": "Feature", "properties": { "name": "ایستگاه راه آهن زیراب", "name:en": "Zirab", "railway": "station", "ele": null, "operator:type": null, "layer": null, "addr:full": null, "addr:city": null, "source": null, "name:fa": null, "osm_id": 684207872, "osm_type": "nodes" }, "geometry": { "type": "Point", "coordinates": [ 52.9711112, 36.1769924 ] } },
{ "type": "Feature", "properties": { "name": "شهید خیری پور", "name:en": "Shhyd khyry pewr", "railway": "station", "ele": null, "operator:type": null, "layer": null, "addr:full": null, "addr:city": null, "source": null, "name:fa": null, "osm_id": 4903451120, "osm_type": "nodes" }, "geometry": { "type": "Point", "coordinates": [ 50.6962475, 35.2236079 ] } },
{ "type": "Feature", "properties": { "name": "جمکران", "name:en": "Jamkaran", "railway": "station", "ele": null, "operator:type": null, "layer": null, "addr:full": null, "addr:city": null, "source": null, "name:fa": null, "osm_id": 704366978, "osm_type": "nodes" }, "geometry": { "type": "Point", "coordinates": [ 50.9181547, 34.5971464 ] } },
{ "type": "Feature", "properties": { "name": "گلدانه", "name:en": null, "railway": "station", "ele": null, "operator:type": null, "layer": null, "addr:full": null, "addr:city": null, "source": null, "name:fa": null, "osm_id": 10899295170, "osm_type": "nodes" }, "geometry": { "type": "Point", "coordinates": [ 54.0108725, 32.4766866 ] } },
{ "type": "Feature", "properties": { "name": "شوراب", "name:en": "Shurab", "railway": "station", "ele": null, "operator:type": null, "layer": null, "addr:full": null, "addr:city": null, "source": null, "name:fa": null, "osm_id": 6432416631, "osm_type": "nodes" }, "geometry": { "type": "Point", "coordinates": [ 51.1201676, 34.4503595 ] } },
{ "type": "Feature", "properties": { "name": "ایستگاه راه آهن راه گرد", "name:en": "Rahgurd", "railway": "station", "ele": null, "operator:type": null, "layer": null, "addr:full": null, "addr:city": null, "source": null, "name:fa": null, "osm_id": 703788193, "osm_type": "nodes" }, "geometry": { "type": "Point", "coordinates": [ 50.3377409, 34.3852807 ] } },
{ "type": "Feature", "properties": { "name": "علی آباد", "name:en": "Ali Abad", "railway": "station", "ele": null, "operator:type": null, "layer": null, "addr:full": null, "addr:city": null, "source": null, "name:fa": null, "osm_id": 4903476785, "osm_type": "nodes" }, "geometry": { "type": "Point", "coordinates": [ 51.1710272, 35.265782 ] } },
{ "type": "Feature", "properties": { "name": null, "name:en": null, "railway": "station", "ele": null, "operator:type": null, "layer": null, "addr:full": null, "addr:city": null, "source": null, "name:fa": null, "osm_id": 4198407890, "osm_type": "nodes" }, "geometry": { "type": "Point", "coordinates": [ 52.0911841, 33.042228 ] } },
{ "type": "Feature", "properties": { "name": "سرخ آباد", "name:en": "Sorkhabad", "railway": "station", "ele": null, "operator:type": null, "layer": null, "addr:full": null, "addr:city": null, "source": null, "name:fa": null, "osm_id": 684206722, "osm_type": "nodes" }, "geometry": { "type": "Point", "coordinates": [ 53.0059795, 35.9542665 ] } },
{ "type": "Feature", "properties": { "name": "عقدا", "name:en": "Aqda", "railway": "station", "ele": null, "operator:type": null, "layer": null, "addr:full": null, "addr:city": null, "source": null, "name:fa": null, "osm_id": 10889237571, "osm_type": "nodes" }, "geometry": { "type": "Point", "coordinates": [ 53.6735773, 32.3769918 ] } },
{ "type": "Feature", "properties": { "name": "ایسگاه راه آهن گدوک", "name:en": "Gadok", "railway": "station", "ele": null, "operator:type": null, "layer": null, "addr:full": null, "addr:city": null, "source": null, "name:fa": null, "osm_id": 3220636997, "osm_type": "nodes" }, "geometry": { "type": "Point", "coordinates": [ 52.9172316, 35.8241774 ] } },
{ "type": "Feature", "properties": { "name": "بادرود", "name:en": "Badrood", "railway": "station", "ele": null, "operator:type": null, "layer": null, "addr:full": null, "addr:city": null, "source": null, "name:fa": null, "osm_id": 4384779601, "osm_type": "nodes" }, "geometry": { "type": "Point", "coordinates": [ 52.0321996, 33.6565504 ] } },
{ "type": "Feature", "properties": { "name": "ورسک", "name:en": "Veresk", "railway": "station", "ele": null, "operator:type": null, "layer": null, "addr:full": null, "addr:city": null, "source": null, "name:fa": null, "osm_id": 1815320196, "osm_type": "nodes" }, "geometry": { "type": "Point", "coordinates": [ 52.9857677, 35.9066498 ] } },
{ "type": "Feature", "properties": { "name": "مهاباد", "name:en": "Mahabad", "railway": "station", "ele": null, "operator:type": null, "layer": null, "addr:full": null, "addr:city": null, "source": null, "name:fa": null, "osm_id": 7100303543, "osm_type": "nodes" }, "geometry": { "type": "Point", "coordinates": [ 52.3444274, 33.5076397 ] } },
{ "type": "Feature", "properties": { "name": "شهراب", "name:en": "Shahrab", "railway": "station", "ele": null, "operator:type": null, "layer": null, "addr:full": null, "addr:city": null, "source": null, "name:fa": null, "osm_id": 7100236265, "osm_type": "nodes" }, "geometry": { "type": "Point", "coordinates": [ 52.8278151, 33.3946025 ] } },
{ "type": "Feature", "properties": { "name": "ایستگاه سواریان", "name:en": "Svaryan", "railway": "station", "ele": null, "operator:type": null, "layer": null, "addr:full": null, "addr:city": null, "source": null, "name:fa": null, "osm_id": 703788694, "osm_type": "nodes" }, "geometry": { "type": "Point", "coordinates": [ 50.4004515, 34.4810394 ] } },
{ "type": "Feature", "properties": { "name": "ایستگاه راه‌آهن محمدیه", "name:en": null, "railway": "station", "ele": null, "operator:type": null, "layer": null, "addr:full": null, "addr:city": null, "source": null, "name:fa": null, "osm_id": 704367024, "osm_type": "nodes" }, "geometry": { "type": "Point", "coordinates": [ 51.0485177, 34.5587197 ] } },
{ "type": "Feature", "properties": { "name": "ایستگاه باغیک", "name:en": "Baghyk", "railway": "station", "ele": null, "operator:type": null, "layer": null, "addr:full": null, "addr:city": null, "source": null, "name:fa": null, "osm_id": 704344767, "osm_type": "nodes" }, "geometry": { "type": "Point", "coordinates": [ 50.4903267, 34.5706065 ] } },
{ "type": "Feature", "properties": { "name": null, "name:en": null, "railway": "station", "ele": null, "operator:type": null, "layer": null, "addr:full": null, "addr:city": null, "source": null, "name:fa": null, "osm_id": 6094267485, "osm_type": "nodes" }, "geometry": { "type": "Point", "coordinates": [ 52.9975341, 33.3426298 ] } },
{ "type": "Feature", "properties": { "name": "امروان", "name:en": "Amravan", "railway": "station", "ele": null, "operator:type": null, "layer": null, "addr:full": null, "addr:city": null, "source": null, "name:fa": null, "osm_id": 6535085632, "osm_type": "nodes" }, "geometry": { "type": "Point", "coordinates": [ 54.2062774, 35.91747 ] } },
{ "type": "Feature", "properties": { "name": "نیک پسندی", "name:en": "Nik Pasandi", "railway": "station", "ele": null, "operator:type": null, "layer": null, "addr:full": null, "addr:city": null, "source": null, "name:fa": null, "osm_id": 4902617893, "osm_type": "nodes" }, "geometry": { "type": "Point", "coordinates": [ 51.2552302, 35.6781729 ] } },
{ "type": "Feature", "properties": { "name": "ایستگاه راه آهن شیرگاه", "name:en": null, "railway": "station", "ele": null, "operator:type": null, "layer": null, "addr:full": null, "addr:city": null, "source": null, "name:fa": null, "osm_id": 1346791484, "osm_type": "nodes" }, "geometry": { "type": "Point", "coordinates": [ 52.8882617, 36.2944296 ] } },
{ "type": "Feature", "properties": { "name": "ایستگاه راه آهن شهر ری", "name:en": "Rey", "railway": "station", "ele": null, "operator:type": null, "layer": null, "addr:full": null, "addr:city": null, "source": null, "name:fa": null, "osm_id": 8425526447, "osm_type": "nodes" }, "geometry": { "type": "Point", "coordinates": [ 51.424938, 35.5807276 ] } },
{ "type": "Feature", "properties": { "name": "محمدآباد مرکزی", "name:en": "Mohammadabad", "railway": "station", "ele": null, "operator:type": null, "layer": null, "addr:full": null, "addr:city": null, "source": null, "name:fa": null, "osm_id": 4081082036, "osm_type": "nodes" }, "geometry": { "type": "Point", "coordinates": [ 51.383557, 34.1110026 ] } },
{ "type": "Feature", "properties": { "name": "ایستگاه دوکوهه", "name:en": null, "railway": "station", "ele": null, "operator:type": null, "layer": null, "addr:full": null, "addr:city": null, "source": null, "name:fa": null, "osm_id": 703775653, "osm_type": "nodes" }, "geometry": { "type": "Point", "coordinates": [ 48.2971322, 32.5603564 ] } },
{ "type": "Feature", "properties": { "name": "ایستگاه مسیر غرب", "name:en": "Jalayer", "railway": "station", "ele": null, "operator:type": null, "layer": null, "addr:full": null, "addr:city": null, "source": null, "name:fa": null, "osm_id": 703789095, "osm_type": "nodes" }, "geometry": { "type": "Point", "coordinates": [ 49.1278078, 34.0153799 ] } },
{ "type": "Feature", "properties": { "name": "ایستگاه راه آهن میبد", "name:en": null, "railway": "station", "ele": null, "operator:type": null, "layer": null, "addr:full": null, "addr:city": null, "source": null, "name:fa": null, "osm_id": 6764719075, "osm_type": "nodes" }, "geometry": { "type": "Point", "coordinates": [ 53.9295464, 32.2292099 ] } },
{ "type": "Feature", "properties": { "name": "ایستگاه چمسنگر", "name:en": null, "railway": "station", "ele": null, "operator:type": null, "layer": null, "addr:full": null, "addr:city": null, "source": null, "name:fa": null, "osm_id": 703775015, "osm_type": "nodes" }, "geometry": { "type": "Point", "coordinates": [ 48.7626162, 33.1660298 ] } },
{ "type": "Feature", "properties": { "name": "ایستگاه تنگ پنج", "name:en": null, "railway": "station", "ele": null, "operator:type": null, "layer": null, "addr:full": null, "addr:city": null, "source": null, "name:fa": null, "osm_id": 703774997, "osm_type": "nodes" }, "geometry": { "type": "Point", "coordinates": [ 48.7459369, 32.9441163 ] } },
{ "type": "Feature", "properties": { "name": "ایستگاه تله زنگ", "name:en": null, "railway": "station", "ele": null, "operator:type": null, "layer": null, "addr:full": null, "addr:city": null, "source": null, "name:fa": null, "osm_id": 703776358, "osm_type": "nodes" }, "geometry": { "type": "Point", "coordinates": [ 48.7673033, 32.8226009 ] } },
{ "type": "Feature", "properties": { "name": "ایستگاه مازو", "name:en": null, "railway": "station", "ele": null, "operator:type": null, "layer": null, "addr:full": null, "addr:city": null, "source": null, "name:fa": null, "osm_id": 5072947444, "osm_type": "nodes" }, "geometry": { "type": "Point", "coordinates": [ 48.5104054, 32.7884865 ] } },
{ "type": "Feature", "properties": { "name": "بامدژ", "name:en": null, "railway": "station", "ele": null, "operator:type": null, "layer": null, "addr:full": null, "addr:city": null, "source": null, "name:fa": null, "osm_id": 4020043514, "osm_type": "nodes" }, "geometry": { "type": "Point", "coordinates": [ 48.6687088, 31.6878091 ] } },
{ "type": "Feature", "properties": { "name": "ایستگاه مشک آباد", "name:en": "Mshke Abad", "railway": "station", "ele": null, "operator:type": null, "layer": null, "addr:full": null, "addr:city": null, "source": null, "name:fa": null, "osm_id": 703788673, "osm_type": "nodes" }, "geometry": { "type": "Point", "coordinates": [ 50.0225122, 34.2030778 ] } },
{ "type": "Feature", "properties": { "name": "ایستگاه راه آهن شهرضا", "name:en": "Shahreza", "railway": "station", "ele": null, "operator:type": null, "layer": null, "addr:full": null, "addr:city": null, "source": null, "name:fa": null, "osm_id": 891725424, "osm_type": "nodes" }, "geometry": { "type": "Point", "coordinates": [ 51.832187, 31.9760428 ] } },
{ "type": "Feature", "properties": { "name": "ایستگاه راه آهن زنگنه", "name:en": "Pery", "railway": "station", "ele": null, "operator:type": null, "layer": null, "addr:full": null, "addr:city": null, "source": null, "name:fa": null, "osm_id": 703788126, "osm_type": "nodes" }, "geometry": { "type": "Point", "coordinates": [ 49.023883, 34.154351 ] } },
{ "type": "Feature", "properties": { "name": "ایستگاه مؤمن آباد", "name:en": null, "railway": "station", "ele": null, "operator:type": null, "layer": null, "addr:full": null, "addr:city": null, "source": null, "name:fa": null, "osm_id": 703787912, "osm_type": "nodes" }, "geometry": { "type": "Point", "coordinates": [ 49.5205706, 33.5904739 ] } },
{ "type": "Feature", "properties": { "name": "آهودشت", "name:en": "Ahu Dasht", "railway": "station", "ele": null, "operator:type": null, "layer": null, "addr:full": null, "addr:city": null, "source": null, "name:fa": null, "osm_id": 4036831341, "osm_type": "nodes" }, "geometry": { "type": "Point", "coordinates": [ 48.5607557, 31.8738255 ] } },
{ "type": "Feature", "properties": { "name": "ایستگاه تنگ هفت", "name:en": null, "railway": "station", "ele": null, "operator:type": null, "layer": null, "addr:full": null, "addr:city": null, "source": null, "name:fa": null, "osm_id": 703776060, "osm_type": "nodes" }, "geometry": { "type": "Point", "coordinates": [ 48.6704743, 33.0441341 ] } },
{ "type": "Feature", "properties": { "name": "ایستگاه راه آهن شازند", "name:en": "Shazand", "railway": "station", "ele": null, "operator:type": null, "layer": null, "addr:full": null, "addr:city": null, "source": null, "name:fa": null, "osm_id": 4905313748, "osm_type": "nodes" }, "geometry": { "type": "Point", "coordinates": [ 49.4182499, 33.9412864 ] } },
{ "type": "Feature", "properties": { "name": "ایستگاه راه آهن حک", "name:en": "Hke", "railway": "station", "ele": null, "operator:type": null, "layer": null, "addr:full": null, "addr:city": null, "source": null, "name:fa": null, "osm_id": 3218551057, "osm_type": "nodes" }, "geometry": { "type": "Point", "coordinates": [ 49.35442, 33.9928106 ] } },
{ "type": "Feature", "properties": { "name": "ایستگاه شهسوار", "name:en": null, "railway": "station", "ele": null, "operator:type": null, "layer": null, "addr:full": null, "addr:city": null, "source": null, "name:fa": null, "osm_id": 5074979607, "osm_type": "nodes" }, "geometry": { "type": "Point", "coordinates": [ 48.6545031, 32.7830803 ] } },
{ "type": "Feature", "properties": { "name": "ایستگاه راه آهن ازنا", "name:en": "Azna", "railway": "station", "ele": null, "operator:type": null, "layer": null, "addr:full": null, "addr:city": null, "source": null, "name:fa": null, "osm_id": 703788171, "osm_type": "nodes" }, "geometry": { "type": "Point", "coordinates": [ 49.4516797, 33.4541525 ] } },
{ "type": "Feature", "properties": { "name": "دربند", "name:en": "Darband", "railway": "station", "ele": null, "operator:type": null, "layer": null, "addr:full": null, "addr:city": null, "source": null, "name:fa": null, "osm_id": 703789109, "osm_type": "nodes" }, "geometry": { "type": "Point", "coordinates": [ 49.3079428, 33.4334471 ] } },
{ "type": "Feature", "properties": { "name": null, "name:en": null, "railway": "station", "ele": null, "operator:type": null, "layer": null, "addr:full": null, "addr:city": null, "source": null, "name:fa": null, "osm_id": 387792745, "osm_type": "nodes" }, "geometry": { "type": "Point", "coordinates": [ 51.4131792, 32.313906 ] } },
{ "type": "Feature", "properties": { "name": "ایستگاه راه آهن نورآباد", "name:en": null, "railway": "station", "ele": null, "operator:type": null, "layer": null, "addr:full": null, "addr:city": null, "source": null, "name:fa": null, "osm_id": 703788605, "osm_type": "nodes" }, "geometry": { "type": "Point", "coordinates": [ 49.4218459, 33.7972607 ] } },
{ "type": "Feature", "properties": { "name": "ایستگاه راه آهن خرمدره", "name:en": "Khorramdarreh Rail Way Station", "railway": "station", "ele": null, "operator:type": null, "layer": null, "addr:full": null, "addr:city": "khorramdarreh", "source": null, "name:fa": null, "osm_id": 691707435, "osm_type": "nodes" }, "geometry": { "type": "Point", "coordinates": [ 49.2395327, 36.1872061 ] } },
{ "type": "Feature", "properties": { "name": "شهید نوبخت", "name:en": "Noobakht", "railway": "station", "ele": null, "operator:type": null, "layer": null, "addr:full": null, "addr:city": null, "source": null, "name:fa": null, "osm_id": 6257635515, "osm_type": "nodes" }, "geometry": { "type": "Point", "coordinates": [ 53.2100192, 36.6101054 ] } },
{ "type": "Feature", "properties": { "name": "رهنان", "name:en": "Rehnan", "railway": "station", "ele": null, "operator:type": null, "layer": null, "addr:full": null, "addr:city": null, "source": null, "name:fa": null, "osm_id": 413357405, "osm_type": "nodes" }, "geometry": { "type": "Point", "coordinates": [ 51.6037532, 32.6773409 ] } },
{ "type": "Feature", "properties": { "name": "صمدیه", "name:en": "Samadieh", "railway": "station", "ele": null, "operator:type": null, "layer": null, "addr:full": null, "addr:city": null, "source": null, "name:fa": null, "osm_id": 4023923497, "osm_type": "nodes" }, "geometry": { "type": "Point", "coordinates": [ 51.6129188, 32.6696098 ] } },
{ "type": "Feature", "properties": { "name": "قدس", "name:en": "Qods", "railway": "station", "ele": null, "operator:type": null, "layer": null, "addr:full": null, "addr:city": null, "source": null, "name:fa": null, "osm_id": 7694295577, "osm_type": "nodes" }, "geometry": { "type": "Point", "coordinates": [ 51.6154328, 32.6530108 ] } },
{ "type": "Feature", "properties": { "name": "شمس تبریزی", "name:en": "Shams-e Tabrizi", "railway": "station", "ele": null, "operator:type": null, "layer": null, "addr:full": null, "addr:city": null, "source": null, "name:fa": null, "osm_id": 4023923499, "osm_type": "nodes" }, "geometry": { "type": "Point", "coordinates": [ 51.5754182, 32.6801396 ] } },
{ "type": "Feature", "properties": { "name": "پیام نور اصفهان", "name:en": "Payam Noor Isfahan", "railway": "station", "ele": null, "operator:type": null, "layer": null, "addr:full": null, "addr:city": null, "source": null, "name:fa": null, "osm_id": 4023923395, "osm_type": "nodes" }, "geometry": { "type": "Point", "coordinates": [ 51.5879257, 32.6784257 ] } },
{ "type": "Feature", "properties": { "name": "نبوی منش", "name:en": "Nabavi Manesh", "railway": "station", "ele": null, "operator:type": null, "layer": null, "addr:full": null, "addr:city": null, "source": null, "name:fa": null, "osm_id": 7694295538, "osm_type": "nodes" }, "geometry": { "type": "Point", "coordinates": [ 51.5894024, 32.6492049 ] } },
{ "type": "Feature", "properties": { "name": "آزادگان", "name:en": "Azadegan", "railway": "station", "ele": null, "operator:type": null, "layer": null, "addr:full": null, "addr:city": null, "source": null, "name:fa": null, "osm_id": 7694295571, "osm_type": "nodes" }, "geometry": { "type": "Point", "coordinates": [ 51.3917006, 32.6313918 ] } },
{ "type": "Feature", "properties": { "name": "ایستگاه ملک آباد", "name:en": "Molkabad", "railway": "station", "ele": null, "operator:type": null, "layer": null, "addr:full": null, "addr:city": null, "source": null, "name:fa": null, "osm_id": 703787882, "osm_type": "nodes" }, "geometry": { "type": "Point", "coordinates": [ 49.8608974, 34.1095179 ] } },
{ "type": "Feature", "properties": { "name": "پارک شاهد", "name:en": "Park-e Shahed", "railway": "station", "ele": null, "operator:type": null, "layer": null, "addr:full": null, "addr:city": null, "source": null, "name:fa": "پارک شاهد", "osm_id": 8914081940, "osm_type": "nodes" }, "geometry": { "type": "Point", "coordinates": [ 47.10858, 34.3520696 ] } },
{ "type": "Feature", "properties": { "name": "ایستگاه راه آهن کرمانشاه", "name:en": "Kermanshah", "railway": "station", "ele": null, "operator:type": null, "layer": null, "addr:full": null, "addr:city": null, "source": null, "name:fa": null, "osm_id": 5340490478, "osm_type": "nodes" }, "geometry": { "type": "Point", "coordinates": [ 47.1320155, 34.3384021 ] } },
{ "type": "Feature", "properties": { "name": "میان آباد", "name:en": "Miyanab", "railway": "station", "ele": null, "operator:type": null, "layer": null, "addr:full": null, "addr:city": null, "source": null, "name:fa": null, "osm_id": 4051446252, "osm_type": "nodes" }, "geometry": { "type": "Point", "coordinates": [ 48.4473277, 31.9697273 ] } },
{ "type": "Feature", "properties": { "name": "جاوان", "name:en": "Javan", "railway": "station", "ele": null, "operator:type": null, "layer": null, "addr:full": null, "addr:city": null, "source": null, "name:fa": null, "osm_id": 4023923798, "osm_type": "nodes" }, "geometry": { "type": "Point", "coordinates": [ 51.6202526, 32.6649637 ] } },
{ "type": "Feature", "properties": { "name": "ماربین", "name:en": "Marbin", "railway": "station", "ele": null, "operator:type": null, "layer": null, "addr:full": null, "addr:city": null, "source": null, "name:fa": null, "osm_id": 7077261888, "osm_type": "nodes" }, "geometry": { "type": "Point", "coordinates": [ 51.56322, 32.6818202 ] } },
{ "type": "Feature", "properties": { "name": "کوشک", "name:en": "Kushk", "railway": "station", "ele": null, "operator:type": null, "layer": null, "addr:full": null, "addr:city": null, "source": null, "name:fa": null, "osm_id": 7694295579, "osm_type": "nodes" }, "geometry": { "type": "Point", "coordinates": [ 51.499632, 32.6280046 ] } },
{ "type": "Feature", "properties": { "name": "خلجا", "name:en": "Khalaja", "railway": "station", "ele": null, "operator:type": null, "layer": null, "addr:full": null, "addr:city": null, "source": null, "name:fa": null, "osm_id": 7694240189, "osm_type": "nodes" }, "geometry": { "type": "Point", "coordinates": [ 51.6603904, 32.6580098 ] } },
{ "type": "Feature", "properties": { "name": "امام علی", "name:en": "Imam Ali", "railway": "station", "ele": null, "operator:type": null, "layer": null, "addr:full": null, "addr:city": null, "source": null, "name:fa": null, "osm_id": 7090319706, "osm_type": "nodes" }, "geometry": { "type": "Point", "coordinates": [ 51.6854173, 32.6650787 ] } },
{ "type": "Feature", "properties": { "name": "شهید خرازی", "name:en": "Shahid Kharrazi", "railway": "station", "ele": null, "operator:type": null, "layer": null, "addr:full": null, "addr:city": null, "source": null, "name:fa": null, "osm_id": 4023933999, "osm_type": "nodes" }, "geometry": { "type": "Point", "coordinates": [ 51.6443837, 32.6598116 ] } },
{ "type": "Feature", "properties": { "name": "زینبیه", "name:en": "Zeinabbiyeh", "railway": "station", "ele": null, "operator:type": null, "layer": null, "addr:full": null, "addr:city": null, "source": null, "name:fa": null, "osm_id": 7090319698, "osm_type": "nodes" }, "geometry": { "type": "Point", "coordinates": [ 51.7270345, 32.7125109 ] } },
{ "type": "Feature", "properties": { "name": "شهید غفاری", "name:en": "Shahid Ghaffari", "railway": "station", "ele": null, "operator:type": null, "layer": null, "addr:full": null, "addr:city": null, "source": null, "name:fa": null, "osm_id": 7090319700, "osm_type": "nodes" }, "geometry": { "type": "Point", "coordinates": [ 51.7324548, 32.7213581 ] } },
{ "type": "Feature", "properties": { "name": "دهنو", "name:en": "Dehnow", "railway": "station", "ele": null, "operator:type": null, "layer": null, "addr:full": null, "addr:city": null, "source": null, "name:fa": null, "osm_id": 7694352641, "osm_type": "nodes" }, "geometry": { "type": "Point", "coordinates": [ 51.5709694, 32.7352843 ] } },
{ "type": "Feature", "properties": { "name": "امیرکبیر", "name:en": "Amirkabir", "railway": "station", "ele": null, "operator:type": null, "layer": null, "addr:full": null, "addr:city": null, "source": null, "name:fa": null, "osm_id": 7694352640, "osm_type": "nodes" }, "geometry": { "type": "Point", "coordinates": [ 51.5809257, 32.72774 ] } },
{ "type": "Feature", "properties": { "name": "گونی بافی", "name:en": "Gooni Bafi", "railway": "station", "ele": null, "operator:type": null, "layer": null, "addr:full": null, "addr:city": null, "source": null, "name:fa": null, "osm_id": 6831473486, "osm_type": "nodes" }, "geometry": { "type": "Point", "coordinates": [ 52.8981936, 36.4819017 ] } },
{ "type": "Feature", "properties": { "name": "ایستگاه راه آهن تیرتاش", "name:en": null, "railway": "station", "ele": null, "operator:type": null, "layer": null, "addr:full": null, "addr:city": null, "source": null, "name:fa": null, "osm_id": 684208967, "osm_type": "nodes" }, "geometry": { "type": "Point", "coordinates": [ 53.7245719, 36.7269468 ] } },
{ "type": "Feature", "properties": { "name": "گرگان", "name:en": "Gorgan", "railway": "station", "ele": null, "operator:type": null, "layer": null, "addr:full": null, "addr:city": null, "source": null, "name:fa": null, "osm_id": 11021092777, "osm_type": "nodes" }, "geometry": { "type": "Point", "coordinates": [ 54.4203536, 36.8554929 ] } },
{ "type": "Feature", "properties": { "name": "ایستگاه راه آهن گلوگاه", "name:en": "Galugah", "railway": "station", "ele": null, "operator:type": null, "layer": null, "addr:full": null, "addr:city": null, "source": null, "name:fa": null, "osm_id": 684209279, "osm_type": "nodes" }, "geometry": { "type": "Point", "coordinates": [ 53.8129566, 36.7470459 ] } },
{ "type": "Feature", "properties": { "name": "بهارستان", "name:en": "Baharestan", "railway": "station", "ele": null, "operator:type": null, "layer": null, "addr:full": null, "addr:city": null, "source": null, "name:fa": null, "osm_id": 7694192090, "osm_type": "nodes" }, "geometry": { "type": "Point", "coordinates": [ 51.7474033, 32.4894962 ] } },
{ "type": "Feature", "properties": { "name": "شریعتی", "name:en": "Shariati", "railway": "station", "ele": null, "operator:type": null, "layer": null, "addr:full": null, "addr:city": null, "source": null, "name:fa": null, "osm_id": 5162991969, "osm_type": "nodes" }, "geometry": { "type": "Point", "coordinates": [ 59.5860036, 36.2911 ] } },
{ "type": "Feature", "properties": { "name": "زیاران", "name:en": "Ziaran", "railway": "station", "ele": null, "operator:type": null, "layer": null, "addr:full": null, "addr:city": null, "source": null, "name:fa": null, "osm_id": 4902596471, "osm_type": "nodes" }, "geometry": { "type": "Point", "coordinates": [ 50.3564127, 36.1109196 ] } },
{ "type": "Feature", "properties": { "name": "ایستگاه قطار نقاب", "name:en": "Neqab", "railway": "station", "ele": null, "operator:type": null, "layer": null, "addr:full": null, "addr:city": null, "source": null, "name:fa": null, "osm_id": 8914869673, "osm_type": "nodes" }, "geometry": { "type": "Point", "coordinates": [ 57.4195, 36.655712 ] } },
{ "type": "Feature", "properties": { "name": "ایستگاه راه آهن بندر گز", "name:en": null, "railway": "station", "ele": null, "operator:type": null, "layer": null, "addr:full": null, "addr:city": null, "source": null, "name:fa": null, "osm_id": 684207459, "osm_type": "nodes" }, "geometry": { "type": "Point", "coordinates": [ 53.9506778, 36.774766 ] } },
{ "type": "Feature", "properties": { "name": "پیر زاغه", "name:en": "Pyrzaghh", "railway": "station", "ele": null, "operator:type": null, "layer": null, "addr:full": null, "addr:city": null, "source": null, "name:fa": null, "osm_id": 691707565, "osm_type": "nodes" }, "geometry": { "type": "Point", "coordinates": [ 48.9644197, 36.3865542 ] } },
{ "type": "Feature", "properties": { "name": "ایستگاه سلطانیه", "name:en": "Soltaniye Train Station", "railway": "station", "ele": null, "operator:type": null, "layer": null, "addr:full": null, "addr:city": null, "source": null, "name:fa": null, "osm_id": 4362793728, "osm_type": "nodes" }, "geometry": { "type": "Point", "coordinates": [ 48.7946549, 36.5015262 ] } },
{ "type": "Feature", "properties": { "name": "فلسطین", "name:en": "Felestin;Palestine", "railway": "station", "ele": null, "operator:type": null, "layer": null, "addr:full": null, "addr:city": null, "source": null, "name:fa": null, "osm_id": 7694192091, "osm_type": "nodes" }, "geometry": { "type": "Point", "coordinates": [ 51.6764118, 32.6502774 ] } },
{ "type": "Feature", "properties": { "name": "زرین دژ", "name:en": "Zryn Dje", "railway": "station", "ele": null, "operator:type": null, "layer": null, "addr:full": null, "addr:city": null, "source": null, "name:fa": null, "osm_id": 691708066, "osm_type": "nodes" }, "geometry": { "type": "Point", "coordinates": [ 49.1093361, 36.300341 ] } },
{ "type": "Feature", "properties": { "name": "ده شور", "name:en": "Deh-e Shur", "railway": "station", "ele": null, "operator:type": null, "layer": null, "addr:full": null, "addr:city": null, "source": null, "name:fa": null, "osm_id": 5175444886, "osm_type": "nodes" }, "geometry": { "type": "Point", "coordinates": [ 56.7908035, 33.8142269 ] } },
{ "type": "Feature", "properties": { "name": "ایستگاه خیام", "name:en": null, "railway": "station", "ele": null, "operator:type": null, "layer": null, "addr:full": null, "addr:city": null, "source": null, "name:fa": null, "osm_id": 696516108, "osm_type": "nodes" }, "geometry": { "type": "Point", "coordinates": [ 58.9917326, 36.0857506 ] } },
{ "type": "Feature", "properties": { "name": "خرم پی", "name:en": "Khrm pey", "railway": "station", "ele": null, "operator:type": null, "layer": null, "addr:full": null, "addr:city": null, "source": null, "name:fa": null, "osm_id": 4124610927, "osm_type": "nodes" }, "geometry": { "type": "Point", "coordinates": [ 48.3366781, 36.7291872 ] } },
{ "type": "Feature", "properties": { "name": "ایستگاه راه آهن سنگان", "name:en": "Sangan", "railway": "station", "ele": null, "operator:type": null, "layer": null, "addr:full": null, "addr:city": null, "source": null, "name:fa": null, "osm_id": 5932705294, "osm_type": "nodes" }, "geometry": { "type": "Point", "coordinates": [ 60.3114299, 34.4728584 ] } },
{ "type": "Feature", "properties": { "name": "دانشگاه آزاد نجف آاباد", "name:en": "Najafabad Azad University", "railway": "station", "ele": null, "operator:type": null, "layer": null, "addr:full": null, "addr:city": null, "source": null, "name:fa": null, "osm_id": 7694295576, "osm_type": "nodes" }, "geometry": { "type": "Point", "coordinates": [ 51.3897196, 32.6620294 ] } },
{ "type": "Feature", "properties": { "name": "طوقچی", "name:en": "Toghchi", "railway": "station", "ele": null, "operator:type": null, "layer": null, "addr:full": null, "addr:city": null, "source": null, "name:fa": null, "osm_id": 7090319705, "osm_type": "nodes" }, "geometry": { "type": "Point", "coordinates": [ 51.6885045, 32.6791201 ] } },
{ "type": "Feature", "properties": { "name": "شاهد", "name:en": "Shahed", "railway": "station", "ele": null, "operator:type": null, "layer": null, "addr:full": null, "addr:city": null, "source": null, "name:fa": null, "osm_id": 7090319702, "osm_type": "nodes" }, "geometry": { "type": "Point", "coordinates": [ 51.6922357, 32.6850115 ] } },
{ "type": "Feature", "properties": { "name": "لاله", "name:en": "Laleh", "railway": "station", "ele": null, "operator:type": null, "layer": null, "addr:full": null, "addr:city": null, "source": null, "name:fa": null, "osm_id": 7090319703, "osm_type": "nodes" }, "geometry": { "type": "Point", "coordinates": [ 51.7017184, 32.6931197 ] } },
{ "type": "Feature", "properties": { "name": "بناب", "name:en": "Bonab", "railway": "station", "ele": null, "operator:type": null, "layer": null, "addr:full": null, "addr:city": null, "source": null, "name:fa": null, "osm_id": 691707794, "osm_type": "nodes" }, "geometry": { "type": "Point", "coordinates": [ 48.6475488, 36.5998253 ] } },
{ "type": "Feature", "properties": { "name": "ایستگاه راه آهن اندیمشک", "name:en": "Andimeshk", "railway": "station", "ele": null, "operator:type": null, "layer": null, "addr:full": null, "addr:city": null, "source": null, "name:fa": null, "osm_id": 5928694732, "osm_type": "nodes" }, "geometry": { "type": "Point", "coordinates": [ 48.3514068, 32.4557063 ] } },
{ "type": "Feature", "properties": { "name": "فرودگاه", "name:en": "Airport", "railway": "station", "ele": null, "operator:type": null, "layer": null, "addr:full": null, "addr:city": null, "source": null, "name:fa": null, "osm_id": 8384452800, "osm_type": "nodes" }, "geometry": { "type": "Point", "coordinates": [ 51.1989619, 35.4234276 ] } },
{ "type": "Feature", "properties": { "name": "عطار", "name:en": "Attar", "railway": "station", "ele": null, "operator:type": null, "layer": null, "addr:full": null, "addr:city": null, "source": null, "name:fa": null, "osm_id": 4912581788, "osm_type": "nodes" }, "geometry": { "type": "Point", "coordinates": [ 58.564977, 36.2842747 ] } },
{ "type": "Feature", "properties": { "name": "ایستگاه فریمان", "name:en": "Fariman", "railway": "station", "ele": null, "operator:type": null, "layer": null, "addr:full": null, "addr:city": null, "source": null, "name:fa": null, "osm_id": 6870181924, "osm_type": "nodes" }, "geometry": { "type": "Point", "coordinates": [ 59.7639084, 36.0010216 ] } },
{ "type": "Feature", "properties": { "name": "ایستگاه سنخواست", "name:en": null, "railway": "station", "ele": null, "operator:type": null, "layer": null, "addr:full": null, "addr:city": null, "source": null, "name:fa": null, "osm_id": 3144516900, "osm_type": "nodes" }, "geometry": { "type": "Point", "coordinates": [ 56.9631834, 36.7586723 ] } },
{ "type": "Feature", "properties": { "name": "بیستون", "name:en": "Bisotun", "railway": "station", "ele": null, "operator:type": null, "layer": null, "addr:full": null, "addr:city": null, "source": null, "name:fa": null, "osm_id": 8340033229, "osm_type": "nodes" }, "geometry": { "type": "Point", "coordinates": [ 47.5112772, 34.3754445 ] } },
{ "type": "Feature", "properties": { "name": "اینچه برون", "name:en": "Incheh Borun", "railway": "station", "ele": null, "operator:type": null, "layer": null, "addr:full": null, "addr:city": null, "source": null, "name:fa": null, "osm_id": 4025966922, "osm_type": "nodes" }, "geometry": { "type": "Point", "coordinates": [ 54.6143829, 37.429806 ] } },
{ "type": "Feature", "properties": { "name": "مترو شهید آوینی", "name:en": "Shahid Avini Metro Station", "railway": "station", "ele": null, "operator:type": null, "layer": null, "addr:full": null, "addr:city": null, "source": null, "name:fa": null, "osm_id": 5161029885, "osm_type": "nodes" }, "geometry": { "type": "Point", "coordinates": [ 52.5117428, 29.6315263 ] } },
{ "type": "Feature", "properties": { "name": "شهید دوران", "name:en": "Shahid Doran", "railway": "station", "ele": null, "operator:type": null, "layer": null, "addr:full": null, "addr:city": null, "source": null, "name:fa": null, "osm_id": 7756716285, "osm_type": "nodes" }, "geometry": { "type": "Point", "coordinates": [ 52.5945809, 29.5586872 ] } },
{ "type": "Feature", "properties": { "name": "مترو نمازی", "name:en": "Namazi Metro Station", "railway": "station", "ele": null, "operator:type": null, "layer": null, "addr:full": null, "addr:city": null, "source": null, "name:fa": null, "osm_id": 5161029887, "osm_type": "nodes" }, "geometry": { "type": "Point", "coordinates": [ 52.519741, 29.6314651 ] } },
{ "type": "Feature", "properties": { "name": "احسان", "name:en": "Ehsan", "railway": "station", "ele": null, "operator:type": null, "layer": null, "addr:full": null, "addr:city": null, "source": null, "name:fa": null, "osm_id": 5161029881, "osm_type": "nodes" }, "geometry": { "type": "Point", "coordinates": [ 52.454714, 29.6782824 ] } },
{ "type": "Feature", "properties": { "name": null, "name:en": null, "railway": "station", "ele": null, "operator:type": null, "layer": null, "addr:full": null, "addr:city": null, "source": null, "name:fa": null, "osm_id": 6042620120, "osm_type": "nodes" }, "geometry": { "type": "Point", "coordinates": [ 55.553146, 30.0788207 ] } },
{ "type": "Feature", "properties": { "name": "ایستگاه راه آهن کرمان", "name:en": "Kerman Railway Station", "railway": "station", "ele": null, "operator:type": null, "layer": null, "addr:full": null, "addr:city": null, "source": null, "name:fa": null, "osm_id": 4278603969, "osm_type": "nodes" }, "geometry": { "type": "Point", "coordinates": [ 57.0241583, 30.2454054 ] } },
{ "type": "Feature", "properties": { "name": "ایستگاه بیاض", "name:en": null, "railway": "station", "ele": null, "operator:type": null, "layer": null, "addr:full": null, "addr:city": null, "source": null, "name:fa": null, "osm_id": 7304911585, "osm_type": "nodes" }, "geometry": { "type": "Point", "coordinates": [ 55.5143322, 30.7472201 ] } },
{ "type": "Feature", "properties": { "name": "ایستگاه راه آهن تذرج", "name:en": "Tezerj", "railway": "station", "ele": null, "operator:type": null, "layer": null, "addr:full": null, "addr:city": null, "source": null, "name:fa": null, "osm_id": 540766733, "osm_type": "nodes" }, "geometry": { "type": "Point", "coordinates": [ 55.7838208, 28.2692597 ] } },
{ "type": "Feature", "properties": { "name": "ایستگاه قطار بهاباد", "name:en": "Behabad", "railway": "station", "ele": null, "operator:type": null, "layer": null, "addr:full": null, "addr:city": null, "source": null, "name:fa": null, "osm_id": 8508427695, "osm_type": "nodes" }, "geometry": { "type": "Point", "coordinates": [ 55.7711184, 32.077352 ] } },
{ "type": "Feature", "properties": { "name": "میدان آزادی(گاراج)", "name:en": "Meydan-e Azadi", "railway": "station", "ele": null, "operator:type": null, "layer": null, "addr:full": null, "addr:city": null, "source": null, "name:fa": "میدان آزادی", "osm_id": 8913277187, "osm_type": "nodes" }, "geometry": { "type": "Point", "coordinates": [ 47.0738435, 34.3238701 ] } },
{ "type": "Feature", "properties": { "name": "رازی", "name:en": "Razi", "railway": "station", "ele": null, "operator:type": null, "layer": null, "addr:full": null, "addr:city": null, "source": null, "name:fa": null, "osm_id": 8413080917, "osm_type": "nodes" }, "geometry": { "type": "Point", "coordinates": [ 44.3441566, 38.4930212 ] } },
{ "type": "Feature", "properties": { "name": "رازی", "name:en": "Razi", "railway": "station", "ele": null, "operator:type": null, "layer": null, "addr:full": null, "addr:city": null, "source": null, "name:fa": null, "osm_id": 6678130962, "osm_type": "nodes" }, "geometry": { "type": "Point", "coordinates": [ 52.5742169, 29.5874592 ] } },
{ "type": "Feature", "properties": { "name": "ایستگاه فهرج", "name:en": null, "railway": "station", "ele": null, "operator:type": null, "layer": null, "addr:full": null, "addr:city": null, "source": null, "name:fa": null, "osm_id": 4281015663, "osm_type": "nodes" }, "geometry": { "type": "Point", "coordinates": [ 58.8578757, 28.973949 ] } },
{ "type": "Feature", "properties": { "name": "رودشور", "name:en": "Rudeshur", "railway": "station", "ele": null, "operator:type": null, "layer": null, "addr:full": null, "addr:city": null, "source": null, "name:fa": null, "osm_id": 9602748315, "osm_type": "nodes" }, "geometry": { "type": "Point", "coordinates": [ 50.9008679, 35.4432009 ] } },
{ "type": "Feature", "properties": { "name": "گرگر", "name:en": null, "railway": "station", "ele": null, "operator:type": null, "layer": null, "addr:full": null, "addr:city": null, "source": null, "name:fa": null, "osm_id": 703746101, "osm_type": "nodes" }, "geometry": { "type": "Point", "coordinates": [ 48.9689242, 30.7530894 ] } },
{ "type": "Feature", "properties": { "name": "میاندشت", "name:en": "Miandasht", "railway": "station", "ele": null, "operator:type": null, "layer": null, "addr:full": null, "addr:city": null, "source": null, "name:fa": "میاندشت", "osm_id": 703746531, "osm_type": "nodes" }, "geometry": { "type": "Point", "coordinates": [ 48.7414, 31.231125 ] } },
{ "type": "Feature", "properties": { "name": "خسروی", "name:en": null, "railway": "station", "ele": null, "operator:type": null, "layer": null, "addr:full": null, "addr:city": null, "source": null, "name:fa": null, "osm_id": 703746658, "osm_type": "nodes" }, "geometry": { "type": "Point", "coordinates": [ 48.8218743, 31.0642049 ] } },
{ "type": "Feature", "properties": { "name": "منصوری", "name:en": null, "railway": "station", "ele": null, "operator:type": null, "layer": null, "addr:full": null, "addr:city": null, "source": null, "name:fa": null, "osm_id": 703746688, "osm_type": "nodes" }, "geometry": { "type": "Point", "coordinates": [ 48.8899726, 30.9241322 ] } },
{ "type": "Feature", "properties": { "name": "ایستگاه راه آهن ماهشهر", "name:en": "Mahshahr Main Station", "railway": "station", "ele": null, "operator:type": null, "layer": null, "addr:full": null, "addr:city": null, "source": null, "name:fa": null, "osm_id": 5310548154, "osm_type": "nodes" }, "geometry": { "type": "Point", "coordinates": [ 49.1713106, 30.5598345 ] } },
{ "type": "Feature", "properties": { "name": "شلمچه", "name:en": "Shalamcheh", "railway": "station", "ele": null, "operator:type": null, "layer": null, "addr:full": null, "addr:city": null, "source": null, "name:fa": "شلمچه", "osm_id": 5888299389, "osm_type": "nodes" }, "geometry": { "type": "Point", "coordinates": [ 48.0424994, 30.4970278 ] } },
{ "type": "Feature", "properties": { "name": "ایستگاه راه آهن کاشان", "name:en": "Kashan", "railway": "station", "ele": null, "operator:type": null, "layer": null, "addr:full": null, "addr:city": null, "source": null, "name:fa": null, "osm_id": 6464387629, "osm_type": "nodes" }, "geometry": { "type": "Point", "coordinates": [ 51.4715158, 33.9871963 ] } },
{ "type": "Feature", "properties": { "name": "کوه پنگ", "name:en": "Kewh Pengu", "railway": "station", "ele": null, "operator:type": null, "layer": null, "addr:full": null, "addr:city": null, "source": null, "name:fa": null, "osm_id": 4903455230, "osm_type": "nodes" }, "geometry": { "type": "Point", "coordinates": [ 50.6339613, 35.1021074 ] } },
{ "type": "Feature", "properties": { "name": "ایستگاه مترو خواجه عبدالله انصاری", "name:en": "Khajeh Abdollah-e Ansari Metro Station", "railway": "station", "ele": null, "operator:type": null, "layer": null, "addr:full": null, "addr:city": null, "source": null, "name:fa": "خواجه عبدالله انصاری", "osm_id": 3778861787, "osm_type": "nodes" }, "geometry": { "type": "Point", "coordinates": [ 51.4621422, 35.7434577 ] } },
{ "type": "Feature", "properties": { "name": "ایستگاه مترو یادگار امام", "name:en": "Yadegar-e Emam Metro Station", "railway": "station", "ele": null, "operator:type": null, "layer": null, "addr:full": null, "addr:city": null, "source": null, "name:fa": "یادگار امام", "osm_id": 3815456823, "osm_type": "nodes" }, "geometry": { "type": "Point", "coordinates": [ 51.3460208, 35.7347651 ] } },
{ "type": "Feature", "properties": { "name": "ایستگاه مترو شهید زین الدین", "name:en": "Shahid Zeyn-e-ddin Metro Station", "railway": "station", "ele": null, "operator:type": null, "layer": null, "addr:full": null, "addr:city": null, "source": null, "name:fa": "شهید زین الدین", "osm_id": 4453205974, "osm_type": "nodes" }, "geometry": { "type": "Point", "coordinates": [ 51.4658777, 35.7605766 ] } },
{ "type": "Feature", "properties": { "name": "ایستگاه مترو عبدل آباد", "name:en": "Abdol Abad Metro Station", "railway": "station", "ele": null, "operator:type": null, "layer": null, "addr:full": null, "addr:city": null, "source": null, "name:fa": "عبدل آباد", "osm_id": 4453604919, "osm_type": "nodes" }, "geometry": { "type": "Point", "coordinates": [ 51.3599477, 35.6383716 ] } },
{ "type": "Feature", "properties": { "name": "ایستگاه مترو جانبازان", "name:en": "Janbazan metro Station", "railway": "station", "ele": null, "operator:type": null, "layer": null, "addr:full": null, "addr:city": null, "source": null, "name:fa": "جانبازان", "osm_id": 4674995987, "osm_type": "nodes" }, "geometry": { "type": "Point", "coordinates": [ 51.4841242, 35.733237 ] } },
{ "type": "Feature", "properties": { "name": "ایستگاه مترو شهید رضایی", "name:en": "Shahid Rezaei Metro Station", "railway": "station", "ele": null, "operator:type": null, "layer": null, "addr:full": null, "addr:city": null, "source": null, "name:fa": "شهید رضایی", "osm_id": 9149513248, "osm_type": "nodes" }, "geometry": { "type": "Point", "coordinates": [ 51.4446046, 35.6517959 ] } },
{ "type": "Feature", "properties": { "name": "ایستگاه مترو فدک", "name:en": "Fadak metro station", "railway": "station", "ele": null, "operator:type": null, "layer": null, "addr:full": null, "addr:city": null, "source": null, "name:fa": "فدک", "osm_id": 3080821096, "osm_type": "nodes" }, "geometry": { "type": "Point", "coordinates": [ 51.4756588, 35.72658 ] } },
{ "type": "Feature", "properties": { "name": "ایستگاه مترو جوادیه", "name:en": "Javadiyeh Metro Station", "railway": "station", "ele": null, "operator:type": null, "layer": null, "addr:full": null, "addr:city": "تهران", "source": null, "name:fa": "جوادیه", "osm_id": 3641204693, "osm_type": "nodes" }, "geometry": { "type": "Point", "coordinates": [ 51.387791, 35.6593516 ] } },
{ "type": "Feature", "properties": { "name": "ایستگاه مترو منیریه", "name:en": "Moniriyeh Metro Station", "railway": "station", "ele": null, "operator:type": null, "layer": null, "addr:full": null, "addr:city": null, "source": null, "name:fa": "منیریه", "osm_id": 3649760926, "osm_type": "nodes" }, "geometry": { "type": "Point", "coordinates": [ 51.401641, 35.6811307 ] } },
{ "type": "Feature", "properties": { "name": "ایستگاه مترو حسن آباد", "name:en": "Hassan Abad metro station", "railway": "station", "ele": null, "operator:type": null, "layer": null, "addr:full": null, "addr:city": null, "source": null, "name:fa": "حسن آباد", "osm_id": 3691224155, "osm_type": "nodes" }, "geometry": { "type": "Point", "coordinates": [ 51.4101573, 35.6861227 ] } },
{ "type": "Feature", "properties": { "name": "ایستگاه مترو دانشگاه امام علی ع", "name:en": "Daneshgah-e Imam Ali metro station", "railway": "station", "ele": null, "operator:type": null, "layer": null, "addr:full": null, "addr:city": null, "source": null, "name:fa": "دانشگاه امام علی ع", "osm_id": 3778792864, "osm_type": "nodes" }, "geometry": { "type": "Point", "coordinates": [ 51.3990742, 35.6874074 ] } },
{ "type": "Feature", "properties": { "name": "ایستگاه مترو شهید قدوسی", "name:en": "Shahid Ghoddoosi Metro Station", "railway": "station", "ele": null, "operator:type": null, "layer": null, "addr:full": null, "addr:city": null, "source": null, "name:fa": "شهید قدوسی", "osm_id": 3778821747, "osm_type": "nodes" }, "geometry": { "type": "Point", "coordinates": [ 51.4447877, 35.73134 ] } },
{ "type": "Feature", "properties": { "name": "ایستگاه مترو زمزم", "name:en": "Zamzam Metro Station", "railway": "station", "ele": null, "operator:type": null, "layer": null, "addr:full": null, "addr:city": null, "source": null, "name:fa": "زمزم", "osm_id": 5190555599, "osm_type": "nodes" }, "geometry": { "type": "Point", "coordinates": [ 51.3735926, 35.6525617 ] } },
{ "type": "Feature", "properties": { "name": "۴۵ متری گلشهر", "name:en": "Chehel-o-panj Metri Golshahr", "railway": "station", "ele": null, "operator:type": null, "layer": null, "addr:full": null, "addr:city": null, "source": null, "name:fa": "۴۵ متری گلشهر", "osm_id": 10701601167, "osm_type": "nodes" }, "geometry": { "type": "Point", "coordinates": [ 50.9429933, 35.8367939 ] } },
{ "type": "Feature", "properties": { "name": "ایستگاه مترو میدان حر", "name:en": "Meydan-e Hor metro station", "railway": "station", "ele": null, "operator:type": null, "layer": null, "addr:full": null, "addr:city": null, "source": null, "name:fa": "میدان حر", "osm_id": 654082162, "osm_type": "nodes" }, "geometry": { "type": "Point", "coordinates": [ 51.3883603, 35.6908759 ] } },
{ "type": "Feature", "properties": { "name": "ایستگاه مترو دانشگاه شریف", "name:en": "Sharif University Metro Station", "railway": "station", "ele": null, "operator:type": null, "layer": null, "addr:full": null, "addr:city": null, "source": null, "name:fa": "دانشگاه شریف", "osm_id": 864404756, "osm_type": "nodes" }, "geometry": { "type": "Point", "coordinates": [ 51.3541752, 35.7057728 ] } },
{ "type": "Feature", "properties": { "name": "ایستگاه مترو طرشت", "name:en": "Tarasht metro station", "railway": "station", "ele": null, "operator:type": null, "layer": null, "addr:full": null, "addr:city": null, "source": null, "name:fa": "طرشت", "osm_id": 2120217849, "osm_type": "nodes" }, "geometry": { "type": "Point", "coordinates": [ 51.3435808, 35.7160834 ] } },
{ "type": "Feature", "properties": { "name": "ایستگاه مترو میدان جهاد", "name:en": "Meydan-e Jahad Metro Station", "railway": "station", "ele": null, "operator:type": null, "layer": null, "addr:full": null, "addr:city": null, "source": null, "name:fa": "میدان جهاد", "osm_id": 2831259315, "osm_type": "nodes" }, "geometry": { "type": "Point", "coordinates": [ 51.4084156, 35.7205082 ] } },
{ "type": "Feature", "properties": { "name": "ایستگاه مترو تئاترشهر", "name:en": "Teatr-e Shahr Metro Station", "railway": "station", "ele": null, "operator:type": null, "layer": null, "addr:full": null, "addr:city": null, "source": null, "name:fa": "تئاترشهر", "osm_id": 5162910432, "osm_type": "nodes" }, "geometry": { "type": "Point", "coordinates": [ 51.4052694, 35.7012551 ] } },
{ "type": "Feature", "properties": { "name": "ایستگاه مترو قائم", "name:en": "Ghaem Metro Station", "railway": "station", "ele": null, "operator:type": null, "layer": null, "addr:full": null, "addr:city": null, "source": null, "name:fa": "قائم", "osm_id": 5163103598, "osm_type": "nodes" }, "geometry": { "type": "Point", "coordinates": [ 51.5208074, 35.7988727 ] } },
{ "type": "Feature", "properties": { "name": "ایستگاه مترو شادمان", "name:en": "Shademan metro station", "railway": "station", "ele": null, "operator:type": null, "layer": null, "addr:full": null, "addr:city": null, "source": null, "name:fa": "شادمان", "osm_id": 5183625750, "osm_type": "nodes" }, "geometry": { "type": "Point", "coordinates": [ 51.3647616, 35.7004149 ] } },
{ "type": "Feature", "properties": { "name": "ایستگاه مترو دروازه شمیران", "name:en": "Darvazeh Shemiran metro station", "railway": "station", "ele": null, "operator:type": null, "layer": null, "addr:full": null, "addr:city": null, "source": null, "name:fa": "دروازه شمیران", "osm_id": 5188341403, "osm_type": "nodes" }, "geometry": { "type": "Point", "coordinates": [ 51.4372795, 35.6989969 ] } },
{ "type": "Feature", "properties": { "name": "ایستگاه مترو دانشگاه تربیت مدرس", "name:en": "Tarbiat Modares University metro station", "railway": "station", "ele": null, "operator:type": null, "layer": null, "addr:full": null, "addr:city": null, "source": null, "name:fa": "دانشگاه تربیت مدرس", "osm_id": 5190423568, "osm_type": "nodes" }, "geometry": { "type": "Point", "coordinates": [ 51.3813173, 35.7248927 ] } },
{ "type": "Feature", "properties": { "name": "ایستگاه مترو شهدای دولت آباد", "name:en": "Shohadaye Dowlat Abad Metro Station", "railway": "station", "ele": null, "operator:type": null, "layer": null, "addr:full": null, "addr:city": null, "source": null, "name:fa": "شهدای دولت آباد", "osm_id": 6390530105, "osm_type": "nodes" }, "geometry": { "type": "Point", "coordinates": [ 51.4641433, 35.6188159 ] } },
{ "type": "Feature", "properties": { "name": "ایستگاه مترو امیر کبیر", "name:en": "Amir Kabir Metro Station", "railway": "station", "ele": null, "operator:type": null, "layer": null, "addr:full": null, "addr:city": null, "source": null, "name:fa": "امیر کبیر", "osm_id": 8243426038, "osm_type": "nodes" }, "geometry": { "type": "Point", "coordinates": [ 51.4468691, 35.6825596 ] } },
{ "type": "Feature", "properties": { "name": "ایستگاه مترو کیان شهر", "name:en": "Kiyan Shahr Metro Station", "railway": "station", "ele": null, "operator:type": null, "layer": null, "addr:full": null, "addr:city": null, "source": null, "name:fa": "کیانشهر", "osm_id": 8273593826, "osm_type": "nodes" }, "geometry": { "type": "Point", "coordinates": [ 51.448642, 35.6330387 ] } },
{ "type": "Feature", "properties": { "name": "ایستگاه مترو اقدسیه", "name:en": "Aghdasiyeh Metro Station", "railway": "station", "ele": null, "operator:type": null, "layer": null, "addr:full": null, "addr:city": null, "source": null, "name:fa": "اقدسیه", "osm_id": 8738914819, "osm_type": "nodes" }, "geometry": { "type": "Point", "coordinates": [ 51.4846024, 35.8006019 ] } },
{ "type": "Feature", "properties": { "name": "چهارراه طالقانی", "name:en": "Taleqani Crossroad", "railway": "station", "ele": null, "operator:type": null, "layer": null, "addr:full": null, "addr:city": null, "source": null, "name:fa": "چهارراه طالقانی", "osm_id": 10701601168, "osm_type": "nodes" }, "geometry": { "type": "Point", "coordinates": [ 50.9883267, 35.8221608 ] } },
{ "type": "Feature", "properties": { "name": "ایستگاه مترو شهر زیبا", "name:en": "Shahr-e Ziba Metro Station", "railway": "station", "ele": null, "operator:type": null, "layer": null, "addr:full": null, "addr:city": null, "source": null, "name:fa": "شهر زیبا", "osm_id": 11263536540, "osm_type": "nodes" }, "geometry": { "type": "Point", "coordinates": [ 51.2947466, 35.7456674 ] } },
{ "type": "Feature", "properties": { "name": "ایستگاه مترو مهدیه", "name:en": "Mahdiyeh Metro Station", "railway": "station", "ele": null, "operator:type": null, "layer": null, "addr:full": null, "addr:city": null, "source": null, "name:fa": "مهدیه", "osm_id": 11417020371, "osm_type": "nodes" }, "geometry": { "type": "Point", "coordinates": [ 51.3993725, 35.6671658 ] } },
{ "type": "Feature", "properties": { "name": "رجایی‌شهر", "name:en": "Rajaei Shahr", "railway": "station", "ele": null, "operator:type": null, "layer": null, "addr:full": null, "addr:city": null, "source": null, "name:fa": "رجایی‌شهر", "osm_id": 11528229167, "osm_type": "nodes" }, "geometry": { "type": "Point", "coordinates": [ 50.9685367, 35.828859 ] } },
{ "type": "Feature", "properties": { "name": "ایستگاه مترو میدان خراسان", "name:en": "Meydan-e Khorasan Metro Station", "railway": "station", "ele": null, "operator:type": null, "layer": null, "addr:full": null, "addr:city": null, "source": null, "name:fa": "میدان خراسان", "osm_id": 12659430599, "osm_type": "nodes" }, "geometry": { "type": "Point", "coordinates": [ 51.4456123, 35.6653944 ] } },
{ "type": "Feature", "properties": { "name": "شهید سلطانی", "name:en": "Shahid Soltani", "railway": "station", "ele": null, "operator:type": null, "layer": null, "addr:full": null, "addr:city": null, "source": null, "name:fa": "شهید سلطانی", "osm_id": 13127975089, "osm_type": "nodes" }, "geometry": { "type": "Point", "coordinates": [ 51.0059834, 35.7858826 ] } },
{ "type": "Feature", "properties": { "name": "عمان سامانی", "name:en": "Amman Samani", "railway": "station", "ele": null, "operator:type": null, "layer": null, "addr:full": null, "addr:city": null, "source": null, "name:fa": null, "osm_id": 4023923697, "osm_type": "nodes" }, "geometry": { "type": "Point", "coordinates": [ 51.7144899, 32.7041236 ] } },
{ "type": "Feature", "properties": { "name": "ایستگاه مترو ابن سینا", "name:en": "Ebne Sina metro station", "railway": "station", "ele": null, "operator:type": null, "layer": null, "addr:full": null, "addr:city": null, "source": null, "name:fa": "ابن سینا", "osm_id": 2169732971, "osm_type": "nodes" }, "geometry": { "type": "Point", "coordinates": [ 51.4568004, 35.6904567 ] } },
{ "type": "Feature", "properties": { "name": "ایستگاه مترو استاد معین", "name:en": "Ostad Moein Metro Station", "railway": "station", "ele": null, "operator:type": null, "layer": null, "addr:full": null, "addr:city": null, "source": null, "name:fa": "استاد معین", "osm_id": 2169732984, "osm_type": "nodes" }, "geometry": { "type": "Point", "coordinates": [ 51.3447089, 35.7001565 ] } },
{ "type": "Feature", "properties": { "name": "ایستگاه مترو چهل تن دولاب", "name:en": "Chehel Tan Dowlab metro station", "railway": "station", "ele": null, "operator:type": null, "layer": null, "addr:full": null, "addr:city": null, "source": null, "name:fa": "چهل تن دولاب", "osm_id": 3784645922, "osm_type": "nodes" }, "geometry": { "type": "Point", "coordinates": [ 51.4623861, 35.6679421 ] } },
{ "type": "Feature", "properties": { "name": "ایستگاه مترو میدان قیام", "name:en": "Ghiyam Square metro station", "railway": "station", "ele": null, "operator:type": null, "layer": null, "addr:full": null, "addr:city": null, "source": null, "name:fa": "میدان قیام", "osm_id": 3784645934, "osm_type": "nodes" }, "geometry": { "type": "Point", "coordinates": [ 51.4364777, 35.6697324 ] } },
{ "type": "Feature", "properties": { "name": "ایستگاه مترو هلال احمر", "name:en": "Helal Ahmar metro station", "railway": "station", "ele": null, "operator:type": null, "layer": null, "addr:full": null, "addr:city": null, "source": null, "name:fa": "هلال احمر", "osm_id": 3784645954, "osm_type": "nodes" }, "geometry": { "type": "Point", "coordinates": [ 51.3870914, 35.6677915 ] } },
{ "type": "Feature", "properties": { "name": "ایستگاه مترو فرودگاه امام خمینی", "name:en": "Imam Khomeini Airport metro station", "railway": "station", "ele": null, "operator:type": null, "layer": null, "addr:full": null, "addr:city": null, "source": null, "name:fa": "فرودگاه امام خمینی", "osm_id": 5162855464, "osm_type": "nodes" }, "geometry": { "type": "Point", "coordinates": [ 51.1544783, 35.4078348 ] } },
{ "type": "Feature", "properties": { "name": "ایستگاه مترو نبرد", "name:en": "Nabard metro station", "railway": "station", "ele": null, "operator:type": null, "layer": null, "addr:full": null, "addr:city": null, "source": null, "name:fa": "نبرد", "osm_id": 5162910430, "osm_type": "nodes" }, "geometry": { "type": "Point", "coordinates": [ 51.4773416, 35.6916179 ] } },
{ "type": "Feature", "properties": { "name": "ایستگاه مترو نیرو هوایی", "name:en": "Niru-ye-Havaei metro station", "railway": "station", "ele": null, "operator:type": null, "layer": null, "addr:full": null, "addr:city": null, "source": null, "name:fa": "نیرو هوایی", "osm_id": 5162910441, "osm_type": "nodes" }, "geometry": { "type": "Point", "coordinates": [ 51.4881134, 35.6927768 ] } },
{ "type": "Feature", "properties": { "name": "ایستگاه مترو بیمه", "name:en": "Bimeh Metro Station", "railway": "station", "ele": null, "operator:type": null, "layer": null, "addr:full": null, "addr:city": null, "source": null, "name:fa": "بیمه", "osm_id": 5183520307, "osm_type": "nodes" }, "geometry": { "type": "Point", "coordinates": [ 51.3222062, 35.6995082 ] } },
{ "type": "Feature", "properties": { "name": "ایستگاه مترو آهنگ", "name:en": "Ahang metro station", "railway": "station", "ele": null, "operator:type": null, "layer": null, "addr:full": null, "addr:city": null, "source": null, "name:fa": "آهنگ", "osm_id": 3784648871, "osm_type": "nodes" }, "geometry": { "type": "Point", "coordinates": [ 51.4722, 35.669217 ] } },
{ "type": "Feature", "properties": { "name": "ایستگاه مترو مولوی", "name:en": "Molavi metro station", "railway": "station", "ele": null, "operator:type": null, "layer": null, "addr:full": null, "addr:city": null, "source": null, "name:fa": "مولوی", "osm_id": 3784648875, "osm_type": "nodes" }, "geometry": { "type": "Point", "coordinates": [ 51.4288083, 35.6692573 ] } },
{ "type": "Feature", "properties": { "name": "ایستگاه مترو بوستان گفتگو", "name:en": "Goftegou Park metro station", "railway": "station", "ele": null, "operator:type": null, "layer": null, "addr:full": null, "addr:city": null, "source": null, "name:fa": "بوستان گفتگو", "osm_id": 3784648883, "osm_type": "nodes" }, "geometry": { "type": "Point", "coordinates": [ 51.3827505, 35.7320386 ] } },
{ "type": "Feature", "properties": { "name": "ایستگاه مترو برج میلاد تهران", "name:en": "Borj-e Milad-e Tehran metro station", "railway": "station", "ele": null, "operator:type": null, "layer": null, "addr:full": null, "addr:city": null, "source": null, "name:fa": "برج میلاد تهران", "osm_id": 3784648884, "osm_type": "nodes" }, "geometry": { "type": "Point", "coordinates": [ 51.3790751, 35.7474221 ] } },
{ "type": "Feature", "properties": { "name": "ایستگاه مترو پیروزی", "name:en": "Piroozi metro station", "railway": "station", "ele": null, "operator:type": null, "layer": null, "addr:full": null, "addr:city": null, "source": null, "name:fa": "پیروزی", "osm_id": 4544628125, "osm_type": "nodes" }, "geometry": { "type": "Point", "coordinates": [ 51.467861, 35.690986 ] } },
{ "type": "Feature", "properties": { "name": "ایستگاه مترو دکتر حبیب اله", "name:en": "Doctor Habib-o-llah Metro Station", "railway": "station", "ele": null, "operator:type": null, "layer": null, "addr:full": null, "addr:city": null, "source": null, "name:fa": "دکتر حبیب اله", "osm_id": 4558309639, "osm_type": "nodes" }, "geometry": { "type": "Point", "coordinates": [ 51.3560391, 35.7002963 ] } },
{ "type": "Feature", "properties": { "name": "ایستگاه مترو بریانک", "name:en": "Beryanak metro station", "railway": "station", "ele": null, "operator:type": null, "layer": null, "addr:full": null, "addr:city": null, "source": null, "name:fa": "بریانک", "osm_id": 5190423572, "osm_type": "nodes" }, "geometry": { "type": "Point", "coordinates": [ 51.3809967, 35.6717026 ] } },
{ "type": "Feature", "properties": { "name": "ایستگاه مترو شهر آفتاب", "name:en": "Shahr-e Aftab metro station", "railway": "station", "ele": null, "operator:type": null, "layer": null, "addr:full": null, "addr:city": null, "source": null, "name:fa": "شهر آفتاب", "osm_id": 5212515304, "osm_type": "nodes" }, "geometry": { "type": "Point", "coordinates": [ 51.3493225, 35.5397084 ] } },
{ "type": "Feature", "properties": { "name": "ایستگاه مترو شهر پرند", "name:en": "Shahr-e Parand metro station", "railway": "station", "ele": null, "operator:type": null, "layer": null, "addr:full": null, "addr:city": null, "source": null, "name:fa": "شهر پرند", "osm_id": 7934844452, "osm_type": "nodes" }, "geometry": { "type": "Point", "coordinates": [ 50.9770279, 35.4639698 ] } },
{ "type": "Feature", "properties": { "name": "ایستگاه مترو مدافعان سلامت", "name:en": "Modafean-e Salamat metro station", "railway": "station", "ele": null, "operator:type": null, "layer": null, "addr:full": null, "addr:city": null, "source": null, "name:fa": "مدافعان سلامت", "osm_id": 10126282787, "osm_type": "nodes" }, "geometry": { "type": "Point", "coordinates": [ 51.3776859, 35.7061214 ] } },
{ "type": "Feature", "properties": { "name": "ایستگاه مترو شهید دادمان", "name:en": "Shahid Dadman metro station", "railway": "station", "ele": null, "operator:type": null, "layer": null, "addr:full": null, "addr:city": null, "source": null, "name:fa": "شهید دادمان", "osm_id": 10746895094, "osm_type": "nodes" }, "geometry": { "type": "Point", "coordinates": [ 51.3665384, 35.7670778 ] } },
{ "type": "Feature", "properties": { "name": "ایستگاه مترو شهرک اکباتان", "name:en": "Sharak-e Ekbatan Metro Station", "railway": "station", "ele": null, "operator:type": null, "layer": null, "addr:full": null, "addr:city": null, "source": null, "name:fa": "شهرک اکباتان", "osm_id": 13230313218, "osm_type": "nodes" }, "geometry": { "type": "Point", "coordinates": [ 51.3076746, 35.7055267 ] } },
{ "type": "Feature", "properties": { "name": "ایستگاه مترو کمیل", "name:en": "Komeyl metro station", "railway": "station", "ele": null, "operator:type": null, "layer": null, "addr:full": null, "addr:city": null, "source": null, "name:fa": "کمیل", "osm_id": 5190423570, "osm_type": "nodes" }, "geometry": { "type": "Point", "coordinates": [ 51.3800656, 35.6813395 ] } },
{ "type": "Feature", "properties": { "name": "ایستگاه مترو بسیج", "name:en": "Basij metro station", "railway": "station", "ele": null, "operator:type": null, "layer": null, "addr:full": null, "addr:city": null, "source": null, "name:fa": "بسیج", "osm_id": 11750922029, "osm_type": "nodes" }, "geometry": { "type": "Point", "coordinates": [ 51.4900285, 35.6665024 ] } },
{ "type": "Feature", "properties": { "name": "ایستگاه راه آهن ابرکوه", "name:en": "Abarkuh Railway Station", "railway": "station", "ele": null, "operator:type": null, "layer": null, "addr:full": null, "addr:city": null, "source": null, "name:fa": null, "osm_id": 7784585278, "osm_type": "nodes" }, "geometry": { "type": "Point", "coordinates": [ 53.2147854, 31.1592968 ] } },
{ "type": "Feature", "properties": { "name": "ایستگاه راه آهن صفاشهر", "name:en": "Safashahr Train Station", "railway": "station", "ele": null, "operator:type": null, "layer": null, "addr:full": null, "addr:city": null, "source": null, "name:fa": null, "osm_id": 1992216515, "osm_type": "nodes" }, "geometry": { "type": "Point", "coordinates": [ 53.1948231, 30.5850395 ] } },
{ "type": "Feature", "properties": { "name": "ایستگاه راه آهن بیشه", "name:en": "Istgah-e Bisheh", "railway": "station", "ele": null, "operator:type": null, "layer": null, "addr:full": null, "addr:city": null, "source": null, "name:fa": null, "osm_id": 703776188, "osm_type": "nodes" }, "geometry": { "type": "Point", "coordinates": [ 48.8763023, 33.3287783 ] } },
{ "type": "Feature", "properties": { "name": "رخش", "name:en": "Rakhsh", "railway": "station", "ele": null, "operator:type": null, "layer": null, "addr:full": null, "addr:city": null, "source": null, "name:fa": null, "osm_id": 6326514087, "osm_type": "nodes" }, "geometry": { "type": "Point", "coordinates": [ 54.6332267, 31.7771428 ] } },
{ "type": "Feature", "properties": { "name": "Qıvraq", "name:en": null, "railway": "station", "ele": null, "operator:type": null, "layer": null, "addr:full": null, "addr:city": null, "source": null, "name:fa": null, "osm_id": 3082854957, "osm_type": "nodes" }, "geometry": { "type": "Point", "coordinates": [ 45.0361338, 39.4040469 ] } },
{ "type": "Feature", "properties": { "name": "ایستگاه راه آهن نکا", "name:en": "Railway Station Of Neka", "railway": "station", "ele": null, "operator:type": null, "layer": null, "addr:full": null, "addr:city": null, "source": null, "name:fa": null, "osm_id": 684205488, "osm_type": "nodes" }, "geometry": { "type": "Point", "coordinates": [ 53.2894984, 36.6561952 ] } },
{ "type": "Feature", "properties": { "name": "ایستگاه مترو آرمان علی وردی", "name:en": "Arman Aliverdi Metro Station", "railway": "station", "ele": null, "operator:type": null, "layer": null, "addr:full": null, "addr:city": null, "source": null, "name:fa": "آرمان علی وردی", "osm_id": 13230283736, "osm_type": "nodes" }, "geometry": { "type": "Point", "coordinates": [ 51.2790018, 35.7705521 ] } },
{ "type": "Feature", "properties": { "name": "ایستگاه مترو علامه جعفری", "name:en": "Allameh Ja'fari Metro Station", "railway": "station", "ele": null, "operator:type": null, "layer": null, "addr:full": null, "addr:city": null, "source": null, "name:fa": "علامه جعفری", "osm_id": 10861347776, "osm_type": "nodes" }, "geometry": { "type": "Point", "coordinates": [ 51.3071786, 35.7309611 ] } },
{ "type": "Feature", "properties": { "name": "ایستگاه مترو میرزای شیرازی", "name:en": "Mirza-ye Shirazi Metro Station", "railway": "station", "ele": null, "operator:type": null, "layer": null, "addr:full": null, "addr:city": "تهران", "source": null, "name:fa": "میرزای شیرازی", "osm_id": 8730248893, "osm_type": "nodes" }, "geometry": { "type": "Point", "coordinates": [ 51.4172345, 35.7280175 ] } },
{ "type": "Feature", "properties": { "name": "مترو غدیر", "name:en": "Ghadir", "railway": "station", "ele": null, "operator:type": null, "layer": null, "addr:full": null, "addr:city": null, "source": null, "name:fa": null, "osm_id": 5160831955, "osm_type": "nodes" }, "geometry": { "type": "Point", "coordinates": [ 59.6202014, 36.2568247 ] } },
{ "type": "Feature", "properties": { "name": "پارک ملت", "name:en": "Mellat Park", "railway": "station", "ele": null, "operator:type": null, "layer": null, "addr:full": null, "addr:city": null, "source": null, "name:fa": null, "osm_id": 5162609055, "osm_type": "nodes" }, "geometry": { "type": "Point", "coordinates": [ 59.5338862, 36.3173101 ] } },
{ "type": "Feature", "properties": { "name": "کوثر", "name:en": "Kowsar", "railway": "station", "ele": null, "operator:type": null, "layer": null, "addr:full": null, "addr:city": null, "source": null, "name:fa": null, "osm_id": 5162609056, "osm_type": "nodes" }, "geometry": { "type": "Point", "coordinates": [ 59.525641, 36.31987 ] } },
{ "type": "Feature", "properties": { "name": "سید رضی", "name:en": "Seyyed Razi", "railway": "station", "ele": null, "operator:type": null, "layer": null, "addr:full": null, "addr:city": null, "source": null, "name:fa": null, "osm_id": 5162609065, "osm_type": "nodes" }, "geometry": { "type": "Point", "coordinates": [ 59.5170258, 36.3225508 ] } },
{ "type": "Feature", "properties": { "name": "مترو فجر", "name:en": "Fajr Metro Station", "railway": "station", "ele": null, "operator:type": null, "layer": null, "addr:full": null, "addr:city": null, "source": null, "name:fa": null, "osm_id": 1229578059, "osm_type": "nodes" }, "geometry": { "type": "Point", "coordinates": [ 59.6553982, 36.3128258 ] } },
{ "type": "Feature", "properties": { "name": "مترو شهید کاوه", "name:en": "Shahid Kaveh Metro Station", "railway": "station", "ele": null, "operator:type": null, "layer": null, "addr:full": null, "addr:city": null, "source": null, "name:fa": null, "osm_id": 1229578061, "osm_type": "nodes" }, "geometry": { "type": "Point", "coordinates": [ 59.5500407, 36.2845386 ] } },
{ "type": "Feature", "properties": { "name": "مترو نبوت", "name:en": "Nabovvat Metro Station", "railway": "station", "ele": null, "operator:type": null, "layer": null, "addr:full": null, "addr:city": null, "source": null, "name:fa": null, "osm_id": 1229578063, "osm_type": "nodes" }, "geometry": { "type": "Point", "coordinates": [ 59.6446516, 36.3060154 ] } },
{ "type": "Feature", "properties": { "name": "مترو مفتح", "name:en": "Mofatteh Metro Station", "railway": "station", "ele": null, "operator:type": null, "layer": null, "addr:full": null, "addr:city": null, "source": null, "name:fa": null, "osm_id": 1245398735, "osm_type": "nodes" }, "geometry": { "type": "Point", "coordinates": [ 59.6377121, 36.3017247 ] } },
{ "type": "Feature", "properties": { "name": "پایانه امام رضا", "name:en": "Imam Reza Terminal", "railway": "station", "ele": null, "operator:type": null, "layer": null, "addr:full": null, "addr:city": null, "source": null, "name:fa": null, "osm_id": 2810462167, "osm_type": "nodes" }, "geometry": { "type": "Point", "coordinates": [ 59.5933452, 36.2601343 ] } },
{ "type": "Feature", "properties": { "name": "شهید فکوری", "name:en": "Shahid Fakouri", "railway": "station", "ele": null, "operator:type": null, "layer": null, "addr:full": null, "addr:city": null, "source": null, "name:fa": null, "osm_id": 3808279927, "osm_type": "nodes" }, "geometry": { "type": "Point", "coordinates": [ 59.5423852, 36.2828001 ] } },
{ "type": "Feature", "properties": { "name": "قائم", "name:en": "Ghaem", "railway": "station", "ele": null, "operator:type": null, "layer": null, "addr:full": null, "addr:city": null, "source": null, "name:fa": null, "osm_id": 5162991967, "osm_type": "nodes" }, "geometry": { "type": "Point", "coordinates": [ 59.5787958, 36.2942821 ] } },
{ "type": "Feature", "properties": { "name": "بسیج", "name:en": "Basij", "railway": "station", "ele": null, "operator:type": null, "layer": null, "addr:full": null, "addr:city": null, "source": null, "name:fa": null, "osm_id": 5162991971, "osm_type": "nodes" }, "geometry": { "type": "Point", "coordinates": [ 59.6035542, 36.2735632 ] } },
{ "type": "Feature", "properties": { "name": "ایستگاه راه آهن شهید رئیسی مشهد", "name:en": "Shahid Raeisi Railway Station", "railway": "station", "ele": null, "operator:type": null, "layer": null, "addr:full": null, "addr:city": null, "source": null, "name:fa": null, "osm_id": 263264374, "osm_type": "nodes" }, "geometry": { "type": "Point", "coordinates": [ 59.6241894, 36.3045564 ] } },
{ "type": "Feature", "properties": { "name": "ایستگاه مترو نمایشگاه", "name:en": "Exposition", "railway": "station", "ele": null, "operator:type": null, "layer": null, "addr:full": null, "addr:city": null, "source": null, "name:fa": null, "osm_id": 5162609086, "osm_type": "nodes" }, "geometry": { "type": "Point", "coordinates": [ 59.4631368, 36.3393906 ] } },
{ "type": "Feature", "properties": { "name": "فیروزان", "name:en": "Firouzan", "railway": "station", "ele": null, "operator:type": null, "layer": null, "addr:full": null, "addr:city": "فیروزان", "source": null, "name:fa": null, "osm_id": 5350707205, "osm_type": "nodes" }, "geometry": { "type": "Point", "coordinates": [ 48.1412252, 34.3517162 ] } },
{ "type": "Feature", "properties": { "name": "کاشانی", "name:en": "Kashani", "railway": "station", "ele": null, "operator:type": null, "layer": null, "addr:full": null, "addr:city": null, "source": null, "name:fa": null, "osm_id": 4023937392, "osm_type": "nodes" }, "geometry": { "type": "Point", "coordinates": [ 51.6532056, 32.658531 ] } },
{ "type": "Feature", "properties": { "name": "ایستگاه گل گهر", "name:en": null, "railway": "station", "ele": null, "operator:type": null, "layer": null, "addr:full": null, "addr:city": null, "source": null, "name:fa": null, "osm_id": 3853815286, "osm_type": "nodes" }, "geometry": { "type": "Point", "coordinates": [ 55.4241531, 29.1401114 ] } },
{ "type": "Feature", "properties": { "name": "ایستگاه راه آهن خاش", "name:en": "Khash", "railway": "station", "ele": null, "operator:type": null, "layer": null, "addr:full": null, "addr:city": null, "source": null, "name:fa": null, "osm_id": 8957670072, "osm_type": "nodes" }, "geometry": { "type": "Point", "coordinates": [ 61.1907343, 28.2044079 ] } },
{ "type": "Feature", "properties": { "name": "Culfa", "name:en": null, "railway": "station", "ele": null, "operator:type": null, "layer": null, "addr:full": null, "addr:city": "شجاع", "source": null, "name:fa": null, "osm_id": 235460157, "osm_type": "nodes" }, "geometry": { "type": "Point", "coordinates": [ 45.6230096, 38.9574303 ] } },
{ "type": "Feature", "properties": { "name": "شوش", "name:en": "Shush", "railway": "station", "ele": null, "operator:type": null, "layer": null, "addr:full": null, "addr:city": null, "source": null, "name:fa": null, "osm_id": 3979198994, "osm_type": "nodes" }, "geometry": { "type": "Point", "coordinates": [ 48.2898691, 32.2050878 ] } },
{ "type": "Feature", "properties": { "name": "ایستگاه مترو میدان آزادی", "name:en": "Meydan-e Azadi Metro Station", "railway": "station", "ele": null, "operator:type": null, "layer": null, "addr:full": null, "addr:city": null, "source": null, "name:fa": "میدان آزادی", "osm_id": 5186234550, "osm_type": "nodes" }, "geometry": { "type": "Point", "coordinates": [ 51.3328335, 35.6999026 ] } },
{ "type": "Feature", "properties": { "name": "قروه", "name:en": "Qorveh", "railway": "station", "ele": null, "operator:type": null, "layer": null, "addr:full": null, "addr:city": null, "source": null, "name:fa": null, "osm_id": 691708211, "osm_type": "nodes" }, "geometry": { "type": "Point", "coordinates": [ 49.3777369, 36.0863214 ] } },
{ "type": "Feature", "properties": { "name": "سلامی‎", "name:en": "Salami", "railway": "station", "ele": null, "operator:type": null, "layer": null, "addr:full": null, "addr:city": null, "source": null, "name:fa": null, "osm_id": 5932721159, "osm_type": "nodes" }, "geometry": { "type": "Point", "coordinates": [ 60.0026696, 34.742668 ] } },
{ "type": "Feature", "properties": { "name": "ایستگاه سلطانیه", "name:en": null, "railway": "station", "ele": null, "operator:type": null, "layer": null, "addr:full": null, "addr:city": null, "source": null, "name:fa": null, "osm_id": 691707362, "osm_type": "nodes" }, "geometry": { "type": "Point", "coordinates": [ 48.794184, 36.5014906 ] } },
{ "type": "Feature", "properties": { "name": "شهید دستغیب", "name:en": "Shahid Dastgheib", "railway": "station", "ele": null, "operator:type": null, "layer": null, "addr:full": null, "addr:city": null, "source": null, "name:fa": null, "osm_id": 5163318951, "osm_type": "nodes" }, "geometry": { "type": "Point", "coordinates": [ 52.5991287, 29.5517273 ] } },
{ "type": "Feature", "properties": { "name": "نوبران", "name:en": "Nowbaran", "railway": "station", "ele": null, "operator:type": null, "layer": null, "addr:full": null, "addr:city": null, "source": null, "name:fa": null, "osm_id": 12056847374, "osm_type": "nodes" }, "geometry": { "type": "Point", "coordinates": [ 49.768908, 35.1207544 ] } },
{ "type": "Feature", "properties": { "name": "ایستگاه قطار دهگلان", "name:en": "Dehgolan", "railway": "station", "ele": null, "operator:type": null, "layer": null, "addr:full": null, "addr:city": null, "source": null, "name:fa": null, "osm_id": 12987227524, "osm_type": "nodes" }, "geometry": { "type": "Point", "coordinates": [ 47.4651812, 35.3154845 ] } },
{ "type": "Feature", "properties": { "name": "ایستگاه راه آهن همدان", "name:en": "Hamedan", "railway": "station", "ele": null, "operator:type": null, "layer": null, "addr:full": null, "addr:city": null, "source": null, "name:fa": null, "osm_id": 4939166151, "osm_type": "nodes" }, "geometry": { "type": "Point", "coordinates": [ 48.6199113, 34.8692859 ] } },
{ "type": "Feature", "properties": { "name": "ایستگاه راه آهن قروه", "name:en": "Qorveh", "railway": "station", "ele": null, "operator:type": null, "layer": null, "addr:full": null, "addr:city": null, "source": null, "name:fa": "قروه", "osm_id": 11307712984, "osm_type": "nodes" }, "geometry": { "type": "Point", "coordinates": [ 47.8255342, 35.1840918 ] } },
{ "type": "Feature", "properties": { "name": null, "name:en": "Sanandaj", "railway": "station", "ele": null, "operator:type": null, "layer": null, "addr:full": null, "addr:city": null, "source": null, "name:fa": "سنندج", "osm_id": 12666492199, "osm_type": "nodes" }, "geometry": { "type": "Point", "coordinates": [ 47.2020856, 35.3474975 ] } },
{ "type": "Feature", "properties": { "name": null, "name:en": "Avangan", "railway": "station", "ele": null, "operator:type": null, "layer": null, "addr:full": null, "addr:city": null, "source": null, "name:fa": "آونگان", "osm_id": 13369900444, "osm_type": "nodes" }, "geometry": { "type": "Point", "coordinates": [ 47.6709812, 35.2140558 ] } },
{ "type": "Feature", "properties": { "name": null, "name:en": "Dosar", "railway": "station", "ele": null, "operator:type": null, "layer": null, "addr:full": null, "addr:city": null, "source": null, "name:fa": "دوسر", "osm_id": 13369900625, "osm_type": "nodes" }, "geometry": { "type": "Point", "coordinates": [ 48.0344335, 35.1162253 ] } },
{ "type": "Feature", "properties": { "name": "ساوه", "name:en": "Saveh", "railway": "station", "ele": null, "operator:type": null, "layer": null, "addr:full": null, "addr:city": null, "source": null, "name:fa": null, "osm_id": 8914869672, "osm_type": "nodes" }, "geometry": { "type": "Point", "coordinates": [ 50.2686267, 35.1064319 ] } },
{ "type": "Feature", "properties": { "name": "شهید سجاد خدایی", "name:en": "Shaheed Sajjad Khodayi", "railway": "station", "ele": null, "operator:type": null, "layer": null, "addr:full": null, "addr:city": null, "source": null, "name:fa": null, "osm_id": 6841415496, "osm_type": "nodes" }, "geometry": { "type": "Point", "coordinates": [ 50.9300168, 35.4671539 ] } },
{ "type": "Feature", "properties": { "name": "ایستگاه راه آهن بندرعباس", "name:en": "Bandar Abbas", "railway": "station", "ele": null, "operator:type": null, "layer": null, "addr:full": null, "addr:city": null, "source": null, "name:fa": null, "osm_id": 4127852602, "osm_type": "nodes" }, "geometry": { "type": "Point", "coordinates": [ 56.2571116, 27.2117283 ] } },
{ "type": "Feature", "properties": { "name": "تکیمه داش", "name:en": "Tekmeh Dash", "railway": "station", "ele": null, "operator:type": null, "layer": null, "addr:full": null, "addr:city": null, "source": null, "name:fa": "تکیمه داش", "osm_id": 13373615204, "osm_type": "nodes" }, "geometry": { "type": "Point", "coordinates": [ 46.987341, 37.7158203 ] } },
{ "type": "Feature", "properties": { "name": "شهریار", "name:en": "Shahriyar", "railway": "station", "ele": null, "operator:type": null, "layer": null, "addr:full": null, "addr:city": null, "source": null, "name:fa": null, "osm_id": 5909276329, "osm_type": "nodes" }, "geometry": { "type": "Point", "coordinates": [ 47.1876383, 37.7031828 ] } },
{ "type": "Feature", "properties": { "name": "بستان آباد", "name:en": "Bostanabad", "railway": "station", "ele": null, "operator:type": null, "layer": null, "addr:full": null, "addr:city": null, "source": null, "name:fa": null, "osm_id": 7018386607, "osm_type": "nodes" }, "geometry": { "type": "Point", "coordinates": [ 46.8027888, 37.8334636 ] } },
{ "type": "Feature", "properties": { "name": "ترکمانچای", "name:en": "Turkmanchay", "railway": "station", "ele": null, "operator:type": null, "layer": null, "addr:full": null, "addr:city": null, "source": null, "name:fa": null, "osm_id": 7025655829, "osm_type": "nodes" }, "geometry": { "type": "Point", "coordinates": [ 47.3916198, 37.6002784 ] } },
{ "type": "Feature", "properties": { "name": "ایستگاه راه آهن زاویه", "name:en": "Zaviyeh", "railway": "station", "ele": null, "operator:type": null, "layer": null, "addr:full": null, "addr:city": null, "source": null, "name:fa": null, "osm_id": 7025664304, "osm_type": "nodes" }, "geometry": { "type": "Point", "coordinates": [ 47.7107316, 37.5027043 ] } },
{ "type": "Feature", "properties": { "name": "ایستگاه راه‌آهن ایرانشهر", "name:en": null, "railway": "station", "ele": null, "operator:type": null, "layer": null, "addr:full": null, "addr:city": null, "source": null, "name:fa": null, "osm_id": 13137692816, "osm_type": "nodes" }, "geometry": { "type": "Point", "coordinates": [ 60.7340006, 27.2038509 ] } },
{ "type": "Feature", "properties": { "name": "ایستگاه راه آهن لشکری", "name:en": "Lashkari", "railway": "station", "ele": null, "operator:type": null, "layer": null, "addr:full": null, "addr:city": null, "source": null, "name:fa": null, "osm_id": 6643366913, "osm_type": "nodes" }, "geometry": { "type": "Point", "coordinates": [ 51.2094711, 35.6895214 ] } },
{ "type": "Feature", "properties": { "name": "ملکی", "name:en": "Maleki", "railway": "station", "ele": null, "operator:type": null, "layer": null, "addr:full": null, "addr:city": null, "source": null, "name:fa": null, "osm_id": 9611822561, "osm_type": "nodes" }, "geometry": { "type": "Point", "coordinates": [ 51.1483814, 35.7112971 ] } },
{ "type": "Feature", "properties": { "name": "ایستگاه مترو شهید قاسم سلیمانی", "name:en": "Shahid Qasem Soleimani", "railway": "station", "ele": null, "operator:type": null, "layer": null, "addr:full": null, "addr:city": null, "source": null, "name:fa": "شهید قاسم سلیمانی", "osm_id": 5230301190, "osm_type": "nodes" }, "geometry": { "type": "Point", "coordinates": [ 50.7190859, 35.9587586 ] } },
{ "type": "Feature", "properties": { "name": "ایستگاه مترو گلشهر", "name:en": "Golshahr", "railway": "station", "ele": null, "operator:type": null, "layer": null, "addr:full": null, "addr:city": null, "source": null, "name:fa": "گلشهر", "osm_id": 5602562105, "osm_type": "nodes" }, "geometry": { "type": "Point", "coordinates": [ 50.9329176, 35.8249517 ] } },
{ "type": "Feature", "properties": { "name": "ایستگاه مترو قلهک", "name:en": "Gholhak", "railway": "station", "ele": null, "operator:type": null, "layer": null, "addr:full": null, "addr:city": null, "source": null, "name:fa": "قلهک", "osm_id": 2169380700, "osm_type": "nodes" }, "geometry": { "type": "Point", "coordinates": [ 51.4380971, 35.7727016 ] } },
{ "type": "Feature", "properties": { "name": "ایستگاه مترو شهدای هفتم تیر", "name:en": "Shohada-ye Haftom-e Tir", "railway": "station", "ele": null, "operator:type": null, "layer": null, "addr:full": null, "addr:city": null, "source": null, "name:fa": "شهدای هفتم تیر", "osm_id": 5183508081, "osm_type": "nodes" }, "geometry": { "type": "Point", "coordinates": [ 51.4260941, 35.7155645 ] } },
{ "type": "Feature", "properties": { "name": "ایستگاه مترو میدان محمدیه", "name:en": "Meydan-e Mohammadiyeh", "railway": "station", "ele": null, "operator:type": null, "layer": null, "addr:full": null, "addr:city": null, "source": null, "name:fa": "میدان محمدیه", "osm_id": 6737096941, "osm_type": "nodes" }, "geometry": { "type": "Point", "coordinates": [ 51.415856, 35.6677096 ] } },
{ "type": "Feature", "properties": { "name": "ایستگاه مترو شهرری", "name:en": "Shahr-e Rey", "railway": "station", "ele": null, "operator:type": null, "layer": null, "addr:full": null, "addr:city": null, "source": null, "name:fa": "شهرری", "osm_id": 8907277818, "osm_type": "nodes" }, "geometry": { "type": "Point", "coordinates": [ 51.4222984, 35.5949391 ] } },
{ "type": "Feature", "properties": { "name": "کردان", "name:en": "Kordan", "railway": "station", "ele": null, "operator:type": null, "layer": null, "addr:full": null, "addr:city": null, "source": null, "name:fa": null, "osm_id": 4902600626, "osm_type": "nodes" }, "geometry": { "type": "Point", "coordinates": [ 50.8263101, 35.8687943 ] } },
{ "type": "Feature", "properties": { "name": "آبیک", "name:en": "Abyek", "railway": "station", "ele": null, "operator:type": null, "layer": null, "addr:full": null, "addr:city": null, "source": null, "name:fa": null, "osm_id": 4902598622, "osm_type": "nodes" }, "geometry": { "type": "Point", "coordinates": [ 50.5103412, 36.0322964 ] } },
{ "type": "Feature", "properties": { "name": "ایستگاه مترو خیام", "name:en": "Khayyam", "railway": "station", "ele": null, "operator:type": null, "layer": null, "addr:full": null, "addr:city": null, "source": null, "name:fa": "خیام", "osm_id": 5162855447, "osm_type": "nodes" }, "geometry": { "type": "Point", "coordinates": [ 51.4166268, 35.6731655 ] } },
{ "type": "Feature", "properties": { "name": "ایستگاه مترو شهید بهشتی", "name:en": "Shahid Beheshti", "railway": "station", "ele": null, "operator:type": null, "layer": null, "addr:full": null, "addr:city": null, "source": null, "name:fa": "شهید بهشتی", "osm_id": 5540220849, "osm_type": "nodes" }, "geometry": { "type": "Point", "coordinates": [ 51.427083, 35.730611 ] } },
{ "type": "Feature", "properties": { "name": "ایستگاه مترو شهید بخارایی", "name:en": "Shahid Bokharaei", "railway": "station", "ele": null, "operator:type": null, "layer": null, "addr:full": null, "addr:city": null, "source": null, "name:fa": "شهید بخارایی", "osm_id": 13380425728, "osm_type": "nodes" }, "geometry": { "type": "Point", "coordinates": [ 51.4147776, 35.6407705 ] } },
{ "type": "Feature", "properties": { "name": "ایستگاه مترو شوش", "name:en": "Shoush", "railway": "station", "ele": null, "operator:type": null, "layer": null, "addr:full": null, "addr:city": null, "source": null, "name:fa": "شوش", "osm_id": 13380425834, "osm_type": "nodes" }, "geometry": { "type": "Point", "coordinates": [ 51.4142407, 35.6574237 ] } },
{ "type": "Feature", "properties": { "name": "ایستگاه مترو سعدی", "name:en": "Sa'di", "railway": "station", "ele": null, "operator:type": null, "layer": null, "addr:full": null, "addr:city": null, "source": null, "name:fa": "سعدی", "osm_id": 13380785610, "osm_type": "nodes" }, "geometry": { "type": "Point", "coordinates": [ 51.4244398, 35.6933311 ] } },
{ "type": "Feature", "properties": { "name": "ایستگاه مترو طالقانی", "name:en": "Ayatollah Taleghani", "railway": "station", "ele": null, "operator:type": null, "layer": null, "addr:full": null, "addr:city": null, "source": null, "name:fa": "طالقانی", "osm_id": 13380785625, "osm_type": "nodes" }, "geometry": { "type": "Point", "coordinates": [ 51.4255161, 35.7071305 ] } },
{ "type": "Feature", "properties": { "name": "ایستگاه راه آهن هشتگرد", "name:en": "Hashtgerd", "railway": "station", "ele": null, "operator:type": null, "layer": null, "addr:full": null, "addr:city": null, "source": null, "name:fa": null, "osm_id": 4901548781, "osm_type": "nodes" }, "geometry": { "type": "Point", "coordinates": [ 50.6688166, 35.9494629 ] } },
{ "type": "Feature", "properties": { "name": "کهندژ", "name:en": "Kohandej", "railway": "station", "ele": null, "operator:type": null, "layer": null, "addr:full": null, "addr:city": null, "source": null, "name:fa": null, "osm_id": 4902586861, "osm_type": "nodes" }, "geometry": { "type": "Point", "coordinates": [ 50.1925364, 36.2019958 ] } },
{ "type": "Feature", "properties": { "name": "ایستگاه راه آهن قزوین", "name:en": "Qazvin", "railway": "station", "ele": null, "operator:type": null, "layer": null, "addr:full": null, "addr:city": "قزوین", "source": null, "name:fa": null, "osm_id": 307983900, "osm_type": "nodes" }, "geometry": { "type": "Point", "coordinates": [ 50.0074433, 36.2435563 ] } },
{ "type": "Feature", "properties": { "name": "سیاه چشمه", "name:en": "Siah Cheshmeh", "railway": "station", "ele": null, "operator:type": null, "layer": null, "addr:full": null, "addr:city": null, "source": null, "name:fa": null, "osm_id": 691707944, "osm_type": "nodes" }, "geometry": { "type": "Point", "coordinates": [ 49.8405414, 36.1621826 ] } },
{ "type": "Feature", "properties": { "name": "نسيم شهر", "name:en": "Nasimshahr", "railway": "station", "ele": null, "operator:type": null, "layer": null, "addr:full": null, "addr:city": null, "source": null, "name:fa": null, "osm_id": 8914569168, "osm_type": "nodes" }, "geometry": { "type": "Point", "coordinates": [ 51.1776285, 35.5419023 ] } },
{ "type": "Feature", "properties": { "name": "ایستگاه راه آهن تهران", "name:en": "Tehran", "railway": "station", "ele": null, "operator:type": null, "layer": null, "addr:full": null, "addr:city": "شهر تهران", "source": null, "name:fa": null, "osm_id": 11271470419, "osm_type": "nodes" }, "geometry": { "type": "Point", "coordinates": [ 51.3978115, 35.6581179 ] } },
{ "type": "Feature", "properties": { "name": "رستم آباد", "name:en": "Rostam Abad", "railway": "station", "ele": null, "operator:type": null, "layer": null, "addr:full": null, "addr:city": null, "source": null, "name:fa": null, "osm_id": 5838755134, "osm_type": "nodes" }, "geometry": { "type": "Point", "coordinates": [ 49.5013982, 36.8882272 ] } },
{ "type": "Feature", "properties": { "name": "ایستگاه راه آهن تاکستان", "name:en": "Takestan", "railway": "station", "ele": null, "operator:type": null, "layer": null, "addr:full": null, "addr:city": null, "source": null, "name:fa": null, "osm_id": 13383832886, "osm_type": "nodes" }, "geometry": { "type": "Point", "coordinates": [ 49.7035067, 36.0717796 ] } },
{ "type": "Feature", "properties": { "name": "تپه سفید", "name:en": "Tappeh Sefid", "railway": "station", "ele": null, "operator:type": null, "layer": null, "addr:full": null, "addr:city": null, "source": null, "name:fa": null, "osm_id": 4903329967, "osm_type": "nodes" }, "geometry": { "type": "Point", "coordinates": [ 51.3057782, 35.6112464 ] } },
{ "type": "Feature", "properties": { "name": "اسلامشهر", "name:en": "Eslamshahr", "railway": "station", "ele": null, "operator:type": null, "layer": null, "addr:full": null, "addr:city": null, "source": null, "name:fa": "اسلامشهر", "osm_id": 8179182539, "osm_type": "nodes" }, "geometry": { "type": "Point", "coordinates": [ 51.2150602, 35.5539211 ] } },
{ "type": "Feature", "properties": { "name": "ایستگاه راه آهن رباط کریم", "name:en": "Robat Karim", "railway": "station", "ele": null, "operator:type": null, "layer": null, "addr:full": null, "addr:city": null, "source": null, "name:fa": null, "osm_id": 8407721126, "osm_type": "nodes" }, "geometry": { "type": "Point", "coordinates": [ 51.0749982, 35.481601 ] } },
{ "type": "Feature", "properties": { "name": "ایستگاه راه آهن سلطان آباد", "name:en": "Golestan", "railway": "station", "ele": null, "operator:type": null, "layer": null, "addr:full": null, "addr:city": null, "source": null, "name:fa": null, "osm_id": 8914569169, "osm_type": "nodes" }, "geometry": { "type": "Point", "coordinates": [ 51.1531586, 35.5281957 ] } },
{ "type": "Feature", "properties": { "name": "نصیرشهر", "name:en": "Nasir Shahr", "railway": "station", "ele": null, "operator:type": null, "layer": null, "addr:full": null, "addr:city": null, "source": null, "name:fa": null, "osm_id": 8914569170, "osm_type": "nodes" }, "geometry": { "type": "Point", "coordinates": [ 51.1223877, 35.5052641 ] } },
{ "type": "Feature", "properties": { "name": "ایستگاه قطار بین شهری پرند", "name:en": "Shahr-e Parand", "railway": "station", "ele": null, "operator:type": null, "layer": null, "addr:full": null, "addr:city": "پرند", "source": null, "name:fa": null, "osm_id": 13386003759, "osm_type": "nodes" }, "geometry": { "type": "Point", "coordinates": [ 50.9759867, 35.4635186 ] } },
{ "type": "Feature", "properties": { "name": "کوهین", "name:en": "Koohin", "railway": "station", "ele": null, "operator:type": null, "layer": null, "addr:full": null, "addr:city": null, "source": null, "name:fa": null, "osm_id": 4902582384, "osm_type": "nodes" }, "geometry": { "type": "Point", "coordinates": [ 49.7480891, 36.2526027 ] } },
{ "type": "Feature", "properties": { "name": "ایستگاه راه‌آهن لوشان", "name:en": "Lowshan", "railway": "station", "ele": null, "operator:type": null, "layer": null, "addr:full": null, "addr:city": null, "source": null, "name:fa": null, "osm_id": 6695293444, "osm_type": "nodes" }, "geometry": { "type": "Point", "coordinates": [ 49.5428662, 36.6100421 ] } },
{ "type": "Feature", "properties": { "name": "ایستگاه راه آهن ورامین", "name:en": "Varamin", "railway": "station", "ele": null, "operator:type": null, "layer": null, "addr:full": null, "addr:city": null, "source": null, "name:fa": null, "osm_id": 304665634, "osm_type": "nodes" }, "geometry": { "type": "Point", "coordinates": [ 51.6445291, 35.3352133 ] } },
{ "type": "Feature", "properties": { "name": "مهاباد", "name:en": "Mahabad", "railway": "station", "ele": null, "operator:type": null, "layer": null, "addr:full": null, "addr:city": null, "source": null, "name:fa": null, "osm_id": 684207404, "osm_type": "nodes" }, "geometry": { "type": "Point", "coordinates": [ 52.6976361, 35.6549557 ] } },
{ "type": "Feature", "properties": { "name": "ایستگاه راه آهن گرمسار", "name:en": "Garmsar", "railway": "station", "ele": null, "operator:type": null, "layer": null, "addr:full": null, "addr:city": "گرمسار", "source": null, "name:fa": null, "osm_id": 6593855682, "osm_type": "nodes" }, "geometry": { "type": "Point", "coordinates": [ 52.308491, 35.235405 ] } },
{ "type": "Feature", "properties": { "name": "کبوتر دره", "name:en": "Kabutar Dareh", "railway": "station", "ele": null, "operator:type": null, "layer": null, "addr:full": null, "addr:city": null, "source": null, "name:fa": null, "osm_id": 6872099324, "osm_type": "nodes" }, "geometry": { "type": "Point", "coordinates": [ 52.428518, 35.4265182 ] } },
{ "type": "Feature", "properties": { "name": "بنکوه", "name:en": "Bon-e Kuh", "railway": "station", "ele": null, "operator:type": null, "layer": null, "addr:full": null, "addr:city": null, "source": null, "name:fa": null, "osm_id": 13389104099, "osm_type": "nodes" }, "geometry": { "type": "Point", "coordinates": [ 52.4278961, 35.3049585 ] } },
{ "type": "Feature", "properties": { "name": "قم", "name:en": "Qom", "railway": "station", "ele": null, "operator:type": null, "layer": null, "addr:full": null, "addr:city": "قم", "source": null, "name:fa": "قم", "osm_id": 8706532753, "osm_type": "nodes" }, "geometry": { "type": "Point", "coordinates": [ 50.8729085, 34.64838 ] } },
{ "type": "Feature", "properties": { "name": "پایانه مونوریل قم ( خط اول )", "name:en": "Qom Monorail Terminal ( First Line )", "railway": "station", "ele": null, "operator:type": null, "layer": null, "addr:full": null, "addr:city": null, "source": null, "name:fa": null, "osm_id": 9895475568, "osm_type": "nodes" }, "geometry": { "type": "Point", "coordinates": [ 50.9185336, 34.6791013 ] } },
{ "type": "Feature", "properties": { "name": "امامزاده", "name:en": "Emamzadeh", "railway": "station", "ele": null, "operator:type": null, "layer": null, "addr:full": null, "addr:city": null, "source": null, "name:fa": null, "osm_id": 8422982917, "osm_type": "nodes" }, "geometry": { "type": "Point", "coordinates": [ 51.7313839, 35.2958475 ] } },
{ "type": "Feature", "properties": { "name": "زال", "name:en": "Zal", "railway": "station", "ele": null, "operator:type": null, "layer": null, "addr:full": null, "addr:city": null, "source": null, "name:fa": null, "osm_id": 693323865, "osm_type": "nodes" }, "geometry": { "type": "Point", "coordinates": [ 45.6230095, 38.730557 ] } },
{ "type": "Feature", "properties": { "name": "زال", "name:en": "Zal", "railway": "station", "ele": null, "operator:type": null, "layer": null, "addr:full": null, "addr:city": null, "source": null, "name:fa": null, "osm_id": 8421409893, "osm_type": "nodes" }, "geometry": { "type": "Point", "coordinates": [ 45.623112, 38.7305656 ] } },
{ "type": "Feature", "properties": { "name": "Ordubad", "name:en": null, "railway": "station", "ele": null, "operator:type": null, "layer": null, "addr:full": null, "addr:city": null, "source": null, "name:fa": null, "osm_id": 3082835805, "osm_type": "nodes" }, "geometry": { "type": "Point", "coordinates": [ 46.002884, 38.877173 ] } },
{ "type": "Feature", "properties": { "name": "میلادی", "name:en": "Miladi", "railway": "station", "ele": null, "operator:type": null, "layer": null, "addr:full": null, "addr:city": null, "source": null, "name:fa": null, "osm_id": 8413058813, "osm_type": "nodes" }, "geometry": { "type": "Point", "coordinates": [ 44.6991554, 38.4508412 ] } },
{ "type": "Feature", "properties": { "name": "ایستگاه قطار اختصاصی دانشگاه", "name:en": "Azerbaijan University", "railway": "station", "ele": null, "operator:type": null, "layer": null, "addr:full": null, "addr:city": null, "source": null, "name:fa": null, "osm_id": 2133120096, "osm_type": "nodes" }, "geometry": { "type": "Point", "coordinates": [ 45.9363283, 37.8125642 ] } },
{ "type": "Feature", "properties": { "name": "مترو میدان کهن", "name:en": "Meydan-e Kohan", "railway": "station", "ele": null, "operator:type": null, "layer": null, "addr:full": null, "addr:city": null, "source": null, "name:fa": null, "osm_id": 7748134386, "osm_type": "nodes" }, "geometry": { "type": "Point", "coordinates": [ 46.2890562, 38.0765646 ] } },
{ "type": "Feature", "properties": { "name": "نور", "name:en": "Noor", "railway": "station", "ele": null, "operator:type": null, "layer": null, "addr:full": null, "addr:city": null, "source": null, "name:fa": null, "osm_id": 7917689144, "osm_type": "nodes" }, "geometry": { "type": "Point", "coordinates": [ 46.2312823, 38.051716 ] } },
{ "type": "Feature", "properties": { "name": "مترو خیام", "name:en": "Khayyam", "railway": "station", "ele": null, "operator:type": null, "layer": null, "addr:full": null, "addr:city": null, "source": null, "name:fa": null, "osm_id": 5160940285, "osm_type": "nodes" }, "geometry": { "type": "Point", "coordinates": [ 46.3519889, 38.0470381 ] } },
{ "type": "Feature", "properties": { "name": "امام رضا", "name:en": "Emam Reza", "railway": "station", "ele": null, "operator:type": null, "layer": null, "addr:full": null, "addr:city": null, "source": null, "name:fa": null, "osm_id": 5160940287, "osm_type": "nodes" }, "geometry": { "type": "Point", "coordinates": [ 46.3555687, 38.0401212 ] } },
{ "type": "Feature", "properties": { "name": "مترو سهند", "name:en": "Sahand", "railway": "station", "ele": null, "operator:type": null, "layer": null, "addr:full": null, "addr:city": null, "source": null, "name:fa": null, "osm_id": 5160940291, "osm_type": "nodes" }, "geometry": { "type": "Point", "coordinates": [ 46.3607778, 38.0299908 ] } },
{ "type": "Feature", "properties": { "name": "مترو آبرسان", "name:en": "Abresan", "railway": "station", "ele": null, "operator:type": null, "layer": null, "addr:full": null, "addr:city": null, "source": null, "name:fa": null, "osm_id": 5188802227, "osm_type": "nodes" }, "geometry": { "type": "Point", "coordinates": [ 46.3203838, 38.0671693 ] } },
{ "type": "Feature", "properties": { "name": "لاله", "name:en": "Laleh", "railway": "station", "ele": null, "operator:type": null, "layer": null, "addr:full": null, "addr:city": null, "source": null, "name:fa": null, "osm_id": 8488079108, "osm_type": "nodes" }, "geometry": { "type": "Point", "coordinates": [ 46.2582785, 38.061543 ] } },
{ "type": "Feature", "properties": { "name": "مترو میدان قطب", "name:en": "Meydan-e Qotb", "railway": "station", "ele": null, "operator:type": null, "layer": null, "addr:full": null, "addr:city": null, "source": null, "name:fa": null, "osm_id": 6361357546, "osm_type": "nodes" }, "geometry": { "type": "Point", "coordinates": [ 46.3128293, 38.0694219 ] } },
{ "type": "Feature", "properties": { "name": "قونقا", "name:en": "Ghongha", "railway": "station", "ele": null, "operator:type": null, "layer": null, "addr:full": null, "addr:city": null, "source": null, "name:fa": null, "osm_id": 8488079105, "osm_type": "nodes" }, "geometry": { "type": "Point", "coordinates": [ 46.279266, 38.076243 ] } },
{ "type": "Feature", "properties": { "name": "گارزان", "name:en": "Gazeran", "railway": "station", "ele": null, "operator:type": null, "layer": null, "addr:full": null, "addr:city": null, "source": null, "name:fa": null, "osm_id": 8488079106, "osm_type": "nodes" }, "geometry": { "type": "Point", "coordinates": [ 46.27138, 38.0675882 ] } },
{ "type": "Feature", "properties": { "name": "شهید باکری", "name:en": "Shahid Bakeri", "railway": "station", "ele": null, "operator:type": null, "layer": null, "addr:full": null, "addr:city": null, "source": null, "name:fa": null, "osm_id": 11422376849, "osm_type": "nodes" }, "geometry": { "type": "Point", "coordinates": [ 46.2407376, 38.0541455 ] } },
{ "type": "Feature", "properties": { "name": "ایستگاه مترو امام خمینی", "name:en": "Imam Khomeini Metro Station", "railway": "station", "ele": null, "operator:type": null, "layer": null, "addr:full": null, "addr:city": null, "source": null, "name:fa": "امام خمینی", "osm_id": 5186262276, "osm_type": "nodes" }, "geometry": { "type": "Point", "coordinates": [ 51.4207683, 35.6858747 ] } },
{ "type": "Feature", "properties": { "name": "پرویز بهمن", "name:en": "Parviz Bahman", "railway": "station", "ele": null, "operator:type": null, "layer": null, "addr:full": null, "addr:city": null, "source": null, "name:fa": null, "osm_id": 8424798606, "osm_type": "nodes" }, "geometry": { "type": "Point", "coordinates": [ 45.796368, 37.5647833 ] } },
{ "type": "Feature", "properties": { "name": "زارعی خاصبان", "name:en": "Zareei", "railway": "station", "ele": null, "operator:type": null, "layer": null, "addr:full": null, "addr:city": null, "source": null, "name:fa": null, "osm_id": 13406384150, "osm_type": "nodes" }, "geometry": { "type": "Point", "coordinates": [ 45.9407535, 37.9058751 ] } },
{ "type": "Feature", "properties": { "name": "کال زرد", "name:en": null, "railway": "station", "ele": null, "operator:type": null, "layer": null, "addr:full": null, "addr:city": null, "source": null, "name:fa": null, "osm_id": 9803815920, "osm_type": "nodes" }, "geometry": { "type": "Point", "coordinates": [ 56.5781771, 33.3243748 ] } },
{ "type": "Feature", "properties": { "name": "ایستگاهدقطار جنت آباد", "name:en": null, "railway": "station", "ele": null, "operator:type": null, "layer": null, "addr:full": null, "addr:city": null, "source": null, "name:fa": null, "osm_id": 7304911485, "osm_type": "nodes" }, "geometry": { "type": "Point", "coordinates": [ 55.4980535, 31.1757888 ] } },
{ "type": "Feature", "properties": { "name": "خاور", "name:en": "Khavar", "railway": "station", "ele": null, "operator:type": null, "layer": null, "addr:full": null, "addr:city": null, "source": null, "name:fa": null, "osm_id": 4020043516, "osm_type": "nodes" }, "geometry": { "type": "Point", "coordinates": [ 48.693191, 31.6124515 ] } },
{ "type": "Feature", "properties": { "name": "هفت تپه", "name:en": "Haft Tappeh", "railway": "station", "ele": null, "operator:type": null, "layer": null, "addr:full": null, "addr:city": null, "source": null, "name:fa": null, "osm_id": 695272412, "osm_type": "nodes" }, "geometry": { "type": "Point", "coordinates": [ 48.3377009, 32.0739548 ] } },
{ "type": "Feature", "properties": { "name": "امامزاده هاشم", "name:en": "Emamzadeh Hashem", "railway": "station", "ele": null, "operator:type": null, "layer": null, "addr:full": null, "addr:city": null, "source": null, "name:fa": null, "osm_id": 7028280317, "osm_type": "nodes" }, "geometry": { "type": "Point", "coordinates": [ 49.6406373, 37.0407998 ] } },
{ "type": "Feature", "properties": { "name": "کوهین", "name:en": "Kuhin", "railway": "station", "ele": null, "operator:type": null, "layer": null, "addr:full": null, "addr:city": null, "source": null, "name:fa": null, "osm_id": 7131411630, "osm_type": "nodes" }, "geometry": { "type": "Point", "coordinates": [ 49.613, 36.307474 ] } },
{ "type": "Feature", "properties": { "name": "Kapıköy", "name:en": null, "railway": "station", "ele": "2058", "operator:type": null, "layer": null, "addr:full": null, "addr:city": null, "source": null, "name:fa": null, "osm_id": 13184388993, "osm_type": "nodes" }, "geometry": { "type": "Point", "coordinates": [ 44.2951887, 38.5101269 ] } },
{ "type": "Feature", "properties": { "name": "ایستگاه قطار تخت جمشید", "name:en": "Marvdasht Railway Station", "railway": "station", "ele": null, "operator:type": null, "layer": null, "addr:full": null, "addr:city": "مرودشت", "source": null, "name:fa": null, "osm_id": 6022689484, "osm_type": "nodes" }, "geometry": { "type": "Point", "coordinates": [ 52.8016394, 29.8965546 ] } },
{ "type": "Feature", "properties": { "name": "امام حسین", "name:en": "Emam Hossein", "railway": "station", "ele": null, "operator:type": null, "layer": null, "addr:full": null, "addr:city": null, "source": null, "name:fa": null, "osm_id": 5161029888, "osm_type": "nodes" }, "geometry": { "type": "Point", "coordinates": [ 52.5319584, 29.6240701 ] } },
{ "type": "Feature", "properties": { "name": "ایستگاه راه آهن چاه سرخ", "name:en": "Chah-e Sorkh Railway Station", "railway": "station", "ele": null, "operator:type": null, "layer": null, "addr:full": null, "addr:city": null, "source": null, "name:fa": null, "osm_id": 8960554728, "osm_type": "nodes" }, "geometry": { "type": "Point", "coordinates": [ 53.8686898, 31.2764845 ] } },
{ "type": "Feature", "properties": { "name": "مترو شهید مطهری", "name:en": "Shahid Motahhari Metro Station", "railway": "station", "ele": null, "operator:type": null, "layer": null, "addr:full": null, "addr:city": null, "source": null, "name:fa": null, "osm_id": 5161029884, "osm_type": "nodes" }, "geometry": { "type": "Point", "coordinates": [ 52.5027545, 29.6374262 ] } },
{ "type": "Feature", "properties": { "name": "ایستگاه راه آهن آباده", "name:en": "Abadeh Railway Station", "railway": "station", "ele": null, "operator:type": null, "layer": null, "addr:full": null, "addr:city": null, "source": null, "name:fa": null, "osm_id": 679962027, "osm_type": "nodes" }, "geometry": { "type": "Point", "coordinates": [ 52.5807032, 31.1702134 ] } },
{ "type": "Feature", "properties": { "name": "قصردشت", "name:en": "Qasr Dasht", "railway": "station", "ele": null, "operator:type": null, "layer": null, "addr:full": null, "addr:city": null, "source": null, "name:fa": null, "osm_id": 13196689027, "osm_type": "nodes" }, "geometry": { "type": "Point", "coordinates": [ 52.4854204, 29.6552369 ] } },
{ "type": "Feature", "properties": { "name": "شاهد", "name:en": "Shahed", "railway": "station", "ele": null, "operator:type": null, "layer": null, "addr:full": null, "addr:city": null, "source": null, "name:fa": null, "osm_id": 13196689029, "osm_type": "nodes" }, "geometry": { "type": "Point", "coordinates": [ 52.4865241, 29.6662456 ] } },
{ "type": "Feature", "properties": { "name": "غدیر", "name:en": "Ghadir", "railway": "station", "ele": null, "operator:type": null, "layer": null, "addr:full": null, "addr:city": null, "source": null, "name:fa": null, "osm_id": 13196689030, "osm_type": "nodes" }, "geometry": { "type": "Point", "coordinates": [ 52.5791945, 29.5806826 ] } },
{ "type": "Feature", "properties": { "name": "Akýaýla", "name:en": null, "railway": "station", "ele": null, "operator:type": null, "layer": null, "addr:full": null, "addr:city": null, "source": null, "name:fa": "آق یایلا", "osm_id": 3884475565, "osm_type": "nodes" }, "geometry": { "type": "Point", "coordinates": [ 54.6297973, 37.4636014 ] } },
{ "type": "Feature", "properties": { "name": "جانبازان", "name:en": "Janbazan", "railway": "station", "ele": null, "operator:type": null, "layer": null, "addr:full": null, "addr:city": null, "source": null, "name:fa": null, "osm_id": 13196689031, "osm_type": "nodes" }, "geometry": { "type": "Point", "coordinates": [ 52.5853246, 29.5723303 ] } },
{ "type": "Feature", "properties": { "name": "فرصت شیرازی", "name:en": "Forsat Shirazi", "railway": "station", "ele": null, "operator:type": null, "layer": null, "addr:full": null, "addr:city": null, "source": null, "name:fa": null, "osm_id": 13196689032, "osm_type": "nodes" }, "geometry": { "type": "Point", "coordinates": [ 52.5904477, 29.5649631 ] } },
{ "type": "Feature", "properties": { "name": "ولیعصر", "name:en": "Valiasr", "railway": "station", "ele": null, "operator:type": null, "layer": null, "addr:full": null, "addr:city": null, "source": null, "name:fa": null, "osm_id": 13200211527, "osm_type": "nodes" }, "geometry": { "type": "Point", "coordinates": [ 52.5585197, 29.6082344 ] } },
{ "type": "Feature", "properties": { "name": "وکیل الرعایا", "name:en": "Vakil-Al-Roaya", "railway": "station", "ele": null, "operator:type": null, "layer": null, "addr:full": null, "addr:city": null, "source": null, "name:fa": null, "osm_id": 13200231566, "osm_type": "nodes" }, "geometry": { "type": "Point", "coordinates": [ 52.5517783, 29.6124141 ] } },
{ "type": "Feature", "properties": { "name": "راه آهن سمنان", "name:en": "Semnan", "railway": "station", "ele": null, "operator:type": null, "layer": null, "addr:full": null, "addr:city": null, "source": null, "name:fa": null, "osm_id": 8360946103, "osm_type": "nodes" }, "geometry": { "type": "Point", "coordinates": [ 53.4049675, 35.5525549 ] } },
{ "type": "Feature", "properties": { "name": "ایستگاه مترو فردوسی", "name:en": "Ferdowsi metro station", "railway": "station", "ele": null, "operator:type": null, "layer": null, "addr:full": null, "addr:city": null, "source": null, "name:fa": "فردوسی", "osm_id": 13202066659, "osm_type": "nodes" }, "geometry": { "type": "Point", "coordinates": [ 51.4191216, 35.7015309 ] } },
{ "type": "Feature", "properties": { "name": "امام حسین (دروازه دولت)", "name:en": "Imam Hossein Metro Station", "railway": "station", "ele": null, "operator:type": null, "layer": null, "addr:full": null, "addr:city": null, "source": null, "name:fa": null, "osm_id": 5162679629, "osm_type": "nodes" }, "geometry": { "type": "Point", "coordinates": [ 51.6693574, 32.6581181 ] } },
{ "type": "Feature", "properties": { "name": "شهدا", "name:en": "Shohada", "railway": "station", "ele": null, "operator:type": null, "layer": null, "addr:full": null, "addr:city": null, "source": null, "name:fa": null, "osm_id": 5162679627, "osm_type": "nodes" }, "geometry": { "type": "Point", "coordinates": [ 51.6712572, 32.671975 ] } },
{ "type": "Feature", "properties": { "name": "ایستگاه مترو پالایشگاه", "name:en": "Palayeshgah", "railway": "station", "ele": null, "operator:type": null, "layer": null, "addr:full": null, "addr:city": null, "source": null, "name:fa": "پالایشگاه", "osm_id": 11281445852, "osm_type": "nodes" }, "geometry": { "type": "Point", "coordinates": [ 51.3993678, 35.5599402 ] } },
{ "type": "Feature", "properties": { "name": "ایستگاه مترو شهید فخری زاده", "name:en": "Shahid Fakhrizadeh", "railway": "station", "ele": null, "operator:type": null, "layer": null, "addr:full": null, "addr:city": null, "source": null, "name:fa": "شهید فخری زاده", "osm_id": 11737927451, "osm_type": "nodes" }, "geometry": { "type": "Point", "coordinates": [ 50.7911004, 35.9175817 ] } },
{ "type": "Feature", "properties": { "name": "باب‌الجواد", "name:en": "Bab Ol-Javad", "railway": "station", "ele": null, "operator:type": null, "layer": null, "addr:full": null, "addr:city": null, "source": null, "name:fa": null, "osm_id": 12855217491, "osm_type": "nodes" }, "geometry": { "type": "Point", "coordinates": [ 59.6110962, 36.2856931 ] } },
{ "type": "Feature", "properties": { "name": "دانشگاه صنعتی اصفهان", "name:en": "Isfahan University of Technology", "railway": "station", "ele": null, "operator:type": null, "layer": null, "addr:full": null, "addr:city": null, "source": null, "name:fa": null, "osm_id": 7694352635, "osm_type": "nodes" }, "geometry": { "type": "Point", "coordinates": [ 51.5565456, 32.7461057 ] } },
{ "type": "Feature", "properties": { "name": "ایستگاه راه آهن پرندک", "name:en": "Parandak", "railway": "station", "ele": null, "operator:type": null, "layer": null, "addr:full": null, "addr:city": null, "source": null, "name:fa": null, "osm_id": 4903448910, "osm_type": "nodes" }, "geometry": { "type": "Point", "coordinates": [ 50.6922238, 35.3575047 ] } },
{ "type": "Feature", "properties": { "name": "ایستگاه راه آهن پرندک", "name:en": "Parandak", "railway": "station", "ele": null, "operator:type": null, "layer": null, "addr:full": null, "addr:city": null, "source": null, "name:fa": null, "osm_id": 6864038382, "osm_type": "nodes" }, "geometry": { "type": "Point", "coordinates": [ 50.6921759, 35.3574829 ] } },
{ "type": "Feature", "properties": { "name": "ایستگاه راه آهن پرندک", "name:en": "Parandak", "railway": "station", "ele": null, "operator:type": null, "layer": null, "addr:full": null, "addr:city": null, "source": null, "name:fa": null, "osm_id": 6864038383, "osm_type": "nodes" }, "geometry": { "type": "Point", "coordinates": [ 50.6922014, 35.3574961 ] } },
{ "type": "Feature", "properties": { "name": "اراک", "name:en": "Arak", "railway": "station", "ele": null, "operator:type": null, "layer": null, "addr:full": null, "addr:city": null, "source": null, "name:fa": null, "osm_id": 12595065554, "osm_type": "nodes" }, "geometry": { "type": "Point", "coordinates": [ 49.7016281, 34.0717733 ] } },
{ "type": "Feature", "properties": { "name": "ایستگاه راه آهن دیدگان", "name:en": null, "railway": "station", "ele": null, "operator:type": null, "layer": null, "addr:full": null, "addr:city": "روستای خیرآباد", "source": null, "name:fa": null, "osm_id": 8258493790, "osm_type": "nodes" }, "geometry": { "type": "Point", "coordinates": [ 53.3498957, 30.3634688 ] } },
{ "type": "Feature", "properties": { "name": "ایستگاه مترو مریم مقدس", "name:en": "Maryam-e Moghaddas Metro Station", "railway": "station", "ele": null, "operator:type": null, "layer": null, "addr:full": null, "addr:city": null, "source": null, "name:fa": "مریم مقدس", "osm_id": 13279314257, "osm_type": "nodes" }, "geometry": { "type": "Point", "coordinates": [ 51.4144384, 35.7151939 ] } },
{ "type": "Feature", "properties": { "name": "سیرجان", "name:en": "Sirjan", "railway": "station", "ele": null, "operator:type": null, "layer": null, "addr:full": null, "addr:city": null, "source": null, "name:fa": null, "osm_id": 6048628656, "osm_type": "nodes" }, "geometry": { "type": "Point", "coordinates": [ 55.6491879, 29.508571 ] } },
{ "type": "Feature", "properties": { "name": "ایستگاه مترو شهدای هفده شهریور", "name:en": "Shohada-ye Hefdah-e Shahrivar", "railway": "station", "ele": null, "operator:type": null, "layer": null, "addr:full": null, "addr:city": null, "source": null, "name:fa": "شهدای هفده شهریور", "osm_id": 13284688255, "osm_type": "nodes" }, "geometry": { "type": "Point", "coordinates": [ 51.44578, 35.6684763 ] } },
{ "type": "Feature", "properties": { "name": "ایستگاه راه آهن راین", "name:en": "Rayen", "railway": "station", "ele": null, "operator:type": null, "layer": null, "addr:full": null, "addr:city": null, "source": null, "name:fa": null, "osm_id": 5968154224, "osm_type": "nodes" }, "geometry": { "type": "Point", "coordinates": [ 57.4709444, 29.6400809 ] } },
{ "type": "Feature", "properties": { "name": "ایستگاه راه آهن مهریز", "name:en": "Mehriz Railway Station", "railway": "station", "ele": null, "operator:type": null, "layer": null, "addr:full": null, "addr:city": "مهریز", "source": null, "name:fa": null, "osm_id": 8758881217, "osm_type": "nodes" }, "geometry": { "type": "Point", "coordinates": [ 54.5736849, 31.5435691 ] } },
{ "type": "Feature", "properties": { "name": "ایستگاه راه آهن ده شیر", "name:en": "Deh Shir Railway Station", "railway": "station", "ele": null, "operator:type": null, "layer": null, "addr:full": null, "addr:city": null, "source": null, "name:fa": null, "osm_id": 8960554727, "osm_type": "nodes" }, "geometry": { "type": "Point", "coordinates": [ 53.6567607, 31.3505952 ] } },
{ "type": "Feature", "properties": { "name": "ایستگاه راه آهن شهرک صنعتی", "name:en": "Shahrak-e San'ati Railway Station", "railway": "station", "ele": null, "operator:type": null, "layer": null, "addr:full": null, "addr:city": null, "source": null, "name:fa": null, "osm_id": 8960554731, "osm_type": "nodes" }, "geometry": { "type": "Point", "coordinates": [ 53.4261776, 31.2280922 ] } },
{ "type": "Feature", "properties": { "name": "ایستگاه راه آهن گازیرات", "name:en": "Gazirat Railway Station", "railway": "station", "ele": null, "operator:type": null, "layer": null, "addr:full": null, "addr:city": null, "source": null, "name:fa": null, "osm_id": 8960554732, "osm_type": "nodes" }, "geometry": { "type": "Point", "coordinates": [ 54.1305236, 31.2556746 ] } },
{ "type": "Feature", "properties": { "name": "ایستگاه راه آهن چاه ترش", "name:en": "Chah Torsh Railway Station", "railway": "station", "ele": null, "operator:type": null, "layer": null, "addr:full": null, "addr:city": null, "source": null, "name:fa": null, "osm_id": 8960554742, "osm_type": "nodes" }, "geometry": { "type": "Point", "coordinates": [ 54.5156449, 31.202176 ] } },
{ "type": "Feature", "properties": { "name": "هرند", "name:en": "Herand", "railway": "station", "ele": null, "operator:type": null, "layer": null, "addr:full": null, "addr:city": null, "source": null, "name:fa": null, "osm_id": 7786409737, "osm_type": "nodes" }, "geometry": { "type": "Point", "coordinates": [ 52.4533485, 32.629102 ] } },
{ "type": "Feature", "properties": { "name": "ایستگاه راه‌ آهن نیشابور", "name:en": "Neyshabur Railway Station", "railway": "station", "ele": null, "operator:type": null, "layer": null, "addr:full": null, "addr:city": null, "source": null, "name:fa": null, "osm_id": 8360946104, "osm_type": "nodes" }, "geometry": { "type": "Point", "coordinates": [ 58.7850791, 36.1947804 ] } },
{ "type": "Feature", "properties": { "name": "ایستگاه راه آهن شهر صنعتی کاوه", "name:en": null, "railway": "station", "ele": null, "operator:type": null, "layer": null, "addr:full": null, "addr:city": null, "source": null, "name:fa": null, "osm_id": 6024555256, "osm_type": "nodes" }, "geometry": { "type": "Point", "coordinates": [ 50.4102859, 35.1041514 ] } },
{ "type": "Feature", "properties": { "name": "انجیلاوند", "name:en": null, "railway": "station", "ele": null, "operator:type": null, "layer": null, "addr:full": null, "addr:city": null, "source": null, "name:fa": null, "osm_id": 12117384355, "osm_type": "nodes" }, "geometry": { "type": "Point", "coordinates": [ 50.6150692, 34.9877073 ] } },
{ "type": "Feature", "properties": { "name": "ایستگاه راه آهن مبوتک", "name:en": null, "railway": "station", "ele": null, "operator:type": null, "layer": null, "addr:full": null, "addr:city": null, "source": null, "name:fa": null, "osm_id": 12116929579, "osm_type": "nodes" }, "geometry": { "type": "Point", "coordinates": [ 60.4852835, 34.3442645 ] } },
{ "type": "Feature", "properties": { "name": "شوشتر", "name:en": "Shushtar", "railway": "station", "ele": null, "operator:type": null, "layer": null, "addr:full": null, "addr:city": null, "source": null, "name:fa": null, "osm_id": 6334097194, "osm_type": "nodes" }, "geometry": { "type": "Point", "coordinates": [ 48.829711, 32.0519679 ] } },
{ "type": "Feature", "properties": { "name": "ایستگاه بندر امام خمینی", "name:en": null, "railway": "station", "ele": null, "operator:type": null, "layer": null, "addr:full": null, "addr:city": null, "source": null, "name:fa": null, "osm_id": 703745805, "osm_type": "nodes" }, "geometry": { "type": "Point", "coordinates": [ 49.078089, 30.4318944 ] } },
{ "type": "Feature", "properties": { "name": "نائین", "name:en": "Nain", "railway": "station", "ele": null, "operator:type": null, "layer": null, "addr:full": null, "addr:city": null, "source": null, "name:fa": null, "osm_id": 3429776934, "osm_type": "nodes" }, "geometry": { "type": "Point", "coordinates": [ 53.4163147, 33.069672 ] } },
{ "type": "Feature", "properties": { "name": "ایستگاه راه آهن اصفهان", "name:en": "Isfahan", "railway": "station", "ele": null, "operator:type": null, "layer": null, "addr:full": null, "addr:city": null, "source": null, "name:fa": null, "osm_id": 5481960609, "osm_type": "nodes" }, "geometry": { "type": "Point", "coordinates": [ 51.6953745, 32.5499852 ] } },
{ "type": "Feature", "properties": { "name": "ایستگاه راه آهن زاهدان -باری-جدید", "name:en": "Zahedan New Industrial Town", "railway": "station", "ele": null, "operator:type": null, "layer": null, "addr:full": null, "addr:city": null, "source": null, "name:fa": null, "osm_id": 612533677, "osm_type": "nodes" }, "geometry": { "type": "Point", "coordinates": [ 60.9135568, 29.4304172 ] } },
{ "type": "Feature", "properties": { "name": "ساقه", "name:en": "Saqh", "railway": "station", "ele": null, "operator:type": null, "layer": null, "addr:full": null, "addr:city": null, "source": null, "name:fa": null, "osm_id": 704367070, "osm_type": "nodes" }, "geometry": { "type": "Point", "coordinates": [ 50.6937756, 34.5894113 ] } },
{ "type": "Feature", "properties": { "name": "ایستگاه راه آهن دورود", "name:en": "Doroud Railway Station", "railway": "station", "ele": null, "operator:type": null, "layer": null, "addr:full": null, "addr:city": "دورود", "source": null, "name:fa": null, "osm_id": 8603059698, "osm_type": "nodes" }, "geometry": { "type": "Point", "coordinates": [ 49.0626171, 33.4851372 ] } },
{ "type": "Feature", "properties": { "name": "سبزآب", "name:en": "Sabzab", "railway": "station", "ele": null, "operator:type": null, "layer": null, "addr:full": null, "addr:city": null, "source": null, "name:fa": null, "osm_id": 695272034, "osm_type": "nodes" }, "geometry": { "type": "Point", "coordinates": [ 48.2806675, 32.3370298 ] } },
{ "type": "Feature", "properties": { "name": "سیاه باغ", "name:en": "Syah Bagh", "railway": "station", "ele": null, "operator:type": null, "layer": null, "addr:full": null, "addr:city": null, "source": null, "name:fa": null, "osm_id": 691708053, "osm_type": "nodes" }, "geometry": { "type": "Point", "coordinates": [ 49.5418918, 36.0317211 ] } },
{ "type": "Feature", "properties": { "name": "خواف", "name:en": "Khaf", "railway": "station", "ele": null, "operator:type": null, "layer": null, "addr:full": null, "addr:city": null, "source": null, "name:fa": null, "osm_id": 679964467, "osm_type": "nodes" }, "geometry": { "type": "Point", "coordinates": [ 60.1860478, 34.5672096 ] } },
{ "type": "Feature", "properties": { "name": null, "name:en": null, "railway": "station", "ele": null, "operator:type": null, "layer": null, "addr:full": null, "addr:city": null, "source": null, "name:fa": null, "osm_id": 4023923391, "osm_type": "nodes" }, "geometry": { "type": "Point", "coordinates": [ 51.7211229, 32.7080957 ] } },
{ "type": "Feature", "properties": { "name": "شهید باهنر", "name:en": "Shahid Bahonar", "railway": "station", "ele": null, "operator:type": null, "layer": null, "addr:full": null, "addr:city": null, "source": null, "name:fa": null, "osm_id": 5161576018, "osm_type": "nodes" }, "geometry": { "type": "Point", "coordinates": [ 51.6721977, 32.679601 ] } },
{ "type": "Feature", "properties": { "name": "شریعتی", "name:en": "Shari'ati", "railway": "station", "ele": null, "operator:type": null, "layer": null, "addr:full": null, "addr:city": null, "source": null, "name:fa": null, "osm_id": 4023917392, "osm_type": "nodes" }, "geometry": { "type": "Point", "coordinates": [ 51.6654863, 32.6292636 ] } },
{ "type": "Feature", "properties": { "name": "کارگر", "name:en": "Kargar", "railway": "station", "ele": null, "operator:type": null, "layer": null, "addr:full": null, "addr:city": null, "source": null, "name:fa": null, "osm_id": 4023917394, "osm_type": "nodes" }, "geometry": { "type": "Point", "coordinates": [ 51.6642805, 32.6052398 ] } },
{ "type": "Feature", "properties": { "name": "کوی امام", "name:en": "Kooye Emam", "railway": "station", "ele": null, "operator:type": null, "layer": null, "addr:full": null, "addr:city": null, "source": null, "name:fa": null, "osm_id": 4023933989, "osm_type": "nodes" }, "geometry": { "type": "Point", "coordinates": [ 51.6682293, 32.5984867 ] } },
{ "type": "Feature", "properties": { "name": "دانشگاه", "name:en": "Daneshgah", "railway": "station", "ele": null, "operator:type": null, "layer": null, "addr:full": null, "addr:city": null, "source": null, "name:fa": null, "osm_id": 4023933990, "osm_type": "nodes" }, "geometry": { "type": "Point", "coordinates": [ 51.6635355, 32.6148663 ] } },
{ "type": "Feature", "properties": { "name": "جابر", "name:en": "Jaber", "railway": "station", "ele": null, "operator:type": null, "layer": null, "addr:full": null, "addr:city": null, "source": null, "name:fa": null, "osm_id": 5161576019, "osm_type": "nodes" }, "geometry": { "type": "Point", "coordinates": [ 51.6660766, 32.7084355 ] } },
{ "type": "Feature", "properties": { "name": "شهید چمران", "name:en": "Shahid Chamran", "railway": "station", "ele": null, "operator:type": null, "layer": null, "addr:full": null, "addr:city": null, "source": null, "name:fa": null, "osm_id": 5161576020, "osm_type": "nodes" }, "geometry": { "type": "Point", "coordinates": [ 51.6732146, 32.687444 ] } },
{ "type": "Feature", "properties": { "name": "کاوه", "name:en": "Kaveh", "railway": "station", "ele": null, "operator:type": null, "layer": null, "addr:full": null, "addr:city": null, "source": null, "name:fa": null, "osm_id": 5161577421, "osm_type": "nodes" }, "geometry": { "type": "Point", "coordinates": [ 51.6724482, 32.698631 ] } },
{ "type": "Feature", "properties": { "name": "گلستان", "name:en": "Golestan", "railway": "station", "ele": null, "operator:type": null, "layer": null, "addr:full": null, "addr:city": null, "source": null, "name:fa": null, "osm_id": 5162679623, "osm_type": "nodes" }, "geometry": { "type": "Point", "coordinates": [ 51.6311547, 32.7156757 ] } },
{ "type": "Feature", "properties": { "name": "شهید مفتح", "name:en": "Shahid Mofatteh", "railway": "station", "ele": null, "operator:type": null, "layer": null, "addr:full": null, "addr:city": null, "source": null, "name:fa": null, "osm_id": 5162679624, "osm_type": "nodes" }, "geometry": { "type": "Point", "coordinates": [ 51.6453774, 32.7159629 ] } },
{ "type": "Feature", "properties": { "name": "بهارستان", "name:en": "Baharestan", "railway": "station", "ele": null, "operator:type": null, "layer": null, "addr:full": null, "addr:city": null, "source": null, "name:fa": null, "osm_id": 5162679625, "osm_type": "nodes" }, "geometry": { "type": "Point", "coordinates": [ 51.6211184, 32.7148823 ] } },
{ "type": "Feature", "properties": { "name": "قدس", "name:en": "Qods", "railway": "station", "ele": null, "operator:type": null, "layer": null, "addr:full": null, "addr:city": null, "source": null, "name:fa": null, "osm_id": 5162679626, "osm_type": "nodes" }, "geometry": { "type": "Point", "coordinates": [ 51.6031989, 32.7148889 ] } },
{ "type": "Feature", "properties": { "name": "تختی", "name:en": "Takhti", "railway": "station", "ele": null, "operator:type": null, "layer": null, "addr:full": null, "addr:city": null, "source": null, "name:fa": null, "osm_id": 5162679628, "osm_type": "nodes" }, "geometry": { "type": "Point", "coordinates": [ 51.6701484, 32.6643927 ] } },
{ "type": "Feature", "properties": { "name": "انقلاب", "name:en": "Enghelab", "railway": "station", "ele": null, "operator:type": null, "layer": null, "addr:full": null, "addr:city": null, "source": null, "name:fa": null, "osm_id": 5162679631, "osm_type": "nodes" }, "geometry": { "type": "Point", "coordinates": [ 51.668157, 32.648819 ] } },
{ "type": "Feature", "properties": { "name": "ایستگاه مترو شهید علیخانی", "name:en": "Shahid Alikhani", "railway": "station", "ele": null, "operator:type": null, "layer": null, "addr:full": null, "addr:city": null, "source": null, "name:fa": null, "osm_id": 5162679632, "osm_type": "nodes" }, "geometry": { "type": "Point", "coordinates": [ 51.6591994, 32.715212 ] } },
{ "type": "Feature", "properties": { "name": "سی و سه پل", "name:en": "Sie-o Se pol", "railway": "station", "ele": null, "operator:type": null, "layer": null, "addr:full": null, "addr:city": null, "source": null, "name:fa": null, "osm_id": 5176142291, "osm_type": "nodes" }, "geometry": { "type": "Point", "coordinates": [ 51.6664168, 32.6388443 ] } },
{ "type": "Feature", "properties": { "name": "آزادی", "name:en": "Azadi", "railway": "station", "ele": null, "operator:type": null, "layer": null, "addr:full": null, "addr:city": null, "source": null, "name:fa": null, "osm_id": 7077111839, "osm_type": "nodes" }, "geometry": { "type": "Point", "coordinates": [ 51.6644983, 32.6221521 ] } },
{ "type": "Feature", "properties": { "name": "دفاع مقدس (صفه)", "name:en": "Soffeh Metro Station", "railway": "station", "ele": null, "operator:type": null, "layer": null, "addr:full": null, "addr:city": null, "source": null, "name:fa": null, "osm_id": 7712005418, "osm_type": "nodes" }, "geometry": { "type": "Point", "coordinates": [ 51.6696844, 32.5881295 ] } },
{ "type": "Feature", "properties": { "name": "شیرگشت", "name:en": null, "railway": "station", "ele": null, "operator:type": null, "layer": null, "addr:full": null, "addr:city": null, "source": null, "name:fa": null, "osm_id": 11062935201, "osm_type": "nodes" }, "geometry": { "type": "Point", "coordinates": [ 56.7895096, 34.0094872 ] } },
{ "type": "Feature", "properties": { "name": "ایستگاه راه آهن شیراز", "name:en": "Shiraz Railway Station", "railway": "station", "ele": null, "operator:type": null, "layer": null, "addr:full": null, "addr:city": null, "source": null, "name:fa": null, "osm_id": 828648487, "osm_type": "nodes" }, "geometry": { "type": "Point", "coordinates": [ 52.431362, 29.7641449 ] } },
{ "type": "Feature", "properties": { "name": "مهماندوست", "name:en": "Mhmandwst", "railway": "station", "ele": null, "operator:type": null, "layer": null, "addr:full": null, "addr:city": null, "source": null, "name:fa": null, "osm_id": 11821653410, "osm_type": "nodes" }, "geometry": { "type": "Point", "coordinates": [ 48.303931, 38.0499081 ] } },
{ "type": "Feature", "properties": { "name": "گنجگاه", "name:en": "Ganjgah", "railway": "station", "ele": null, "operator:type": null, "layer": null, "addr:full": null, "addr:city": null, "source": null, "name:fa": null, "osm_id": 11821653419, "osm_type": "nodes" }, "geometry": { "type": "Point", "coordinates": [ 48.2857771, 37.7340017 ] } },
{ "type": "Feature", "properties": { "name": "فیروزآباد", "name:en": "Firouzabad", "railway": "station", "ele": null, "operator:type": null, "layer": null, "addr:full": null, "addr:city": null, "source": null, "name:fa": null, "osm_id": 11821653432, "osm_type": "nodes" }, "geometry": { "type": "Point", "coordinates": [ 48.237552, 37.5995031 ] } },
{ "type": "Feature", "properties": { "name": "ایستگاه راه آهن آ‌ذر بناب", "name:en": "Azer Bonab railway station", "railway": "station", "ele": null, "operator:type": null, "layer": null, "addr:full": null, "addr:city": "بناب", "source": null, "name:fa": null, "osm_id": 10049039236, "osm_type": "nodes" }, "geometry": { "type": "Point", "coordinates": [ 46.1233306, 37.3724849 ] } },
{ "type": "Feature", "properties": { "name": "سی متری دوم", "name:en": "30 Metri-e Dovvom", "railway": "station", "ele": null, "operator:type": null, "layer": null, "addr:full": null, "addr:city": null, "source": null, "name:fa": "سی متری دوم", "osm_id": 8914081941, "osm_type": "nodes" }, "geometry": { "type": "Point", "coordinates": [ 47.0997031, 34.3436005 ] } },
{ "type": "Feature", "properties": { "name": "خیابان شورا", "name:en": "Khiyaban-e Shora", "railway": "station", "ele": null, "operator:type": null, "layer": null, "addr:full": null, "addr:city": null, "source": null, "name:fa": "خیابان شورا", "osm_id": 8914081957, "osm_type": "nodes" }, "geometry": { "type": "Point", "coordinates": [ 47.0607285, 34.3033963 ] } },
{ "type": "Feature", "properties": { "name": "سه راه بیست و دو بهمن", "name:en": "Se-rah-e Bist-o do-ye Bahman", "railway": "station", "ele": null, "operator:type": null, "layer": null, "addr:full": null, "addr:city": null, "source": null, "name:fa": "سه راه بیست و دو بهمن", "osm_id": 5188730673, "osm_type": "nodes" }, "geometry": { "type": "Point", "coordinates": [ 47.0890379, 34.3355663 ] } },
{ "type": "Feature", "properties": { "name": "پارک فدک", "name:en": "Park-e Fadak", "railway": "station", "ele": null, "operator:type": null, "layer": null, "addr:full": null, "addr:city": null, "source": null, "name:fa": "پارک فدک", "osm_id": 8913277188, "osm_type": "nodes" }, "geometry": { "type": "Point", "coordinates": [ 47.1155911, 34.3621553 ] } },
{ "type": "Feature", "properties": { "name": "کارمندان", "name:en": "Karmandad", "railway": "station", "ele": null, "operator:type": null, "layer": null, "addr:full": null, "addr:city": null, "source": null, "name:fa": "کارمندان", "osm_id": 8914081939, "osm_type": "nodes" }, "geometry": { "type": "Point", "coordinates": [ 47.1212278, 34.36957 ] } },
{ "type": "Feature", "properties": { "name": "چهارراه بسیج", "name:en": "Chahar-rah-e Basij", "railway": "station", "ele": null, "operator:type": null, "layer": null, "addr:full": null, "addr:city": null, "source": null, "name:fa": "چهارراه بسیج", "osm_id": 8914081942, "osm_type": "nodes" }, "geometry": { "type": "Point", "coordinates": [ 47.082693, 34.3311472 ] } },
{ "type": "Feature", "properties": { "name": "بازار", "name:en": "Bazar", "railway": "station", "ele": null, "operator:type": null, "layer": null, "addr:full": null, "addr:city": null, "source": null, "name:fa": "بازار", "osm_id": 8914081943, "osm_type": "nodes" }, "geometry": { "type": "Point", "coordinates": [ 47.0708586, 34.3174231 ] } },
{ "type": "Feature", "properties": { "name": "ایستگاه راه آهن فراغه", "name:en": "Faragheh Railway Station", "railway": "station", "ele": null, "operator:type": null, "layer": null, "addr:full": null, "addr:city": null, "source": null, "name:fa": null, "osm_id": 8960554726, "osm_type": "nodes" }, "geometry": { "type": "Point", "coordinates": [ 52.9676514, 31.038281 ] } },
{ "type": "Feature", "properties": { "name": null, "name:en": null, "railway": "station", "ele": null, "operator:type": null, "layer": null, "addr:full": null, "addr:city": null, "source": null, "name:fa": null, "osm_id": 703776901, "osm_type": "nodes" }, "geometry": { "type": "Point", "coordinates": [ 48.2689468, 32.781992 ] } },
{ "type": "Feature", "properties": { "name": "ایستگاه راه آهن شمتیغ ایران", "name:en": "Shamtigh (Iran) Railway Station", "railway": "station", "ele": null, "operator:type": null, "layer": null, "addr:full": null, "addr:city": null, "source": null, "name:fa": null, "osm_id": 4933372824, "osm_type": "nodes" }, "geometry": { "type": "Point", "coordinates": [ 60.891068, 34.3178294 ] } },
{ "type": "Feature", "properties": { "name": "ایستگاه راه آهن بافق", "name:en": "Bafq", "railway": "station", "ele": null, "operator:type": null, "layer": null, "addr:full": null, "addr:city": "بافق", "source": null, "name:fa": null, "osm_id": 1463887002, "osm_type": "nodes" }, "geometry": { "type": "Point", "coordinates": [ 55.3991457, 31.5877722 ] } },
{ "type": "Feature", "properties": { "name": "بیشه در", "name:en": null, "railway": "station", "ele": null, "operator:type": null, "layer": null, "addr:full": null, "addr:city": null, "source": null, "name:fa": null, "osm_id": 10973642593, "osm_type": "nodes" }, "geometry": { "type": "Point", "coordinates": [ 55.4798359, 31.7394615 ] } },
{ "type": "Feature", "properties": { "name": "ایستگاه راه آهن فین", "name:en": "Fin", "railway": "station", "ele": null, "operator:type": null, "layer": null, "addr:full": null, "addr:city": null, "source": null, "name:fa": null, "osm_id": 6324844500, "osm_type": "nodes" }, "geometry": { "type": "Point", "coordinates": [ 55.8991575, 27.6208593 ] } },
{ "type": "Feature", "properties": { "name": "چادر ملو", "name:en": "Chador Maloo", "railway": "station", "ele": null, "operator:type": null, "layer": null, "addr:full": null, "addr:city": null, "source": null, "name:fa": null, "osm_id": 4402343196, "osm_type": "nodes" }, "geometry": { "type": "Point", "coordinates": [ 55.536457, 32.3338135 ] } },
{ "type": "Feature", "properties": { "name": "بیسیم", "name:en": "Bisim", "railway": "station", "ele": null, "operator:type": null, "layer": null, "addr:full": null, "addr:city": null, "source": null, "name:fa": null, "osm_id": 6737610788, "osm_type": "nodes" }, "geometry": { "type": "Point", "coordinates": [ 53.8540628, 32.4661295 ] } },
{ "type": "Feature", "properties": { "name": "ایستگاه راه آهن ارژنگ", "name:en": "Arjang", "railway": "station", "ele": null, "operator:type": null, "layer": null, "addr:full": null, "addr:city": null, "source": null, "name:fa": null, "osm_id": 4402371493, "osm_type": "nodes" }, "geometry": { "type": "Point", "coordinates": [ 53.8163407, 32.3204204 ] } },
{ "type": "Feature", "properties": { "name": "ایستگاه راه آهن چاه خاور", "name:en": "Chakhavar", "railway": "station", "ele": null, "operator:type": null, "layer": null, "addr:full": null, "addr:city": null, "source": null, "name:fa": null, "osm_id": 6336539886, "osm_type": "nodes" }, "geometry": { "type": "Point", "coordinates": [ 54.7729279, 31.7455616 ] } },
{ "type": "Feature", "properties": { "name": "ایستگاه راه آهن ارومیه", "name:en": "Urmia Railway Station", "railway": "station", "ele": null, "operator:type": null, "layer": null, "addr:full": null, "addr:city": "ارومیه", "source": null, "name:fa": null, "osm_id": 9876337367, "osm_type": "nodes" }, "geometry": { "type": "Point", "coordinates": [ 45.1446784, 37.4974248 ] } },
{ "type": "Feature", "properties": { "name": "سیستان", "name:en": "Sistan", "railway": "station", "ele": null, "operator:type": null, "layer": null, "addr:full": null, "addr:city": null, "source": null, "name:fa": null, "osm_id": 4198405971, "osm_type": "nodes" }, "geometry": { "type": "Point", "coordinates": [ 52.1121951, 32.6698536 ] } },
{ "type": "Feature", "properties": { "name": "ورتون", "name:en": "Vartun", "railway": "station", "ele": null, "operator:type": null, "layer": null, "addr:full": null, "addr:city": null, "source": null, "name:fa": null, "osm_id": 10886174932, "osm_type": "nodes" }, "geometry": { "type": "Point", "coordinates": [ 52.1211308, 32.8336288 ] } },
{ "type": "Feature", "properties": { "name": "اسپیدان", "name:en": "Espidan", "railway": "station", "ele": null, "operator:type": null, "layer": null, "addr:full": null, "addr:city": null, "source": null, "name:fa": null, "osm_id": 4198405970, "osm_type": "nodes" }, "geometry": { "type": "Point", "coordinates": [ 52.0275819, 33.4717362 ] } },
{ "type": "Feature", "properties": { "name": "ایستگاه رودک", "name:en": null, "railway": "station", "ele": null, "operator:type": null, "layer": null, "addr:full": null, "addr:city": null, "source": null, "name:fa": null, "osm_id": 703788199, "osm_type": "nodes" }, "geometry": { "type": "Point", "coordinates": [ 49.1737726, 33.4641887 ] } },
{ "type": "Feature", "properties": { "name": "ایستگاه راه آهن ساری", "name:en": null, "railway": "station", "ele": null, "operator:type": null, "layer": null, "addr:full": null, "addr:city": "ساری", "source": null, "name:fa": null, "osm_id": 684208116, "osm_type": "nodes" }, "geometry": { "type": "Point", "coordinates": [ 53.0587221, 36.5527428 ] } },
{ "type": "Feature", "properties": { "name": "سپاهان شهر", "name:en": "Sepahanshahr", "railway": "station", "ele": null, "operator:type": null, "layer": null, "addr:full": null, "addr:city": null, "source": null, "name:fa": null, "osm_id": 7694182653, "osm_type": "nodes" }, "geometry": { "type": "Point", "coordinates": [ 51.6863825, 32.555243 ] } },
{ "type": "Feature", "properties": { "name": "باؤنڈری پلر", "name:en": "Boundary Pillar", "railway": "station", "ele": null, "operator:type": null, "layer": null, "addr:full": null, "addr:city": null, "source": null, "name:fa": null, "osm_id": 13366727509, "osm_type": "nodes" }, "geometry": { "type": "Point", "coordinates": [ 61.5520459, 28.9744807 ] } },
{ "type": "Feature", "properties": { "name": null, "name:en": "Aq Bolagh", "railway": "station", "ele": null, "operator:type": null, "layer": null, "addr:full": null, "addr:city": null, "source": null, "name:fa": "آق‌بلاغ", "osm_id": 13369900676, "osm_type": "nodes" }, "geometry": { "type": "Point", "coordinates": [ 48.1970644, 35.0474079 ] } },
{ "type": "Feature", "properties": { "name": "مامونیه", "name:en": "Mamuniyeh", "railway": "station", "ele": null, "operator:type": null, "layer": null, "addr:full": null, "addr:city": null, "source": null, "name:fa": "مامونیه", "osm_id": 13371614575, "osm_type": "nodes" }, "geometry": { "type": "Point", "coordinates": [ 50.4453288, 35.2455441 ] } },
{ "type": "Feature", "properties": { "name": "شهدای پرندک", "name:en": "Shohada-ye Parandak", "railway": "station", "ele": null, "operator:type": null, "layer": null, "addr:full": null, "addr:city": null, "source": null, "name:fa": "شهدای پرندک", "osm_id": 13371614638, "osm_type": "nodes" }, "geometry": { "type": "Point", "coordinates": [ 50.6369718, 35.3652042 ] } },
{ "type": "Feature", "properties": { "name": "ایمناب", "name:en": "Enab", "railway": "station", "ele": null, "operator:type": null, "layer": null, "addr:full": null, "addr:city": null, "source": null, "name:fa": "ایمناب", "osm_id": 13373113642, "osm_type": "nodes" }, "geometry": { "type": "Point", "coordinates": [ 46.6809487, 37.9119574 ] } },
{ "type": "Feature", "properties": { "name": "ایستگاه قطار شهرقدس", "name:en": "Shahr-e Qods", "railway": "station", "ele": null, "operator:type": null, "layer": null, "addr:full": null, "addr:city": null, "source": null, "name:fa": null, "osm_id": 13378178511, "osm_type": "nodes" }, "geometry": { "type": "Point", "coordinates": [ 51.1285863, 35.7245271 ] } },
{ "type": "Feature", "properties": { "name": "ایستگاه مترو جوانمرد قصاب", "name:en": "Javanmard-e Ghassab", "railway": "station", "ele": null, "operator:type": null, "layer": null, "addr:full": null, "addr:city": null, "source": null, "name:fa": "جوانمرد قصاب", "osm_id": 13380418873, "osm_type": "nodes" }, "geometry": { "type": "Point", "coordinates": [ 51.4194666, 35.6100492 ] } },
{ "type": "Feature", "properties": { "name": "ایستگاه مترو پایانه جنوب", "name:en": "Payaneh Jonoub", "railway": "station", "ele": null, "operator:type": null, "layer": null, "addr:full": null, "addr:city": null, "source": null, "name:fa": "پایانه جنوب", "osm_id": 13380425818, "osm_type": "nodes" }, "geometry": { "type": "Point", "coordinates": [ 51.4162862, 35.6508946 ] } },
{ "type": "Feature", "properties": { "name": "ایستگاه مترو شهید مفتح", "name:en": "Shahid Mofatteh", "railway": "station", "ele": null, "operator:type": null, "layer": null, "addr:full": null, "addr:city": null, "source": null, "name:fa": "شهید مفتح", "osm_id": 13381123725, "osm_type": "nodes" }, "geometry": { "type": "Point", "coordinates": [ 51.4277776, 35.7244381 ] } },
{ "type": "Feature", "properties": { "name": "ایستگاه مترو شهید حقانی", "name:en": "Shahid Haghani", "railway": "station", "ele": null, "operator:type": null, "layer": null, "addr:full": null, "addr:city": null, "source": null, "name:fa": "شهید حقانی", "osm_id": 13381123745, "osm_type": "nodes" }, "geometry": { "type": "Point", "coordinates": [ 51.4260913, 35.7567055 ] } },
{ "type": "Feature", "properties": { "name": "ایستگاه مترو مصلی", "name:en": "Mosalla-ye Emam Khomein", "railway": "station", "ele": null, "operator:type": null, "layer": null, "addr:full": null, "addr:city": null, "source": null, "name:fa": "مصلی", "osm_id": 13381123730, "osm_type": "nodes" }, "geometry": { "type": "Point", "coordinates": [ 51.4276616, 35.7403353 ] } },
{ "type": "Feature", "properties": { "name": "ایستگاه مترو میرداماد", "name:en": "Mirdamad", "railway": "station", "ele": null, "operator:type": null, "layer": null, "addr:full": null, "addr:city": null, "source": null, "name:fa": "میرداماد", "osm_id": 13381123758, "osm_type": "nodes" }, "geometry": { "type": "Point", "coordinates": [ 51.4338172, 35.7599846 ] } },
{ "type": "Feature", "properties": { "name": "ایستگاه مترو دکتر شریعتی", "name:en": "Doctor Shari'ati", "railway": "station", "ele": null, "operator:type": null, "layer": null, "addr:full": null, "addr:city": null, "source": null, "name:fa": "دکتر شریعتی", "osm_id": 13381123759, "osm_type": "nodes" }, "geometry": { "type": "Point", "coordinates": [ 51.4440762, 35.7630183 ] } },
{ "type": "Feature", "properties": { "name": "ایستگاه مترو قیطریه", "name:en": "Gheytariyeh", "railway": "station", "ele": null, "operator:type": null, "layer": null, "addr:full": null, "addr:city": null, "source": null, "name:fa": "قیطریه", "osm_id": 13381264373, "osm_type": "nodes" }, "geometry": { "type": "Point", "coordinates": [ 51.4350607, 35.7934184 ] } },
{ "type": "Feature", "properties": { "name": "ایستگاه مترو تجریش", "name:en": "Tajrish", "railway": "station", "ele": null, "operator:type": null, "layer": null, "addr:full": null, "addr:city": null, "source": null, "name:fa": "تجریش", "osm_id": 13381264374, "osm_type": "nodes" }, "geometry": { "type": "Point", "coordinates": [ 51.4336496, 35.8046938 ] } },
{ "type": "Feature", "properties": { "name": "ایستگاه مترو شهید صدر", "name:en": "Shahid Sadr", "railway": "station", "ele": null, "operator:type": null, "layer": null, "addr:full": null, "addr:city": null, "source": null, "name:fa": "شهید صدر", "osm_id": 13381123770, "osm_type": "nodes" }, "geometry": { "type": "Point", "coordinates": [ 51.4360318, 35.785118 ] } },
{ "type": "Feature", "properties": { "name": "منجیل", "name:en": "Manjil", "railway": "station", "ele": null, "operator:type": null, "layer": null, "addr:full": null, "addr:city": null, "source": null, "name:fa": null, "osm_id": 13383459579, "osm_type": "nodes" }, "geometry": { "type": "Point", "coordinates": [ 49.3999795, 36.7226032 ] } },
{ "type": "Feature", "properties": { "name": "سیمین دشت", "name:en": "Simindasht", "railway": "station", "ele": null, "operator:type": null, "layer": null, "addr:full": null, "addr:city": null, "source": null, "name:fa": null, "osm_id": 13389112423, "osm_type": "nodes" }, "geometry": { "type": "Point", "coordinates": [ 52.5013273, 35.5206796 ] } },
{ "type": "Feature", "properties": { "name": "ایستگاه راه آهن زرین دشت", "name:en": "Zarindasht", "railway": "station", "ele": null, "operator:type": null, "layer": null, "addr:full": null, "addr:city": null, "source": null, "name:fa": null, "osm_id": 13389112454, "osm_type": "nodes" }, "geometry": { "type": "Point", "coordinates": [ 52.6032313, 35.570975 ] } },
{ "type": "Feature", "properties": { "name": "ایستگاه راه آهن صائب", "name:en": "Saeb Railway Station", "railway": "station", "ele": null, "operator:type": null, "layer": null, "addr:full": null, "addr:city": null, "source": null, "name:fa": null, "osm_id": 694341705, "osm_type": "nodes" }, "geometry": { "type": "Point", "coordinates": [ 46.9841833, 37.373383 ] } },
{ "type": "Feature", "properties": { "name": "ایستکاه راه آهن زاهد محمود", "name:en": null, "railway": "station", "ele": null, "operator:type": null, "layer": null, "addr:full": null, "addr:city": null, "source": null, "name:fa": null, "osm_id": 12526496465, "osm_type": "nodes" }, "geometry": { "type": "Point", "coordinates": [ 55.7133503, 27.9380087 ] } },
{ "type": "Feature", "properties": { "name": "ایستگاه راه آهن قارون", "name:en": null, "railway": "station", "ele": null, "operator:type": null, "layer": null, "addr:full": null, "addr:city": null, "source": null, "name:fa": null, "osm_id": 1896111155, "osm_type": "nodes" }, "geometry": { "type": "Point", "coordinates": [ 48.995845, 33.4211674 ] } },
{ "type": "Feature", "properties": { "name": "ایستگاه راه آهن شهر جلفا", "name:en": "Jolfa", "railway": "station", "ele": null, "operator:type": null, "layer": null, "addr:full": null, "addr:city": null, "source": null, "name:fa": null, "osm_id": 13395861938, "osm_type": "nodes" }, "geometry": { "type": "Point", "coordinates": [ 45.6305528, 38.937708 ] } },
{ "type": "Feature", "properties": { "name": "بابکان", "name:en": "Babkean", "railway": "station", "ele": null, "operator:type": null, "layer": null, "addr:full": null, "addr:city": null, "source": null, "name:fa": null, "osm_id": 13399622653, "osm_type": "nodes" }, "geometry": { "type": "Point", "coordinates": [ 44.7966674, 38.451314 ] } },
{ "type": "Feature", "properties": { "name": "ایستگاه راه آهن شهید رحیم رهبری", "name:en": "Shahid Rahim Rahbari", "railway": "station", "ele": null, "operator:type": null, "layer": null, "addr:full": null, "addr:city": null, "source": null, "name:fa": null, "osm_id": 13410861327, "osm_type": "nodes" }, "geometry": { "type": "Point", "coordinates": [ 45.8766572, 37.7678146 ] } },
{ "type": "Feature", "properties": { "name": "ایستگاه مترو امام حسین", "name:en": "Emam Hossein Metro Station", "railway": "station", "ele": null, "operator:type": null, "layer": null, "addr:full": null, "addr:city": null, "source": null, "name:fa": null, "osm_id": 13426743990, "osm_type": "nodes" }, "geometry": { "type": "Point", "coordinates": [ 51.4457999, 35.7024033 ] } },
{ "type": "Feature", "properties": { "name": "ایستگاه راه آهن سپید دشت", "name:en": null, "railway": "station", "ele": null, "operator:type": null, "layer": null, "addr:full": null, "addr:city": null, "source": null, "name:fa": null, "osm_id": 1896328824, "osm_type": "nodes" }, "geometry": { "type": "Point", "coordinates": [ 48.8828285, 33.2222151 ] } },
{ "type": "Feature", "properties": { "name": "میدان شهرداری سابق", "name:en": "Meydan-e Jahad", "railway": "station", "ele": null, "operator:type": null, "layer": null, "addr:full": null, "addr:city": null, "source": null, "name:fa": "میدان جهاد", "osm_id": 8914081945, "osm_type": "nodes" }, "geometry": { "type": "Point", "coordinates": [ 47.0644769, 34.3087006 ] } },
{ "type": "Feature", "properties": { "name": "شهرک امام", "name:en": "Shahrak-e Emam", "railway": "station", "ele": null, "operator:type": null, "layer": null, "addr:full": null, "addr:city": null, "source": null, "name:fa": null, "osm_id": 12397720173, "osm_type": "nodes" }, "geometry": { "type": "Point", "coordinates": [ 46.2332902, 38.0890006 ] } },
{ "type": "Feature", "properties": { "name": "چهار راه مدرس", "name:en": null, "railway": "station", "ele": null, "operator:type": null, "layer": null, "addr:full": null, "addr:city": null, "source": null, "name:fa": "چهارراه اجاق", "osm_id": 11002942068, "osm_type": "nodes" }, "geometry": { "type": "Point", "coordinates": [ 47.0670823, 34.31222 ] } },
{ "type": "Feature", "properties": { "name": "میدان فردوسی", "name:en": "Meydan-e Ferdowsi", "railway": "station", "ele": null, "operator:type": null, "layer": null, "addr:full": null, "addr:city": null, "source": null, "name:fa": "میدان فردوسی", "osm_id": 8914081956, "osm_type": "nodes" }, "geometry": { "type": "Point", "coordinates": [ 47.0548725, 34.2940358 ] } },
{ "type": "Feature", "properties": { "name": "آهنگ", "name:en": "Ahang", "railway": "station", "ele": null, "operator:type": null, "layer": null, "addr:full": null, "addr:city": null, "source": null, "name:fa": null, "osm_id": 11063050005, "osm_type": "nodes" }, "geometry": { "type": "Point", "coordinates": [ 58.0674283, 34.6053054 ] } },
{ "type": "Feature", "properties": { "name": "ایستگاه قطار عشق آباد", "name:en": "Eshghabad Railway Station", "railway": "station", "ele": null, "operator:type": null, "layer": null, "addr:full": null, "addr:city": null, "source": null, "name:fa": null, "osm_id": 11368388355, "osm_type": "nodes" }, "geometry": { "type": "Point", "coordinates": [ 56.9851572, 34.0668847 ] } },
{ "type": "Feature", "properties": { "name": "نصر آباد", "name:en": "Nasrabad", "railway": "station", "ele": null, "operator:type": null, "layer": null, "addr:full": null, "addr:city": null, "source": null, "name:fa": null, "osm_id": 12052957765, "osm_type": "nodes" }, "geometry": { "type": "Point", "coordinates": [ 58.9055904, 35.0361921 ] } },
{ "type": "Feature", "properties": { "name": "کامه", "name:en": "Kameh", "railway": "station", "ele": null, "operator:type": null, "layer": null, "addr:full": null, "addr:city": null, "source": null, "name:fa": null, "osm_id": 12053000078, "osm_type": "nodes" }, "geometry": { "type": "Point", "coordinates": [ 59.2056091, 35.4802784 ] } },
{ "type": "Feature", "properties": { "name": "نمکی", "name:en": "Namaki", "railway": "station", "ele": null, "operator:type": null, "layer": null, "addr:full": null, "addr:city": null, "source": null, "name:fa": null, "osm_id": 12053000082, "osm_type": "nodes" }, "geometry": { "type": "Point", "coordinates": [ 59.1365924, 35.7857516 ] } },
{ "type": "Feature", "properties": { "name": "حصار جلال", "name:en": "Hesar Jalal", "railway": "station", "ele": null, "operator:type": null, "layer": null, "addr:full": null, "addr:city": null, "source": null, "name:fa": null, "osm_id": 12053000095, "osm_type": "nodes" }, "geometry": { "type": "Point", "coordinates": [ 59.2279686, 35.6531729 ] } },
{ "type": "Feature", "properties": { "name": "ایستگاه راه آهن بشرویه", "name:en": "Boshruyeh Railway Station", "railway": "station", "ele": null, "operator:type": null, "layer": null, "addr:full": null, "addr:city": null, "source": null, "name:fa": null, "osm_id": 11062935197, "osm_type": "nodes" }, "geometry": { "type": "Point", "coordinates": [ 57.3519869, 34.3088271 ] } },
{ "type": "Feature", "properties": { "name": "غنی آباد", "name:en": "Ghaniabad", "railway": "station", "ele": null, "operator:type": null, "layer": null, "addr:full": null, "addr:city": null, "source": null, "name:fa": null, "osm_id": 11062935199, "osm_type": "nodes" }, "geometry": { "type": "Point", "coordinates": [ 57.1986668, 34.2195356 ] } },
{ "type": "Feature", "properties": { "name": "قاسم آباد", "name:en": "Qasemabad", "railway": "station", "ele": null, "operator:type": null, "layer": null, "addr:full": null, "addr:city": null, "source": null, "name:fa": null, "osm_id": 11062935204, "osm_type": "nodes" }, "geometry": { "type": "Point", "coordinates": [ 57.8640196, 34.5916662 ] } },
{ "type": "Feature", "properties": { "name": "یونسی", "name:en": "Yunesi", "railway": "station", "ele": null, "operator:type": null, "layer": null, "addr:full": null, "addr:city": null, "source": null, "name:fa": null, "osm_id": 11062959596, "osm_type": "nodes" }, "geometry": { "type": "Point", "coordinates": [ 58.4854015, 34.7123465 ] } },
{ "type": "Feature", "properties": { "name": "ایستگاه قطار شادمهر", "name:en": "Shadmehr Train Station", "railway": "station", "ele": null, "operator:type": null, "layer": null, "addr:full": null, "addr:city": null, "source": null, "name:fa": null, "osm_id": 679964489, "osm_type": "nodes" }, "geometry": { "type": "Point", "coordinates": [ 59.1000164, 35.1655049 ] } },
{ "type": "Feature", "properties": { "name": "ایستگاه راه آهن بجستان", "name:en": "Bajestan Railway Station", "railway": "station", "ele": null, "operator:type": null, "layer": null, "addr:full": null, "addr:city": null, "source": null, "name:fa": null, "osm_id": 6385222136, "osm_type": "nodes" }, "geometry": { "type": "Point", "coordinates": [ 58.2192782, 34.612443 ] } },
{ "type": "Feature", "properties": { "name": "ایستگاه راه‌ آهن طبس", "name:en": "Tabas Railway Station", "railway": "station", "ele": null, "operator:type": null, "layer": null, "addr:full": null, "addr:city": null, "source": null, "name:fa": null, "osm_id": 7786409745, "osm_type": "nodes" }, "geometry": { "type": "Point", "coordinates": [ 56.8907103, 33.613272 ] } },
{ "type": "Feature", "properties": { "name": "ایستگاه راه آهن تربت حیدریه", "name:en": "Torbat-e Heydarieh Railway Station", "railway": "station", "ele": null, "operator:type": null, "layer": null, "addr:full": null, "addr:city": null, "source": null, "name:fa": null, "osm_id": 7786409748, "osm_type": "nodes" }, "geometry": { "type": "Point", "coordinates": [ 59.3066365, 35.2738948 ] } },
{ "type": "Feature", "properties": { "name": "رخ", "name:en": "Rukh", "railway": "station", "ele": null, "operator:type": null, "layer": null, "addr:full": null, "addr:city": null, "source": null, "name:fa": null, "osm_id": 8165100168, "osm_type": "nodes" }, "geometry": { "type": "Point", "coordinates": [ 59.2745581, 35.3943349 ] } },
{ "type": "Feature", "properties": { "name": "کاشمر", "name:en": "Kashmar", "railway": "station", "ele": null, "operator:type": null, "layer": null, "addr:full": null, "addr:city": null, "source": null, "name:fa": null, "osm_id": 8360946105, "osm_type": "nodes" }, "geometry": { "type": "Point", "coordinates": [ 59.2118494, 35.9691835 ] } },
{ "type": "Feature", "properties": { "name": "بندر امیرآباد", "name:en": null, "railway": "station", "ele": null, "operator:type": null, "layer": null, "addr:full": null, "addr:city": null, "source": null, "name:fa": null, "osm_id": 684206415, "osm_type": "nodes" }, "geometry": { "type": "Point", "coordinates": [ 53.3207898, 36.8451904 ] } },
{ "type": "Feature", "properties": { "name": null, "name:en": null, "railway": "station", "ele": null, "operator:type": null, "layer": null, "addr:full": null, "addr:city": null, "source": null, "name:fa": null, "osm_id": 9876492667, "osm_type": "nodes" }, "geometry": { "type": "Point", "coordinates": [ 46.9273203, 37.3498748 ] } },
{ "type": "Feature", "properties": { "name": "عباسی", "name:en": "Abbasi", "railway": "station", "ele": null, "operator:type": null, "layer": null, "addr:full": null, "addr:city": null, "source": null, "name:fa": null, "osm_id": 691782063, "osm_type": "nodes" }, "geometry": { "type": "Point", "coordinates": [ 46.0835219, 38.01128 ] } },
{ "type": "Feature", "properties": { "name": "هرزند", "name:en": "Harzand", "railway": "station", "ele": null, "operator:type": null, "layer": null, "addr:full": null, "addr:city": null, "source": null, "name:fa": null, "osm_id": 181315142, "osm_type": "nodes" }, "geometry": { "type": "Point", "coordinates": [ 45.6933886, 38.6261057 ] } },
{ "type": "Feature", "properties": { "name": "رجعین", "name:en": "Rajin", "railway": "station", "ele": null, "operator:type": null, "layer": null, "addr:full": null, "addr:city": null, "source": null, "name:fa": null, "osm_id": 691708088, "osm_type": "nodes" }, "geometry": { "type": "Point", "coordinates": [ 47.7935476, 37.1402542 ] } },
{ "type": "Feature", "properties": { "name": "پل دختر", "name:en": "Pol Dokhtar", "railway": "station", "ele": null, "operator:type": null, "layer": null, "addr:full": null, "addr:city": null, "source": null, "name:fa": null, "osm_id": 8419344818, "osm_type": "nodes" }, "geometry": { "type": "Point", "coordinates": [ 47.8091667, 37.2988703 ] } },
{ "type": "Feature", "properties": { "name": "ایستگاه متروی سرباز وطن", "name:en": "Sarbaz-e Vatan Metro Station", "railway": "station", "ele": null, "operator:type": null, "layer": null, "addr:full": null, "addr:city": null, "source": null, "name:fa": null, "osm_id": 13426509301, "osm_type": "nodes" }, "geometry": { "type": "Point", "coordinates": [ 51.4429368, 35.709057 ] } },
{ "type": "Feature", "properties": { "name": null, "name:en": null, "railway": "station", "ele": null, "operator:type": null, "layer": null, "addr:full": null, "addr:city": null, "source": null, "name:fa": null, "osm_id": 13529975540, "osm_type": "nodes" }, "geometry": { "type": "Point", "coordinates": [ 51.4175989, 32.4162499 ] } },
{ "type": "Feature", "properties": { "name": "ایستگاه مترو میدان کتاب", "name:en": "Ketab Square metro station", "railway": "station", "ele": null, "operator:type": null, "layer": null, "addr:full": null, "addr:city": null, "source": null, "name:fa": "میدان کتاب", "osm_id": 3784648857, "osm_type": "nodes" }, "geometry": { "type": "Point", "coordinates": [ 51.3558412, 35.777281 ] } },
{ "type": "Feature", "properties": { "name": "ایستگاه راه آهن نظرآباد - اشکذر", "name:en": null, "railway": "station", "ele": null, "operator:type": null, "layer": null, "addr:full": null, "addr:city": null, "source": null, "name:fa": null, "osm_id": 13534829431, "osm_type": "nodes" }, "geometry": { "type": "Point", "coordinates": [ 54.150812, 31.9573295 ] } }
]
}
