{
"type": "FeatureCollection",
"name": "hotosm_kaz_railways_points_geojson",
"features": [
{ "type": "Feature", "properties": { "name": "Ганькино", "name:en": null, "railway": "station", "ele": null, "operator:type": null, "layer": null, "addr:full": null, "addr:city": null, "source": null, "name:kk": null, "name:ru": null, "osm_id": 12123156520, "osm_type": "nodes" }, "geometry": { "type": "Point", "coordinates": [ 70.1102403, 54.8877365 ] } },
{ "type": "Feature", "properties": { "name": "Аягөз", "name:en": "Ayagöz", "railway": "station", "ele": null, "operator:type": null, "layer": null, "addr:full": null, "addr:city": null, "source": null, "name:kk": "Аягөз", "name:ru": "Аягуз", "osm_id": 242938858, "osm_type": "nodes" }, "geometry": { "type": "Point", "coordinates": [ 80.4440555, 47.9630899 ] } },
{ "type": "Feature", "properties": { "name": "Бекет № 2", "name:en": "Siding № 2", "railway": "station", "ele": null, "operator:type": null, "layer": null, "addr:full": null, "addr:city": null, "source": null, "name:kk": "Бекет № 2", "name:ru": "Разъезд №2-Г", "osm_id": 3785014848, "osm_type": "nodes" }, "geometry": { "type": "Point", "coordinates": [ 54.8075796, 44.9542453 ] } },
{ "type": "Feature", "properties": { "name": "Бекет № 1", "name:en": "Siding № 1", "railway": "station", "ele": null, "operator:type": null, "layer": null, "addr:full": null, "addr:city": null, "source": null, "name:kk": "Бекет № 1", "name:ru": "Разъезд № 1", "osm_id": 3785019403, "osm_type": "nodes" }, "geometry": { "type": "Point", "coordinates": [ 55.0482961, 45.0788563 ] } },
{ "type": "Feature", "properties": { "name": "Бекет № 6", "name:en": "Siding № 6", "railway": "station", "ele": null, "operator:type": null, "layer": null, "addr:full": null, "addr:city": null, "source": null, "name:kk": "Бекет № 6", "name:ru": "Разъезд № 6-Г", "osm_id": 3785026318, "osm_type": "nodes" }, "geometry": { "type": "Point", "coordinates": [ 54.0369517, 44.5992193 ] } },
{ "type": "Feature", "properties": { "name": "Бекет № 10", "name:en": "Siding № 10", "railway": "station", "ele": null, "operator:type": null, "layer": null, "addr:full": null, "addr:city": null, "source": null, "name:kk": "Бекет № 10", "name:ru": "Разъезд № 10-Г", "osm_id": 4036867229, "osm_type": "nodes" }, "geometry": { "type": "Point", "coordinates": [ 52.9472085, 44.1601009 ] } },
{ "type": "Feature", "properties": { "name": "Бекет № 7", "name:en": "Siding № 7", "railway": "station", "ele": null, "operator:type": null, "layer": null, "addr:full": null, "addr:city": null, "source": null, "name:kk": "Бекет № 7", "name:ru": "Разъезд № 7", "osm_id": 7195503687, "osm_type": "nodes" }, "geometry": { "type": "Point", "coordinates": [ 53.6782788, 44.4083268 ] } },
{ "type": "Feature", "properties": { "name": "Жанаарна", "name:en": null, "railway": "station", "ele": null, "operator:type": null, "layer": null, "addr:full": null, "addr:city": null, "source": null, "name:kk": null, "name:ru": null, "osm_id": 12914929473, "osm_type": "nodes" }, "geometry": { "type": "Point", "coordinates": [ 77.0205922, 43.6024212 ] } },
{ "type": "Feature", "properties": { "name": "Кеңжалы", "name:en": null, "railway": "station", "ele": null, "operator:type": null, "layer": null, "addr:full": null, "addr:city": null, "source": null, "name:kk": null, "name:ru": "Кенжалы", "osm_id": 3785159704, "osm_type": "nodes" }, "geometry": { "type": "Point", "coordinates": [ 56.2318663, 48.9405003 ] } },
{ "type": "Feature", "properties": { "name": "Ақтау порты", "name:en": "Aktau port", "railway": "station", "ele": null, "operator:type": null, "layer": null, "addr:full": null, "addr:city": null, "source": null, "name:kk": "Ақтау порты", "name:ru": "Актау-Порт", "osm_id": 7066248958, "osm_type": "nodes" }, "geometry": { "type": "Point", "coordinates": [ 51.2225562, 43.5995627 ] } },
{ "type": "Feature", "properties": { "name": "Разъезд", "name:en": "Departure Station", "railway": "station", "ele": null, "operator:type": null, "layer": null, "addr:full": null, "addr:city": null, "source": "bing, https://commons.wikimedia.org/wiki/File:%D0%96%D0%B5%D0%BB%D0%B5%D0%B7%D0%BD%D0%B0%D1%8F_%D0%B4%D0%BE%D1%80%D0%BE%D0%B3%D0%B0_%D0%91%D0%B0%D0%B9%D0%BA%D0%BE%D0%BD%D1%83%D1%80%D0%B0.jpg", "name:kk": null, "name:ru": null, "osm_id": 2620204221, "osm_type": "nodes" }, "geometry": { "type": "Point", "coordinates": [ 63.3260929, 45.8405541 ] } },
{ "type": "Feature", "properties": { "name": "Томская", "name:en": "Tomsk Station", "railway": "station", "ele": null, "operator:type": null, "layer": null, "addr:full": null, "addr:city": null, "source": "bing, https://commons.wikimedia.org/wiki/File:%D0%96%D0%B5%D0%BB%D0%B5%D0%B7%D0%BD%D0%B0%D1%8F_%D0%B4%D0%BE%D1%80%D0%BE%D0%B3%D0%B0_%D0%91%D0%B0%D0%B9%D0%BA%D0%BE%D0%BD%D1%83%D1%80%D0%B0.jpg", "name:kk": null, "name:ru": null, "osm_id": 2620204273, "osm_type": "nodes" }, "geometry": { "type": "Point", "coordinates": [ 63.4414462, 45.891137 ] } },
{ "type": "Feature", "properties": { "name": "Минская", "name:en": "Minsk Station", "railway": "station", "ele": null, "operator:type": null, "layer": null, "addr:full": null, "addr:city": null, "source": "bing, https://commons.wikimedia.org/wiki/File:%D0%96%D0%B5%D0%BB%D0%B5%D0%B7%D0%BD%D0%B0%D1%8F_%D0%B4%D0%BE%D1%80%D0%BE%D0%B3%D0%B0_%D0%91%D0%B0%D0%B9%D0%BA%D0%BE%D0%BD%D1%83%D1%80%D0%B0.jpg", "name:kk": null, "name:ru": null, "osm_id": 2620204315, "osm_type": "nodes" }, "geometry": { "type": "Point", "coordinates": [ 63.573933, 45.9561805 ] } },
{ "type": "Feature", "properties": { "name": "Восточная", "name:en": "East Station", "railway": "station", "ele": null, "operator:type": null, "layer": null, "addr:full": null, "addr:city": null, "source": "bing, https://commons.wikimedia.org/wiki/File:%D0%96%D0%B5%D0%BB%D0%B5%D0%B7%D0%BD%D0%B0%D1%8F_%D0%B4%D0%BE%D1%80%D0%BE%D0%B3%D0%B0_%D0%91%D0%B0%D0%B9%D0%BA%D0%BE%D0%BD%D1%83%D1%80%D0%B0.jpg", "name:kk": null, "name:ru": null, "osm_id": 2620204377, "osm_type": "nodes" }, "geometry": { "type": "Point", "coordinates": [ 63.6406403, 45.9652443 ] } },
{ "type": "Feature", "properties": { "name": "Донская", "name:en": "Don Station", "railway": "station", "ele": null, "operator:type": null, "layer": null, "addr:full": null, "addr:city": null, "source": "bing, https://commons.wikimedia.org/wiki/File:%D0%96%D0%B5%D0%BB%D0%B5%D0%B7%D0%BD%D0%B0%D1%8F_%D0%B4%D0%BE%D1%80%D0%BE%D0%B3%D0%B0_%D0%91%D0%B0%D0%B9%D0%BA%D0%BE%D0%BD%D1%83%D1%80%D0%B0.jpg", "name:kk": null, "name:ru": null, "osm_id": 2620204382, "osm_type": "nodes" }, "geometry": { "type": "Point", "coordinates": [ 63.5850145, 45.9768796 ] } },
{ "type": "Feature", "properties": { "name": "Братская", "name:en": "Bratsk Station", "railway": "station", "ele": null, "operator:type": null, "layer": null, "addr:full": null, "addr:city": null, "source": "bing, https://commons.wikimedia.org/wiki/File:%D0%96%D0%B5%D0%BB%D0%B5%D0%B7%D0%BD%D0%B0%D1%8F_%D0%B4%D0%BE%D1%80%D0%BE%D0%B3%D0%B0_%D0%91%D0%B0%D0%B9%D0%BA%D0%BE%D0%BD%D1%83%D1%80%D0%B0.jpg", "name:kk": null, "name:ru": null, "osm_id": 7537674239, "osm_type": "nodes" }, "geometry": { "type": "Point", "coordinates": [ 63.2641429, 45.8941134 ] } },
{ "type": "Feature", "properties": { "name": "Ивановская", "name:en": "Ivanovsk Station", "railway": "station", "ele": null, "operator:type": null, "layer": null, "addr:full": null, "addr:city": null, "source": "bing, https://commons.wikimedia.org/wiki/File:%D0%96%D0%B5%D0%BB%D0%B5%D0%B7%D0%BD%D0%B0%D1%8F_%D0%B4%D0%BE%D1%80%D0%BE%D0%B3%D0%B0_%D0%91%D0%B0%D0%B9%D0%BA%D0%BE%D0%BD%D1%83%D1%80%D0%B0.jpg", "name:kk": null, "name:ru": null, "osm_id": 7537674240, "osm_type": "nodes" }, "geometry": { "type": "Point", "coordinates": [ 63.0179174, 46.0410786 ] } },
{ "type": "Feature", "properties": { "name": "Юбилейная", "name:en": "Anniversary Station", "railway": "station", "ele": null, "operator:type": null, "layer": null, "addr:full": null, "addr:city": null, "source": "bing, https://commons.wikimedia.org/wiki/File:%D0%96%D0%B5%D0%BB%D0%B5%D0%B7%D0%BD%D0%B0%D1%8F_%D0%B4%D0%BE%D1%80%D0%BE%D0%B3%D0%B0_%D0%91%D0%B0%D0%B9%D0%BA%D0%BE%D0%BD%D1%83%D1%80%D0%B0.jpg", "name:kk": null, "name:ru": null, "osm_id": 2620204388, "osm_type": "nodes" }, "geometry": { "type": "Point", "coordinates": [ 63.2222206, 46.0570859 ] } },
{ "type": "Feature", "properties": { "name": "Жигули", "name:en": "Zhiguli Station", "railway": "station", "ele": null, "operator:type": null, "layer": null, "addr:full": null, "addr:city": null, "source": "bing, https://commons.wikimedia.org/wiki/File:%D0%96%D0%B5%D0%BB%D0%B5%D0%B7%D0%BD%D0%B0%D1%8F_%D0%B4%D0%BE%D1%80%D0%BE%D0%B3%D0%B0_%D0%91%D0%B0%D0%B9%D0%BA%D0%BE%D0%BD%D1%83%D1%80%D0%B0.jpg", "name:kk": null, "name:ru": null, "osm_id": 7537674243, "osm_type": "nodes" }, "geometry": { "type": "Point", "coordinates": [ 63.0263597, 46.017201 ] } },
{ "type": "Feature", "properties": { "name": "Напорная", "name:en": "Pressure Station", "railway": "station", "ele": null, "operator:type": null, "layer": null, "addr:full": null, "addr:city": null, "source": "bing, https://commons.wikimedia.org/wiki/File:%D0%96%D0%B5%D0%BB%D0%B5%D0%B7%D0%BD%D0%B0%D1%8F_%D0%B4%D0%BE%D1%80%D0%BE%D0%B3%D0%B0_%D0%91%D0%B0%D0%B9%D0%BA%D0%BE%D0%BD%D1%83%D1%80%D0%B0.jpg", "name:kk": null, "name:ru": null, "osm_id": 2620204214, "osm_type": "nodes" }, "geometry": { "type": "Point", "coordinates": [ 63.3190158, 45.7225079 ] } },
{ "type": "Feature", "properties": { "name": "Байсерке", "name:en": null, "railway": "station", "ele": null, "operator:type": null, "layer": null, "addr:full": null, "addr:city": null, "source": null, "name:kk": null, "name:ru": null, "osm_id": 7066654365, "osm_type": "nodes" }, "geometry": { "type": "Point", "coordinates": [ 77.0450863, 43.4829487 ] } },
{ "type": "Feature", "properties": { "name": "Түркістан", "name:en": "Turkestan", "railway": "station", "ele": null, "operator:type": null, "layer": null, "addr:full": null, "addr:city": "Туркестан", "source": null, "name:kk": "Түркістан", "name:ru": "Туркестан", "osm_id": 1326669039, "osm_type": "nodes" }, "geometry": { "type": "Point", "coordinates": [ 68.2129951, 43.2857034 ] } },
{ "type": "Feature", "properties": { "name": "Городская", "name:en": "City Station", "railway": "station", "ele": null, "operator:type": null, "layer": null, "addr:full": null, "addr:city": null, "source": null, "name:kk": null, "name:ru": "Городская", "osm_id": 687010843, "osm_type": "nodes" }, "geometry": { "type": "Point", "coordinates": [ 63.3101686, 45.6234109 ] } },
{ "type": "Feature", "properties": { "name": "№ 21", "name:en": null, "railway": "station", "ele": null, "operator:type": null, "layer": null, "addr:full": null, "addr:city": null, "source": null, "name:kk": null, "name:ru": null, "osm_id": 7080021604, "osm_type": "nodes" }, "geometry": { "type": "Point", "coordinates": [ 66.6478202, 44.2163456 ] } },
{ "type": "Feature", "properties": { "name": "Құрық порты", "name:en": "Qurıq port", "railway": "station", "ele": null, "operator:type": null, "layer": null, "addr:full": null, "addr:city": null, "source": null, "name:kk": "Құрық порты", "name:ru": "Курык-Порт", "osm_id": 11910129790, "osm_type": "nodes" }, "geometry": { "type": "Point", "coordinates": [ 51.4416095, 43.1647749 ] } },
{ "type": "Feature", "properties": { "name": "Жайсаң", "name:en": "Jaisan", "railway": "station", "ele": null, "operator:type": null, "layer": null, "addr:full": null, "addr:city": null, "source": null, "name:kk": null, "name:ru": "Жайсан", "osm_id": 2209544540, "osm_type": "nodes" }, "geometry": { "type": "Point", "coordinates": [ 56.2062446, 50.8446232 ] } },
{ "type": "Feature", "properties": { "name": "Исатай", "name:en": null, "railway": "station", "ele": null, "operator:type": null, "layer": null, "addr:full": null, "addr:city": null, "source": null, "name:kk": null, "name:ru": null, "osm_id": 3784673411, "osm_type": "nodes" }, "geometry": { "type": "Point", "coordinates": [ 50.0676762, 46.8029189 ] } },
{ "type": "Feature", "properties": { "name": "Serhetýaka", "name:en": null, "railway": "station", "ele": null, "operator:type": null, "layer": null, "addr:full": null, "addr:city": null, "source": null, "name:kk": null, "name:ru": "Серхетяка", "osm_id": 2398686424, "osm_type": "nodes" }, "geometry": { "type": "Point", "coordinates": [ 53.6553177, 42.2763553 ] } },
{ "type": "Feature", "properties": { "name": "Маймак", "name:en": null, "railway": "station", "ele": null, "operator:type": null, "layer": null, "addr:full": null, "addr:city": null, "source": null, "name:kk": null, "name:ru": null, "osm_id": 7072043672, "osm_type": "nodes" }, "geometry": { "type": "Point", "coordinates": [ 71.2099866, 42.6774425 ] } },
{ "type": "Feature", "properties": { "name": "№20-темір жол айрығы", "name:en": null, "railway": "station", "ele": null, "operator:type": null, "layer": null, "addr:full": null, "addr:city": null, "source": null, "name:kk": "№20-темір жол айрығы", "name:ru": "разъезд 20", "osm_id": 2628530255, "osm_type": "nodes" }, "geometry": { "type": "Point", "coordinates": [ 66.5614061, 44.274691 ] } },
{ "type": "Feature", "properties": { "name": "Бүйректөбе", "name:en": null, "railway": "station", "ele": null, "operator:type": null, "layer": null, "addr:full": null, "addr:city": null, "source": null, "name:kk": null, "name:ru": "Буйректобе", "osm_id": 2744751674, "osm_type": "nodes" }, "geometry": { "type": "Point", "coordinates": [ 59.52498, 47.890325 ] } },
{ "type": "Feature", "properties": { "name": "Іле", "name:en": null, "railway": "station", "ele": null, "operator:type": null, "layer": null, "addr:full": null, "addr:city": null, "source": null, "name:kk": "Іле", "name:ru": "Илийская", "osm_id": 3792433071, "osm_type": "nodes" }, "geometry": { "type": "Point", "coordinates": [ 77.0346999, 43.7595216 ] } },
{ "type": "Feature", "properties": { "name": "Қонаев", "name:en": "Qonaev", "railway": "station", "ele": null, "operator:type": null, "layer": null, "addr:full": null, "addr:city": "Кунаев", "source": null, "name:kk": "Қонаев", "name:ru": "Конаев", "osm_id": 3792433366, "osm_type": "nodes" }, "geometry": { "type": "Point", "coordinates": [ 77.0826856, 43.8855806 ] } },
{ "type": "Feature", "properties": { "name": "Абайыл", "name:en": null, "railway": "station", "ele": null, "operator:type": null, "layer": null, "addr:full": null, "addr:city": null, "source": null, "name:kk": "Абайыл", "name:ru": "Абаил", "osm_id": 7066131789, "osm_type": "nodes" }, "geometry": { "type": "Point", "coordinates": [ 70.4762887, 42.4877211 ] } },
{ "type": "Feature", "properties": { "name": "Жосалы", "name:en": null, "railway": "station", "ele": null, "operator:type": null, "layer": null, "addr:full": null, "addr:city": null, "source": null, "name:kk": "Жосалы", "name:ru": "Жосалы", "osm_id": 4022911772, "osm_type": "nodes" }, "geometry": { "type": "Point", "coordinates": [ 64.0869284, 45.4911901 ] } },
{ "type": "Feature", "properties": { "name": "Төретам", "name:en": "Töretam", "railway": "station", "ele": null, "operator:type": null, "layer": null, "addr:full": null, "addr:city": null, "source": null, "name:kk": "Төретам", "name:ru": "Торетам", "osm_id": 4031286685, "osm_type": "nodes" }, "geometry": { "type": "Point", "coordinates": [ 63.3161095, 45.651523 ] } },
{ "type": "Feature", "properties": { "name": "Темір", "name:en": null, "railway": "station", "ele": null, "operator:type": null, "layer": null, "addr:full": null, "addr:city": null, "source": null, "name:kk": "Темір", "name:ru": "Тимур", "osm_id": 4072001994, "osm_type": "nodes" }, "geometry": { "type": "Point", "coordinates": [ 68.4418098, 42.826506 ] } },
{ "type": "Feature", "properties": { "name": "Үштөбе", "name:en": null, "railway": "station", "ele": null, "operator:type": null, "layer": null, "addr:full": null, "addr:city": null, "source": null, "name:kk": "Үштөбе", "name:ru": "Уштобе", "osm_id": 4073343258, "osm_type": "nodes" }, "geometry": { "type": "Point", "coordinates": [ 77.9760267, 45.2529558 ] } },
{ "type": "Feature", "properties": { "name": "Жаңақорған", "name:en": "Jañaqorğan", "railway": "station", "ele": null, "operator:type": null, "layer": null, "addr:full": null, "addr:city": null, "source": null, "name:kk": "Жаңақорған", "name:ru": "Жанакорган", "osm_id": 4025962074, "osm_type": "nodes" }, "geometry": { "type": "Point", "coordinates": [ 67.2466816, 43.9005291 ] } },
{ "type": "Feature", "properties": { "name": "Деркул", "name:en": null, "railway": "station", "ele": null, "operator:type": null, "layer": null, "addr:full": null, "addr:city": null, "source": null, "name:kk": null, "name:ru": "Деркул", "osm_id": 4038453577, "osm_type": "nodes" }, "geometry": { "type": "Point", "coordinates": [ 50.6893541, 51.1451689 ] } },
{ "type": "Feature", "properties": { "name": "Достық", "name:en": null, "railway": "station", "ele": null, "operator:type": null, "layer": null, "addr:full": null, "addr:city": null, "source": null, "name:kk": "Достық", "name:ru": "Достык", "osm_id": 4038453578, "osm_type": "nodes" }, "geometry": { "type": "Point", "coordinates": [ 50.0529331, 51.1952531 ] } },
{ "type": "Feature", "properties": { "name": "Кызылжар", "name:en": "Qysylzhar", "railway": "station", "ele": null, "operator:type": null, "layer": null, "addr:full": null, "addr:city": null, "source": null, "name:kk": "Қызылжар", "name:ru": "Кызылжар", "osm_id": 2434847853, "osm_type": "nodes" }, "geometry": { "type": "Point", "coordinates": [ 69.6553936, 48.2989619 ] } },
{ "type": "Feature", "properties": { "name": "№115 басып озу пункті", "name:en": null, "railway": "station", "ele": null, "operator:type": null, "layer": null, "addr:full": null, "addr:city": null, "source": null, "name:kk": "№115 басып озу пункті", "name:ru": "Обгонный пункт №115", "osm_id": 3788742150, "osm_type": "nodes" }, "geometry": { "type": "Point", "coordinates": [ 70.4481892, 42.4933061 ] } },
{ "type": "Feature", "properties": { "name": "Қарақоңыр", "name:en": null, "railway": "station", "ele": null, "operator:type": null, "layer": null, "addr:full": null, "addr:city": null, "source": "bing, bahn.de, poezdato.net", "name:kk": "Қарақоңыр", "name:ru": "Караконыр", "osm_id": 2747032735, "osm_type": "nodes" }, "geometry": { "type": "Point", "coordinates": [ 68.6143798, 42.6138311 ] } },
{ "type": "Feature", "properties": { "name": null, "name:en": null, "railway": "station", "ele": null, "operator:type": null, "layer": null, "addr:full": null, "addr:city": null, "source": null, "name:kk": null, "name:ru": null, "osm_id": 5726040701, "osm_type": "nodes" }, "geometry": { "type": "Point", "coordinates": [ 53.6161045, 46.6038566 ] } },
{ "type": "Feature", "properties": { "name": "Бәйгеқұм", "name:en": null, "railway": "station", "ele": null, "operator:type": null, "layer": null, "addr:full": null, "addr:city": null, "source": null, "name:kk": "Бәйгеқұм", "name:ru": "Байгекум", "osm_id": 2587836290, "osm_type": "nodes" }, "geometry": { "type": "Point", "coordinates": [ 66.4757078, 44.3124744 ] } },
{ "type": "Feature", "properties": { "name": "Тартоғай", "name:en": null, "railway": "station", "ele": null, "operator:type": null, "layer": null, "addr:full": null, "addr:city": null, "source": null, "name:kk": "Тартоғай", "name:ru": "Тартогай", "osm_id": 3788112266, "osm_type": "nodes" }, "geometry": { "type": "Point", "coordinates": [ 66.2572181, 44.4552722 ] } },
{ "type": "Feature", "properties": { "name": "Майлытоғай", "name:en": null, "railway": "station", "ele": null, "operator:type": null, "layer": null, "addr:full": null, "addr:city": null, "source": null, "name:kk": "Майлытоғай", "name:ru": "Майлытогай", "osm_id": 3788109049, "osm_type": "nodes" }, "geometry": { "type": "Point", "coordinates": [ 66.1894396, 44.5134495 ] } },
{ "type": "Feature", "properties": { "name": "№18 темір жол айрығы", "name:en": null, "railway": "station", "ele": null, "operator:type": null, "layer": null, "addr:full": null, "addr:city": null, "source": null, "name:kk": "№18 темір жол айрығы", "name:ru": "разъезд 18", "osm_id": 3788144774, "osm_type": "nodes" }, "geometry": { "type": "Point", "coordinates": [ 66.3253913, 44.4076684 ] } },
{ "type": "Feature", "properties": { "name": "80 км", "name:en": null, "railway": "station", "ele": null, "operator:type": null, "layer": null, "addr:full": null, "addr:city": null, "source": "bing", "name:kk": null, "name:ru": null, "osm_id": 2422743053, "osm_type": "nodes" }, "geometry": { "type": "Point", "coordinates": [ 70.5898817, 43.1544079 ] } },
{ "type": "Feature", "properties": { "name": "Новоишимская", "name:en": null, "railway": "station", "ele": null, "operator:type": null, "layer": null, "addr:full": null, "addr:city": null, "source": null, "name:kk": "Новоишим", "name:ru": "Новоишимская", "osm_id": 10647604208, "osm_type": "nodes" }, "geometry": { "type": "Point", "coordinates": [ 66.7673211, 53.2040067 ] } },
{ "type": "Feature", "properties": { "name": "Шұбаркөл", "name:en": null, "railway": "station", "ele": null, "operator:type": null, "layer": null, "addr:full": null, "addr:city": null, "source": null, "name:kk": "Шұбаркөл", "name:ru": "Шубарколь", "osm_id": 7044948982, "osm_type": "nodes" }, "geometry": { "type": "Point", "coordinates": [ 68.7865716, 48.9970656 ] } },
{ "type": "Feature", "properties": { "name": "Көктерек", "name:en": null, "railway": "station", "ele": null, "operator:type": null, "layer": null, "addr:full": null, "addr:city": null, "source": null, "name:kk": "Көктерек", "name:ru": "Коктерек", "osm_id": 7072139034, "osm_type": "nodes" }, "geometry": { "type": "Point", "coordinates": [ 70.2208365, 42.4968271 ] } },
{ "type": "Feature", "properties": { "name": "Жоон-Дөбө", "name:en": null, "railway": "station", "ele": null, "operator:type": null, "layer": null, "addr:full": null, "addr:city": null, "source": null, "name:kk": "Жуантөбе", "name:ru": "Джоон-Дёбё", "osm_id": 7082264265, "osm_type": "nodes" }, "geometry": { "type": "Point", "coordinates": [ 71.2621516, 42.7137505 ] } },
{ "type": "Feature", "properties": { "name": "№16 жол айрығы", "name:en": null, "railway": "station", "ele": null, "operator:type": null, "layer": null, "addr:full": null, "addr:city": null, "source": null, "name:kk": "№16 жол айрығы", "name:ru": "рзд. №16", "osm_id": 7418937994, "osm_type": "nodes" }, "geometry": { "type": "Point", "coordinates": [ 66.1271152, 44.56705 ] } },
{ "type": "Feature", "properties": { "name": "Bikbauli", "name:en": "Bikbauli", "railway": "station", "ele": null, "operator:type": null, "layer": null, "addr:full": null, "addr:city": null, "source": null, "name:kk": "Бикбаули", "name:ru": "Бекбауыл", "osm_id": 2587612377, "osm_type": "nodes" }, "geometry": { "type": "Point", "coordinates": [ 61.9359307, 45.9792762 ] } },
{ "type": "Feature", "properties": { "name": "Бұқтырма", "name:en": null, "railway": "station", "ele": null, "operator:type": null, "layer": null, "addr:full": null, "addr:city": null, "source": null, "name:kk": "Бұқтырма", "name:ru": "Бухтарма", "osm_id": 7070236605, "osm_type": "nodes" }, "geometry": { "type": "Point", "coordinates": [ 83.6110377, 49.6217625 ] } },
{ "type": "Feature", "properties": { "name": "БП 3 км", "name:en": "BP - 3km", "railway": "station", "ele": null, "operator:type": null, "layer": null, "addr:full": null, "addr:city": null, "source": "https://commons.wikimedia.org/wiki/File:%D0%96%D0%B5%D0%BB%D0%B5%D0%B7%D0%BD%D0%B0%D1%8F_%D0%B4%D0%BE%D1%80%D0%BE%D0%B3%D0%B0_%D0%91%D0%B0%D0%B9%D0%BA%D0%BE%D0%BD%D1%83%D1%80%D0%B0.jpg", "name:kk": null, "name:ru": null, "osm_id": 7537674246, "osm_type": "nodes" }, "geometry": { "type": "Point", "coordinates": [ 63.3248574, 45.6658634 ] } },
{ "type": "Feature", "properties": { "name": "Жанатурмыс", "name:en": null, "railway": "station", "ele": null, "operator:type": null, "layer": null, "addr:full": null, "addr:city": null, "source": null, "name:kk": null, "name:ru": "Жанатурмыс", "osm_id": 3805584715, "osm_type": "nodes" }, "geometry": { "type": "Point", "coordinates": [ 69.2738877, 54.7856877 ] } },
{ "type": "Feature", "properties": { "name": "Черлак", "name:en": "Cherlak", "railway": "station", "ele": null, "operator:type": null, "layer": null, "addr:full": null, "addr:city": null, "source": null, "name:kk": null, "name:ru": "Черлак", "osm_id": 304651842, "osm_type": "nodes" }, "geometry": { "type": "Point", "coordinates": [ 75.113692, 53.8793427 ] } },
{ "type": "Feature", "properties": { "name": "Жиренайғыр", "name:en": null, "railway": "station", "ele": null, "operator:type": null, "layer": null, "addr:full": null, "addr:city": null, "source": "bing", "name:kk": "Жиренайғыр", "name:ru": "Жиренайгыр", "osm_id": 8974911989, "osm_type": "nodes" }, "geometry": { "type": "Point", "coordinates": [ 76.1613799, 43.6048305 ] } },
{ "type": "Feature", "properties": { "name": "Қазыбек бек ауылы", "name:en": null, "railway": "station", "ele": null, "operator:type": null, "layer": null, "addr:full": null, "addr:city": null, "source": "bing", "name:kk": "Қазыбек бек ауылы", "name:ru": "Казыбек бека", "osm_id": 2841466293, "osm_type": "nodes" }, "geometry": { "type": "Point", "coordinates": [ 76.3187807, 43.5952337 ] } },
{ "type": "Feature", "properties": { "name": "Тегісжол", "name:en": null, "railway": "station", "ele": null, "operator:type": null, "layer": null, "addr:full": null, "addr:city": null, "source": null, "name:kk": "Тегісжол", "name:ru": "Тегисжол", "osm_id": 7072015660, "osm_type": "nodes" }, "geometry": { "type": "Point", "coordinates": [ 72.9794081, 49.9550859 ] } },
{ "type": "Feature", "properties": { "name": "Қарағанды-Сұрыптау", "name:en": null, "railway": "station", "ele": null, "operator:type": null, "layer": null, "addr:full": null, "addr:city": null, "source": null, "name:kk": "Қарағанды-Сұрыптау", "name:ru": "Караганда-Сортировочная", "osm_id": 1843860388, "osm_type": "nodes" }, "geometry": { "type": "Point", "coordinates": [ 73.2226789, 49.9705534 ] } },
{ "type": "Feature", "properties": { "name": "Көмір кені", "name:en": null, "railway": "station", "ele": null, "operator:type": null, "layer": null, "addr:full": null, "addr:city": null, "source": null, "name:kk": "Көмір кені", "name:ru": "Углерудная", "osm_id": 7063638910, "osm_type": "nodes" }, "geometry": { "type": "Point", "coordinates": [ 73.0314749, 50.0403728 ] } },
{ "type": "Feature", "properties": { "name": "СПЗ", "name:en": null, "railway": "station", "ele": null, "operator:type": null, "layer": null, "addr:full": null, "addr:city": null, "source": null, "name:kk": null, "name:ru": null, "osm_id": 1857719815, "osm_type": "nodes" }, "geometry": { "type": "Point", "coordinates": [ 71.9745595, 52.4205383 ] } },
{ "type": "Feature", "properties": { "name": "Енбекшильдер", "name:en": null, "railway": "station", "ele": null, "operator:type": null, "layer": null, "addr:full": null, "addr:city": null, "source": null, "name:kk": null, "name:ru": null, "osm_id": 7066109971, "osm_type": "nodes" }, "geometry": { "type": "Point", "coordinates": [ 71.5214892, 52.7858227 ] } },
{ "type": "Feature", "properties": { "name": "Жазық", "name:en": null, "railway": "station", "ele": null, "operator:type": null, "layer": null, "addr:full": null, "addr:city": null, "source": null, "name:kk": "Жазық", "name:ru": "Жазык", "osm_id": 2176761479, "osm_type": "nodes" }, "geometry": { "type": "Point", "coordinates": [ 58.0759285, 50.2078968 ] } },
{ "type": "Feature", "properties": { "name": "Некілтау", "name:en": null, "railway": "station", "ele": null, "operator:type": null, "layer": null, "addr:full": null, "addr:city": null, "source": null, "name:kk": "Некілтау", "name:ru": "Никельтау", "osm_id": 10688483593, "osm_type": "nodes" }, "geometry": { "type": "Point", "coordinates": [ 58.2308328, 50.3970649 ] } },
{ "type": "Feature", "properties": { "name": "Кемпірсай", "name:en": null, "railway": "station", "ele": null, "operator:type": null, "layer": null, "addr:full": null, "addr:city": null, "source": null, "name:kk": "Кемпірсай", "name:ru": "Кеимпирсай", "osm_id": 10688518624, "osm_type": "nodes" }, "geometry": { "type": "Point", "coordinates": [ 58.3038694, 50.5790996 ] } },
{ "type": "Feature", "properties": { "name": "Сарысай", "name:en": null, "railway": "station", "ele": null, "operator:type": null, "layer": null, "addr:full": null, "addr:city": null, "source": null, "name:kk": "Сарысай", "name:ru": "Сарысай", "osm_id": 2413679210, "osm_type": "nodes" }, "geometry": { "type": "Point", "coordinates": [ 58.603688, 50.382366 ] } },
{ "type": "Feature", "properties": { "name": "Промышленная", "name:en": null, "railway": "station", "ele": null, "operator:type": null, "layer": null, "addr:full": null, "addr:city": null, "source": null, "name:kk": null, "name:ru": null, "osm_id": 1857720036, "osm_type": "nodes" }, "geometry": { "type": "Point", "coordinates": [ 72.0419379, 52.4707336 ] } },
{ "type": "Feature", "properties": { "name": "Үлбі жүк тасымалдау стансасы", "name:en": null, "railway": "station", "ele": null, "operator:type": null, "layer": null, "addr:full": null, "addr:city": null, "source": null, "name:kk": "Үлбі жүк тасымалдау стансасы", "name:ru": "Ульба Перевалочная", "osm_id": 4046956033, "osm_type": "nodes" }, "geometry": { "type": "Point", "coordinates": [ 82.8495392, 50.0208874 ] } },
{ "type": "Feature", "properties": { "name": "Разьезд Бостандик", "name:en": "Raz'ezd Bostandik", "railway": "station", "ele": null, "operator:type": null, "layer": null, "addr:full": null, "addr:city": null, "source": "reiseauskunft.bahn.de", "name:kk": null, "name:ru": null, "osm_id": 2389957476, "osm_type": "nodes" }, "geometry": { "type": "Point", "coordinates": [ 63.0328715, 45.7095024 ] } },
{ "type": "Feature", "properties": { "name": "Қордай", "name:en": null, "railway": "station", "ele": null, "operator:type": null, "layer": null, "addr:full": null, "addr:city": null, "source": "bing", "name:kk": null, "name:ru": "Курдай", "osm_id": 4041217728, "osm_type": "nodes" }, "geometry": { "type": "Point", "coordinates": [ 74.9994624, 43.6121884 ] } },
{ "type": "Feature", "properties": { "name": "Сарыарқа", "name:en": "Saryarka", "railway": "station", "ele": null, "operator:type": null, "layer": "-1", "addr:full": null, "addr:city": "Алматы", "source": null, "name:kk": "Сарыарқа", "name:ru": "Сарыарка", "osm_id": 9354808688, "osm_type": "nodes" }, "geometry": { "type": "Point", "coordinates": [ 76.8582506, 43.2236851 ] } },
{ "type": "Feature", "properties": { "name": "Спутник", "name:en": "Sputnik", "railway": "station", "ele": null, "operator:type": null, "layer": null, "addr:full": null, "addr:city": null, "source": "bing, reiseauskunft.bahn.de", "name:kk": null, "name:ru": null, "osm_id": 2622271687, "osm_type": "nodes" }, "geometry": { "type": "Point", "coordinates": [ 76.6246215, 52.1812832 ] } },
{ "type": "Feature", "properties": { "name": "Колузаново", "name:en": null, "railway": "station", "ele": null, "operator:type": null, "layer": null, "addr:full": null, "addr:city": "Құмақсай ауылдық округі", "source": null, "name:kk": null, "name:ru": "Колузаново", "osm_id": 3783609529, "osm_type": "nodes" }, "geometry": { "type": "Point", "coordinates": [ 51.7637577, 51.2011709 ] } },
{ "type": "Feature", "properties": { "name": "Шарбакты", "name:en": "Sharbaqty", "railway": "station", "ele": null, "operator:type": null, "layer": null, "addr:full": null, "addr:city": null, "source": null, "name:kk": "Шарбақты", "name:ru": "Щербакты", "osm_id": 3803133452, "osm_type": "nodes" }, "geometry": { "type": "Point", "coordinates": [ 78.1552888, 52.4852184 ] } },
{ "type": "Feature", "properties": { "name": "Жібек Жолы", "name:en": "Zhibek Zholy", "railway": "station", "ele": null, "operator:type": null, "layer": "-1", "addr:full": null, "addr:city": null, "source": null, "name:kk": null, "name:ru": "Жибек Жолы", "osm_id": 2522351053, "osm_type": "nodes" }, "geometry": { "type": "Point", "coordinates": [ 76.9460314, 43.2605 ] } },
{ "type": "Feature", "properties": { "name": "Шідерті", "name:en": "Shiderti", "railway": "station", "ele": null, "operator:type": null, "layer": null, "addr:full": null, "addr:city": null, "source": null, "name:kk": "Шідерті", "name:ru": "Шидерты", "osm_id": 2629463056, "osm_type": "nodes" }, "geometry": { "type": "Point", "coordinates": [ 74.662859, 51.7049689 ] } },
{ "type": "Feature", "properties": { "name": "Ерейментау", "name:en": null, "railway": "station", "ele": null, "operator:type": null, "layer": null, "addr:full": null, "addr:city": null, "source": null, "name:kk": null, "name:ru": "Ерейментау", "osm_id": 4025083260, "osm_type": "nodes" }, "geometry": { "type": "Point", "coordinates": [ 73.1011084, 51.624745 ] } },
{ "type": "Feature", "properties": { "name": "Байқоңыр", "name:en": "Baikonur", "railway": "station", "ele": null, "operator:type": null, "layer": "-1", "addr:full": null, "addr:city": null, "source": null, "name:kk": "Байқоңыр", "name:ru": "Байконур", "osm_id": 2522351052, "osm_type": "nodes" }, "geometry": { "type": "Point", "coordinates": [ 76.9288188, 43.2412376 ] } },
{ "type": "Feature", "properties": { "name": "Алмалы", "name:en": "Almaly", "railway": "station", "ele": null, "operator:type": null, "layer": null, "addr:full": null, "addr:city": null, "source": null, "name:kk": null, "name:ru": "Алмалы", "osm_id": 11496660771, "osm_type": "nodes" }, "geometry": { "type": "Point", "coordinates": [ 76.9470949, 43.2520366 ] } },
{ "type": "Feature", "properties": { "name": "№ 47-темір жол айрығы", "name:en": null, "railway": "station", "ele": null, "operator:type": null, "layer": null, "addr:full": null, "addr:city": null, "source": "bing, reiseauskunft.bahn.de", "name:kk": "№ 47-темір жол айрығы", "name:ru": null, "osm_id": 2401441504, "osm_type": "nodes" }, "geometry": { "type": "Point", "coordinates": [ 57.4027761, 49.5538664 ] } },
{ "type": "Feature", "properties": { "name": "Жұрын", "name:en": null, "railway": "station", "ele": null, "operator:type": null, "layer": null, "addr:full": null, "addr:city": null, "source": null, "name:kk": "Жұрын", "name:ru": "Джурун", "osm_id": 2744722574, "osm_type": "nodes" }, "geometry": { "type": "Point", "coordinates": [ 57.5918176, 49.2572587 ] } },
{ "type": "Feature", "properties": { "name": "Арка", "name:en": null, "railway": "station", "ele": null, "operator:type": null, "layer": null, "addr:full": null, "addr:city": null, "source": null, "name:kk": null, "name:ru": null, "osm_id": 1636277201, "osm_type": "nodes" }, "geometry": { "type": "Point", "coordinates": [ 62.3891255, 52.0156734 ] } },
{ "type": "Feature", "properties": { "name": "Тахтаброд", "name:en": null, "railway": "station", "ele": null, "operator:type": null, "layer": null, "addr:full": null, "addr:city": null, "source": null, "name:kk": null, "name:ru": null, "osm_id": 1891180078, "osm_type": "nodes" }, "geometry": { "type": "Point", "coordinates": [ 67.6270268, 52.6568718 ] } },
{ "type": "Feature", "properties": { "name": null, "name:en": null, "railway": "station", "ele": null, "operator:type": null, "layer": null, "addr:full": null, "addr:city": null, "source": null, "name:kk": null, "name:ru": null, "osm_id": 9704792504, "osm_type": "nodes" }, "geometry": { "type": "Point", "coordinates": [ 78.5066927, 50.5413294 ] } },
{ "type": "Feature", "properties": { "name": null, "name:en": null, "railway": "station", "ele": null, "operator:type": null, "layer": null, "addr:full": null, "addr:city": null, "source": null, "name:kk": null, "name:ru": null, "osm_id": 9704793619, "osm_type": "nodes" }, "geometry": { "type": "Point", "coordinates": [ 78.4514833, 50.3007126 ] } },
{ "type": "Feature", "properties": { "name": null, "name:en": null, "railway": "station", "ele": null, "operator:type": null, "layer": null, "addr:full": null, "addr:city": null, "source": null, "name:kk": null, "name:ru": null, "osm_id": 9704803865, "osm_type": "nodes" }, "geometry": { "type": "Point", "coordinates": [ 78.7337529, 50.0395284 ] } },
{ "type": "Feature", "properties": { "name": "91 км", "name:en": null, "railway": "station", "ele": null, "operator:type": null, "layer": null, "addr:full": null, "addr:city": null, "source": null, "name:kk": null, "name:ru": null, "osm_id": 4017985103, "osm_type": "nodes" }, "geometry": { "type": "Point", "coordinates": [ 78.8275691, 50.6197819 ] } },
{ "type": "Feature", "properties": { "name": "Жалпак", "name:en": null, "railway": "station", "ele": null, "operator:type": null, "layer": null, "addr:full": null, "addr:city": null, "source": null, "name:kk": null, "name:ru": null, "osm_id": 534088606, "osm_type": "nodes" }, "geometry": { "type": "Point", "coordinates": [ 80.0559956, 50.3781202 ] } },
{ "type": "Feature", "properties": { "name": "Куль", "name:en": null, "railway": "station", "ele": null, "operator:type": null, "layer": null, "addr:full": null, "addr:city": null, "source": null, "name:kk": null, "name:ru": null, "osm_id": 7072090174, "osm_type": "nodes" }, "geometry": { "type": "Point", "coordinates": [ 79.375561, 50.591692 ] } },
{ "type": "Feature", "properties": { "name": "Жылан", "name:en": "Djilan", "railway": "station", "ele": null, "operator:type": null, "layer": null, "addr:full": null, "addr:city": null, "source": null, "name:kk": null, "name:ru": null, "osm_id": 1913649732, "osm_type": "nodes" }, "geometry": { "type": "Point", "coordinates": [ 60.2910918, 47.6750008 ] } },
{ "type": "Feature", "properties": { "name": "Кемин", "name:en": "Kemin", "railway": "station", "ele": null, "operator:type": null, "layer": null, "addr:full": null, "addr:city": null, "source": null, "name:kk": "Кемин", "name:ru": "Кемин", "osm_id": 1347283293, "osm_type": "nodes" }, "geometry": { "type": "Point", "coordinates": [ 75.6788645, 42.7726483 ] } },
{ "type": "Feature", "properties": { "name": "Талдықорған", "name:en": "Taldykorgan", "railway": "station", "ele": null, "operator:type": null, "layer": null, "addr:full": null, "addr:city": null, "source": null, "name:kk": null, "name:ru": "Талдыкорган", "osm_id": 3792407731, "osm_type": "nodes" }, "geometry": { "type": "Point", "coordinates": [ 78.37693, 45.0032006 ] } },
{ "type": "Feature", "properties": { "name": "Тамак", "name:en": null, "railway": "station", "ele": null, "operator:type": null, "layer": null, "addr:full": null, "addr:city": null, "source": null, "name:kk": null, "name:ru": null, "osm_id": 7070474230, "osm_type": "nodes" }, "geometry": { "type": "Point", "coordinates": [ 51.5016474, 43.8522426 ] } },
{ "type": "Feature", "properties": { "name": "Аққыстау", "name:en": null, "railway": "station", "ele": null, "operator:type": null, "layer": null, "addr:full": null, "addr:city": null, "source": null, "name:kk": null, "name:ru": null, "osm_id": 5942125858, "osm_type": "nodes" }, "geometry": { "type": "Point", "coordinates": [ 51.0069688, 47.227635 ] } },
{ "type": "Feature", "properties": { "name": "Нарбота", "name:en": null, "railway": "station", "ele": null, "operator:type": null, "layer": null, "addr:full": null, "addr:city": null, "source": "bing", "name:kk": null, "name:ru": null, "osm_id": 2797589886, "osm_type": "nodes" }, "geometry": { "type": "Point", "coordinates": [ 80.8229448, 48.8708478 ] } },
{ "type": "Feature", "properties": { "name": "рзд. №12", "name:en": null, "railway": "station", "ele": null, "operator:type": null, "layer": null, "addr:full": null, "addr:city": null, "source": "bing", "name:kk": null, "name:ru": null, "osm_id": 2797591360, "osm_type": "nodes" }, "geometry": { "type": "Point", "coordinates": [ 80.9582986, 48.9867803 ] } },
{ "type": "Feature", "properties": { "name": "рзд. №15", "name:en": null, "railway": "station", "ele": null, "operator:type": null, "layer": null, "addr:full": null, "addr:city": null, "source": "bing", "name:kk": null, "name:ru": null, "osm_id": 4041813397, "osm_type": "nodes" }, "geometry": { "type": "Point", "coordinates": [ 80.9077327, 48.7098324 ] } },
{ "type": "Feature", "properties": { "name": "Аккум", "name:en": null, "railway": "station", "ele": null, "operator:type": null, "layer": null, "addr:full": null, "addr:city": null, "source": null, "name:kk": null, "name:ru": null, "osm_id": 2714060328, "osm_type": "nodes" }, "geometry": { "type": "Point", "coordinates": [ 67.419069, 43.7097629 ] } },
{ "type": "Feature", "properties": { "name": "Кабылкуль", "name:en": null, "railway": "station", "ele": null, "operator:type": null, "layer": null, "addr:full": null, "addr:city": null, "source": null, "name:kk": null, "name:ru": null, "osm_id": 7069406645, "osm_type": "nodes" }, "geometry": { "type": "Point", "coordinates": [ 64.9291232, 45.0686271 ] } },
{ "type": "Feature", "properties": { "name": "Беш-Арык", "name:en": null, "railway": "station", "ele": null, "operator:type": null, "layer": null, "addr:full": null, "addr:city": null, "source": null, "name:kk": null, "name:ru": null, "osm_id": 2722871635, "osm_type": "nodes" }, "geometry": { "type": "Point", "coordinates": [ 67.6459855, 43.588299 ] } },
{ "type": "Feature", "properties": { "name": "Кентау", "name:en": null, "railway": "station", "ele": null, "operator:type": null, "layer": null, "addr:full": null, "addr:city": null, "source": null, "name:kk": null, "name:ru": null, "osm_id": 9831544331, "osm_type": "nodes" }, "geometry": { "type": "Point", "coordinates": [ 68.5250215, 43.5159465 ] } },
{ "type": "Feature", "properties": { "name": "Белкуль", "name:en": null, "railway": "station", "ele": null, "operator:type": null, "layer": null, "addr:full": null, "addr:city": null, "source": "bing", "name:kk": null, "name:ru": null, "osm_id": 2620995220, "osm_type": "nodes" }, "geometry": { "type": "Point", "coordinates": [ 65.5896418, 44.8093014 ] } },
{ "type": "Feature", "properties": { "name": "Акузек", "name:en": null, "railway": "station", "ele": null, "operator:type": null, "layer": null, "addr:full": null, "addr:city": null, "source": "bing", "name:kk": "Ак-Узяк", "name:ru": "Акузек", "osm_id": 2705363332, "osm_type": "nodes" }, "geometry": { "type": "Point", "coordinates": [ 78.6692687, 45.7894113 ] } },
{ "type": "Feature", "properties": { "name": "Дорожный", "name:en": null, "railway": "station", "ele": null, "operator:type": null, "layer": null, "addr:full": null, "addr:city": null, "source": null, "name:kk": null, "name:ru": null, "osm_id": 7077255052, "osm_type": "nodes" }, "geometry": { "type": "Point", "coordinates": [ 68.4417149, 49.1283519 ] } },
{ "type": "Feature", "properties": { "name": null, "name:en": null, "railway": "station", "ele": null, "operator:type": null, "layer": null, "addr:full": null, "addr:city": null, "source": null, "name:kk": null, "name:ru": null, "osm_id": 9694748361, "osm_type": "nodes" }, "geometry": { "type": "Point", "coordinates": [ 80.425839, 48.0317324 ] } },
{ "type": "Feature", "properties": { "name": "5 км", "name:en": null, "railway": "station", "ele": null, "operator:type": null, "layer": null, "addr:full": null, "addr:city": null, "source": null, "name:kk": null, "name:ru": null, "osm_id": 7070428807, "osm_type": "nodes" }, "geometry": { "type": "Point", "coordinates": [ 69.6511755, 42.2866882 ] } },
{ "type": "Feature", "properties": { "name": "Бадам", "name:en": null, "railway": "station", "ele": null, "operator:type": null, "layer": null, "addr:full": null, "addr:city": null, "source": null, "name:kk": null, "name:ru": null, "osm_id": 2420760814, "osm_type": "nodes" }, "geometry": { "type": "Point", "coordinates": [ 69.2517595, 42.3779705 ] } },
{ "type": "Feature", "properties": { "name": "Байсерке", "name:en": null, "railway": "station", "ele": null, "operator:type": null, "layer": null, "addr:full": null, "addr:city": null, "source": null, "name:kk": null, "name:ru": null, "osm_id": 10581590533, "osm_type": "nodes" }, "geometry": { "type": "Point", "coordinates": [ 77.0467346, 43.4893853 ] } },
{ "type": "Feature", "properties": { "name": "Кара-Жингил", "name:en": null, "railway": "station", "ele": null, "operator:type": null, "layer": null, "addr:full": null, "addr:city": null, "source": "bing", "name:kk": null, "name:ru": null, "osm_id": 2794687731, "osm_type": "nodes" }, "geometry": { "type": "Point", "coordinates": [ 73.5007159, 46.8623046 ] } },
{ "type": "Feature", "properties": { "name": "Менлибай", "name:en": null, "railway": "station", "ele": null, "operator:type": null, "layer": null, "addr:full": null, "addr:city": null, "source": null, "name:kk": null, "name:ru": null, "osm_id": 4518956492, "osm_type": "nodes" }, "geometry": { "type": "Point", "coordinates": [ 70.062897, 42.5395852 ] } },
{ "type": "Feature", "properties": { "name": "Қаратау", "name:en": null, "railway": "station", "ele": null, "operator:type": null, "layer": null, "addr:full": null, "addr:city": null, "source": "bing", "name:kk": null, "name:ru": null, "osm_id": 2422743327, "osm_type": "nodes" }, "geometry": { "type": "Point", "coordinates": [ 70.4732273, 43.1764596 ] } },
{ "type": "Feature", "properties": { "name": "Састобе", "name:en": null, "railway": "station", "ele": null, "operator:type": null, "layer": null, "addr:full": null, "addr:city": "Састобе", "source": "bing", "name:kk": null, "name:ru": null, "osm_id": 2796075145, "osm_type": "nodes" }, "geometry": { "type": "Point", "coordinates": [ 69.9984269, 42.5487704 ] } },
{ "type": "Feature", "properties": { "name": "Құлақшын", "name:en": null, "railway": "station", "ele": null, "operator:type": null, "layer": null, "addr:full": null, "addr:city": null, "source": "bing", "name:kk": "Құлақшын", "name:ru": "Кулакшино", "osm_id": 4041217727, "osm_type": "nodes" }, "geometry": { "type": "Point", "coordinates": [ 74.604016, 43.7876936 ] } },
{ "type": "Feature", "properties": { "name": null, "name:en": null, "railway": "station", "ele": null, "operator:type": null, "layer": null, "addr:full": null, "addr:city": null, "source": null, "name:kk": null, "name:ru": null, "osm_id": 9709271336, "osm_type": "nodes" }, "geometry": { "type": "Point", "coordinates": [ 76.6844062, 52.208205 ] } },
{ "type": "Feature", "properties": { "name": null, "name:en": null, "railway": "station", "ele": null, "operator:type": null, "layer": null, "addr:full": null, "addr:city": null, "source": "bing", "name:kk": null, "name:ru": null, "osm_id": 2792147113, "osm_type": "nodes" }, "geometry": { "type": "Point", "coordinates": [ 73.6929521, 46.0261305 ] } },
{ "type": "Feature", "properties": { "name": "№37 Остановочный Пункт", "name:en": null, "railway": "station", "ele": null, "operator:type": null, "layer": null, "addr:full": null, "addr:city": null, "source": "bing, bahn.de, poezdato.net", "name:kk": null, "name:ru": null, "osm_id": 2713854888, "osm_type": "nodes" }, "geometry": { "type": "Point", "coordinates": [ 68.5058247, 42.7426701 ] } },
{ "type": "Feature", "properties": { "name": "Акши", "name:en": null, "railway": "station", "ele": null, "operator:type": null, "layer": null, "addr:full": null, "addr:city": null, "source": null, "name:kk": null, "name:ru": null, "osm_id": 2790264982, "osm_type": "nodes" }, "geometry": { "type": "Point", "coordinates": [ 81.5380015, 45.9544815 ] } },
{ "type": "Feature", "properties": { "name": "Разъезд № 8", "name:en": null, "railway": "station", "ele": null, "operator:type": null, "layer": null, "addr:full": null, "addr:city": null, "source": null, "name:kk": null, "name:ru": null, "osm_id": 243171988, "osm_type": "nodes" }, "geometry": { "type": "Point", "coordinates": [ 80.9054007, 46.2824465 ] } },
{ "type": "Feature", "properties": { "name": "Карабулак", "name:en": null, "railway": "station", "ele": null, "operator:type": null, "layer": null, "addr:full": null, "addr:city": null, "source": "bing, poezdato.net", "name:kk": null, "name:ru": null, "osm_id": 2029507845, "osm_type": "nodes" }, "geometry": { "type": "Point", "coordinates": [ 78.4909445, 44.8933458 ] } },
{ "type": "Feature", "properties": { "name": "Орта-Дересин", "name:en": null, "railway": "station", "ele": null, "operator:type": null, "layer": null, "addr:full": null, "addr:city": null, "source": "bing", "name:kk": null, "name:ru": null, "osm_id": 2417533848, "osm_type": "nodes" }, "geometry": { "type": "Point", "coordinates": [ 75.2188385, 46.827137 ] } },
{ "type": "Feature", "properties": { "name": "Акбулак", "name:en": null, "railway": "station", "ele": null, "operator:type": null, "layer": null, "addr:full": null, "addr:city": null, "source": null, "name:kk": null, "name:ru": null, "osm_id": 5235474033, "osm_type": "nodes" }, "geometry": { "type": "Point", "coordinates": [ 80.0215527, 47.4182686 ] } },
{ "type": "Feature", "properties": { "name": "Желдикара", "name:en": null, "railway": "station", "ele": null, "operator:type": null, "layer": null, "addr:full": null, "addr:city": null, "source": "bing", "name:kk": null, "name:ru": null, "osm_id": 2799623453, "osm_type": "nodes" }, "geometry": { "type": "Point", "coordinates": [ 81.1367528, 49.1459848 ] } },
{ "type": "Feature", "properties": { "name": "Улан", "name:en": null, "railway": "station", "ele": null, "operator:type": null, "layer": null, "addr:full": null, "addr:city": null, "source": null, "name:kk": null, "name:ru": null, "osm_id": 7063617680, "osm_type": "nodes" }, "geometry": { "type": "Point", "coordinates": [ 82.4750992, 49.8778125 ] } },
{ "type": "Feature", "properties": { "name": "Токырау", "name:en": null, "railway": "station", "ele": null, "operator:type": null, "layer": null, "addr:full": null, "addr:city": null, "source": null, "name:kk": null, "name:ru": "Токырау", "osm_id": 3798747642, "osm_type": "nodes" }, "geometry": { "type": "Point", "coordinates": [ 75.6071316, 46.8027995 ] } },
{ "type": "Feature", "properties": { "name": "Спортивная", "name:en": null, "railway": "station", "ele": null, "operator:type": null, "layer": null, "addr:full": null, "addr:city": null, "source": null, "name:kk": null, "name:ru": null, "osm_id": 1904025276, "osm_type": "nodes" }, "geometry": { "type": "Point", "coordinates": [ 69.5935295, 42.3376182 ] } },
{ "type": "Feature", "properties": { "name": "№ 1", "name:en": null, "railway": "station", "ele": null, "operator:type": null, "layer": null, "addr:full": null, "addr:city": null, "source": null, "name:kk": null, "name:ru": null, "osm_id": 7088031758, "osm_type": "nodes" }, "geometry": { "type": "Point", "coordinates": [ 77.600833, 46.8370496 ] } },
{ "type": "Feature", "properties": { "name": "Ана-Куль", "name:en": null, "railway": "station", "ele": null, "operator:type": null, "layer": null, "addr:full": null, "addr:city": null, "source": "bing", "name:kk": null, "name:ru": null, "osm_id": 2620965493, "osm_type": "nodes" }, "geometry": { "type": "Point", "coordinates": [ 64.1644873, 45.4503333 ] } },
{ "type": "Feature", "properties": { "name": "рзд. №8", "name:en": null, "railway": "station", "ele": null, "operator:type": null, "layer": null, "addr:full": null, "addr:city": null, "source": null, "name:kk": null, "name:ru": null, "osm_id": 4430891192, "osm_type": "nodes" }, "geometry": { "type": "Point", "coordinates": [ 64.792386, 47.7811167 ] } },
{ "type": "Feature", "properties": { "name": "№ 3", "name:en": null, "railway": "station", "ele": null, "operator:type": null, "layer": null, "addr:full": null, "addr:city": null, "source": null, "name:kk": null, "name:ru": null, "osm_id": 7088135406, "osm_type": "nodes" }, "geometry": { "type": "Point", "coordinates": [ 78.331683, 46.8450069 ] } },
{ "type": "Feature", "properties": { "name": "№ 2", "name:en": null, "railway": "station", "ele": null, "operator:type": null, "layer": null, "addr:full": null, "addr:city": null, "source": null, "name:kk": null, "name:ru": null, "osm_id": 7088050109, "osm_type": "nodes" }, "geometry": { "type": "Point", "coordinates": [ 77.6909235, 46.8184727 ] } },
{ "type": "Feature", "properties": { "name": "Аксукент", "name:en": null, "railway": "station", "ele": null, "operator:type": null, "layer": null, "addr:full": null, "addr:city": null, "source": "bing", "name:kk": "Ақсукент", "name:ru": "Аксукент", "osm_id": 2796075144, "osm_type": "nodes" }, "geometry": { "type": "Point", "coordinates": [ 69.821124, 42.4284282 ] } },
{ "type": "Feature", "properties": { "name": "Калаш", "name:en": null, "railway": "station", "ele": null, "operator:type": null, "layer": null, "addr:full": null, "addr:city": null, "source": null, "name:kk": null, "name:ru": "Калаш", "osm_id": 3788732687, "osm_type": "nodes" }, "geometry": { "type": "Point", "coordinates": [ 69.0463507, 42.393203 ] } },
{ "type": "Feature", "properties": { "name": "Май-Тобе", "name:en": null, "railway": "station", "ele": null, "operator:type": null, "layer": null, "addr:full": null, "addr:city": null, "source": null, "name:kk": null, "name:ru": "Май-Тобе", "osm_id": 3792448236, "osm_type": "nodes" }, "geometry": { "type": "Point", "coordinates": [ 78.0204874, 44.4783044 ] } },
{ "type": "Feature", "properties": { "name": "Токмок", "name:en": null, "railway": "station", "ele": null, "operator:type": null, "layer": null, "addr:full": null, "addr:city": null, "source": null, "name:kk": null, "name:ru": "Токмак", "osm_id": 9836614398, "osm_type": "nodes" }, "geometry": { "type": "Point", "coordinates": [ 75.3037221, 42.8184304 ] } },
{ "type": "Feature", "properties": { "name": null, "name:en": null, "railway": "station", "ele": null, "operator:type": null, "layer": null, "addr:full": null, "addr:city": null, "source": "bing", "name:kk": null, "name:ru": null, "osm_id": 2620971826, "osm_type": "nodes" }, "geometry": { "type": "Point", "coordinates": [ 65.6114789, 44.8064935 ] } },
{ "type": "Feature", "properties": { "name": "Сайрам", "name:en": null, "railway": "station", "ele": null, "operator:type": null, "layer": null, "addr:full": null, "addr:city": null, "source": null, "name:kk": null, "name:ru": null, "osm_id": 7070413217, "osm_type": "nodes" }, "geometry": { "type": "Point", "coordinates": [ 69.7324292, 42.2556677 ] } },
{ "type": "Feature", "properties": { "name": "Куншагыр", "name:en": null, "railway": "station", "ele": null, "operator:type": null, "layer": null, "addr:full": null, "addr:city": null, "source": null, "name:kk": null, "name:ru": null, "osm_id": 2624378294, "osm_type": "nodes" }, "geometry": { "type": "Point", "coordinates": [ 68.277999, 43.1389011 ] } },
{ "type": "Feature", "properties": { "name": "Шойтобе", "name:en": "Shojtobe", "railway": "station", "ele": null, "operator:type": null, "layer": null, "addr:full": null, "addr:city": null, "source": "bing", "name:kk": null, "name:ru": null, "osm_id": 2624400786, "osm_type": "nodes" }, "geometry": { "type": "Point", "coordinates": [ 68.2538119, 43.2107721 ] } },
{ "type": "Feature", "properties": { "name": "Көкпекті", "name:en": null, "railway": "station", "ele": null, "operator:type": null, "layer": null, "addr:full": null, "addr:city": null, "source": null, "name:kk": "Көкпекті", "name:ru": "Кокпекты", "osm_id": 2447911148, "osm_type": "nodes" }, "geometry": { "type": "Point", "coordinates": [ 73.2161846, 50.0412198 ] } },
{ "type": "Feature", "properties": { "name": "Темиртау", "name:en": "Temirtau", "railway": "station", "ele": null, "operator:type": null, "layer": null, "addr:full": null, "addr:city": null, "source": null, "name:kk": null, "name:ru": null, "osm_id": 1883615747, "osm_type": "nodes" }, "geometry": { "type": "Point", "coordinates": [ 72.927106, 50.0787545 ] } },
{ "type": "Feature", "properties": { "name": "Ортас", "name:en": null, "railway": "station", "ele": null, "operator:type": null, "layer": null, "addr:full": null, "addr:city": null, "source": "poezdato.net, bing", "name:kk": null, "name:ru": null, "osm_id": 2780859208, "osm_type": "nodes" }, "geometry": { "type": "Point", "coordinates": [ 73.1733524, 50.0678407 ] } },
{ "type": "Feature", "properties": { "name": "Карагайлы", "name:en": null, "railway": "station", "ele": null, "operator:type": null, "layer": null, "addr:full": null, "addr:city": null, "source": "bing", "name:kk": null, "name:ru": null, "osm_id": 2613269774, "osm_type": "nodes" }, "geometry": { "type": "Point", "coordinates": [ 75.7638455, 49.367852 ] } },
{ "type": "Feature", "properties": { "name": null, "name:en": null, "railway": "station", "ele": null, "operator:type": null, "layer": null, "addr:full": null, "addr:city": null, "source": null, "name:kk": null, "name:ru": null, "osm_id": 8779152853, "osm_type": "nodes" }, "geometry": { "type": "Point", "coordinates": [ 76.9621253, 52.3450536 ] } },
{ "type": "Feature", "properties": { "name": "Разъезд №5", "name:en": null, "railway": "station", "ele": null, "operator:type": null, "layer": null, "addr:full": null, "addr:city": null, "source": null, "name:kk": null, "name:ru": null, "osm_id": 2790241875, "osm_type": "nodes" }, "geometry": { "type": "Point", "coordinates": [ 80.448759, 46.5572903 ] } },
{ "type": "Feature", "properties": { "name": "Разъезд №2", "name:en": null, "railway": "station", "ele": null, "operator:type": null, "layer": null, "addr:full": null, "addr:city": null, "source": null, "name:kk": null, "name:ru": null, "osm_id": 2790241973, "osm_type": "nodes" }, "geometry": { "type": "Point", "coordinates": [ 79.9493742, 46.7892621 ] } },
{ "type": "Feature", "properties": { "name": "Razezd No 27", "name:en": null, "railway": "station", "ele": null, "operator:type": null, "layer": null, "addr:full": null, "addr:city": null, "source": null, "name:kk": null, "name:ru": null, "osm_id": 2401153286, "osm_type": "nodes" }, "geometry": { "type": "Point", "coordinates": [ 80.0815807, 47.4760404 ] } },
{ "type": "Feature", "properties": { "name": "Жуз-агач", "name:en": null, "railway": "station", "ele": null, "operator:type": null, "layer": null, "addr:full": null, "addr:city": null, "source": "bing, reiseauskunft.bahn.de", "name:kk": null, "name:ru": null, "osm_id": 2400133784, "osm_type": "nodes" }, "geometry": { "type": "Point", "coordinates": [ 79.7285933, 47.0753556 ] } },
{ "type": "Feature", "properties": { "name": "Сайкан", "name:en": null, "railway": "station", "ele": null, "operator:type": null, "layer": null, "addr:full": null, "addr:city": null, "source": null, "name:kk": null, "name:ru": null, "osm_id": 2790479712, "osm_type": "nodes" }, "geometry": { "type": "Point", "coordinates": [ 80.6786863, 46.4195374 ] } },
{ "type": "Feature", "properties": { "name": "Raz'ezd No 30", "name:en": null, "railway": "station", "ele": null, "operator:type": null, "layer": null, "addr:full": null, "addr:city": null, "source": "bing, reiseauskunft.bahn.de", "name:kk": null, "name:ru": null, "osm_id": 2402191437, "osm_type": "nodes" }, "geometry": { "type": "Point", "coordinates": [ 79.7666727, 47.210201 ] } },
{ "type": "Feature", "properties": { "name": "Разъезд №19", "name:en": null, "railway": "station", "ele": null, "operator:type": null, "layer": null, "addr:full": null, "addr:city": null, "source": null, "name:kk": null, "name:ru": null, "osm_id": 4064729705, "osm_type": "nodes" }, "geometry": { "type": "Point", "coordinates": [ 82.3630043, 45.458666 ] } },
{ "type": "Feature", "properties": { "name": "Предузловая", "name:en": null, "railway": "station", "ele": null, "operator:type": null, "layer": null, "addr:full": null, "addr:city": null, "source": null, "name:kk": null, "name:ru": null, "osm_id": 7088099795, "osm_type": "nodes" }, "geometry": { "type": "Point", "coordinates": [ 79.6279902, 46.9126573 ] } },
{ "type": "Feature", "properties": { "name": "Разьезд Береке", "name:en": null, "railway": "station", "ele": null, "operator:type": null, "layer": null, "addr:full": null, "addr:city": null, "source": "bing", "name:kk": null, "name:ru": null, "osm_id": 2705408185, "osm_type": "nodes" }, "geometry": { "type": "Point", "coordinates": [ 78.7683685, 45.9834656 ] } },
{ "type": "Feature", "properties": { "name": "Кайракты", "name:en": null, "railway": "station", "ele": null, "operator:type": null, "layer": null, "addr:full": null, "addr:city": null, "source": "bing", "name:kk": null, "name:ru": null, "osm_id": 2704211203, "osm_type": "nodes" }, "geometry": { "type": "Point", "coordinates": [ 78.1394031, 45.4193029 ] } },
{ "type": "Feature", "properties": { "name": "Разьезд № 47", "name:en": null, "railway": "station", "ele": null, "operator:type": null, "layer": null, "addr:full": null, "addr:city": null, "source": "bing", "name:kk": null, "name:ru": null, "osm_id": 2704466311, "osm_type": "nodes" }, "geometry": { "type": "Point", "coordinates": [ 78.0263067, 45.3897057 ] } },
{ "type": "Feature", "properties": { "name": "Қайранкөл", "name:en": null, "railway": "station", "ele": null, "operator:type": null, "layer": null, "addr:full": null, "addr:city": null, "source": "bing", "name:kk": "Қайранкөл", "name:ru": "Кайранколь", "osm_id": 2747151745, "osm_type": "nodes" }, "geometry": { "type": "Point", "coordinates": [ 66.3592391, 54.0268046 ] } },
{ "type": "Feature", "properties": { "name": "Тентек", "name:en": null, "railway": "station", "ele": null, "operator:type": null, "layer": null, "addr:full": null, "addr:city": null, "source": "bing, poezdato.net", "name:kk": null, "name:ru": null, "osm_id": 2707687173, "osm_type": "nodes" }, "geometry": { "type": "Point", "coordinates": [ 78.2087829, 44.9052396 ] } },
{ "type": "Feature", "properties": { "name": "Саумалкөл", "name:en": "Saumalköl", "railway": "station", "ele": null, "operator:type": null, "layer": null, "addr:full": null, "addr:city": null, "source": "NGA GNS", "name:kk": "Саумалкөл", "name:ru": "Володарское", "osm_id": 1543866992, "osm_type": "nodes" }, "geometry": { "type": "Point", "coordinates": [ 68.1304452, 53.3080644 ] } },
{ "type": "Feature", "properties": { "name": "Уголки", "name:en": null, "railway": "station", "ele": null, "operator:type": null, "layer": null, "addr:full": null, "addr:city": null, "source": null, "name:kk": "Уголки", "name:ru": "Уголки", "osm_id": 3812747310, "osm_type": "nodes" }, "geometry": { "type": "Point", "coordinates": [ 68.4848201, 53.3209845 ] } },
{ "type": "Feature", "properties": { "name": "Сарыжиде", "name:en": null, "railway": "station", "ele": null, "operator:type": null, "layer": null, "addr:full": null, "addr:city": null, "source": null, "name:kk": null, "name:ru": null, "osm_id": 7061767086, "osm_type": "nodes" }, "geometry": { "type": "Point", "coordinates": [ 59.4854713, 47.6469235 ] } },
{ "type": "Feature", "properties": { "name": "Обгонный пункт №75", "name:en": null, "railway": "station", "ele": null, "operator:type": null, "layer": null, "addr:full": null, "addr:city": null, "source": null, "name:kk": null, "name:ru": null, "osm_id": 3821180613, "osm_type": "nodes" }, "geometry": { "type": "Point", "coordinates": [ 65.2343433, 52.2345669 ] } },
{ "type": "Feature", "properties": { "name": "Тасбөгет", "name:en": null, "railway": "station", "ele": null, "operator:type": null, "layer": null, "addr:full": null, "addr:city": null, "source": null, "name:kk": "Тасбөгет", "name:ru": "Тасбогет", "osm_id": 7069216012, "osm_type": "nodes" }, "geometry": { "type": "Point", "coordinates": [ 61.770965, 46.6777779 ] } },
{ "type": "Feature", "properties": { "name": "Балгалы", "name:en": null, "railway": "station", "ele": null, "operator:type": null, "layer": null, "addr:full": null, "addr:city": null, "source": null, "name:kk": null, "name:ru": null, "osm_id": 2400042817, "osm_type": "nodes" }, "geometry": { "type": "Point", "coordinates": [ 77.8450844, 44.3107718 ] } },
{ "type": "Feature", "properties": { "name": "Дала", "name:en": null, "railway": "station", "ele": null, "operator:type": null, "layer": null, "addr:full": null, "addr:city": null, "source": null, "name:kk": null, "name:ru": null, "osm_id": 2400351891, "osm_type": "nodes" }, "geometry": { "type": "Point", "coordinates": [ 77.5280612, 44.2611456 ] } },
{ "type": "Feature", "properties": { "name": "Қорағаты", "name:en": null, "railway": "station", "ele": null, "operator:type": null, "layer": null, "addr:full": null, "addr:city": null, "source": null, "name:kk": "Қорағаты", "name:ru": "Корагаты", "osm_id": 12364504754, "osm_type": "nodes" }, "geometry": { "type": "Point", "coordinates": [ 72.9931842, 43.1013021 ] } },
{ "type": "Feature", "properties": { "name": "Жетісу", "name:en": null, "railway": "station", "ele": null, "operator:type": null, "layer": null, "addr:full": null, "addr:city": null, "source": null, "name:kk": "Жетісу", "name:ru": "Жеты-Cу", "osm_id": 3789494257, "osm_type": "nodes" }, "geometry": { "type": "Point", "coordinates": [ 77.0158618, 43.4246039 ] } },
{ "type": "Feature", "properties": { "name": "Калкаман", "name:en": null, "railway": "station", "ele": null, "operator:type": null, "layer": null, "addr:full": null, "addr:city": null, "source": null, "name:kk": null, "name:ru": null, "osm_id": 2153962270, "osm_type": "nodes" }, "geometry": { "type": "Point", "coordinates": [ 76.0436204, 51.9559432 ] } },
{ "type": "Feature", "properties": { "name": null, "name:en": null, "railway": "station", "ele": null, "operator:type": null, "layer": null, "addr:full": null, "addr:city": null, "source": "bing", "name:kk": null, "name:ru": null, "osm_id": 3191579449, "osm_type": "nodes" }, "geometry": { "type": "Point", "coordinates": [ 70.0651977, 52.9926103 ] } },
{ "type": "Feature", "properties": { "name": "Степногорск", "name:en": null, "railway": "station", "ele": null, "operator:type": null, "layer": null, "addr:full": null, "addr:city": null, "source": null, "name:kk": null, "name:ru": null, "osm_id": 1857792773, "osm_type": "nodes" }, "geometry": { "type": "Point", "coordinates": [ 71.8823997, 52.3558471 ] } },
{ "type": "Feature", "properties": { "name": "Коржункуль", "name:en": null, "railway": "station", "ele": null, "operator:type": null, "layer": null, "addr:full": null, "addr:city": null, "source": null, "name:kk": "Коржинколь", "name:ru": "Коржункуль", "osm_id": 2629102094, "osm_type": "nodes" }, "geometry": { "type": "Point", "coordinates": [ 73.4111073, 51.5845071 ] } },
{ "type": "Feature", "properties": { "name": "Атасу", "name:en": null, "railway": "station", "ele": null, "operator:type": null, "layer": null, "addr:full": null, "addr:city": null, "source": "bing", "name:kk": null, "name:ru": null, "osm_id": 2435194156, "osm_type": "nodes" }, "geometry": { "type": "Point", "coordinates": [ 71.083922, 48.4978243 ] } },
{ "type": "Feature", "properties": { "name": "рзд. №157", "name:en": null, "railway": "station", "ele": null, "operator:type": null, "layer": null, "addr:full": null, "addr:city": null, "source": null, "name:kk": null, "name:ru": null, "osm_id": 3804136098, "osm_type": "nodes" }, "geometry": { "type": "Point", "coordinates": [ 70.8653028, 48.5130343 ] } },
{ "type": "Feature", "properties": { "name": "Токубай", "name:en": null, "railway": "station", "ele": null, "operator:type": null, "layer": null, "addr:full": null, "addr:city": null, "source": null, "name:kk": null, "name:ru": null, "osm_id": 9076670320, "osm_type": "nodes" }, "geometry": { "type": "Point", "coordinates": [ 75.6490633, 51.7008239 ] } },
{ "type": "Feature", "properties": { "name": "Чаган", "name:en": null, "railway": "station", "ele": null, "operator:type": null, "layer": null, "addr:full": null, "addr:city": null, "source": null, "name:kk": null, "name:ru": null, "osm_id": 7063619915, "osm_type": "nodes" }, "geometry": { "type": "Point", "coordinates": [ 79.2209578, 50.6061055 ] } },
{ "type": "Feature", "properties": { "name": "Экибастуз 3", "name:en": null, "railway": "station", "ele": null, "operator:type": null, "layer": null, "addr:full": null, "addr:city": null, "source": null, "name:kk": null, "name:ru": null, "osm_id": 6110888235, "osm_type": "nodes" }, "geometry": { "type": "Point", "coordinates": [ 75.4892076, 51.6232617 ] } },
{ "type": "Feature", "properties": { "name": "Жаңаауыл", "name:en": null, "railway": "station", "ele": null, "operator:type": null, "layer": null, "addr:full": null, "addr:city": null, "source": "poezdato.net, bing", "name:kk": "Жаңаауыл", "name:ru": "Жанааул", "osm_id": 2780859205, "osm_type": "nodes" }, "geometry": { "type": "Point", "coordinates": [ 73.1184442, 50.0668719 ] } },
{ "type": "Feature", "properties": { "name": "Нилды", "name:en": null, "railway": "station", "ele": null, "operator:type": null, "layer": null, "addr:full": null, "addr:city": null, "source": "bing", "name:kk": null, "name:ru": null, "osm_id": 2791975958, "osm_type": "nodes" }, "geometry": { "type": "Point", "coordinates": [ 72.7116418, 48.6544356 ] } },
{ "type": "Feature", "properties": { "name": "Айсары", "name:en": null, "railway": "station", "ele": null, "operator:type": null, "layer": null, "addr:full": null, "addr:city": null, "source": null, "name:kk": null, "name:ru": null, "osm_id": 1985886766, "osm_type": "nodes" }, "geometry": { "type": "Point", "coordinates": [ 71.1420773, 53.1102703 ] } },
{ "type": "Feature", "properties": { "name": null, "name:en": null, "railway": "station", "ele": null, "operator:type": null, "layer": null, "addr:full": null, "addr:city": null, "source": "bing", "name:kk": null, "name:ru": null, "osm_id": 732626327, "osm_type": "nodes" }, "geometry": { "type": "Point", "coordinates": [ 70.4721568, 52.4666102 ] } },
{ "type": "Feature", "properties": { "name": "Атыгай", "name:en": null, "railway": "station", "ele": null, "operator:type": null, "layer": null, "addr:full": null, "addr:city": null, "source": "bing", "name:kk": null, "name:ru": null, "osm_id": 2427081894, "osm_type": "nodes" }, "geometry": { "type": "Point", "coordinates": [ 75.4899507, 51.772904 ] } },
{ "type": "Feature", "properties": { "name": "Мәскеу", "name:en": "Moskva", "railway": "station", "ele": null, "operator:type": null, "layer": "-1", "addr:full": null, "addr:city": null, "source": null, "name:kk": "Мәскеу", "name:ru": "Москва", "osm_id": 3464799078, "osm_type": "nodes" }, "geometry": { "type": "Point", "coordinates": [ 76.8673044, 43.2304852 ] } },
{ "type": "Feature", "properties": { "name": "Карсакбай", "name:en": null, "railway": "station", "ele": null, "operator:type": null, "layer": null, "addr:full": null, "addr:city": null, "source": null, "name:kk": null, "name:ru": null, "osm_id": 3619094580, "osm_type": "nodes" }, "geometry": { "type": "Point", "coordinates": [ 66.7707701, 47.8088588 ] } },
{ "type": "Feature", "properties": { "name": "Ақтай", "name:en": null, "railway": "station", "ele": null, "operator:type": null, "layer": null, "addr:full": null, "addr:city": null, "source": "bing", "name:kk": "Ақтай", "name:ru": "Актай", "osm_id": 4035828315, "osm_type": "nodes" }, "geometry": { "type": "Point", "coordinates": [ 70.9787921, 48.088136 ] } },
{ "type": "Feature", "properties": { "name": "Ақадыр", "name:en": null, "railway": "station", "ele": null, "operator:type": null, "layer": null, "addr:full": null, "addr:city": null, "source": null, "name:kk": "Ақадыр", "name:ru": "Агадырь", "osm_id": 1843860385, "osm_type": "nodes" }, "geometry": { "type": "Point", "coordinates": [ 72.8557425, 48.2633633 ] } },
{ "type": "Feature", "properties": { "name": "Бармак", "name:en": null, "railway": "station", "ele": null, "operator:type": null, "layer": null, "addr:full": null, "addr:city": null, "source": null, "name:kk": null, "name:ru": "Бармак", "osm_id": 4034670701, "osm_type": "nodes" }, "geometry": { "type": "Point", "coordinates": [ 65.3918055, 53.2904483 ] } },
{ "type": "Feature", "properties": { "name": "Ақсеңгір", "name:en": null, "railway": "station", "ele": null, "operator:type": null, "layer": null, "addr:full": null, "addr:city": null, "source": "bing", "name:kk": "Ақсеңгір", "name:ru": "Аксенгир", "osm_id": 2841560175, "osm_type": "nodes" }, "geometry": { "type": "Point", "coordinates": [ 76.7558344, 43.3608358 ] } },
{ "type": "Feature", "properties": { "name": "Көкөзек", "name:en": "Köközek", "railway": "station", "ele": null, "operator:type": null, "layer": null, "addr:full": null, "addr:city": null, "source": null, "name:kk": "Көкөзек", "name:ru": "Кокозек", "osm_id": 6182647585, "osm_type": "nodes" }, "geometry": { "type": "Point", "coordinates": [ 76.8026681, 43.3561432 ] } },
{ "type": "Feature", "properties": { "name": "Үлбіқұрылыс", "name:en": null, "railway": "station", "ele": null, "operator:type": null, "layer": null, "addr:full": null, "addr:city": null, "source": null, "name:kk": "Үлбіқұрылыс", "name:ru": "Ульбастрой", "osm_id": 3801792847, "osm_type": "nodes" }, "geometry": { "type": "Point", "coordinates": [ 83.3079658, 50.2545153 ] } },
{ "type": "Feature", "properties": { "name": null, "name:en": null, "railway": "station", "ele": null, "operator:type": null, "layer": null, "addr:full": null, "addr:city": null, "source": null, "name:kk": null, "name:ru": null, "osm_id": 12609960040, "osm_type": "nodes" }, "geometry": { "type": "Point", "coordinates": [ 71.6005102, 48.6506512 ] } },
{ "type": "Feature", "properties": { "name": "Қайрақ", "name:en": null, "railway": "station", "ele": null, "operator:type": null, "layer": null, "addr:full": null, "addr:city": null, "source": null, "name:kk": "Қайрақ", "name:ru": "Каерак", "osm_id": 4025962076, "osm_type": "nodes" }, "geometry": { "type": "Point", "coordinates": [ 61.6963703, 53.99214 ] } },
{ "type": "Feature", "properties": { "name": "Мағынай", "name:en": null, "railway": "station", "ele": null, "operator:type": null, "layer": null, "addr:full": null, "addr:city": null, "source": null, "name:kk": "Мағынай", "name:ru": "Магнай", "osm_id": 2093611590, "osm_type": "nodes" }, "geometry": { "type": "Point", "coordinates": [ 61.4055418, 53.8883727 ] } },
{ "type": "Feature", "properties": { "name": "Тоғызақ", "name:en": null, "railway": "station", "ele": null, "operator:type": null, "layer": null, "addr:full": null, "addr:city": null, "source": null, "name:kk": "Тоғызақ", "name:ru": "Тогузак", "osm_id": 4031286687, "osm_type": "nodes" }, "geometry": { "type": "Point", "coordinates": [ 62.1982237, 53.8014947 ] } },
{ "type": "Feature", "properties": { "name": "Сұрған", "name:en": null, "railway": "station", "ele": null, "operator:type": null, "layer": null, "addr:full": null, "addr:city": null, "source": null, "name:kk": "Сұрған", "name:ru": "Сурган", "osm_id": 3821183247, "osm_type": "nodes" }, "geometry": { "type": "Point", "coordinates": [ 66.2512305, 51.9975714 ] } },
{ "type": "Feature", "properties": { "name": "Ковыльное", "name:en": null, "railway": "station", "ele": null, "operator:type": null, "layer": null, "addr:full": null, "addr:city": null, "source": null, "name:kk": "Ковыльное", "name:ru": "Ковыльное", "osm_id": 1388939898, "osm_type": "nodes" }, "geometry": { "type": "Point", "coordinates": [ 66.0572114, 52.0390483 ] } },
{ "type": "Feature", "properties": { "name": "Жаныспай", "name:en": null, "railway": "station", "ele": null, "operator:type": null, "layer": null, "addr:full": null, "addr:city": null, "source": null, "name:kk": "Жаныспай", "name:ru": "Жаныспай", "osm_id": 4064729699, "osm_type": "nodes" }, "geometry": { "type": "Point", "coordinates": [ 65.8487007, 52.0840174 ] } },
{ "type": "Feature", "properties": { "name": "разъезд №1", "name:en": null, "railway": "station", "ele": null, "operator:type": null, "layer": null, "addr:full": null, "addr:city": null, "source": null, "name:kk": null, "name:ru": null, "osm_id": 3839488238, "osm_type": "nodes" }, "geometry": { "type": "Point", "coordinates": [ 66.3012649, 51.8754697 ] } },
{ "type": "Feature", "properties": { "name": "Зааят", "name:en": null, "railway": "station", "ele": null, "operator:type": null, "layer": null, "addr:full": null, "addr:city": null, "source": null, "name:kk": "Зааят", "name:ru": "Зааятская", "osm_id": 4054265351, "osm_type": "nodes" }, "geometry": { "type": "Point", "coordinates": [ 61.5777534, 52.8905097 ] } },
{ "type": "Feature", "properties": { "name": "Баталы", "name:en": null, "railway": "station", "ele": null, "operator:type": null, "layer": null, "addr:full": null, "addr:city": null, "source": null, "name:kk": "Баталы", "name:ru": "Баталы", "osm_id": 4054670396, "osm_type": "nodes" }, "geometry": { "type": "Point", "coordinates": [ 62.0087844, 52.8420558 ] } },
{ "type": "Feature", "properties": { "name": "Құлантөбе", "name:en": null, "railway": "station", "ele": null, "operator:type": null, "layer": null, "addr:full": null, "addr:city": "Кулантобе", "source": "bing", "name:kk": "Құлантөбе", "name:ru": "Кулантобе", "osm_id": 2400205923, "osm_type": "nodes" }, "geometry": { "type": "Point", "coordinates": [ 77.2701479, 43.9492524 ] } },
{ "type": "Feature", "properties": { "name": "Бурылбайтал", "name:en": null, "railway": "station", "ele": null, "operator:type": null, "layer": null, "addr:full": null, "addr:city": null, "source": null, "name:kk": "Бурылбайтал", "name:ru": "Бурубайтал", "osm_id": 2418528007, "osm_type": "nodes" }, "geometry": { "type": "Point", "coordinates": [ 74.0145101, 44.9407015 ] } },
{ "type": "Feature", "properties": { "name": "Қайраткөл", "name:en": null, "railway": "station", "ele": null, "operator:type": null, "layer": null, "addr:full": null, "addr:city": null, "source": null, "name:kk": "Қайраткөл", "name:ru": "Кайратколь", "osm_id": 2418528008, "osm_type": "nodes" }, "geometry": { "type": "Point", "coordinates": [ 73.9354075, 45.1766688 ] } },
{ "type": "Feature", "properties": { "name": "Қарамұрын", "name:en": null, "railway": "station", "ele": null, "operator:type": null, "layer": null, "addr:full": null, "addr:city": null, "source": null, "name:kk": "Қарамұрын", "name:ru": "Карамурун", "osm_id": 3804573172, "osm_type": "nodes" }, "geometry": { "type": "Point", "coordinates": [ 72.973295, 49.2540833 ] } },
{ "type": "Feature", "properties": { "name": "Абай", "name:en": "Abay", "railway": "station", "ele": null, "operator:type": null, "layer": "-1", "addr:full": null, "addr:city": null, "source": null, "name:kk": "Абай", "name:ru": "Абая", "osm_id": 2522351049, "osm_type": "nodes" }, "geometry": { "type": "Point", "coordinates": [ 76.9484505, 43.2425511 ] } },
{ "type": "Feature", "properties": { "name": "Түйемойнақ", "name:en": null, "railway": "station", "ele": null, "operator:type": null, "layer": null, "addr:full": null, "addr:city": null, "source": null, "name:kk": "Түйемойнақ", "name:ru": "Туйемойнак", "osm_id": 3804145697, "osm_type": "nodes" }, "geometry": { "type": "Point", "coordinates": [ 69.1110587, 48.1823448 ] } },
{ "type": "Feature", "properties": { "name": "Қарақоға", "name:en": null, "railway": "station", "ele": null, "operator:type": null, "layer": null, "addr:full": null, "addr:city": null, "source": null, "name:kk": "Қарақоға", "name:ru": "Каракога", "osm_id": 3206262901, "osm_type": "nodes" }, "geometry": { "type": "Point", "coordinates": [ 70.8178335, 54.8987577 ] } },
{ "type": "Feature", "properties": { "name": "Аксуат", "name:en": null, "railway": "station", "ele": null, "operator:type": null, "layer": null, "addr:full": null, "addr:city": null, "source": null, "name:kk": null, "name:ru": "Аксуат", "osm_id": 3813119660, "osm_type": "nodes" }, "geometry": { "type": "Point", "coordinates": [ 66.5639823, 53.61464 ] } },
{ "type": "Feature", "properties": { "name": "Әйке", "name:en": "Aike", "railway": "station", "ele": null, "operator:type": null, "layer": null, "addr:full": null, "addr:city": null, "source": "bing", "name:kk": null, "name:ru": "Айке", "osm_id": 1636277202, "osm_type": "nodes" }, "geometry": { "type": "Point", "coordinates": [ 61.6806751, 50.9739274 ] } },
{ "type": "Feature", "properties": { "name": "Денисовка", "name:en": "Denisovka", "railway": "station", "ele": null, "operator:type": null, "layer": null, "addr:full": null, "addr:city": null, "source": "NGA GNS;bing", "name:kk": null, "name:ru": "Денисовка", "osm_id": 1664232392, "osm_type": "nodes" }, "geometry": { "type": "Point", "coordinates": [ 61.7267099, 52.4257817 ] } },
{ "type": "Feature", "properties": { "name": "Тоқмансай", "name:en": null, "railway": "station", "ele": null, "operator:type": null, "layer": null, "addr:full": null, "addr:city": null, "source": null, "name:kk": "Тоқмансай", "name:ru": "Токмансай", "osm_id": 2460326253, "osm_type": "nodes" }, "geometry": { "type": "Point", "coordinates": [ 57.9902895, 49.8034695 ] } },
{ "type": "Feature", "properties": { "name": "Майлин", "name:en": null, "railway": "station", "ele": null, "operator:type": null, "layer": null, "addr:full": null, "addr:city": null, "source": null, "name:kk": null, "name:ru": null, "osm_id": 2495054532, "osm_type": "nodes" }, "geometry": { "type": "Point", "coordinates": [ 62.5766909, 52.5632342 ] } },
{ "type": "Feature", "properties": { "name": "Арыстансор", "name:en": null, "railway": "station", "ele": null, "operator:type": null, "layer": null, "addr:full": null, "addr:city": null, "source": null, "name:kk": null, "name:ru": null, "osm_id": 2495175854, "osm_type": "nodes" }, "geometry": { "type": "Point", "coordinates": [ 62.2715164, 52.3117949 ] } },
{ "type": "Feature", "properties": { "name": "Коктал", "name:en": null, "railway": "station", "ele": null, "operator:type": null, "layer": null, "addr:full": null, "addr:city": null, "source": null, "name:kk": null, "name:ru": "Коктал", "osm_id": 3617761158, "osm_type": "nodes" }, "geometry": { "type": "Point", "coordinates": [ 65.3824658, 47.7704783 ] } },
{ "type": "Feature", "properties": { "name": "рзд. №5", "name:en": null, "railway": "station", "ele": null, "operator:type": null, "layer": null, "addr:full": null, "addr:city": null, "source": null, "name:kk": null, "name:ru": null, "osm_id": 4430883078, "osm_type": "nodes" }, "geometry": { "type": "Point", "coordinates": [ 65.8404747, 47.7883804 ] } },
{ "type": "Feature", "properties": { "name": "Сайран", "name:en": "Sayran", "railway": "station", "ele": null, "operator:type": null, "layer": "-1", "addr:full": null, "addr:city": null, "source": null, "name:kk": "Сайран", "name:ru": "Сайран", "osm_id": 3464799079, "osm_type": "nodes" }, "geometry": { "type": "Point", "coordinates": [ 76.8768788, 43.2366213 ] } },
{ "type": "Feature", "properties": { "name": "Диірментөбе", "name:en": null, "railway": "station", "ele": null, "operator:type": null, "layer": null, "addr:full": null, "addr:city": null, "source": "bing", "name:kk": "Диірментөбе", "name:ru": "Дирментобе", "osm_id": 2714136920, "osm_type": "nodes" }, "geometry": { "type": "Point", "coordinates": [ 63.6340877, 45.7414846 ] } },
{ "type": "Feature", "properties": { "name": "Майлыбас", "name:en": null, "railway": "station", "ele": null, "operator:type": null, "layer": null, "addr:full": null, "addr:city": null, "source": "reiseauskunft.bahn.de", "name:kk": "Майлыбас", "name:ru": "Майлыбас", "osm_id": 2389957471, "osm_type": "nodes" }, "geometry": { "type": "Point", "coordinates": [ 62.6281801, 45.8209272 ] } },
{ "type": "Feature", "properties": { "name": "Ойынды", "name:en": "Uindu", "railway": "station", "ele": null, "operator:type": null, "layer": null, "addr:full": null, "addr:city": null, "source": "reiseauskunft.bahn.de", "name:kk": "Ойынды", "name:ru": "Ойында", "osm_id": 2389957489, "osm_type": "nodes" }, "geometry": { "type": "Point", "coordinates": [ 62.3027968, 45.8510308 ] } },
{ "type": "Feature", "properties": { "name": "№99-темір жол айрығы", "name:en": null, "railway": "station", "ele": null, "operator:type": null, "layer": null, "addr:full": null, "addr:city": null, "source": "bahn.de", "name:kk": "№99-темір жол айрығы", "name:ru": "разъезд 99", "osm_id": 2389957515, "osm_type": "nodes" }, "geometry": { "type": "Point", "coordinates": [ 62.7146591, 45.7841953 ] } },
{ "type": "Feature", "properties": { "name": "Көбек", "name:en": null, "railway": "station", "ele": null, "operator:type": null, "layer": null, "addr:full": null, "addr:city": null, "source": "reiseauskunft.bahn.de", "name:kk": "Көбек", "name:ru": "Кубек", "osm_id": 2389957496, "osm_type": "nodes" }, "geometry": { "type": "Point", "coordinates": [ 62.4172881, 45.8467592 ] } },
{ "type": "Feature", "properties": { "name": "Байқожа", "name:en": null, "railway": "station", "ele": null, "operator:type": null, "layer": null, "addr:full": null, "addr:city": null, "source": "reiseauskunft.bahn.de", "name:kk": "Байқожа", "name:ru": "Байкожа", "osm_id": 3784202858, "osm_type": "nodes" }, "geometry": { "type": "Point", "coordinates": [ 62.936361, 45.7323901 ] } },
{ "type": "Feature", "properties": { "name": "Боздала темір жол айрығы", "name:en": null, "railway": "station", "ele": null, "operator:type": null, "layer": null, "addr:full": null, "addr:city": null, "source": null, "name:kk": "Боздала темір жол айрығы", "name:ru": "разьезд Боздала", "osm_id": 9077139875, "osm_type": "nodes" }, "geometry": { "type": "Point", "coordinates": [ 68.0939108, 47.6729663 ] } },
{ "type": "Feature", "properties": { "name": "Сарысу", "name:en": null, "railway": "station", "ele": null, "operator:type": null, "layer": null, "addr:full": null, "addr:city": null, "source": null, "name:kk": "Сарысу", "name:ru": "Сарысу", "osm_id": 9077142460, "osm_type": "nodes" }, "geometry": { "type": "Point", "coordinates": [ 68.2921851, 47.4327577 ] } },
{ "type": "Feature", "properties": { "name": "Кішік", "name:en": null, "railway": "station", "ele": null, "operator:type": null, "layer": null, "addr:full": null, "addr:city": null, "source": null, "name:kk": "Кішік", "name:ru": "Кишик", "osm_id": 9077142461, "osm_type": "nodes" }, "geometry": { "type": "Point", "coordinates": [ 68.5174128, 47.2297251 ] } },
{ "type": "Feature", "properties": { "name": "Тасоба", "name:en": null, "railway": "station", "ele": null, "operator:type": null, "layer": null, "addr:full": null, "addr:city": null, "source": null, "name:kk": "Тасоба", "name:ru": "Тасоба", "osm_id": 9077142464, "osm_type": "nodes" }, "geometry": { "type": "Point", "coordinates": [ 68.7507731, 47.0107112 ] } },
{ "type": "Feature", "properties": { "name": "Қостанкелді", "name:en": null, "railway": "station", "ele": null, "operator:type": null, "layer": null, "addr:full": null, "addr:city": null, "source": null, "name:kk": "Қостанкелді", "name:ru": "Костанкелды", "osm_id": 9081437861, "osm_type": "nodes" }, "geometry": { "type": "Point", "coordinates": [ 67.6767257, 47.7901189 ] } },
{ "type": "Feature", "properties": { "name": "Қож үйіндісі", "name:en": null, "railway": "station", "ele": null, "operator:type": null, "layer": null, "addr:full": null, "addr:city": null, "source": null, "name:kk": "Қож үйіндісі", "name:ru": "Шлакоотвал", "osm_id": 9077139848, "osm_type": "nodes" }, "geometry": { "type": "Point", "coordinates": [ 67.7446738, 47.7702457 ] } },
{ "type": "Feature", "properties": { "name": "Жаңа", "name:en": null, "railway": "station", "ele": null, "operator:type": null, "layer": null, "addr:full": null, "addr:city": null, "source": null, "name:kk": "Жаңа", "name:ru": "Новая", "osm_id": 9077139853, "osm_type": "nodes" }, "geometry": { "type": "Point", "coordinates": [ 67.7654797, 47.7587989 ] } },
{ "type": "Feature", "properties": { "name": "Мыс", "name:en": null, "railway": "station", "ele": null, "operator:type": null, "layer": null, "addr:full": null, "addr:city": null, "source": null, "name:kk": "Мыс", "name:ru": "Медная", "osm_id": 9081437868, "osm_type": "nodes" }, "geometry": { "type": "Point", "coordinates": [ 67.7063477, 47.772829 ] } },
{ "type": "Feature", "properties": { "name": "Жаңа-Өскемен", "name:en": null, "railway": "station", "ele": null, "operator:type": null, "layer": null, "addr:full": null, "addr:city": null, "source": null, "name:kk": "Жаңа-Өскемен", "name:ru": "Ново-Усть-Каменогорск", "osm_id": 12336625794, "osm_type": "nodes" }, "geometry": { "type": "Point", "coordinates": [ 82.6515895, 49.9236849 ] } },
{ "type": "Feature", "properties": { "name": "Ащыөзек", "name:en": null, "railway": "station", "ele": null, "operator:type": null, "layer": null, "addr:full": null, "addr:city": null, "source": null, "name:kk": "Ащыөзек", "name:ru": "Ащыозек", "osm_id": 3798746439, "osm_type": "nodes" }, "geometry": { "type": "Point", "coordinates": [ 76.5057983, 46.7079421 ] } },
{ "type": "Feature", "properties": { "name": "Дегелең", "name:en": null, "railway": "station", "ele": null, "operator:type": null, "layer": null, "addr:full": null, "addr:city": null, "source": null, "name:kk": "Дегелең", "name:ru": "Дегелен", "osm_id": 2327220658, "osm_type": "nodes" }, "geometry": { "type": "Point", "coordinates": [ 78.5070618, 50.7441257 ] } },
{ "type": "Feature", "properties": { "name": "Атбасар-2", "name:en": null, "railway": "station", "ele": null, "operator:type": null, "layer": null, "addr:full": null, "addr:city": null, "source": null, "name:kk": null, "name:ru": null, "osm_id": 1889823821, "osm_type": "nodes" }, "geometry": { "type": "Point", "coordinates": [ 68.3343088, 51.7753535 ] } },
{ "type": "Feature", "properties": { "name": "Жыңғылды", "name:en": null, "railway": "station", "ele": null, "operator:type": null, "layer": null, "addr:full": null, "addr:city": null, "source": null, "name:kk": "Жыңғылды", "name:ru": "Жингильды", "osm_id": 3789058866, "osm_type": "nodes" }, "geometry": { "type": "Point", "coordinates": [ 76.4323895, 43.5392891 ] } },
{ "type": "Feature", "properties": { "name": "Дудаков", "name:en": null, "railway": "station", "ele": null, "operator:type": null, "layer": null, "addr:full": null, "addr:city": null, "source": "bing, bahn.de, poezdato.net", "name:kk": "Дудаков", "name:ru": "Дудаковка", "osm_id": 2747371705, "osm_type": "nodes" }, "geometry": { "type": "Point", "coordinates": [ 65.7854528, 53.2784525 ] } },
{ "type": "Feature", "properties": { "name": "Құркөл", "name:en": null, "railway": "station", "ele": null, "operator:type": null, "layer": null, "addr:full": null, "addr:city": null, "source": null, "name:kk": "Құркөл", "name:ru": "Курколь", "osm_id": 3803116462, "osm_type": "nodes" }, "geometry": { "type": "Point", "coordinates": [ 77.1441082, 51.8299335 ] } },
{ "type": "Feature", "properties": { "name": "Жаңа-Семей", "name:en": null, "railway": "station", "ele": null, "operator:type": null, "layer": null, "addr:full": null, "addr:city": null, "source": null, "name:kk": "Жаңа-Семей", "name:ru": "Жана-Семей", "osm_id": 447619564, "osm_type": "nodes" }, "geometry": { "type": "Point", "coordinates": [ 80.243793, 50.3702952 ] } },
{ "type": "Feature", "properties": { "name": "Делбегетей", "name:en": null, "railway": "station", "ele": null, "operator:type": null, "layer": null, "addr:full": null, "addr:city": null, "source": "GNS", "name:kk": "Делбегетей", "name:ru": "Дельбегетей", "osm_id": 534088764, "osm_type": "nodes" }, "geometry": { "type": "Point", "coordinates": [ 80.6824271, 50.0470155 ] } },
{ "type": "Feature", "properties": { "name": "№3-темір жол айрығы", "name:en": null, "railway": "station", "ele": null, "operator:type": null, "layer": null, "addr:full": null, "addr:city": null, "source": null, "name:kk": "№3-темір жол айрығы", "name:ru": "разъезд 3", "osm_id": 3802527777, "osm_type": "nodes" }, "geometry": { "type": "Point", "coordinates": [ 80.5960743, 50.1350114 ] } },
{ "type": "Feature", "properties": { "name": "Суықбұлақ", "name:en": null, "railway": "station", "ele": null, "operator:type": null, "layer": null, "addr:full": null, "addr:city": null, "source": null, "name:kk": "Суықбұлақ", "name:ru": "Суыкбулак", "osm_id": 4030794163, "osm_type": "nodes" }, "geometry": { "type": "Point", "coordinates": [ 80.8094804, 49.8048951 ] } },
{ "type": "Feature", "properties": { "name": "Сағыз", "name:en": null, "railway": "station", "ele": null, "operator:type": null, "layer": null, "addr:full": null, "addr:city": null, "source": null, "name:kk": "Сағыз", "name:ru": "Сагиз", "osm_id": 2783374799, "osm_type": "nodes" }, "geometry": { "type": "Point", "coordinates": [ 54.88248, 48.2338525 ] } },
{ "type": "Feature", "properties": { "name": "№1-темір жол айрығы", "name:en": null, "railway": "station", "ele": null, "operator:type": null, "layer": null, "addr:full": null, "addr:city": null, "source": "bing", "name:kk": "№1-темір жол айрығы", "name:ru": "разъезд №1", "osm_id": 4064729698, "osm_type": "nodes" }, "geometry": { "type": "Point", "coordinates": [ 80.3461826, 50.3054642 ] } },
{ "type": "Feature", "properties": { "name": "Джалагаш", "name:en": null, "railway": "station", "ele": null, "operator:type": null, "layer": null, "addr:full": null, "addr:city": null, "source": null, "name:kk": null, "name:ru": null, "osm_id": 2581971224, "osm_type": "nodes" }, "geometry": { "type": "Point", "coordinates": [ 64.6811197, 45.0768904 ] } },
{ "type": "Feature", "properties": { "name": "Мыңкөл", "name:en": null, "railway": "station", "ele": null, "operator:type": null, "layer": null, "addr:full": null, "addr:city": null, "source": null, "name:kk": "Мыңкөл", "name:ru": "Мынколь", "osm_id": 534086436, "osm_type": "nodes" }, "geometry": { "type": "Point", "coordinates": [ 76.6218934, 53.75902 ] } },
{ "type": "Feature", "properties": { "name": "Павлодар Оңтүстік", "name:en": null, "railway": "station", "ele": null, "operator:type": null, "layer": null, "addr:full": null, "addr:city": null, "source": null, "name:kk": "Павлодар Оңтүстік", "name:ru": "Павлодар-Южный", "osm_id": 7067942646, "osm_type": "nodes" }, "geometry": { "type": "Point", "coordinates": [ 77.0619112, 52.2049761 ] } },
{ "type": "Feature", "properties": { "name": "Жақсы", "name:en": null, "railway": "station", "ele": null, "operator:type": null, "layer": null, "addr:full": null, "addr:city": null, "source": null, "name:kk": "Жақсы", "name:ru": "Жаксы", "osm_id": 4025962072, "osm_type": "nodes" }, "geometry": { "type": "Point", "coordinates": [ 67.324526, 51.9058173 ] } },
{ "type": "Feature", "properties": { "name": "Жаңа Қарағанды", "name:en": null, "railway": "station", "ele": null, "operator:type": null, "layer": null, "addr:full": null, "addr:city": null, "source": "bing", "name:kk": "Жаңа Қарағанды", "name:ru": "Жана Караганды", "osm_id": 2780881775, "osm_type": "nodes" }, "geometry": { "type": "Point", "coordinates": [ 73.1853171, 49.8969512 ] } },
{ "type": "Feature", "properties": { "name": "Қарағанөзек", "name:en": null, "railway": "station", "ele": null, "operator:type": null, "layer": null, "addr:full": null, "addr:city": null, "source": null, "name:kk": "Қарағанөзек", "name:ru": "Караганозек", "osm_id": 3804578683, "osm_type": "nodes" }, "geometry": { "type": "Point", "coordinates": [ 73.0542068, 49.7588374 ] } },
{ "type": "Feature", "properties": { "name": "рзд. №4", "name:en": null, "railway": "station", "ele": null, "operator:type": null, "layer": null, "addr:full": null, "addr:city": null, "source": null, "name:kk": null, "name:ru": null, "osm_id": 3802524483, "osm_type": "nodes" }, "geometry": { "type": "Point", "coordinates": [ 80.7087296, 49.9279681 ] } },
{ "type": "Feature", "properties": { "name": "рзд. №60", "name:en": null, "railway": "station", "ele": null, "operator:type": null, "layer": null, "addr:full": null, "addr:city": null, "source": null, "name:kk": null, "name:ru": null, "osm_id": 3804144194, "osm_type": "nodes" }, "geometry": { "type": "Point", "coordinates": [ 68.0577098, 47.9053393 ] } },
{ "type": "Feature", "properties": { "name": "366 км", "name:en": null, "railway": "station", "ele": null, "operator:type": null, "layer": null, "addr:full": null, "addr:city": null, "source": null, "name:kk": null, "name:ru": null, "osm_id": 3804178885, "osm_type": "nodes" }, "geometry": { "type": "Point", "coordinates": [ 68.2702126, 47.9786739 ] } },
{ "type": "Feature", "properties": { "name": "Обгонный пункт №80", "name:en": null, "railway": "station", "ele": null, "operator:type": null, "layer": null, "addr:full": null, "addr:city": null, "source": null, "name:kk": null, "name:ru": null, "osm_id": 3839504286, "osm_type": "nodes" }, "geometry": { "type": "Point", "coordinates": [ 66.9261125, 51.9014336 ] } },
{ "type": "Feature", "properties": { "name": "Разъезд № 12-Г", "name:en": null, "railway": "station", "ele": null, "operator:type": null, "layer": null, "addr:full": null, "addr:city": null, "source": null, "name:kk": null, "name:ru": null, "osm_id": 4036867230, "osm_type": "nodes" }, "geometry": { "type": "Point", "coordinates": [ 52.4892427, 44.2397244 ] } },
{ "type": "Feature", "properties": { "name": "Ноғайты", "name:en": null, "railway": "station", "ele": null, "operator:type": null, "layer": null, "addr:full": null, "addr:city": null, "source": "bing", "name:kk": "Ноғайты", "name:ru": "Ногайты", "osm_id": 2783418098, "osm_type": "nodes" }, "geometry": { "type": "Point", "coordinates": [ 55.2315624, 48.4401277 ] } },
{ "type": "Feature", "properties": { "name": "Разъезд Но. 15", "name:en": null, "railway": "station", "ele": null, "operator:type": null, "layer": null, "addr:full": null, "addr:city": null, "source": null, "name:kk": null, "name:ru": null, "osm_id": 2406513186, "osm_type": "nodes" }, "geometry": { "type": "Point", "coordinates": [ 51.752233, 43.9774215 ] } },
{ "type": "Feature", "properties": { "name": "713 км", "name:en": null, "railway": "station", "ele": null, "operator:type": null, "layer": null, "addr:full": null, "addr:city": null, "source": null, "name:kk": null, "name:ru": null, "osm_id": 2781144802, "osm_type": "nodes" }, "geometry": { "type": "Point", "coordinates": [ 73.1945345, 49.9344451 ] } },
{ "type": "Feature", "properties": { "name": "Бабатай", "name:en": null, "railway": "station", "ele": null, "operator:type": null, "layer": null, "addr:full": null, "addr:city": null, "source": null, "name:kk": null, "name:ru": "Бабатай", "osm_id": 4022167690, "osm_type": "nodes" }, "geometry": { "type": "Point", "coordinates": [ 71.9593856, 50.9676719 ] } },
{ "type": "Feature", "properties": { "name": null, "name:en": null, "railway": "station", "ele": null, "operator:type": null, "layer": null, "addr:full": null, "addr:city": null, "source": "bing", "name:kk": null, "name:ru": null, "osm_id": 3206556119, "osm_type": "nodes" }, "geometry": { "type": "Point", "coordinates": [ 72.6001139, 49.7207528 ] } },
{ "type": "Feature", "properties": { "name": "Алтынтау", "name:en": null, "railway": "station", "ele": null, "operator:type": null, "layer": null, "addr:full": null, "addr:city": null, "source": null, "name:kk": null, "name:ru": null, "osm_id": 1857787335, "osm_type": "nodes" }, "geometry": { "type": "Point", "coordinates": [ 71.9745305, 52.4384821 ] } },
{ "type": "Feature", "properties": { "name": "Экибастус 3", "name:en": null, "railway": "station", "ele": null, "operator:type": null, "layer": null, "addr:full": null, "addr:city": null, "source": "bing", "name:kk": null, "name:ru": null, "osm_id": 2427081897, "osm_type": "nodes" }, "geometry": { "type": "Point", "coordinates": [ 75.4377806, 51.6335256 ] } },
{ "type": "Feature", "properties": { "name": "Перемётная", "name:en": null, "railway": "station", "ele": null, "operator:type": null, "layer": null, "addr:full": null, "addr:city": null, "source": null, "name:kk": null, "name:ru": null, "osm_id": 3783594367, "osm_type": "nodes" }, "geometry": { "type": "Point", "coordinates": [ 50.8515861, 51.1926708 ] } },
{ "type": "Feature", "properties": { "name": "Таксай", "name:en": null, "railway": "station", "ele": null, "operator:type": null, "layer": null, "addr:full": null, "addr:city": null, "source": null, "name:kk": null, "name:ru": "Таксай", "osm_id": 3783611774, "osm_type": "nodes" }, "geometry": { "type": "Point", "coordinates": [ 52.0371803, 51.1796685 ] } },
{ "type": "Feature", "properties": { "name": "Ростошский", "name:en": null, "railway": "station", "ele": null, "operator:type": null, "layer": null, "addr:full": null, "addr:city": null, "source": null, "name:kk": null, "name:ru": null, "osm_id": 1639090916, "osm_type": "nodes" }, "geometry": { "type": "Point", "coordinates": [ 51.061906, 51.2642866 ] } },
{ "type": "Feature", "properties": { "name": "Караирим", "name:en": null, "railway": "station", "ele": null, "operator:type": null, "layer": null, "addr:full": null, "addr:city": null, "source": null, "name:kk": null, "name:ru": "Караирим", "osm_id": 3787089679, "osm_type": "nodes" }, "geometry": { "type": "Point", "coordinates": [ 64.5896015, 45.0903754 ] } },
{ "type": "Feature", "properties": { "name": "Калмакколь", "name:en": null, "railway": "station", "ele": null, "operator:type": null, "layer": null, "addr:full": null, "addr:city": null, "source": null, "name:kk": null, "name:ru": null, "osm_id": 1891180071, "osm_type": "nodes" }, "geometry": { "type": "Point", "coordinates": [ 67.6818782, 52.4059561 ] } },
{ "type": "Feature", "properties": { "name": "Обгонный пункт №86", "name:en": null, "railway": "station", "ele": null, "operator:type": null, "layer": null, "addr:full": null, "addr:city": null, "source": null, "name:kk": null, "name:ru": null, "osm_id": 3839507625, "osm_type": "nodes" }, "geometry": { "type": "Point", "coordinates": [ 68.2075036, 51.7756944 ] } },
{ "type": "Feature", "properties": { "name": "Жалгызтал", "name:en": null, "railway": "station", "ele": null, "operator:type": null, "layer": null, "addr:full": null, "addr:city": null, "source": "Sentinel-2", "name:kk": null, "name:ru": null, "osm_id": 5025635018, "osm_type": "nodes" }, "geometry": { "type": "Point", "coordinates": [ 67.2182176, 49.9959214 ] } },
{ "type": "Feature", "properties": { "name": "Карагалинская", "name:en": null, "railway": "station", "ele": null, "operator:type": null, "layer": null, "addr:full": null, "addr:city": null, "source": null, "name:kk": null, "name:ru": null, "osm_id": 2288151345, "osm_type": "nodes" }, "geometry": { "type": "Point", "coordinates": [ 64.8701523, 53.3424965 ] } },
{ "type": "Feature", "properties": { "name": "Бауманская", "name:en": null, "railway": "station", "ele": null, "operator:type": null, "layer": null, "addr:full": null, "addr:city": null, "source": "bing, bahn.de", "name:kk": null, "name:ru": null, "osm_id": 2747151744, "osm_type": "nodes" }, "geometry": { "type": "Point", "coordinates": [ 66.2291714, 54.2324156 ] } },
{ "type": "Feature", "properties": { "name": null, "name:en": null, "railway": "station", "ele": null, "operator:type": null, "layer": null, "addr:full": null, "addr:city": null, "source": null, "name:kk": null, "name:ru": null, "osm_id": 1893965558, "osm_type": "nodes" }, "geometry": { "type": "Point", "coordinates": [ 68.3565671, 51.6841344 ] } },
{ "type": "Feature", "properties": { "name": "Хор-Хут", "name:en": null, "railway": "station", "ele": null, "operator:type": null, "layer": null, "addr:full": null, "addr:city": null, "source": "bing", "name:kk": null, "name:ru": null, "osm_id": 2714136918, "osm_type": "nodes" }, "geometry": { "type": "Point", "coordinates": [ 63.911138, 45.6261246 ] } },
{ "type": "Feature", "properties": { "name": "Пригородная", "name:en": "Suburban Station", "railway": "station", "ele": null, "operator:type": null, "layer": null, "addr:full": null, "addr:city": null, "source": "bing, https://commons.wikimedia.org/wiki/File:%D0%96%D0%B5%D0%BB%D0%B5%D0%B7%D0%BD%D0%B0%D1%8F_%D0%B4%D0%BE%D1%80%D0%BE%D0%B3%D0%B0_%D0%91%D0%B0%D0%B9%D0%BA%D0%BE%D0%BD%D1%83%D1%80%D0%B0.jpg", "name:kk": null, "name:ru": null, "osm_id": 2620204202, "osm_type": "nodes" }, "geometry": { "type": "Point", "coordinates": [ 63.3222329, 45.6469913 ] } },
{ "type": "Feature", "properties": { "name": "Песчаная", "name:en": "Sandy Station", "railway": "station", "ele": null, "operator:type": null, "layer": null, "addr:full": null, "addr:city": null, "source": "bing, https://commons.wikimedia.org/wiki/File:%D0%96%D0%B5%D0%BB%D0%B5%D0%B7%D0%BD%D0%B0%D1%8F_%D0%B4%D0%BE%D1%80%D0%BE%D0%B3%D0%B0_%D0%91%D0%B0%D0%B9%D0%BA%D0%BE%D0%BD%D1%83%D1%80%D0%B0.jpg", "name:kk": null, "name:ru": null, "osm_id": 2620204289, "osm_type": "nodes" }, "geometry": { "type": "Point", "coordinates": [ 63.2746797, 45.9179541 ] } },
{ "type": "Feature", "properties": { "name": "Кыргыз", "name:en": null, "railway": "station", "ele": null, "operator:type": null, "layer": null, "addr:full": null, "addr:city": null, "source": "bing", "name:kk": null, "name:ru": null, "osm_id": 2713738539, "osm_type": "nodes" }, "geometry": { "type": "Point", "coordinates": [ 58.2974494, 48.6948545 ] } },
{ "type": "Feature", "properties": { "name": "Тас", "name:en": null, "railway": "station", "ele": null, "operator:type": null, "layer": null, "addr:full": null, "addr:city": null, "source": null, "name:kk": null, "name:ru": null, "osm_id": 2713738431, "osm_type": "nodes" }, "geometry": { "type": "Point", "coordinates": [ 58.375303, 48.6413558 ] } },
{ "type": "Feature", "properties": { "name": "Байкадам", "name:en": null, "railway": "station", "ele": null, "operator:type": null, "layer": null, "addr:full": null, "addr:city": null, "source": null, "name:kk": null, "name:ru": null, "osm_id": 7062781084, "osm_type": "nodes" }, "geometry": { "type": "Point", "coordinates": [ 59.2042107, 47.3465427 ] } },
{ "type": "Feature", "properties": { "name": null, "name:en": null, "railway": "station", "ele": null, "operator:type": null, "layer": null, "addr:full": null, "addr:city": null, "source": null, "name:kk": null, "name:ru": null, "osm_id": 5763285576, "osm_type": "nodes" }, "geometry": { "type": "Point", "coordinates": [ 62.108001, 51.5440934 ] } },
{ "type": "Feature", "properties": { "name": "Алмазная", "name:en": "Diamond Station", "railway": "station", "ele": null, "operator:type": null, "layer": null, "addr:full": null, "addr:city": null, "source": "bing, https://commons.wikimedia.org/wiki/File:%D0%96%D0%B5%D0%BB%D0%B5%D0%B7%D0%BD%D0%B0%D1%8F_%D0%B4%D0%BE%D1%80%D0%BE%D0%B3%D0%B0_%D0%91%D0%B0%D0%B9%D0%BA%D0%BE%D0%BD%D1%83%D1%80%D0%B0.jpg", "name:kk": null, "name:ru": null, "osm_id": 7537674244, "osm_type": "nodes" }, "geometry": { "type": "Point", "coordinates": [ 63.1417912, 45.9810633 ] } },
{ "type": "Feature", "properties": { "name": "Горная", "name:en": "Mountainous Station", "railway": "station", "ele": null, "operator:type": null, "layer": null, "addr:full": null, "addr:city": null, "source": "bing, https://commons.wikimedia.org/wiki/File:%D0%96%D0%B5%D0%BB%D0%B5%D0%B7%D0%BD%D0%B0%D1%8F_%D0%B4%D0%BE%D1%80%D0%BE%D0%B3%D0%B0_%D0%91%D0%B0%D0%B9%D0%BA%D0%BE%D0%BD%D1%83%D1%80%D0%B0.jpg", "name:kk": null, "name:ru": null, "osm_id": 2620204296, "osm_type": "nodes" }, "geometry": { "type": "Point", "coordinates": [ 63.1908215, 45.9515436 ] } },
{ "type": "Feature", "properties": { "name": "Шетпе", "name:en": null, "railway": "station", "ele": null, "operator:type": null, "layer": null, "addr:full": null, "addr:city": null, "source": null, "name:kk": null, "name:ru": null, "osm_id": 2406784273, "osm_type": "nodes" }, "geometry": { "type": "Point", "coordinates": [ 52.1676991, 44.1382033 ] } },
{ "type": "Feature", "properties": { "name": "№ 13", "name:en": null, "railway": "station", "ele": null, "operator:type": null, "layer": null, "addr:full": null, "addr:city": null, "source": null, "name:kk": null, "name:ru": null, "osm_id": 7086730061, "osm_type": "nodes" }, "geometry": { "type": "Point", "coordinates": [ 52.2760617, 44.205285 ] } },
{ "type": "Feature", "properties": { "name": "Ақ Жайық", "name:en": null, "railway": "station", "ele": null, "operator:type": null, "layer": null, "addr:full": null, "addr:city": null, "source": null, "name:kk": null, "name:ru": null, "osm_id": 5672566580, "osm_type": "nodes" }, "geometry": { "type": "Point", "coordinates": [ 51.9337128, 47.0976601 ] } },
{ "type": "Feature", "properties": { "name": null, "name:en": null, "railway": "station", "ele": null, "operator:type": null, "layer": null, "addr:full": null, "addr:city": null, "source": "bing", "name:kk": null, "name:ru": null, "osm_id": 2795861074, "osm_type": "nodes" }, "geometry": { "type": "Point", "coordinates": [ 52.4562111, 47.2504728 ] } },
{ "type": "Feature", "properties": { "name": "Промышленное", "name:en": null, "railway": "station", "ele": null, "operator:type": null, "layer": null, "addr:full": null, "addr:city": null, "source": null, "name:kk": null, "name:ru": null, "osm_id": 9039220854, "osm_type": "nodes" }, "geometry": { "type": "Point", "coordinates": [ 51.9648329, 47.0723066 ] } },
{ "type": "Feature", "properties": { "name": "Алтай", "name:en": null, "railway": "station", "ele": null, "operator:type": null, "layer": null, "addr:full": null, "addr:city": null, "source": null, "name:kk": null, "name:ru": null, "osm_id": 7069249239, "osm_type": "nodes" }, "geometry": { "type": "Point", "coordinates": [ 62.2317987, 45.8452018 ] } },
{ "type": "Feature", "properties": { "name": "Ясная", "name:en": "Bright Station", "railway": "station", "ele": null, "operator:type": null, "layer": null, "addr:full": null, "addr:city": null, "source": "bing, https://commons.wikimedia.org/wiki/File:%D0%96%D0%B5%D0%BB%D0%B5%D0%B7%D0%BD%D0%B0%D1%8F_%D0%B4%D0%BE%D1%80%D0%BE%D0%B3%D0%B0_%D0%91%D0%B0%D0%B9%D0%BA%D0%BE%D0%BD%D1%83%D1%80%D0%B0.jpg", "name:kk": null, "name:ru": null, "osm_id": 7537674241, "osm_type": "nodes" }, "geometry": { "type": "Point", "coordinates": [ 62.9816499, 46.0626736 ] } },
{ "type": "Feature", "properties": { "name": "Жанак", "name:en": null, "railway": "station", "ele": null, "operator:type": null, "layer": null, "addr:full": null, "addr:city": null, "source": null, "name:kk": null, "name:ru": null, "osm_id": 7076944047, "osm_type": "nodes" }, "geometry": { "type": "Point", "coordinates": [ 58.4265644, 46.7362975 ] } },
{ "type": "Feature", "properties": { "name": "Кудыксай", "name:en": null, "railway": "station", "ele": null, "operator:type": null, "layer": null, "addr:full": null, "addr:city": null, "source": null, "name:kk": null, "name:ru": null, "osm_id": 2173015439, "osm_type": "nodes" }, "geometry": { "type": "Point", "coordinates": [ 59.6129816, 50.4032305 ] } },
{ "type": "Feature", "properties": { "name": "Шокысу", "name:en": "Chokusu", "railway": "station", "ele": null, "operator:type": null, "layer": null, "addr:full": null, "addr:city": null, "source": null, "name:kk": null, "name:ru": null, "osm_id": 1913649718, "osm_type": "nodes" }, "geometry": { "type": "Point", "coordinates": [ 60.9955609, 47.2452009 ] } },
{ "type": "Feature", "properties": { "name": "станция Промежуточная", "name:en": null, "railway": "station", "ele": null, "operator:type": null, "layer": null, "addr:full": null, "addr:city": null, "source": null, "name:kk": null, "name:ru": null, "osm_id": 3617596427, "osm_type": "nodes" }, "geometry": { "type": "Point", "coordinates": [ 63.5679422, 47.3783046 ] } },
{ "type": "Feature", "properties": { "name": "Западная", "name:en": "West Station", "railway": "station", "ele": null, "operator:type": null, "layer": null, "addr:full": null, "addr:city": null, "source": "bing, https://commons.wikimedia.org/wiki/File:%D0%96%D0%B5%D0%BB%D0%B5%D0%B7%D0%BD%D0%B0%D1%8F_%D0%B4%D0%BE%D1%80%D0%BE%D0%B3%D0%B0_%D0%91%D0%B0%D0%B9%D0%BA%D0%BE%D0%BD%D1%83%D1%80%D0%B0.jpg", "name:kk": null, "name:ru": null, "osm_id": 7537674242, "osm_type": "nodes" }, "geometry": { "type": "Point", "coordinates": [ 62.9411459, 46.0493595 ] } },
{ "type": "Feature", "properties": { "name": "Шагыр", "name:en": null, "railway": "station", "ele": null, "operator:type": null, "layer": null, "addr:full": null, "addr:city": null, "source": null, "name:kk": null, "name:ru": null, "osm_id": 1913649729, "osm_type": "nodes" }, "geometry": { "type": "Point", "coordinates": [ 60.7201845, 47.4951664 ] } },
{ "type": "Feature", "properties": { "name": null, "name:en": null, "railway": "station", "ele": null, "operator:type": null, "layer": null, "addr:full": null, "addr:city": null, "source": null, "name:kk": null, "name:ru": null, "osm_id": 5758896643, "osm_type": "nodes" }, "geometry": { "type": "Point", "coordinates": [ 60.9262741, 50.5798831 ] } },
{ "type": "Feature", "properties": { "name": "Тогыз", "name:en": "Tugus", "railway": "station", "ele": null, "operator:type": null, "layer": null, "addr:full": null, "addr:city": null, "source": null, "name:kk": null, "name:ru": null, "osm_id": 1913649747, "osm_type": "nodes" }, "geometry": { "type": "Point", "coordinates": [ 60.5455311, 47.5570817 ] } },
{ "type": "Feature", "properties": { "name": "Тосбулак", "name:en": null, "railway": "station", "ele": null, "operator:type": null, "layer": null, "addr:full": null, "addr:city": null, "source": null, "name:kk": null, "name:ru": null, "osm_id": 1913649735, "osm_type": "nodes" }, "geometry": { "type": "Point", "coordinates": [ 60.4057662, 47.6346699 ] } },
{ "type": "Feature", "properties": { "name": "19", "name:en": null, "railway": "station", "ele": null, "operator:type": null, "layer": null, "addr:full": null, "addr:city": null, "source": null, "name:kk": null, "name:ru": null, "osm_id": 7081966486, "osm_type": "nodes" }, "geometry": { "type": "Point", "coordinates": [ 61.3649041, 47.0305385 ] } },
{ "type": "Feature", "properties": { "name": "Карашеген", "name:en": null, "railway": "station", "ele": null, "operator:type": null, "layer": null, "addr:full": null, "addr:city": null, "source": null, "name:kk": null, "name:ru": null, "osm_id": 7081964685, "osm_type": "nodes" }, "geometry": { "type": "Point", "coordinates": [ 61.5988362, 47.0886346 ] } },
{ "type": "Feature", "properties": { "name": "Уйтас", "name:en": null, "railway": "station", "ele": null, "operator:type": null, "layer": null, "addr:full": null, "addr:city": null, "source": null, "name:kk": null, "name:ru": null, "osm_id": 2173033344, "osm_type": "nodes" }, "geometry": { "type": "Point", "coordinates": [ 60.119001, 50.423966 ] } },
{ "type": "Feature", "properties": { "name": "Аккайтым", "name:en": null, "railway": "station", "ele": null, "operator:type": null, "layer": null, "addr:full": null, "addr:city": null, "source": null, "name:kk": null, "name:ru": null, "osm_id": 5887782963, "osm_type": "nodes" }, "geometry": { "type": "Point", "coordinates": [ 59.2730688, 47.4604492 ] } },
{ "type": "Feature", "properties": { "name": "Жоса", "name:en": null, "railway": "station", "ele": null, "operator:type": null, "layer": null, "addr:full": null, "addr:city": null, "source": null, "name:kk": null, "name:ru": null, "osm_id": 2173015601, "osm_type": "nodes" }, "geometry": { "type": "Point", "coordinates": [ 59.2899196, 50.4009088 ] } },
{ "type": "Feature", "properties": { "name": "Кайыр", "name:en": null, "railway": "station", "ele": null, "operator:type": null, "layer": null, "addr:full": null, "addr:city": null, "source": "bing", "name:kk": null, "name:ru": null, "osm_id": 2579083165, "osm_type": "nodes" }, "geometry": { "type": "Point", "coordinates": [ 59.0645155, 48.1632783 ] } },
{ "type": "Feature", "properties": { "name": "Ушкурай", "name:en": null, "railway": "station", "ele": null, "operator:type": null, "layer": null, "addr:full": null, "addr:city": null, "source": null, "name:kk": null, "name:ru": null, "osm_id": 2622631382, "osm_type": "nodes" }, "geometry": { "type": "Point", "coordinates": [ 59.710048, 47.7847604 ] } },
{ "type": "Feature", "properties": { "name": "Копотай", "name:en": null, "railway": "station", "ele": null, "operator:type": null, "layer": null, "addr:full": null, "addr:city": null, "source": "bing", "name:kk": null, "name:ru": null, "osm_id": 8973987143, "osm_type": "nodes" }, "geometry": { "type": "Point", "coordinates": [ 59.8108578, 47.7371479 ] } },
{ "type": "Feature", "properties": { "name": "Тассай", "name:en": null, "railway": "station", "ele": null, "operator:type": null, "layer": null, "addr:full": null, "addr:city": null, "source": null, "name:kk": null, "name:ru": null, "osm_id": 4280997490, "osm_type": "nodes" }, "geometry": { "type": "Point", "coordinates": [ 57.9712379, 46.5106711 ] } },
{ "type": "Feature", "properties": { "name": "Улпан", "name:en": null, "railway": "station", "ele": null, "operator:type": null, "layer": null, "addr:full": null, "addr:city": null, "source": null, "name:kk": null, "name:ru": null, "osm_id": 1825046539, "osm_type": "nodes" }, "geometry": { "type": "Point", "coordinates": [ 59.407447, 47.9212679 ] } },
{ "type": "Feature", "properties": { "name": null, "name:en": null, "railway": "station", "ele": null, "operator:type": null, "layer": null, "addr:full": null, "addr:city": null, "source": null, "name:kk": null, "name:ru": null, "osm_id": 10681591682, "osm_type": "nodes" }, "geometry": { "type": "Point", "coordinates": [ 52.1733474, 51.168903 ] } },
{ "type": "Feature", "properties": { "name": "рзд. №33", "name:en": null, "railway": "station", "ele": null, "operator:type": null, "layer": null, "addr:full": null, "addr:city": null, "source": null, "name:kk": null, "name:ru": null, "osm_id": 8983179644, "osm_type": "nodes" }, "geometry": { "type": "Point", "coordinates": [ 56.3328984, 50.8176429 ] } },
{ "type": "Feature", "properties": { "name": "Устюрт", "name:en": null, "railway": "station", "ele": null, "operator:type": null, "layer": null, "addr:full": null, "addr:city": null, "source": null, "name:kk": null, "name:ru": "Устюрт", "osm_id": 3785023818, "osm_type": "nodes" }, "geometry": { "type": "Point", "coordinates": [ 54.5442933, 44.8338236 ] } },
{ "type": "Feature", "properties": { "name": "Алга", "name:en": null, "railway": "station", "ele": null, "operator:type": null, "layer": null, "addr:full": null, "addr:city": null, "source": null, "name:kk": null, "name:ru": null, "osm_id": 2401361920, "osm_type": "nodes" }, "geometry": { "type": "Point", "coordinates": [ 57.3342087, 49.9077692 ] } },
{ "type": "Feature", "properties": { "name": "Тамды", "name:en": null, "railway": "station", "ele": null, "operator:type": null, "layer": null, "addr:full": null, "addr:city": null, "source": null, "name:kk": null, "name:ru": null, "osm_id": 2401190344, "osm_type": "nodes" }, "geometry": { "type": "Point", "coordinates": [ 57.3399893, 49.8158287 ] } },
{ "type": "Feature", "properties": { "name": "Потуй", "name:en": null, "railway": "station", "ele": null, "operator:type": null, "layer": null, "addr:full": null, "addr:city": null, "source": null, "name:kk": null, "name:ru": null, "osm_id": 2746020222, "osm_type": "nodes" }, "geometry": { "type": "Point", "coordinates": [ 57.4858693, 49.3943903 ] } },
{ "type": "Feature", "properties": { "name": "Кульсары", "name:en": null, "railway": "station", "ele": null, "operator:type": null, "layer": null, "addr:full": null, "addr:city": null, "source": null, "name:kk": null, "name:ru": null, "osm_id": 4029732478, "osm_type": "nodes" }, "geometry": { "type": "Point", "coordinates": [ 53.9387283, 46.9479592 ] } },
{ "type": "Feature", "properties": { "name": "6 км", "name:en": null, "railway": "station", "ele": null, "operator:type": null, "layer": null, "addr:full": null, "addr:city": null, "source": null, "name:kk": null, "name:ru": null, "osm_id": 2388808458, "osm_type": "nodes" }, "geometry": { "type": "Point", "coordinates": [ 57.4108979, 49.4280119 ] } },
{ "type": "Feature", "properties": { "name": null, "name:en": null, "railway": "station", "ele": null, "operator:type": null, "layer": null, "addr:full": null, "addr:city": null, "source": null, "name:kk": null, "name:ru": null, "osm_id": 5726040706, "osm_type": "nodes" }, "geometry": { "type": "Point", "coordinates": [ 53.741558, 46.822822 ] } },
{ "type": "Feature", "properties": { "name": "174 км", "name:en": null, "railway": "station", "ele": null, "operator:type": null, "layer": null, "addr:full": null, "addr:city": null, "source": "bing", "name:kk": null, "name:ru": null, "osm_id": 2795798675, "osm_type": "nodes" }, "geometry": { "type": "Point", "coordinates": [ 55.7379677, 48.6156645 ] } },
{ "type": "Feature", "properties": { "name": null, "name:en": null, "railway": "station", "ele": null, "operator:type": null, "layer": null, "addr:full": null, "addr:city": null, "source": "bing", "name:kk": null, "name:ru": null, "osm_id": 4036867227, "osm_type": "nodes" }, "geometry": { "type": "Point", "coordinates": [ 53.0384077, 51.1704729 ] } },
{ "type": "Feature", "properties": { "name": "рзд. 142 км", "name:en": null, "railway": "station", "ele": null, "operator:type": null, "layer": null, "addr:full": null, "addr:city": null, "source": "bing", "name:kk": null, "name:ru": null, "osm_id": 2795798707, "osm_type": "nodes" }, "geometry": { "type": "Point", "coordinates": [ 56.0529927, 48.7936707 ] } },
{ "type": "Feature", "properties": { "name": "Кок-бекты", "name:en": null, "railway": "station", "ele": null, "operator:type": null, "layer": null, "addr:full": null, "addr:city": null, "source": "bing, reiseauskunft.bahn.de", "name:kk": null, "name:ru": null, "osm_id": 2992341383, "osm_type": "nodes" }, "geometry": { "type": "Point", "coordinates": [ 55.3024749, 45.2673648 ] } },
{ "type": "Feature", "properties": { "name": "Перелески", "name:en": "Pereleski", "railway": "station", "ele": null, "operator:type": null, "layer": null, "addr:full": null, "addr:city": null, "source": null, "name:kk": null, "name:ru": null, "osm_id": 2625666027, "osm_type": "nodes" }, "geometry": { "type": "Point", "coordinates": [ 62.0934662, 52.5295403 ] } },
{ "type": "Feature", "properties": { "name": "Шакубай", "name:en": null, "railway": "station", "ele": null, "operator:type": null, "layer": null, "addr:full": null, "addr:city": null, "source": null, "name:kk": null, "name:ru": null, "osm_id": 7034564033, "osm_type": "nodes" }, "geometry": { "type": "Point", "coordinates": [ 61.5511085, 52.3094611 ] } },
{ "type": "Feature", "properties": { "name": "Даут", "name:en": null, "railway": "station", "ele": null, "operator:type": null, "layer": null, "addr:full": null, "addr:city": null, "source": "bing", "name:kk": null, "name:ru": null, "osm_id": 2577475731, "osm_type": "nodes" }, "geometry": { "type": "Point", "coordinates": [ 71.4718022, 53.6114358 ] } },
{ "type": "Feature", "properties": { "name": "рзд. №125", "name:en": null, "railway": "station", "ele": null, "operator:type": null, "layer": null, "addr:full": null, "addr:city": null, "source": null, "name:kk": null, "name:ru": null, "osm_id": 3803133694, "osm_type": "nodes" }, "geometry": { "type": "Point", "coordinates": [ 77.4201955, 52.3717715 ] } },
{ "type": "Feature", "properties": { "name": "Ақжігіт", "name:en": null, "railway": "station", "ele": null, "operator:type": null, "layer": null, "addr:full": null, "addr:city": null, "source": null, "name:kk": "Ақжігіт", "name:ru": "Акжигит", "osm_id": 304200625, "osm_type": "nodes" }, "geometry": { "type": "Point", "coordinates": [ 55.7416183, 45.0309302 ] } },
{ "type": "Feature", "properties": { "name": "Махамбет", "name:en": null, "railway": "station", "ele": null, "operator:type": null, "layer": null, "addr:full": null, "addr:city": null, "source": null, "name:kk": "Махамбет", "name:ru": "Махамбет", "osm_id": 3784705031, "osm_type": "nodes" }, "geometry": { "type": "Point", "coordinates": [ 51.8687954, 47.1593875 ] } },
{ "type": "Feature", "properties": { "name": "Әлжан", "name:en": null, "railway": "station", "ele": null, "operator:type": null, "layer": null, "addr:full": null, "addr:city": null, "source": null, "name:kk": null, "name:ru": "Альджан", "osm_id": 3785768388, "osm_type": "nodes" }, "geometry": { "type": "Point", "coordinates": [ 57.2697064, 50.200971 ] } },
{ "type": "Feature", "properties": { "name": "Жіңішке", "name:en": null, "railway": "station", "ele": null, "operator:type": null, "layer": null, "addr:full": null, "addr:city": null, "source": null, "name:kk": null, "name:ru": "Жинишке", "osm_id": 8977338184, "osm_type": "nodes" }, "geometry": { "type": "Point", "coordinates": [ 57.1307771, 50.3379439 ] } },
{ "type": "Feature", "properties": { "name": "Карабау", "name:en": null, "railway": "station", "ele": null, "operator:type": null, "layer": null, "addr:full": null, "addr:city": null, "source": null, "name:kk": null, "name:ru": null, "osm_id": 9866483386, "osm_type": "nodes" }, "geometry": { "type": "Point", "coordinates": [ 52.200699, 48.1912877 ] } },
{ "type": "Feature", "properties": { "name": "236 км", "name:en": null, "railway": "station", "ele": null, "operator:type": null, "layer": null, "addr:full": null, "addr:city": null, "source": "bing", "name:kk": null, "name:ru": null, "osm_id": 2783418082, "osm_type": "nodes" }, "geometry": { "type": "Point", "coordinates": [ 55.0140251, 48.367398 ] } },
{ "type": "Feature", "properties": { "name": "Кабель", "name:en": null, "railway": "station", "ele": null, "operator:type": null, "layer": null, "addr:full": null, "addr:city": null, "source": null, "name:kk": null, "name:ru": null, "osm_id": 4323957789, "osm_type": "nodes" }, "geometry": { "type": "Point", "coordinates": [ 57.1354951, 46.0248709 ] } },
{ "type": "Feature", "properties": { "name": "станция Кумарык", "name:en": null, "railway": "station", "ele": null, "operator:type": null, "layer": null, "addr:full": null, "addr:city": null, "source": null, "name:kk": null, "name:ru": null, "osm_id": 5792663986, "osm_type": "nodes" }, "geometry": { "type": "Point", "coordinates": [ 72.610327, 42.966759 ] } },
{ "type": "Feature", "properties": { "name": "Ақкөл", "name:en": null, "railway": "station", "ele": null, "operator:type": null, "layer": null, "addr:full": null, "addr:city": null, "source": "bing", "name:kk": "Ақкө́л", "name:ru": "Акколь", "osm_id": 2930848713, "osm_type": "nodes" }, "geometry": { "type": "Point", "coordinates": [ 49.0523053, 46.6612964 ] } },
{ "type": "Feature", "properties": { "name": "46 км", "name:en": null, "railway": "station", "ele": null, "operator:type": null, "layer": null, "addr:full": null, "addr:city": null, "source": "bing", "name:kk": null, "name:ru": null, "osm_id": 2783607493, "osm_type": "nodes" }, "geometry": { "type": "Point", "coordinates": [ 56.9592511, 49.2532022 ] } },
{ "type": "Feature", "properties": { "name": "№ 30", "name:en": null, "railway": "station", "ele": null, "operator:type": null, "layer": null, "addr:full": null, "addr:city": null, "source": null, "name:kk": null, "name:ru": null, "osm_id": 7080019048, "osm_type": "nodes" }, "geometry": { "type": "Point", "coordinates": [ 67.8367699, 43.4888403 ] } },
{ "type": "Feature", "properties": { "name": "Тоғыс", "name:en": null, "railway": "station", "ele": null, "operator:type": null, "layer": null, "addr:full": null, "addr:city": null, "source": null, "name:kk": "Тоғыс", "name:ru": "Тогыс", "osm_id": 7070411722, "osm_type": "nodes" }, "geometry": { "type": "Point", "coordinates": [ 69.8078462, 42.2213556 ] } },
{ "type": "Feature", "properties": { "name": "Нурдала", "name:en": null, "railway": "station", "ele": null, "operator:type": null, "layer": null, "addr:full": null, "addr:city": null, "source": null, "name:kk": null, "name:ru": null, "osm_id": 7077241232, "osm_type": "nodes" }, "geometry": { "type": "Point", "coordinates": [ 68.1384406, 49.1974085 ] } },
{ "type": "Feature", "properties": { "name": "Домбар", "name:en": null, "railway": "station", "ele": null, "operator:type": null, "layer": null, "addr:full": null, "addr:city": null, "source": null, "name:kk": null, "name:ru": null, "osm_id": 7076958179, "osm_type": "nodes" }, "geometry": { "type": "Point", "coordinates": [ 58.8537081, 46.9774643 ] } },
{ "type": "Feature", "properties": { "name": "Кампала", "name:en": null, "railway": "station", "ele": null, "operator:type": null, "layer": null, "addr:full": null, "addr:city": null, "source": null, "name:kk": null, "name:ru": null, "osm_id": 7076942982, "osm_type": "nodes" }, "geometry": { "type": "Point", "coordinates": [ 58.1865938, 46.6236477 ] } },
{ "type": "Feature", "properties": { "name": "Санкыбай", "name:en": null, "railway": "station", "ele": null, "operator:type": null, "layer": null, "addr:full": null, "addr:city": null, "source": null, "name:kk": null, "name:ru": null, "osm_id": 7076966076, "osm_type": "nodes" }, "geometry": { "type": "Point", "coordinates": [ 57.3765318, 46.1659532 ] } },
{ "type": "Feature", "properties": { "name": "Сагыр", "name:en": null, "railway": "station", "ele": null, "operator:type": null, "layer": null, "addr:full": null, "addr:city": null, "source": null, "name:kk": null, "name:ru": null, "osm_id": 7072155558, "osm_type": "nodes" }, "geometry": { "type": "Point", "coordinates": [ 57.7429797, 46.3819476 ] } },
{ "type": "Feature", "properties": { "name": "Жайрем", "name:en": null, "railway": "station", "ele": null, "operator:type": null, "layer": null, "addr:full": null, "addr:city": null, "source": null, "name:kk": null, "name:ru": null, "osm_id": 7071793484, "osm_type": "nodes" }, "geometry": { "type": "Point", "coordinates": [ 70.2280335, 48.2993508 ] } },
{ "type": "Feature", "properties": { "name": "Убоган", "name:en": null, "railway": "station", "ele": null, "operator:type": null, "layer": null, "addr:full": null, "addr:city": null, "source": null, "name:kk": null, "name:ru": null, "osm_id": 7070396835, "osm_type": "nodes" }, "geometry": { "type": "Point", "coordinates": [ 64.3956767, 52.4438462 ] } },
{ "type": "Feature", "properties": { "name": "Буребай", "name:en": null, "railway": "station", "ele": null, "operator:type": null, "layer": null, "addr:full": null, "addr:city": null, "source": null, "name:kk": null, "name:ru": null, "osm_id": 7068034783, "osm_type": "nodes" }, "geometry": { "type": "Point", "coordinates": [ 65.6753292, 44.8021159 ] } },
{ "type": "Feature", "properties": { "name": "Караганда-Угольная", "name:en": null, "railway": "station", "ele": null, "operator:type": null, "layer": null, "addr:full": null, "addr:city": null, "source": null, "name:kk": null, "name:ru": null, "osm_id": 7066105756, "osm_type": "nodes" }, "geometry": { "type": "Point", "coordinates": [ 73.1041469, 49.8912513 ] } },
{ "type": "Feature", "properties": { "name": "Ермаковка", "name:en": null, "railway": "station", "ele": null, "operator:type": null, "layer": null, "addr:full": null, "addr:city": null, "source": "GNS", "name:kk": null, "name:ru": null, "osm_id": 534091135, "osm_type": "nodes" }, "geometry": { "type": "Point", "coordinates": [ 82.8939811, 49.8309478 ] } },
{ "type": "Feature", "properties": { "name": "Шукыр", "name:en": null, "railway": "station", "ele": null, "operator:type": null, "layer": null, "addr:full": null, "addr:city": null, "source": null, "name:kk": null, "name:ru": null, "osm_id": 7076966073, "osm_type": "nodes" }, "geometry": { "type": "Point", "coordinates": [ 58.4921637, 46.7677394 ] } },
{ "type": "Feature", "properties": { "name": "Васильковка", "name:en": null, "railway": "station", "ele": null, "operator:type": null, "layer": null, "addr:full": null, "addr:city": null, "source": null, "name:kk": null, "name:ru": null, "osm_id": 7071835518, "osm_type": "nodes" }, "geometry": { "type": "Point", "coordinates": [ 69.3805233, 53.3510342 ] } },
{ "type": "Feature", "properties": { "name": "Буркитты", "name:en": null, "railway": "station", "ele": null, "operator:type": null, "layer": null, "addr:full": null, "addr:city": null, "source": "bing", "name:kk": null, "name:ru": null, "osm_id": 2614550358, "osm_type": "nodes" }, "geometry": { "type": "Point", "coordinates": [ 75.8772705, 49.5397158 ] } },
{ "type": "Feature", "properties": { "name": "Казыкурт", "name:en": null, "railway": "station", "ele": null, "operator:type": null, "layer": null, "addr:full": null, "addr:city": null, "source": null, "name:kk": null, "name:ru": null, "osm_id": 7070407160, "osm_type": "nodes" }, "geometry": { "type": "Point", "coordinates": [ 69.6680239, 42.2785268 ] } },
{ "type": "Feature", "properties": { "name": "Текесу", "name:en": null, "railway": "station", "ele": null, "operator:type": null, "layer": null, "addr:full": null, "addr:city": null, "source": null, "name:kk": null, "name:ru": null, "osm_id": 7070409229, "osm_type": "nodes" }, "geometry": { "type": "Point", "coordinates": [ 69.6593021, 42.2525534 ] } },
{ "type": "Feature", "properties": { "name": "Талдысай", "name:en": null, "railway": "station", "ele": null, "operator:type": null, "layer": null, "addr:full": null, "addr:city": null, "source": "bing", "name:kk": null, "name:ru": null, "osm_id": 2744722434, "osm_type": "nodes" }, "geometry": { "type": "Point", "coordinates": [ 57.9270378, 49.0474733 ] } },
{ "type": "Feature", "properties": { "name": "Акжар", "name:en": null, "railway": "station", "ele": null, "operator:type": null, "layer": null, "addr:full": null, "addr:city": null, "source": null, "name:kk": null, "name:ru": null, "osm_id": 7069284856, "osm_type": "nodes" }, "geometry": { "type": "Point", "coordinates": [ 63.1214276, 45.6880061 ] } },
{ "type": "Feature", "properties": { "name": "Белтакыр", "name:en": null, "railway": "station", "ele": null, "operator:type": null, "layer": null, "addr:full": null, "addr:city": null, "source": null, "name:kk": null, "name:ru": null, "osm_id": 7069383990, "osm_type": "nodes" }, "geometry": { "type": "Point", "coordinates": [ 63.8408592, 45.6965756 ] } },
{ "type": "Feature", "properties": { "name": "Бегимбет", "name:en": null, "railway": "station", "ele": null, "operator:type": null, "layer": null, "addr:full": null, "addr:city": null, "source": null, "name:kk": null, "name:ru": null, "osm_id": 7062790362, "osm_type": "nodes" }, "geometry": { "type": "Point", "coordinates": [ 59.0157654, 47.0690368 ] } },
{ "type": "Feature", "properties": { "name": "№ 1", "name:en": null, "railway": "station", "ele": null, "operator:type": null, "layer": null, "addr:full": null, "addr:city": null, "source": "bing", "name:kk": null, "name:ru": null, "osm_id": 2614550458, "osm_type": "nodes" }, "geometry": { "type": "Point", "coordinates": [ 73.5294477, 50.0637816 ] } },
{ "type": "Feature", "properties": { "name": "Кудык", "name:en": null, "railway": "station", "ele": null, "operator:type": null, "layer": null, "addr:full": null, "addr:city": null, "source": null, "name:kk": null, "name:ru": null, "osm_id": 7069920565, "osm_type": "nodes" }, "geometry": { "type": "Point", "coordinates": [ 58.0186262, 48.936676 ] } },
{ "type": "Feature", "properties": { "name": "№107-А", "name:en": null, "railway": "station", "ele": null, "operator:type": null, "layer": null, "addr:full": null, "addr:city": null, "source": null, "name:kk": null, "name:ru": null, "osm_id": 7069392424, "osm_type": "nodes" }, "geometry": { "type": "Point", "coordinates": [ 63.9583449, 45.5859842 ] } },
{ "type": "Feature", "properties": { "name": "Курмангазы", "name:en": null, "railway": "station", "ele": null, "operator:type": null, "layer": null, "addr:full": null, "addr:city": null, "source": null, "name:kk": null, "name:ru": null, "osm_id": 7038671115, "osm_type": "nodes" }, "geometry": { "type": "Point", "coordinates": [ 74.5381028, 44.6031351 ] } },
{ "type": "Feature", "properties": { "name": "Акеспе", "name:en": "Razezd Askepe", "railway": "station", "ele": null, "operator:type": null, "layer": null, "addr:full": null, "addr:city": null, "source": null, "name:kk": null, "name:ru": null, "osm_id": 1913649716, "osm_type": "nodes" }, "geometry": { "type": "Point", "coordinates": [ 60.8992198, 47.3501364 ] } },
{ "type": "Feature", "properties": { "name": "Курлык", "name:en": null, "railway": "station", "ele": null, "operator:type": null, "layer": null, "addr:full": null, "addr:city": null, "source": null, "name:kk": null, "name:ru": null, "osm_id": 1913649720, "osm_type": "nodes" }, "geometry": { "type": "Point", "coordinates": [ 61.071432, 47.1185742 ] } },
{ "type": "Feature", "properties": { "name": "Шиликты", "name:en": "Razezd Chilikti", "railway": "station", "ele": null, "operator:type": null, "layer": null, "addr:full": null, "addr:city": null, "source": null, "name:kk": null, "name:ru": null, "osm_id": 1913649745, "osm_type": "nodes" }, "geometry": { "type": "Point", "coordinates": [ 60.6553749, 47.5211249 ] } },
{ "type": "Feature", "properties": { "name": "Сарыулек", "name:en": null, "railway": "station", "ele": null, "operator:type": null, "layer": null, "addr:full": null, "addr:city": null, "source": null, "name:kk": null, "name:ru": null, "osm_id": 1913649749, "osm_type": "nodes" }, "geometry": { "type": "Point", "coordinates": [ 61.0497412, 47.1940351 ] } },
{ "type": "Feature", "properties": { "name": "Карашокат", "name:en": null, "railway": "station", "ele": null, "operator:type": null, "layer": null, "addr:full": null, "addr:city": null, "source": null, "name:kk": null, "name:ru": null, "osm_id": 1913649750, "osm_type": "nodes" }, "geometry": { "type": "Point", "coordinates": [ 60.8429006, 47.4118108 ] } },
{ "type": "Feature", "properties": { "name": "Бараккуль", "name:en": null, "railway": "station", "ele": null, "operator:type": null, "layer": null, "addr:full": null, "addr:city": null, "source": null, "name:kk": null, "name:ru": null, "osm_id": 1721491461, "osm_type": "nodes" }, "geometry": { "type": "Point", "coordinates": [ 67.9619451, 52.1774077 ] } },
{ "type": "Feature", "properties": { "name": "Балапан", "name:en": null, "railway": "station", "ele": null, "operator:type": null, "layer": null, "addr:full": null, "addr:city": null, "source": null, "name:kk": null, "name:ru": null, "osm_id": 2164281760, "osm_type": "nodes" }, "geometry": { "type": "Point", "coordinates": [ 68.180686, 52.4521337 ] } },
{ "type": "Feature", "properties": { "name": "Чкалово", "name:en": null, "railway": "station", "ele": null, "operator:type": null, "layer": null, "addr:full": null, "addr:city": null, "source": "bing", "name:kk": null, "name:ru": null, "osm_id": 2574886222, "osm_type": "nodes" }, "geometry": { "type": "Point", "coordinates": [ 70.3658525, 53.4943003 ] } },
{ "type": "Feature", "properties": { "name": "Ащи-Голь", "name:en": null, "railway": "station", "ele": null, "operator:type": null, "layer": null, "addr:full": null, "addr:city": null, "source": "bing", "name:kk": null, "name:ru": null, "osm_id": 2574886287, "osm_type": "nodes" }, "geometry": { "type": "Point", "coordinates": [ 71.123349, 53.5899021 ] } },
{ "type": "Feature", "properties": { "name": "Акдала", "name:en": null, "railway": "station", "ele": null, "operator:type": null, "layer": null, "addr:full": null, "addr:city": null, "source": "bing, bahn.de, poezdato.net", "name:kk": null, "name:ru": null, "osm_id": 2624400776, "osm_type": "nodes" }, "geometry": { "type": "Point", "coordinates": [ 68.7395165, 42.4934175 ] } },
{ "type": "Feature", "properties": { "name": "Обгонный пункт 112 км", "name:en": null, "railway": "station", "ele": null, "operator:type": null, "layer": null, "addr:full": null, "addr:city": null, "source": null, "name:kk": null, "name:ru": null, "osm_id": 2629462970, "osm_type": "nodes" }, "geometry": { "type": "Point", "coordinates": [ 74.0937381, 51.6476012 ] } },
{ "type": "Feature", "properties": { "name": "Коскуль", "name:en": null, "railway": "station", "ele": null, "operator:type": null, "layer": null, "addr:full": null, "addr:city": null, "source": null, "name:kk": null, "name:ru": null, "osm_id": 2747371604, "osm_type": "nodes" }, "geometry": { "type": "Point", "coordinates": [ 66.0358496, 53.2661387 ] } },
{ "type": "Feature", "properties": { "name": "№ 315", "name:en": null, "railway": "station", "ele": null, "operator:type": null, "layer": null, "addr:full": null, "addr:city": null, "source": "bing", "name:kk": null, "name:ru": null, "osm_id": 2783607570, "osm_type": "nodes" }, "geometry": { "type": "Point", "coordinates": [ 57.262518, 49.3666119 ] } },
{ "type": "Feature", "properties": { "name": "Калмаккырган", "name:en": null, "railway": "station", "ele": null, "operator:type": null, "layer": null, "addr:full": null, "addr:city": null, "source": null, "name:kk": null, "name:ru": null, "osm_id": 2783607571, "osm_type": "nodes" }, "geometry": { "type": "Point", "coordinates": [ 56.7793536, 49.2023645 ] } },
{ "type": "Feature", "properties": { "name": "Кзыл-аскер", "name:en": null, "railway": "station", "ele": null, "operator:type": null, "layer": null, "addr:full": null, "addr:city": null, "source": null, "name:kk": null, "name:ru": null, "osm_id": 2390683499, "osm_type": "nodes" }, "geometry": { "type": "Point", "coordinates": [ 55.5017604, 45.1657206 ] } },
{ "type": "Feature", "properties": { "name": "Бестортколь", "name:en": null, "railway": "station", "ele": null, "operator:type": null, "layer": null, "addr:full": null, "addr:city": null, "source": null, "name:kk": null, "name:ru": null, "osm_id": 2398686449, "osm_type": "nodes" }, "geometry": { "type": "Point", "coordinates": [ 53.5052053, 42.3509892 ] } },
{ "type": "Feature", "properties": { "name": "Аккудык", "name:en": null, "railway": "station", "ele": null, "operator:type": null, "layer": null, "addr:full": null, "addr:city": null, "source": "bing", "name:kk": null, "name:ru": null, "osm_id": 2411627214, "osm_type": "nodes" }, "geometry": { "type": "Point", "coordinates": [ 58.8707637, 50.3752625 ] } },
{ "type": "Feature", "properties": { "name": "Кокдомбак", "name:en": null, "railway": "station", "ele": null, "operator:type": null, "layer": null, "addr:full": null, "addr:city": null, "source": "bing", "name:kk": null, "name:ru": null, "osm_id": 2417386404, "osm_type": "nodes" }, "geometry": { "type": "Point", "coordinates": [ 74.4642046, 46.9044752 ] } },
{ "type": "Feature", "properties": { "name": "Сарыкум", "name:en": null, "railway": "station", "ele": null, "operator:type": null, "layer": null, "addr:full": null, "addr:city": null, "source": "bing", "name:kk": null, "name:ru": null, "osm_id": 2417386430, "osm_type": "nodes" }, "geometry": { "type": "Point", "coordinates": [ 74.1318227, 46.9755922 ] } },
{ "type": "Feature", "properties": { "name": "Кауылжыр", "name:en": null, "railway": "station", "ele": null, "operator:type": null, "layer": null, "addr:full": null, "addr:city": null, "source": null, "name:kk": null, "name:ru": null, "osm_id": 2713061005, "osm_type": "nodes" }, "geometry": { "type": "Point", "coordinates": [ 59.0252431, 48.2402061 ] } },
{ "type": "Feature", "properties": { "name": "Красномадьярский", "name:en": null, "railway": "station", "ele": null, "operator:type": null, "layer": null, "addr:full": null, "addr:city": null, "source": "bing", "name:kk": null, "name:ru": null, "osm_id": 2713746871, "osm_type": "nodes" }, "geometry": { "type": "Point", "coordinates": [ 58.2284796, 48.7629457 ] } },
{ "type": "Feature", "properties": { "name": "Боройнак", "name:en": null, "railway": "station", "ele": null, "operator:type": null, "layer": null, "addr:full": null, "addr:city": null, "source": null, "name:kk": null, "name:ru": null, "osm_id": 2714060780, "osm_type": "nodes" }, "geometry": { "type": "Point", "coordinates": [ 67.3488959, 43.7636723 ] } },
{ "type": "Feature", "properties": { "name": "Урдазы", "name:en": null, "railway": "station", "ele": null, "operator:type": null, "layer": null, "addr:full": null, "addr:city": null, "source": "bing", "name:kk": null, "name:ru": null, "osm_id": 2714136916, "osm_type": "nodes" }, "geometry": { "type": "Point", "coordinates": [ 64.016504, 45.5469732 ] } },
{ "type": "Feature", "properties": { "name": "202 км", "name:en": null, "railway": "station", "ele": null, "operator:type": null, "layer": null, "addr:full": null, "addr:city": null, "source": "bing", "name:kk": null, "name:ru": null, "osm_id": 2783418104, "osm_type": "nodes" }, "geometry": { "type": "Point", "coordinates": [ 55.4291779, 48.4872586 ] } },
{ "type": "Feature", "properties": { "name": "Суырлы", "name:en": null, "railway": "station", "ele": null, "operator:type": null, "layer": null, "addr:full": null, "addr:city": null, "source": "bing", "name:kk": null, "name:ru": null, "osm_id": 2799517915, "osm_type": "nodes" }, "geometry": { "type": "Point", "coordinates": [ 81.2129773, 49.443729 ] } },
{ "type": "Feature", "properties": { "name": "Новалы", "name:en": null, "railway": "station", "ele": null, "operator:type": null, "layer": null, "addr:full": null, "addr:city": null, "source": "bing", "name:kk": null, "name:ru": null, "osm_id": 2794687744, "osm_type": "nodes" }, "geometry": { "type": "Point", "coordinates": [ 73.6013284, 46.2633918 ] } },
{ "type": "Feature", "properties": { "name": "Шешенкара", "name:en": null, "railway": "station", "ele": null, "operator:type": null, "layer": null, "addr:full": null, "addr:city": null, "source": null, "name:kk": null, "name:ru": null, "osm_id": 2794688218, "osm_type": "nodes" }, "geometry": { "type": "Point", "coordinates": [ 73.4474527, 47.0415455 ] } },
{ "type": "Feature", "properties": { "name": "Весна", "name:en": null, "railway": "station", "ele": null, "operator:type": null, "layer": null, "addr:full": null, "addr:city": null, "source": "bing", "name:kk": null, "name:ru": null, "osm_id": 2794688223, "osm_type": "nodes" }, "geometry": { "type": "Point", "coordinates": [ 73.5530738, 46.6554444 ] } },
{ "type": "Feature", "properties": { "name": "Сауран", "name:en": null, "railway": "station", "ele": null, "operator:type": null, "layer": null, "addr:full": null, "addr:city": null, "source": "bing", "name:kk": null, "name:ru": null, "osm_id": 2795883629, "osm_type": "nodes" }, "geometry": { "type": "Point", "coordinates": [ 67.9245428, 43.440932 ] } },
{ "type": "Feature", "properties": { "name": null, "name:en": null, "railway": "station", "ele": null, "operator:type": null, "layer": null, "addr:full": null, "addr:city": null, "source": null, "name:kk": null, "name:ru": null, "osm_id": 13204125451, "osm_type": "nodes" }, "geometry": { "type": "Point", "coordinates": [ 72.7519252, 42.9422835 ] } },
{ "type": "Feature", "properties": { "name": null, "name:en": null, "railway": "station", "ele": null, "operator:type": null, "layer": null, "addr:full": null, "addr:city": null, "source": null, "name:kk": null, "name:ru": null, "osm_id": 13203671320, "osm_type": "nodes" }, "geometry": { "type": "Point", "coordinates": [ 72.7519252, 42.9422835 ] } },
{ "type": "Feature", "properties": { "name": "Бопай", "name:en": null, "railway": "station", "ele": null, "operator:type": null, "layer": null, "addr:full": null, "addr:city": null, "source": "bing", "name:kk": "Бопай", "name:ru": "Бопай", "osm_id": 2398686404, "osm_type": "nodes" }, "geometry": { "type": "Point", "coordinates": [ 53.2086647, 42.8301644 ] } },
{ "type": "Feature", "properties": { "name": "Chinoz", "name:en": "Chinaz", "railway": "station", "ele": null, "operator:type": null, "layer": null, "addr:full": null, "addr:city": null, "source": null, "name:kk": null, "name:ru": "Чиназ", "osm_id": 2173166179, "osm_type": "nodes" }, "geometry": { "type": "Point", "coordinates": [ 68.7510365, 40.9465771 ] } },
{ "type": "Feature", "properties": { "name": "Ноғайты темір жол айрығы", "name:en": null, "railway": "station", "ele": null, "operator:type": null, "layer": null, "addr:full": null, "addr:city": null, "source": null, "name:kk": "Ноғайты темір жол айрығы", "name:ru": "разъезд Ногаиты", "osm_id": 4264573137, "osm_type": "nodes" }, "geometry": { "type": "Point", "coordinates": [ 56.0247828, 45.3158336 ] } },
{ "type": "Feature", "properties": { "name": "Тұрыш", "name:en": null, "railway": "station", "ele": null, "operator:type": null, "layer": null, "addr:full": null, "addr:city": null, "source": null, "name:kk": "Тұрыш", "name:ru": "Турыш", "osm_id": 7062977473, "osm_type": "nodes" }, "geometry": { "type": "Point", "coordinates": [ 56.1140619, 45.4569879 ] } },
{ "type": "Feature", "properties": { "name": "Құрық", "name:en": null, "railway": "station", "ele": null, "operator:type": null, "layer": null, "addr:full": null, "addr:city": null, "source": null, "name:kk": "Құрық", "name:ru": "Курык", "osm_id": 2406654489, "osm_type": "nodes" }, "geometry": { "type": "Point", "coordinates": [ 51.8106923, 43.2235373 ] } },
{ "type": "Feature", "properties": { "name": "Жетібай", "name:en": null, "railway": "station", "ele": null, "operator:type": null, "layer": null, "addr:full": null, "addr:city": null, "source": null, "name:kk": "Жетібай", "name:ru": "Жетыбаи", "osm_id": 2406743061, "osm_type": "nodes" }, "geometry": { "type": "Point", "coordinates": [ 52.0979202, 43.4589088 ] } },
{ "type": "Feature", "properties": { "name": "Селеты", "name:en": null, "railway": "station", "ele": null, "operator:type": null, "layer": null, "addr:full": null, "addr:city": null, "source": null, "name:kk": null, "name:ru": null, "osm_id": 289873409, "osm_type": "nodes" }, "geometry": { "type": "Point", "coordinates": [ 72.3503238, 52.1150489 ] } },
{ "type": "Feature", "properties": { "name": "Аиртау", "name:en": null, "railway": "station", "ele": null, "operator:type": null, "layer": null, "addr:full": null, "addr:city": null, "source": null, "name:kk": null, "name:ru": null, "osm_id": 3801775275, "osm_type": "nodes" }, "geometry": { "type": "Point", "coordinates": [ 82.2289527, 49.8279183 ] } },
{ "type": "Feature", "properties": { "name": "рзд. №6", "name:en": null, "railway": "station", "ele": null, "operator:type": null, "layer": null, "addr:full": null, "addr:city": null, "source": "GNS", "name:kk": null, "name:ru": null, "osm_id": 534088716, "osm_type": "nodes" }, "geometry": { "type": "Point", "coordinates": [ 80.9216942, 49.7006788 ] } },
{ "type": "Feature", "properties": { "name": "Yangi Chinoz", "name:en": null, "railway": "station", "ele": null, "operator:type": null, "layer": null, "addr:full": null, "addr:city": null, "source": null, "name:kk": null, "name:ru": "Новый Чиназ", "osm_id": 2460220976, "osm_type": "nodes" }, "geometry": { "type": "Point", "coordinates": [ 68.68376, 40.9285495 ] } },
{ "type": "Feature", "properties": { "name": "Огневка", "name:en": null, "railway": "station", "ele": null, "operator:type": null, "layer": null, "addr:full": null, "addr:city": null, "source": "GNS", "name:kk": null, "name:ru": null, "osm_id": 534092241, "osm_type": "nodes" }, "geometry": { "type": "Point", "coordinates": [ 83.0163754, 49.6871794 ] } },
{ "type": "Feature", "properties": { "name": "рзд. №7", "name:en": null, "railway": "station", "ele": null, "operator:type": null, "layer": null, "addr:full": null, "addr:city": null, "source": null, "name:kk": null, "name:ru": null, "osm_id": 3798776018, "osm_type": "nodes" }, "geometry": { "type": "Point", "coordinates": [ 81.1042519, 49.5382485 ] } },
{ "type": "Feature", "properties": { "name": "Кулжабасы", "name:en": null, "railway": "station", "ele": null, "operator:type": null, "layer": null, "addr:full": null, "addr:city": null, "source": null, "name:kk": null, "name:ru": "Кулжабасы", "osm_id": 3788901830, "osm_type": "nodes" }, "geometry": { "type": "Point", "coordinates": [ 75.0967463, 43.5696304 ] } },
{ "type": "Feature", "properties": { "name": "Шыңырау", "name:en": null, "railway": "station", "ele": null, "operator:type": null, "layer": null, "addr:full": null, "addr:city": null, "source": "bing", "name:kk": null, "name:ru": "Шынырау", "osm_id": 4030794166, "osm_type": "nodes" }, "geometry": { "type": "Point", "coordinates": [ 74.9141798, 43.6558231 ] } },
{ "type": "Feature", "properties": { "name": "Сорбулак", "name:en": null, "railway": "station", "ele": null, "operator:type": null, "layer": null, "addr:full": null, "addr:city": null, "source": null, "name:kk": null, "name:ru": null, "osm_id": 13457029900, "osm_type": "nodes" }, "geometry": { "type": "Point", "coordinates": [ 76.5526198, 43.5796988 ] } },
{ "type": "Feature", "properties": { "name": "Рзд. Мойынкум", "name:en": null, "railway": "station", "ele": null, "operator:type": null, "layer": null, "addr:full": null, "addr:city": null, "source": null, "name:kk": null, "name:ru": null, "osm_id": 13456971583, "osm_type": "nodes" }, "geometry": { "type": "Point", "coordinates": [ 76.7883198, 43.5776686 ] } },
{ "type": "Feature", "properties": { "name": null, "name:en": null, "railway": "station", "ele": null, "operator:type": null, "layer": null, "addr:full": null, "addr:city": null, "source": null, "name:kk": null, "name:ru": null, "osm_id": 9704778412, "osm_type": "nodes" }, "geometry": { "type": "Point", "coordinates": [ 78.5282473, 50.7191432 ] } },
{ "type": "Feature", "properties": { "name": "Донгал", "name:en": null, "railway": "station", "ele": null, "operator:type": null, "layer": null, "addr:full": null, "addr:city": null, "source": null, "name:kk": null, "name:ru": null, "osm_id": 2401372169, "osm_type": "nodes" }, "geometry": { "type": "Point", "coordinates": [ 72.9172393, 48.0584612 ] } },
{ "type": "Feature", "properties": { "name": "Көктіңкөлі", "name:en": null, "railway": "station", "ele": null, "operator:type": null, "layer": null, "addr:full": null, "addr:city": null, "source": null, "name:kk": "Көктіңкөлі", "name:ru": "Коктинколи", "osm_id": 271299508, "osm_type": "nodes" }, "geometry": { "type": "Point", "coordinates": [ 72.1983376, 48.7262336 ] } },
{ "type": "Feature", "properties": { "name": "Северная", "name:en": "North Station", "railway": "station", "ele": null, "operator:type": null, "layer": null, "addr:full": null, "addr:city": null, "source": "https://commons.wikimedia.org/wiki/File:%D0%96%D0%B5%D0%BB%D0%B5%D0%B7%D0%BD%D0%B0%D1%8F_%D0%B4%D0%BE%D1%80%D0%BE%D0%B3%D0%B0_%D0%91%D0%B0%D0%B9%D0%BA%D0%BE%D0%BD%D1%83%D1%80%D0%B0.jpg", "name:kk": null, "name:ru": null, "osm_id": 7537674245, "osm_type": "nodes" }, "geometry": { "type": "Point", "coordinates": [ 63.3168111, 45.9154475 ] } },
{ "type": "Feature", "properties": { "name": "Торғай", "name:en": null, "railway": "station", "ele": null, "operator:type": null, "layer": null, "addr:full": null, "addr:city": null, "source": null, "name:kk": "Торғай", "name:ru": "Тургай", "osm_id": 4034670705, "osm_type": "nodes" }, "geometry": { "type": "Point", "coordinates": [ 72.7294557, 51.75337 ] } },
{ "type": "Feature", "properties": { "name": "Жантерек", "name:en": null, "railway": "station", "ele": null, "operator:type": null, "layer": null, "addr:full": null, "addr:city": null, "source": "bing", "name:kk": null, "name:ru": null, "osm_id": 2783383945, "osm_type": "nodes" }, "geometry": { "type": "Point", "coordinates": [ 54.2167142, 47.9261689 ] } },
{ "type": "Feature", "properties": { "name": "Мукур", "name:en": null, "railway": "station", "ele": null, "operator:type": null, "layer": null, "addr:full": null, "addr:city": null, "source": "bing", "name:kk": null, "name:ru": null, "osm_id": 2785100097, "osm_type": "nodes" }, "geometry": { "type": "Point", "coordinates": [ 54.4921948, 48.0411642 ] } },
{ "type": "Feature", "properties": { "name": "Тенгиз", "name:en": null, "railway": "station", "ele": null, "operator:type": null, "layer": null, "addr:full": null, "addr:city": null, "source": null, "name:kk": null, "name:ru": null, "osm_id": 5723270365, "osm_type": "nodes" }, "geometry": { "type": "Point", "coordinates": [ 53.4126566, 46.2083484 ] } },
{ "type": "Feature", "properties": { "name": "Нарын", "name:en": null, "railway": "station", "ele": null, "operator:type": null, "layer": null, "addr:full": null, "addr:city": null, "source": "bing", "name:kk": null, "name:ru": null, "osm_id": 2933948952, "osm_type": "nodes" }, "geometry": { "type": "Point", "coordinates": [ 50.52852, 47.0416973 ] } },
{ "type": "Feature", "properties": { "name": "Талшық", "name:en": null, "railway": "station", "ele": null, "operator:type": null, "layer": null, "addr:full": null, "addr:city": null, "source": "bing", "name:kk": "Талшық", "name:ru": "Талшик", "osm_id": 2574928246, "osm_type": "nodes" }, "geometry": { "type": "Point", "coordinates": [ 71.85305, 53.6367544 ] } },
{ "type": "Feature", "properties": { "name": "Кондратовка-Сибирская", "name:en": "Kondratovka-Sibirskaya", "railway": "station", "ele": null, "operator:type": null, "layer": null, "addr:full": null, "addr:city": null, "source": null, "name:kk": null, "name:ru": "Кондратовка-Сибирская", "osm_id": 3207408086, "osm_type": "nodes" }, "geometry": { "type": "Point", "coordinates": [ 68.8017921, 54.8838953 ] } },
{ "type": "Feature", "properties": { "name": "Горбуново", "name:en": null, "railway": "station", "ele": null, "operator:type": null, "layer": null, "addr:full": null, "addr:city": null, "source": null, "name:kk": null, "name:ru": "Горбуново", "osm_id": 3207408205, "osm_type": "nodes" }, "geometry": { "type": "Point", "coordinates": [ 68.1906763, 55.0101513 ] } },
{ "type": "Feature", "properties": { "name": "Тоқушы", "name:en": null, "railway": "station", "ele": null, "operator:type": null, "layer": null, "addr:full": null, "addr:city": null, "source": null, "name:kk": "Тоқушы", "name:ru": "Токуши", "osm_id": 1853300996, "osm_type": "nodes" }, "geometry": { "type": "Point", "coordinates": [ 69.7067625, 54.865697 ] } },
{ "type": "Feature", "properties": { "name": "Булаев-1", "name:en": null, "railway": "station", "ele": null, "operator:type": null, "layer": null, "addr:full": null, "addr:city": null, "source": null, "name:kk": "Булаев-1", "name:ru": "Булаево-1", "osm_id": 4796425913, "osm_type": "nodes" }, "geometry": { "type": "Point", "coordinates": [ 70.4486733, 54.9061429 ] } },
{ "type": "Feature", "properties": { "name": "Жаңаарқа", "name:en": "Janaarqa", "railway": "station", "ele": null, "operator:type": null, "layer": null, "addr:full": null, "addr:city": null, "source": "bing", "name:kk": "Жаңаарқа", "name:ru": null, "osm_id": 2434847849, "osm_type": "nodes" }, "geometry": { "type": "Point", "coordinates": [ 71.6562637, 48.6806963 ] } },
{ "type": "Feature", "properties": { "name": "Теректі", "name:en": "Terekti", "railway": "station", "ele": null, "operator:type": null, "layer": null, "addr:full": null, "addr:city": null, "source": null, "name:kk": "Теректі", "name:ru": "Теректы", "osm_id": 3804136289, "osm_type": "nodes" }, "geometry": { "type": "Point", "coordinates": [ 68.5571284, 48.0698089 ] } },
{ "type": "Feature", "properties": { "name": "Қауданды", "name:en": "Kaudandy", "railway": "station", "ele": null, "operator:type": null, "layer": null, "addr:full": null, "addr:city": null, "source": "bing", "name:kk": null, "name:ru": null, "osm_id": 4034464666, "osm_type": "nodes" }, "geometry": { "type": "Point", "coordinates": [ 69.3651329, 54.607638 ] } },
{ "type": "Feature", "properties": { "name": "Кайдауыл (Соленая)", "name:en": "Solenaya", "railway": "station", "ele": null, "operator:type": null, "layer": null, "addr:full": null, "addr:city": null, "source": null, "name:kk": null, "name:ru": null, "osm_id": 1825045802, "osm_type": "nodes" }, "geometry": { "type": "Point", "coordinates": [ 59.1673841, 48.0253846 ] } },
{ "type": "Feature", "properties": { "name": "Үшбиік", "name:en": null, "railway": "station", "ele": null, "operator:type": null, "layer": null, "addr:full": null, "addr:city": null, "source": null, "name:kk": "Үшбиік", "name:ru": "Ушбиик", "osm_id": 3798770740, "osm_type": "nodes" }, "geometry": { "type": "Point", "coordinates": [ 80.5800002, 48.4609049 ] } },
{ "type": "Feature", "properties": { "name": "Қапанбұлақ", "name:en": null, "railway": "station", "ele": null, "operator:type": null, "layer": null, "addr:full": null, "addr:city": null, "source": "GNS", "name:kk": "Қапанбұлақ", "name:ru": "Капанбулак", "osm_id": 534088333, "osm_type": "nodes" }, "geometry": { "type": "Point", "coordinates": [ 80.8947021, 48.9327789 ] } },
{ "type": "Feature", "properties": { "name": "Дүйсекен", "name:en": null, "railway": "station", "ele": null, "operator:type": null, "layer": null, "addr:full": null, "addr:city": null, "source": null, "name:kk": "Дүйсекен", "name:ru": "Дюсакен", "osm_id": 9697933348, "osm_type": "nodes" }, "geometry": { "type": "Point", "coordinates": [ 80.4351302, 50.5982875 ] } },
{ "type": "Feature", "properties": { "name": "Белағаш", "name:en": null, "railway": "station", "ele": null, "operator:type": null, "layer": null, "addr:full": null, "addr:city": null, "source": "bing", "name:kk": "Белағаш", "name:ru": "Бель-Агач", "osm_id": 534097271, "osm_type": "nodes" }, "geometry": { "type": "Point", "coordinates": [ 80.6646642, 50.7626435 ] } },
{ "type": "Feature", "properties": { "name": "Черноводский", "name:en": null, "railway": "station", "ele": null, "operator:type": null, "layer": null, "addr:full": null, "addr:city": null, "source": null, "name:kk": null, "name:ru": "Черноводский", "osm_id": 12571231320, "osm_type": "nodes" }, "geometry": { "type": "Point", "coordinates": [ 69.4562937, 42.359173 ] } },
{ "type": "Feature", "properties": { "name": "Черноводский", "name:en": null, "railway": "station", "ele": null, "operator:type": null, "layer": null, "addr:full": null, "addr:city": null, "source": null, "name:kk": null, "name:ru": "Черноводский", "osm_id": 3788734307, "osm_type": "nodes" }, "geometry": { "type": "Point", "coordinates": [ 69.4563129, 42.3592205 ] } },
{ "type": "Feature", "properties": { "name": "Төңкеріс", "name:en": null, "railway": "station", "ele": null, "operator:type": null, "layer": null, "addr:full": null, "addr:city": null, "source": "bing", "name:kk": "Төңкеріс", "name:ru": "Тонкерис", "osm_id": 2629466566, "osm_type": "nodes" }, "geometry": { "type": "Point", "coordinates": [ 71.1923303, 51.4486105 ] } },
{ "type": "Feature", "properties": { "name": "Уэень", "name:en": null, "railway": "station", "ele": null, "operator:type": null, "layer": null, "addr:full": null, "addr:city": null, "source": null, "name:kk": null, "name:ru": null, "osm_id": 4034464673, "osm_type": "nodes" }, "geometry": { "type": "Point", "coordinates": [ 52.8537758, 43.3209797 ] } },
{ "type": "Feature", "properties": { "name": "Тайгыр", "name:en": null, "railway": "station", "ele": null, "operator:type": null, "layer": null, "addr:full": null, "addr:city": null, "source": null, "name:kk": null, "name:ru": null, "osm_id": 2398686444, "osm_type": "nodes" }, "geometry": { "type": "Point", "coordinates": [ 53.3131823, 42.6607838 ] } },
{ "type": "Feature", "properties": { "name": "Тениз", "name:en": null, "railway": "station", "ele": null, "operator:type": null, "layer": null, "addr:full": null, "addr:city": null, "source": null, "name:kk": null, "name:ru": "Тениз", "osm_id": 3805575709, "osm_type": "nodes" }, "geometry": { "type": "Point", "coordinates": [ 69.7350203, 54.008496 ] } },
{ "type": "Feature", "properties": { "name": "Разъезд 42", "name:en": null, "railway": "station", "ele": null, "operator:type": null, "layer": null, "addr:full": null, "addr:city": null, "source": null, "name:kk": "№42 Разъезд", "name:ru": "Разъезд 42", "osm_id": 4297279715, "osm_type": "nodes" }, "geometry": { "type": "Point", "coordinates": [ 71.8556866, 51.0403104 ] } },
{ "type": "Feature", "properties": { "name": "Тасқұдық", "name:en": null, "railway": "station", "ele": null, "operator:type": null, "layer": null, "addr:full": null, "addr:city": null, "source": "reiseauskunft.bahn.de", "name:kk": "Тасқұдық", "name:ru": "Таскудык", "osm_id": 2622284266, "osm_type": "nodes" }, "geometry": { "type": "Point", "coordinates": [ 76.4286283, 52.1000551 ] } },
{ "type": "Feature", "properties": { "name": "Аксу-2", "name:en": null, "railway": "station", "ele": null, "operator:type": null, "layer": null, "addr:full": null, "addr:city": null, "source": null, "name:kk": null, "name:ru": "Аксу II", "osm_id": 289895857, "osm_type": "nodes" }, "geometry": { "type": "Point", "coordinates": [ 76.9145132, 52.0247436 ] } },
{ "type": "Feature", "properties": { "name": "Едіге", "name:en": null, "railway": "station", "ele": null, "operator:type": null, "layer": null, "addr:full": null, "addr:city": null, "source": "bahn.de", "name:kk": "Едіге", "name:ru": "Едыге", "osm_id": 2402204893, "osm_type": "nodes" }, "geometry": { "type": "Point", "coordinates": [ 72.9868446, 51.540703 ] } },
{ "type": "Feature", "properties": { "name": "Өту нүктесі 116 км", "name:en": null, "railway": "station", "ele": null, "operator:type": null, "layer": null, "addr:full": null, "addr:city": null, "source": "bing", "name:kk": "Өту нүктесі 116 км", "name:ru": "Обгонный пункт 116 км", "osm_id": 2427081895, "osm_type": "nodes" }, "geometry": { "type": "Point", "coordinates": [ 75.1405101, 51.7407647 ] } },
{ "type": "Feature", "properties": { "name": "Вишневка", "name:en": null, "railway": "station", "ele": null, "operator:type": null, "layer": null, "addr:full": null, "addr:city": null, "source": "bing", "name:kk": "Вишневка", "name:ru": "Вишневка", "osm_id": 3191975962, "osm_type": "nodes" }, "geometry": { "type": "Point", "coordinates": [ 72.1469906, 50.8560791 ] } },
{ "type": "Feature", "properties": { "name": "Еркеншилик", "name:en": null, "railway": "station", "ele": null, "operator:type": null, "layer": null, "addr:full": null, "addr:city": null, "source": "bing", "name:kk": null, "name:ru": "Еркеншилик", "osm_id": 3208773970, "osm_type": "nodes" }, "geometry": { "type": "Point", "coordinates": [ 72.6474254, 51.4075995 ] } },
{ "type": "Feature", "properties": { "name": "Астраханка", "name:en": null, "railway": "station", "ele": null, "operator:type": null, "layer": null, "addr:full": null, "addr:city": null, "source": null, "name:kk": "Астраханка", "name:ru": "Астраханка", "osm_id": 3712552044, "osm_type": "nodes" }, "geometry": { "type": "Point", "coordinates": [ 69.9813775, 51.5948988 ] } },
{ "type": "Feature", "properties": { "name": "Аксу 1", "name:en": null, "railway": "station", "ele": null, "operator:type": null, "layer": null, "addr:full": null, "addr:city": null, "source": null, "name:kk": null, "name:ru": "Аксу I", "osm_id": 3803108153, "osm_type": "nodes" }, "geometry": { "type": "Point", "coordinates": [ 76.8731623, 52.1172656 ] } },
{ "type": "Feature", "properties": { "name": "Май", "name:en": null, "railway": "station", "ele": null, "operator:type": null, "layer": null, "addr:full": null, "addr:city": null, "source": null, "name:kk": null, "name:ru": "Май", "osm_id": 3803115929, "osm_type": "nodes" }, "geometry": { "type": "Point", "coordinates": [ 78.1908535, 50.9291231 ] } },
{ "type": "Feature", "properties": { "name": "Жұмыскер", "name:en": null, "railway": "station", "ele": null, "operator:type": null, "layer": null, "addr:full": null, "addr:city": null, "source": null, "name:kk": "Жұмыскер", "name:ru": "Жумыскер", "osm_id": 3803116243, "osm_type": "nodes" }, "geometry": { "type": "Point", "coordinates": [ 77.8718629, 51.2448198 ] } },
{ "type": "Feature", "properties": { "name": "Коктобе", "name:en": null, "railway": "station", "ele": null, "operator:type": null, "layer": null, "addr:full": null, "addr:city": null, "source": null, "name:kk": null, "name:ru": "Коктобе", "osm_id": 3803116360, "osm_type": "nodes" }, "geometry": { "type": "Point", "coordinates": [ 77.4430751, 51.5319683 ] } },
{ "type": "Feature", "properties": { "name": "Бастау", "name:en": null, "railway": "station", "ele": null, "operator:type": null, "layer": null, "addr:full": null, "addr:city": null, "source": null, "name:kk": null, "name:ru": "Бастау", "osm_id": 3803116585, "osm_type": "nodes" }, "geometry": { "type": "Point", "coordinates": [ 76.6789187, 52.1926134 ] } },
{ "type": "Feature", "properties": { "name": "Шакат", "name:en": null, "railway": "station", "ele": null, "operator:type": null, "layer": null, "addr:full": null, "addr:city": null, "source": null, "name:kk": null, "name:ru": "Шакат", "osm_id": 3803133109, "osm_type": "nodes" }, "geometry": { "type": "Point", "coordinates": [ 77.1260628, 52.3255583 ] } },
{ "type": "Feature", "properties": { "name": "Сороковая", "name:en": null, "railway": "station", "ele": null, "operator:type": null, "layer": null, "addr:full": null, "addr:city": null, "source": null, "name:kk": null, "name:ru": "Сороковая", "osm_id": 3803357022, "osm_type": "nodes" }, "geometry": { "type": "Point", "coordinates": [ 71.5626741, 51.1435205 ] } },
{ "type": "Feature", "properties": { "name": "№39-темір жол айрығы", "name:en": null, "railway": "station", "ele": null, "operator:type": null, "layer": null, "addr:full": null, "addr:city": null, "source": null, "name:kk": "№39-темір жол айрығы", "name:ru": "Разъезд 39", "osm_id": 3805439410, "osm_type": "nodes" }, "geometry": { "type": "Point", "coordinates": [ 71.3606757, 51.2364054 ] } },
{ "type": "Feature", "properties": { "name": "Джемантуз", "name:en": null, "railway": "station", "ele": null, "operator:type": null, "layer": null, "addr:full": null, "addr:city": null, "source": null, "name:kk": null, "name:ru": "Джемантуз", "osm_id": 3805457185, "osm_type": "nodes" }, "geometry": { "type": "Point", "coordinates": [ 69.8669598, 53.0875179 ] } },
{ "type": "Feature", "properties": { "name": "Золоторунная", "name:en": null, "railway": "station", "ele": null, "operator:type": null, "layer": null, "addr:full": null, "addr:city": null, "source": null, "name:kk": null, "name:ru": "Золоторунная", "osm_id": 3805594450, "osm_type": "nodes" }, "geometry": { "type": "Point", "coordinates": [ 70.7250067, 53.5556359 ] } },
{ "type": "Feature", "properties": { "name": "Карагай", "name:en": null, "railway": "station", "ele": null, "operator:type": null, "layer": null, "addr:full": null, "addr:city": null, "source": null, "name:kk": null, "name:ru": "Карагай", "osm_id": 3812745336, "osm_type": "nodes" }, "geometry": { "type": "Point", "coordinates": [ 68.8539444, 53.3115873 ] } },
{ "type": "Feature", "properties": { "name": "Янко", "name:en": null, "railway": "station", "ele": null, "operator:type": null, "layer": null, "addr:full": null, "addr:city": null, "source": null, "name:kk": null, "name:ru": "Янко", "osm_id": 3812749154, "osm_type": "nodes" }, "geometry": { "type": "Point", "coordinates": [ 67.5176655, 53.2288089 ] } },
{ "type": "Feature", "properties": { "name": "Первая Целинная", "name:en": null, "railway": "station", "ele": null, "operator:type": null, "layer": null, "addr:full": null, "addr:city": null, "source": null, "name:kk": null, "name:ru": "Первая Целинная", "osm_id": 3812751491, "osm_type": "nodes" }, "geometry": { "type": "Point", "coordinates": [ 67.0761287, 53.1942756 ] } },
{ "type": "Feature", "properties": { "name": "Баранкульский", "name:en": null, "railway": "station", "ele": null, "operator:type": null, "layer": null, "addr:full": null, "addr:city": null, "source": null, "name:kk": null, "name:ru": "Баранкульский", "osm_id": 3839494302, "osm_type": "nodes" }, "geometry": { "type": "Point", "coordinates": [ 66.4656765, 50.9105411 ] } },
{ "type": "Feature", "properties": { "name": "Красивый-Казахский", "name:en": null, "railway": "station", "ele": null, "operator:type": null, "layer": null, "addr:full": null, "addr:city": null, "source": null, "name:kk": null, "name:ru": "Красивый-Казахский", "osm_id": 3839500174, "osm_type": "nodes" }, "geometry": { "type": "Point", "coordinates": [ 66.7506745, 51.892647 ] } },
{ "type": "Feature", "properties": { "name": "Перекатная", "name:en": null, "railway": "station", "ele": null, "operator:type": null, "layer": null, "addr:full": null, "addr:city": null, "source": null, "name:kk": null, "name:ru": "Перекатная", "osm_id": 3839502634, "osm_type": "nodes" }, "geometry": { "type": "Point", "coordinates": [ 67.9237958, 51.8308925 ] } },
{ "type": "Feature", "properties": { "name": "Қалқұтан", "name:en": null, "railway": "station", "ele": null, "operator:type": null, "layer": null, "addr:full": null, "addr:city": null, "source": null, "name:kk": "Қалқұтан", "name:ru": "Колутон", "osm_id": 3839509001, "osm_type": "nodes" }, "geometry": { "type": "Point", "coordinates": [ 69.4129597, 51.7370976 ] } },
{ "type": "Feature", "properties": { "name": "Қосшоқы", "name:en": null, "railway": "station", "ele": null, "operator:type": null, "layer": null, "addr:full": null, "addr:city": null, "source": null, "name:kk": "Қосшоқы", "name:ru": "Косшокы", "osm_id": 3839509015, "osm_type": "nodes" }, "geometry": { "type": "Point", "coordinates": [ 70.8808152, 51.3772446 ] } },
{ "type": "Feature", "properties": { "name": "Ирченко", "name:en": null, "railway": "station", "ele": null, "operator:type": null, "layer": null, "addr:full": null, "addr:city": null, "source": null, "name:kk": null, "name:ru": "Ирченко", "osm_id": 3839518929, "osm_type": "nodes" }, "geometry": { "type": "Point", "coordinates": [ 69.1689771, 51.7893788 ] } },
{ "type": "Feature", "properties": { "name": "Атбасар-1", "name:en": "Atbasar-1", "railway": "station", "ele": null, "operator:type": null, "layer": null, "addr:full": null, "addr:city": null, "source": null, "name:kk": "Атбасар-1", "name:ru": "Атбасар-1", "osm_id": 4020137344, "osm_type": "nodes" }, "geometry": { "type": "Point", "coordinates": [ 68.3472993, 51.8053607 ] } },
{ "type": "Feature", "properties": { "name": "Анар", "name:en": null, "railway": "station", "ele": null, "operator:type": null, "layer": null, "addr:full": null, "addr:city": null, "source": null, "name:kk": null, "name:ru": "Анар", "osm_id": 4021927561, "osm_type": "nodes" }, "geometry": { "type": "Point", "coordinates": [ 72.3929318, 50.6635681 ] } },
{ "type": "Feature", "properties": { "name": "Ельтай", "name:en": null, "railway": "station", "ele": null, "operator:type": null, "layer": null, "addr:full": null, "addr:city": null, "source": "bing", "name:kk": null, "name:ru": "Ельтай", "osm_id": 4025083259, "osm_type": "nodes" }, "geometry": { "type": "Point", "coordinates": [ 70.5909711, 52.2779798 ] } },
{ "type": "Feature", "properties": { "name": "Маралды", "name:en": null, "railway": "station", "ele": null, "operator:type": null, "layer": null, "addr:full": null, "addr:city": null, "source": null, "name:kk": "Маралды", "name:ru": "Маралды", "osm_id": 4030109525, "osm_type": "nodes" }, "geometry": { "type": "Point", "coordinates": [ 77.7674878, 52.4257427 ] } },
{ "type": "Feature", "properties": { "name": "Жолкудук", "name:en": null, "railway": "station", "ele": null, "operator:type": null, "layer": null, "addr:full": null, "addr:city": null, "source": "bing", "name:kk": null, "name:ru": "Жолкудук", "osm_id": 4030794152, "osm_type": "nodes" }, "geometry": { "type": "Point", "coordinates": [ 76.7818969, 52.2520878 ] } },
{ "type": "Feature", "properties": { "name": "Сарыоба", "name:en": null, "railway": "station", "ele": null, "operator:type": null, "layer": null, "addr:full": null, "addr:city": null, "source": null, "name:kk": "Сарыоба", "name:ru": "Сарыоба", "osm_id": 4030794160, "osm_type": "nodes" }, "geometry": { "type": "Point", "coordinates": [ 72.1188406, 51.2600583 ] } },
{ "type": "Feature", "properties": { "name": "Өлеңті", "name:en": null, "railway": "station", "ele": null, "operator:type": null, "layer": null, "addr:full": null, "addr:city": null, "source": null, "name:kk": "Өлеңті", "name:ru": "Уленты", "osm_id": 4032336055, "osm_type": "nodes" }, "geometry": { "type": "Point", "coordinates": [ 73.7285254, 51.624481 ] } },
{ "type": "Feature", "properties": { "name": "Адыр", "name:en": null, "railway": "station", "ele": null, "operator:type": null, "layer": null, "addr:full": null, "addr:city": null, "source": null, "name:kk": "Адыр", "name:ru": "Адыр", "osm_id": 4035828313, "osm_type": "nodes" }, "geometry": { "type": "Point", "coordinates": [ 68.9587634, 51.7965487 ] } },
{ "type": "Feature", "properties": { "name": "Державинская", "name:en": null, "railway": "station", "ele": null, "operator:type": null, "layer": null, "addr:full": null, "addr:city": null, "source": null, "name:kk": null, "name:ru": "Державинская", "osm_id": 4035828316, "osm_type": "nodes" }, "geometry": { "type": "Point", "coordinates": [ 66.3075805, 51.1007752 ] } },
{ "type": "Feature", "properties": { "name": "Жайнак", "name:en": null, "railway": "station", "ele": null, "operator:type": null, "layer": null, "addr:full": null, "addr:city": null, "source": null, "name:kk": null, "name:ru": "Жайнак", "osm_id": 4035828317, "osm_type": "nodes" }, "geometry": { "type": "Point", "coordinates": [ 71.0765721, 51.3071906 ] } },
{ "type": "Feature", "properties": { "name": "Кенская", "name:en": null, "railway": "station", "ele": null, "operator:type": null, "layer": null, "addr:full": null, "addr:city": null, "source": null, "name:kk": null, "name:ru": "Кенская", "osm_id": 4035828320, "osm_type": "nodes" }, "geometry": { "type": "Point", "coordinates": [ 66.3724594, 51.319194 ] } },
{ "type": "Feature", "properties": { "name": "Тастак", "name:en": null, "railway": "station", "ele": null, "operator:type": null, "layer": null, "addr:full": null, "addr:city": null, "source": null, "name:kk": null, "name:ru": "Тастак", "osm_id": 4035828321, "osm_type": "nodes" }, "geometry": { "type": "Point", "coordinates": [ 70.7198592, 51.4154092 ] } },
{ "type": "Feature", "properties": { "name": "Тасты-Талды", "name:en": null, "railway": "station", "ele": null, "operator:type": null, "layer": null, "addr:full": null, "addr:city": null, "source": null, "name:kk": null, "name:ru": "Тасты-Талды", "osm_id": 4035828322, "osm_type": "nodes" }, "geometry": { "type": "Point", "coordinates": [ 66.6246149, 50.7192885 ] } },
{ "type": "Feature", "properties": { "name": "Үшқұлын", "name:en": null, "railway": "station", "ele": null, "operator:type": null, "layer": null, "addr:full": null, "addr:city": null, "source": null, "name:kk": "Үшқұлын", "name:ru": "Ушкулун", "osm_id": 2427081896, "osm_type": "nodes" }, "geometry": { "type": "Point", "coordinates": [ 75.6996562, 51.4622187 ] } },
{ "type": "Feature", "properties": { "name": "Приишимская", "name:en": null, "railway": "station", "ele": null, "operator:type": null, "layer": null, "addr:full": null, "addr:city": null, "source": null, "name:kk": null, "name:ru": "Приишимская", "osm_id": 3839492840, "osm_type": "nodes" }, "geometry": { "type": "Point", "coordinates": [ 66.3838884, 51.5824995 ] } },
{ "type": "Feature", "properties": { "name": "Красноармейка-Казахская", "name:en": null, "railway": "station", "ele": null, "operator:type": null, "layer": null, "addr:full": null, "addr:city": null, "source": "GNS", "name:kk": null, "name:ru": "Красноармейка-Казахская", "osm_id": 534085678, "osm_type": "nodes" }, "geometry": { "type": "Point", "coordinates": [ 77.2617689, 52.3469853 ] } },
{ "type": "Feature", "properties": { "name": "Казахская", "name:en": null, "railway": "station", "ele": null, "operator:type": null, "layer": null, "addr:full": null, "addr:city": null, "source": null, "name:kk": null, "name:ru": "Казахская", "osm_id": 4601982605, "osm_type": "nodes" }, "geometry": { "type": "Point", "coordinates": [ 67.6547013, 51.8423578 ] } },
{ "type": "Feature", "properties": { "name": "Бозшакөл", "name:en": null, "railway": "station", "ele": null, "operator:type": null, "layer": null, "addr:full": null, "addr:city": null, "source": null, "name:kk": "Бозшакөл (ауыл)", "name:ru": "Бозшаколь", "osm_id": 9025405620, "osm_type": "nodes" }, "geometry": { "type": "Point", "coordinates": [ 74.300746, 51.6851864 ] } },
{ "type": "Feature", "properties": { "name": "Майқайың", "name:en": null, "railway": "station", "ele": null, "operator:type": null, "layer": null, "addr:full": null, "addr:city": null, "source": "bing", "name:kk": "Майқайың", "name:ru": "Майкаин", "osm_id": 9026454814, "osm_type": "nodes" }, "geometry": { "type": "Point", "coordinates": [ 75.659823, 51.8064903 ] } },
{ "type": "Feature", "properties": { "name": "Карасор", "name:en": null, "railway": "station", "ele": null, "operator:type": null, "layer": null, "addr:full": null, "addr:city": null, "source": null, "name:kk": null, "name:ru": "Карасор", "osm_id": 9026772682, "osm_type": "nodes" }, "geometry": { "type": "Point", "coordinates": [ 75.846954, 51.8735807 ] } },
{ "type": "Feature", "properties": { "name": "Есиль-1", "name:en": null, "railway": "station", "ele": null, "operator:type": null, "layer": null, "addr:full": null, "addr:city": null, "source": null, "name:kk": "Есiл-1", "name:ru": "Есиль-1", "osm_id": 9037950278, "osm_type": "nodes" }, "geometry": { "type": "Point", "coordinates": [ 66.4025715, 51.9557759 ] } },
{ "type": "Feature", "properties": { "name": "Кардон", "name:en": null, "railway": "station", "ele": null, "operator:type": null, "layer": null, "addr:full": null, "addr:city": null, "source": null, "name:kk": null, "name:ru": "Кардон", "osm_id": 3783609040, "osm_type": "nodes" }, "geometry": { "type": "Point", "coordinates": [ 51.2084902, 51.2615686 ] } },
{ "type": "Feature", "properties": { "name": "Яик", "name:en": null, "railway": "station", "ele": null, "operator:type": null, "layer": null, "addr:full": null, "addr:city": null, "source": null, "name:kk": "Жайык", "name:ru": "Яик", "osm_id": 645053592, "osm_type": "nodes" }, "geometry": { "type": "Point", "coordinates": [ 51.8726611, 51.1931415 ] } },
{ "type": "Feature", "properties": { "name": "Тендык", "name:en": null, "railway": "station", "ele": null, "operator:type": null, "layer": null, "addr:full": null, "addr:city": null, "source": null, "name:kk": null, "name:ru": "Тендык", "osm_id": 3784715963, "osm_type": "nodes" }, "geometry": { "type": "Point", "coordinates": [ 52.0299822, 47.14731 ] } },
{ "type": "Feature", "properties": { "name": "Родники", "name:en": null, "railway": "station", "ele": null, "operator:type": null, "layer": null, "addr:full": null, "addr:city": null, "source": null, "name:kk": null, "name:ru": "Родники", "osm_id": 4030794159, "osm_type": "nodes" }, "geometry": { "type": "Point", "coordinates": [ 50.4869041, 51.1283828 ] } },
{ "type": "Feature", "properties": { "name": "Жарлы", "name:en": null, "railway": "station", "ele": null, "operator:type": null, "layer": null, "addr:full": null, "addr:city": null, "source": "bing", "name:kk": "Жарлы", "name:ru": "Жарлы", "osm_id": 254132928, "osm_type": "nodes" }, "geometry": { "type": "Point", "coordinates": [ 55.5908945, 48.5359163 ] } },
{ "type": "Feature", "properties": { "name": "Жітіқара", "name:en": null, "railway": "station", "ele": null, "operator:type": null, "layer": null, "addr:full": null, "addr:city": null, "source": null, "name:kk": "Жітіқара", "name:ru": "Житикара", "osm_id": 1123688230, "osm_type": "nodes" }, "geometry": { "type": "Point", "coordinates": [ 61.2852549, 52.2144927 ] } },
{ "type": "Feature", "properties": { "name": "Қостанай-Солтүстік", "name:en": null, "railway": "station", "ele": null, "operator:type": null, "layer": null, "addr:full": null, "addr:city": null, "source": null, "name:kk": "Қостанай-Солтүстік", "name:ru": "Костанай-Северный", "osm_id": 1645959901, "osm_type": "nodes" }, "geometry": { "type": "Point", "coordinates": [ 63.5597683, 53.2399163 ] } },
{ "type": "Feature", "properties": { "name": "Теміркөпір", "name:en": null, "railway": "station", "ele": null, "operator:type": null, "layer": null, "addr:full": null, "addr:city": null, "source": null, "name:kk": "Теміркөпір", "name:ru": "Темир-мост", "osm_id": 1802656562, "osm_type": "nodes" }, "geometry": { "type": "Point", "coordinates": [ 57.1064684, 49.3372255 ] } },
{ "type": "Feature", "properties": { "name": "Мугоджары", "name:en": null, "railway": "station", "ele": null, "operator:type": null, "layer": null, "addr:full": null, "addr:city": null, "source": null, "name:kk": "Мұғалжар", "name:ru": "Мугалжар", "osm_id": 1825044077, "osm_type": "nodes" }, "geometry": { "type": "Point", "coordinates": [ 58.4689362, 48.5897731 ] } },
{ "type": "Feature", "properties": { "name": "Қаратоғай", "name:en": null, "railway": "station", "ele": null, "operator:type": null, "layer": null, "addr:full": null, "addr:city": null, "source": null, "name:kk": "Қаратоғай", "name:ru": "Каратогай", "osm_id": 2179771672, "osm_type": "nodes" }, "geometry": { "type": "Point", "coordinates": [ 56.8202136, 50.6213351 ] } },
{ "type": "Feature", "properties": { "name": "Қурайлы", "name:en": "Qurayly", "railway": "station", "ele": null, "operator:type": null, "layer": null, "addr:full": null, "addr:city": null, "source": null, "name:kk": "Қурайлы", "name:ru": "Курайли", "osm_id": 2401351429, "osm_type": "nodes" }, "geometry": { "type": "Point", "coordinates": [ 57.0124229, 50.4590507 ] } },
{ "type": "Feature", "properties": { "name": "Ақкемер", "name:en": null, "railway": "station", "ele": null, "operator:type": null, "layer": null, "addr:full": null, "addr:city": null, "source": "bing, reiseauskunft.bahn.de", "name:kk": "Ақкемер", "name:ru": "Аккемир", "osm_id": 2401416930, "osm_type": "nodes" }, "geometry": { "type": "Point", "coordinates": [ 57.3339072, 49.6575043 ] } },
{ "type": "Feature", "properties": { "name": "Біршоғыр", "name:en": null, "railway": "station", "ele": null, "operator:type": null, "layer": null, "addr:full": null, "addr:city": null, "source": "bing", "name:kk": "Біршоғыр", "name:ru": "Биршогыр", "osm_id": 2622410814, "osm_type": "nodes" }, "geometry": { "type": "Point", "coordinates": [ 58.5489507, 48.457265 ] } },
{ "type": "Feature", "properties": { "name": "Алтынсарино", "name:en": null, "railway": "station", "ele": null, "operator:type": null, "layer": null, "addr:full": null, "addr:city": null, "source": null, "name:kk": "Алтынсарин", "name:ru": "Алтынсарино", "osm_id": 2665686515, "osm_type": "nodes" }, "geometry": { "type": "Point", "coordinates": [ 62.3274221, 51.7509241 ] } },
{ "type": "Feature", "properties": { "name": "Котртас", "name:en": null, "railway": "station", "ele": null, "operator:type": null, "layer": null, "addr:full": null, "addr:city": null, "source": null, "name:kk": null, "name:ru": "Котыртас", "osm_id": 2712573061, "osm_type": "nodes" }, "geometry": { "type": "Point", "coordinates": [ 58.819597, 48.3442542 ] } },
{ "type": "Feature", "properties": { "name": "Қарауылкелді", "name:en": null, "railway": "station", "ele": null, "operator:type": null, "layer": null, "addr:full": null, "addr:city": null, "source": null, "name:kk": "Қарауылкелді", "name:ru": "Караулкельды", "osm_id": 2783374798, "osm_type": "nodes" }, "geometry": { "type": "Point", "coordinates": [ 55.8885915, 48.7105649 ] } },
{ "type": "Feature", "properties": { "name": "Шұбарқұдық", "name:en": null, "railway": "station", "ele": null, "operator:type": null, "layer": null, "addr:full": null, "addr:city": null, "source": "bing", "name:kk": "Шұбарқұдық", "name:ru": "Шубаркудук", "osm_id": 2784089112, "osm_type": "nodes" }, "geometry": { "type": "Point", "coordinates": [ 56.4946442, 49.1433482 ] } },
{ "type": "Feature", "properties": { "name": "Жақсымай", "name:en": null, "railway": "station", "ele": null, "operator:type": null, "layer": null, "addr:full": null, "addr:city": null, "source": "bing", "name:kk": "Жақсымай", "name:ru": "Жаксымай", "osm_id": 2784089165, "osm_type": "nodes" }, "geometry": { "type": "Point", "coordinates": [ 56.592021, 49.1911822 ] } },
{ "type": "Feature", "properties": { "name": "Вавилино", "name:en": null, "railway": "station", "ele": null, "operator:type": null, "layer": null, "addr:full": null, "addr:city": null, "source": null, "name:kk": null, "name:ru": "Вавилино", "osm_id": 3783594709, "osm_type": "nodes" }, "geometry": { "type": "Point", "coordinates": [ 50.1424345, 51.1526954 ] } },
{ "type": "Feature", "properties": { "name": "Гугня", "name:en": null, "railway": "station", "ele": null, "operator:type": null, "layer": null, "addr:full": null, "addr:city": null, "source": null, "name:kk": null, "name:ru": "Гугня", "osm_id": 3783611793, "osm_type": "nodes" }, "geometry": { "type": "Point", "coordinates": [ 52.6322319, 51.1685632 ] } },
{ "type": "Feature", "properties": { "name": "Пепел", "name:en": null, "railway": "station", "ele": null, "operator:type": null, "layer": null, "addr:full": null, "addr:city": null, "source": null, "name:kk": null, "name:ru": "Пепел", "osm_id": 3783611856, "osm_type": "nodes" }, "geometry": { "type": "Point", "coordinates": [ 52.8761189, 51.1699189 ] } },
{ "type": "Feature", "properties": { "name": "Ангаты", "name:en": null, "railway": "station", "ele": null, "operator:type": null, "layer": null, "addr:full": null, "addr:city": null, "source": null, "name:kk": null, "name:ru": "Ангаты", "osm_id": 3783612109, "osm_type": "nodes" }, "geometry": { "type": "Point", "coordinates": [ 52.5678347, 51.1685828 ] } },
{ "type": "Feature", "properties": { "name": "Жаркий", "name:en": null, "railway": "station", "ele": null, "operator:type": null, "layer": null, "addr:full": null, "addr:city": null, "source": null, "name:kk": null, "name:ru": "Жаркий", "osm_id": 3783616259, "osm_type": "nodes" }, "geometry": { "type": "Point", "coordinates": [ 53.1497988, 51.1709522 ] } },
{ "type": "Feature", "properties": { "name": "Тузово", "name:en": null, "railway": "station", "ele": null, "operator:type": null, "layer": null, "addr:full": null, "addr:city": null, "source": null, "name:kk": null, "name:ru": "Тузово", "osm_id": 3783619363, "osm_type": "nodes" }, "geometry": { "type": "Point", "coordinates": [ 53.7526376, 51.1236022 ] } },
{ "type": "Feature", "properties": { "name": "Сазанкурак", "name:en": null, "railway": "station", "ele": null, "operator:type": null, "layer": null, "addr:full": null, "addr:city": null, "source": null, "name:kk": null, "name:ru": "Сазанкурак", "osm_id": 3784686496, "osm_type": "nodes" }, "geometry": { "type": "Point", "coordinates": [ 50.3720177, 46.9600733 ] } },
{ "type": "Feature", "properties": { "name": "Баксай", "name:en": null, "railway": "station", "ele": null, "operator:type": null, "layer": null, "addr:full": null, "addr:city": null, "source": null, "name:kk": null, "name:ru": "Баксай", "osm_id": 3784696689, "osm_type": "nodes" }, "geometry": { "type": "Point", "coordinates": [ 51.1758816, 47.2568187 ] } },
{ "type": "Feature", "properties": { "name": "102 км", "name:en": "102 km", "railway": "station", "ele": null, "operator:type": null, "layer": null, "addr:full": null, "addr:city": null, "source": null, "name:kk": null, "name:ru": "102 км", "osm_id": 3785165089, "osm_type": "nodes" }, "geometry": { "type": "Point", "coordinates": [ 56.3926687, 49.0253057 ] } },
{ "type": "Feature", "properties": { "name": "Бестамак", "name:en": null, "railway": "station", "ele": null, "operator:type": null, "layer": null, "addr:full": null, "addr:city": null, "source": null, "name:kk": null, "name:ru": "Бестамак", "osm_id": 3785192420, "osm_type": "nodes" }, "geometry": { "type": "Point", "coordinates": [ 57.3450457, 50.0506704 ] } },
{ "type": "Feature", "properties": { "name": "№ 36-темір жол айрығы", "name:en": null, "railway": "station", "ele": null, "operator:type": null, "layer": null, "addr:full": null, "addr:city": null, "source": null, "name:kk": "№ 36-темір жол айрығы", "name:ru": "разъезд № 36", "osm_id": 3785198019, "osm_type": "nodes" }, "geometry": { "type": "Point", "coordinates": [ 56.7177119, 50.675812 ] } },
{ "type": "Feature", "properties": { "name": "Жамансу", "name:en": null, "railway": "station", "ele": null, "operator:type": null, "layer": null, "addr:full": null, "addr:city": null, "source": null, "name:kk": "Жамансу", "name:ru": "Жамансу", "osm_id": 3785198443, "osm_type": "nodes" }, "geometry": { "type": "Point", "coordinates": [ 56.6083374, 50.7110007 ] } },
{ "type": "Feature", "properties": { "name": "Шаруа", "name:en": null, "railway": "station", "ele": null, "operator:type": null, "layer": null, "addr:full": null, "addr:city": null, "source": null, "name:kk": null, "name:ru": "Шаруа", "osm_id": 3785201278, "osm_type": "nodes" }, "geometry": { "type": "Point", "coordinates": [ 56.42909, 50.7813387 ] } },
{ "type": "Feature", "properties": { "name": "Кок-Бек", "name:en": null, "railway": "station", "ele": null, "operator:type": null, "layer": null, "addr:full": null, "addr:city": null, "source": null, "name:kk": null, "name:ru": "Кок-Бек", "osm_id": 3787089110, "osm_type": "nodes" }, "geometry": { "type": "Point", "coordinates": [ 59.3078249, 47.9372441 ] } },
{ "type": "Feature", "properties": { "name": "Алабас", "name:en": null, "railway": "station", "ele": null, "operator:type": null, "layer": null, "addr:full": null, "addr:city": null, "source": null, "name:kk": "Алабас", "name:ru": "Алабас", "osm_id": 3787090456, "osm_type": "nodes" }, "geometry": { "type": "Point", "coordinates": [ 58.5383933, 48.5191121 ] } },
{ "type": "Feature", "properties": { "name": "Алкау", "name:en": null, "railway": "station", "ele": null, "operator:type": null, "layer": null, "addr:full": null, "addr:city": null, "source": null, "name:kk": null, "name:ru": "Алкау", "osm_id": 3813881674, "osm_type": "nodes" }, "geometry": { "type": "Point", "coordinates": [ 63.9237316, 53.2965188 ] } },
{ "type": "Feature", "properties": { "name": "Фурманово", "name:en": null, "railway": "station", "ele": null, "operator:type": null, "layer": null, "addr:full": null, "addr:city": null, "source": null, "name:kk": "Фурманово", "name:ru": "Фурманово", "osm_id": 3839494525, "osm_type": "nodes" }, "geometry": { "type": "Point", "coordinates": [ 66.7691289, 50.4922514 ] } },
{ "type": "Feature", "properties": { "name": "Шолаксай", "name:en": null, "railway": "station", "ele": null, "operator:type": null, "layer": null, "addr:full": null, "addr:city": null, "source": null, "name:kk": null, "name:ru": "Шолаксай", "osm_id": 3842299377, "osm_type": "nodes" }, "geometry": { "type": "Point", "coordinates": [ 61.8851557, 51.2518811 ] } },
{ "type": "Feature", "properties": { "name": "Теренсай", "name:en": null, "railway": "station", "ele": null, "operator:type": null, "layer": null, "addr:full": null, "addr:city": null, "source": null, "name:kk": null, "name:ru": "Теренсай", "osm_id": 3842303811, "osm_type": "nodes" }, "geometry": { "type": "Point", "coordinates": [ 61.3746005, 50.7516696 ] } },
{ "type": "Feature", "properties": { "name": "Ащелисайская", "name:en": null, "railway": "station", "ele": null, "operator:type": null, "layer": null, "addr:full": null, "addr:city": null, "source": null, "name:kk": null, "name:ru": "Ащелисайская", "osm_id": 3844281959, "osm_type": "nodes" }, "geometry": { "type": "Point", "coordinates": [ 58.3690201, 50.7654495 ] } },
{ "type": "Feature", "properties": { "name": "Бакай", "name:en": null, "railway": "station", "ele": null, "operator:type": null, "layer": null, "addr:full": null, "addr:city": null, "source": null, "name:kk": null, "name:ru": "Бакай", "osm_id": 3844302688, "osm_type": "nodes" }, "geometry": { "type": "Point", "coordinates": [ 58.0085331, 50.1034134 ] } },
{ "type": "Feature", "properties": { "name": "Аманкарагай", "name:en": null, "railway": "station", "ele": null, "operator:type": null, "layer": null, "addr:full": null, "addr:city": null, "source": null, "name:kk": null, "name:ru": "Аманкарагай", "osm_id": 4021927560, "osm_type": "nodes" }, "geometry": { "type": "Point", "coordinates": [ 64.0818685, 52.4103139 ] } },
{ "type": "Feature", "properties": { "name": "Джаркуль", "name:en": null, "railway": "station", "ele": null, "operator:type": null, "layer": null, "addr:full": null, "addr:city": null, "source": null, "name:kk": null, "name:ru": "Джаркуль", "osm_id": 4022911769, "osm_type": "nodes" }, "geometry": { "type": "Point", "coordinates": [ 62.7136191, 53.6394687 ] } },
{ "type": "Feature", "properties": { "name": "Искине", "name:en": null, "railway": "station", "ele": null, "operator:type": null, "layer": null, "addr:full": null, "addr:city": null, "source": "bing", "name:kk": null, "name:ru": "Искине", "osm_id": 4025083262, "osm_type": "nodes" }, "geometry": { "type": "Point", "coordinates": [ 52.6170104, 47.3632708 ] } },
{ "type": "Feature", "properties": { "name": "Железорудная", "name:en": null, "railway": "station", "ele": null, "operator:type": null, "layer": null, "addr:full": null, "addr:city": null, "source": null, "name:kk": null, "name:ru": "Железорудная", "osm_id": 4025962075, "osm_type": "nodes" }, "geometry": { "type": "Point", "coordinates": [ 63.0772386, 52.9919949 ] } },
{ "type": "Feature", "properties": { "name": "Карабатано", "name:en": null, "railway": "station", "ele": null, "operator:type": null, "layer": null, "addr:full": null, "addr:city": null, "source": "bing", "name:kk": null, "name:ru": "Карабатано", "osm_id": 4025962077, "osm_type": "nodes" }, "geometry": { "type": "Point", "coordinates": [ 52.3077327, 47.2722157 ] } },
{ "type": "Feature", "properties": { "name": "Койбагар", "name:en": null, "railway": "station", "ele": null, "operator:type": null, "layer": null, "addr:full": null, "addr:city": null, "source": null, "name:kk": null, "name:ru": "Койбагор", "osm_id": 4026381500, "osm_type": "nodes" }, "geometry": { "type": "Point", "coordinates": [ 65.0156164, 52.292499 ] } },
{ "type": "Feature", "properties": { "name": "Кушмурун", "name:en": null, "railway": "station", "ele": null, "operator:type": null, "layer": null, "addr:full": null, "addr:city": null, "source": null, "name:kk": "Құсмұрын", "name:ru": "Кушмурун", "osm_id": 4029732480, "osm_type": "nodes" }, "geometry": { "type": "Point", "coordinates": [ 64.6151419, 52.4471135 ] } },
{ "type": "Feature", "properties": { "name": "Челгаши", "name:en": null, "railway": "station", "ele": null, "operator:type": null, "layer": null, "addr:full": null, "addr:city": null, "source": null, "name:kk": null, "name:ru": "Челгаши", "osm_id": 4032336056, "osm_type": "nodes" }, "geometry": { "type": "Point", "coordinates": [ 65.6452155, 52.1332763 ] } },
{ "type": "Feature", "properties": { "name": "Апановка", "name:en": null, "railway": "station", "ele": null, "operator:type": null, "layer": null, "addr:full": null, "addr:city": null, "source": null, "name:kk": null, "name:ru": "Апановка", "osm_id": 4034128391, "osm_type": "nodes" }, "geometry": { "type": "Point", "coordinates": [ 63.2036627, 52.5353735 ] } },
{ "type": "Feature", "properties": { "name": "Казанбасы", "name:en": null, "railway": "station", "ele": null, "operator:type": null, "layer": null, "addr:full": null, "addr:city": null, "source": null, "name:kk": null, "name:ru": "Казанбасы", "osm_id": 4034128392, "osm_type": "nodes" }, "geometry": { "type": "Point", "coordinates": [ 63.6364308, 52.4687699 ] } },
{ "type": "Feature", "properties": { "name": "Увальненский", "name:en": null, "railway": "station", "ele": null, "operator:type": null, "layer": null, "addr:full": null, "addr:city": null, "source": null, "name:kk": null, "name:ru": "Увальненский", "osm_id": 4034128394, "osm_type": "nodes" }, "geometry": { "type": "Point", "coordinates": [ 62.6948368, 52.7417249 ] } },
{ "type": "Feature", "properties": { "name": "Аркалык", "name:en": null, "railway": "station", "ele": null, "operator:type": null, "layer": null, "addr:full": null, "addr:city": null, "source": null, "name:kk": null, "name:ru": "Аркалык", "osm_id": 4034464664, "osm_type": "nodes" }, "geometry": { "type": "Point", "coordinates": [ 66.9069931, 50.2422834 ] } },
{ "type": "Feature", "properties": { "name": "Куншаш", "name:en": null, "railway": "station", "ele": null, "operator:type": null, "layer": null, "addr:full": null, "addr:city": null, "source": null, "name:kk": null, "name:ru": "Куншаш", "osm_id": 4034670703, "osm_type": "nodes" }, "geometry": { "type": "Point", "coordinates": [ 64.429733, 53.2807314 ] } },
{ "type": "Feature", "properties": { "name": "Притобольская", "name:en": null, "railway": "station", "ele": null, "operator:type": null, "layer": null, "addr:full": null, "addr:city": null, "source": null, "name:kk": null, "name:ru": "Притобольская", "osm_id": 4034670704, "osm_type": "nodes" }, "geometry": { "type": "Point", "coordinates": [ 62.7721775, 52.6262798 ] } },
{ "type": "Feature", "properties": { "name": "Жамансор", "name:en": null, "railway": "station", "ele": null, "operator:type": null, "layer": null, "addr:full": null, "addr:city": null, "source": null, "name:kk": null, "name:ru": "Жамансор", "osm_id": 4036867228, "osm_type": "nodes" }, "geometry": { "type": "Point", "coordinates": [ 53.7961833, 47.7875808 ] } },
{ "type": "Feature", "properties": { "name": "Пресногорьковская", "name:en": "Presnogor'kovskaya", "railway": "station", "ele": null, "operator:type": null, "layer": null, "addr:full": null, "addr:city": null, "source": "bing", "name:kk": "Пресногор", "name:ru": "Пресногорьковская", "osm_id": 4040497232, "osm_type": "nodes" }, "geometry": { "type": "Point", "coordinates": [ 66.0726309, 54.4375199 ] } },
{ "type": "Feature", "properties": { "name": "Шоккарагай", "name:en": null, "railway": "station", "ele": null, "operator:type": null, "layer": null, "addr:full": null, "addr:city": null, "source": null, "name:kk": null, "name:ru": "Шоккарагай", "osm_id": 4040497234, "osm_type": "nodes" }, "geometry": { "type": "Point", "coordinates": [ 64.1884255, 53.2883941 ] } },
{ "type": "Feature", "properties": { "name": "Әйтеке би", "name:en": null, "railway": "station", "ele": null, "operator:type": null, "layer": null, "addr:full": null, "addr:city": null, "source": null, "name:kk": "Әйтеке би", "name:ru": "Айтеке-Би", "osm_id": 4046956025, "osm_type": "nodes" }, "geometry": { "type": "Point", "coordinates": [ 60.4861886, 50.4252475 ] } },
{ "type": "Feature", "properties": { "name": "Селекционная", "name:en": null, "railway": "station", "ele": null, "operator:type": null, "layer": null, "addr:full": null, "addr:city": null, "source": null, "name:kk": null, "name:ru": "Селекционная", "osm_id": 4054265354, "osm_type": "nodes" }, "geometry": { "type": "Point", "coordinates": [ 62.0865277, 53.825068 ] } },
{ "type": "Feature", "properties": { "name": "Озерная", "name:en": null, "railway": "station", "ele": null, "operator:type": null, "layer": null, "addr:full": null, "addr:city": null, "source": null, "name:kk": null, "name:ru": "Озерная", "osm_id": 4054670399, "osm_type": "nodes" }, "geometry": { "type": "Point", "coordinates": [ 63.2163728, 53.4305514 ] } },
{ "type": "Feature", "properties": { "name": "Пешковский Тупик", "name:en": null, "railway": "station", "ele": null, "operator:type": null, "layer": null, "addr:full": null, "addr:city": null, "source": null, "name:kk": null, "name:ru": "Пешковский Тупик", "osm_id": 4064729704, "osm_type": "nodes" }, "geometry": { "type": "Point", "coordinates": [ 62.4221653, 53.7173981 ] } },
{ "type": "Feature", "properties": { "name": "Успеновка", "name:en": null, "railway": "station", "ele": null, "operator:type": null, "layer": null, "addr:full": null, "addr:city": null, "source": null, "name:kk": null, "name:ru": "Успеновка", "osm_id": 4064729708, "osm_type": "nodes" }, "geometry": { "type": "Point", "coordinates": [ 62.9783213, 53.5370732 ] } },
{ "type": "Feature", "properties": { "name": "Дөң", "name:en": null, "railway": "station", "ele": null, "operator:type": null, "layer": null, "addr:full": null, "addr:city": null, "source": null, "name:kk": "Дөң", "name:ru": "Дон", "osm_id": 7071821628, "osm_type": "nodes" }, "geometry": { "type": "Point", "coordinates": [ 58.4533256, 50.2605011 ] } },
{ "type": "Feature", "properties": { "name": "Бускуль", "name:en": "Boskol'", "railway": "station", "ele": null, "operator:type": null, "layer": null, "addr:full": null, "addr:city": null, "source": null, "name:kk": "Боскөл", "name:ru": "Бускуль", "osm_id": 9053932932, "osm_type": "nodes" }, "geometry": { "type": "Point", "coordinates": [ 61.2593874, 53.725071 ] } },
{ "type": "Feature", "properties": { "name": "Алгабас", "name:en": null, "railway": "station", "ele": null, "operator:type": null, "layer": null, "addr:full": null, "addr:city": null, "source": null, "name:kk": null, "name:ru": "Алгабас", "osm_id": 10681493343, "osm_type": "nodes" }, "geometry": { "type": "Point", "coordinates": [ 52.3235035, 51.1567574 ] } },
{ "type": "Feature", "properties": { "name": "Хромтау", "name:en": null, "railway": "station", "ele": null, "operator:type": null, "layer": null, "addr:full": null, "addr:city": null, "source": null, "name:kk": "Хромтау", "name:ru": "Хромтау", "osm_id": 10689572958, "osm_type": "nodes" }, "geometry": { "type": "Point", "coordinates": [ 58.3717976, 50.3050067 ] } },
{ "type": "Feature", "properties": { "name": "Саяқ", "name:en": "Sayaq", "railway": "station", "ele": null, "operator:type": null, "layer": null, "addr:full": null, "addr:city": null, "source": "bing", "name:kk": "Саяқ", "name:ru": "Саяк", "osm_id": 2614557959, "osm_type": "nodes" }, "geometry": { "type": "Point", "coordinates": [ 77.3617878, 46.911214 ] } },
{ "type": "Feature", "properties": { "name": "Отрабат", "name:en": null, "railway": "station", "ele": null, "operator:type": null, "layer": null, "addr:full": null, "addr:city": null, "source": null, "name:kk": "Отрабат", "name:ru": "Отрабат", "osm_id": 2624378273, "osm_type": "nodes" }, "geometry": { "type": "Point", "coordinates": [ 68.3108831, 43.0412322 ] } },
{ "type": "Feature", "properties": { "name": "Акбобек", "name:en": null, "railway": "station", "ele": null, "operator:type": null, "layer": null, "addr:full": null, "addr:city": null, "source": null, "name:kk": null, "name:ru": "Акбобек", "osm_id": 4600146159, "osm_type": "nodes" }, "geometry": { "type": "Point", "coordinates": [ 53.1356566, 42.9906357 ] } },
{ "type": "Feature", "properties": { "name": "Мүңке", "name:en": null, "railway": "station", "ele": null, "operator:type": null, "layer": null, "addr:full": null, "addr:city": null, "source": null, "name:kk": "Мүңке", "name:ru": "Мунке", "osm_id": 5792432801, "osm_type": "nodes" }, "geometry": { "type": "Point", "coordinates": [ 73.0124129, 42.9071403 ] } },
{ "type": "Feature", "properties": { "name": "Шолпан", "name:en": null, "railway": "station", "ele": null, "operator:type": null, "layer": null, "addr:full": null, "addr:city": null, "source": null, "name:kk": "Шолпан", "name:ru": "Шолпан", "osm_id": 7038658385, "osm_type": "nodes" }, "geometry": { "type": "Point", "coordinates": [ 73.7950734, 44.6636395 ] } },
{ "type": "Feature", "properties": { "name": "№ 6 темір жол айрығы", "name:en": null, "railway": "station", "ele": null, "operator:type": null, "layer": null, "addr:full": null, "addr:city": null, "source": null, "name:kk": "№ 6 темір жол айрығы", "name:ru": "разъезд № 6", "osm_id": 7070314453, "osm_type": "nodes" }, "geometry": { "type": "Point", "coordinates": [ 74.6371671, 49.7403355 ] } },
{ "type": "Feature", "properties": { "name": "Ащысу", "name:en": null, "railway": "station", "ele": null, "operator:type": null, "layer": null, "addr:full": null, "addr:city": null, "source": null, "name:kk": "Ащысу", "name:ru": "Ашису", "osm_id": 7070335526, "osm_type": "nodes" }, "geometry": { "type": "Point", "coordinates": [ 74.1221283, 49.9170538 ] } },
{ "type": "Feature", "properties": { "name": "Қорғасын", "name:en": null, "railway": "station", "ele": null, "operator:type": null, "layer": null, "addr:full": null, "addr:city": null, "source": null, "name:kk": "Қорғасын", "name:ru": "Коргасын", "osm_id": 7072098389, "osm_type": "nodes" }, "geometry": { "type": "Point", "coordinates": [ 69.543892, 42.3145835 ] } },
{ "type": "Feature", "properties": { "name": "Заводинка", "name:en": null, "railway": "station", "ele": null, "operator:type": null, "layer": null, "addr:full": null, "addr:city": null, "source": null, "name:kk": "Заводинка", "name:ru": "Заводинка", "osm_id": 7089749668, "osm_type": "nodes" }, "geometry": { "type": "Point", "coordinates": [ 83.8288714, 49.6707276 ] } },
{ "type": "Feature", "properties": { "name": "Сатпаев", "name:en": "Satbayev", "railway": "station", "ele": null, "operator:type": null, "layer": null, "addr:full": null, "addr:city": null, "source": null, "name:kk": "Сәтбаев", "name:ru": "Сатпаев", "osm_id": 8968841631, "osm_type": "nodes" }, "geometry": { "type": "Point", "coordinates": [ 67.5184321, 47.8878629 ] } },
{ "type": "Feature", "properties": { "name": "№87-темір жол айрығы \"Алтықұдық\"", "name:en": null, "railway": "station", "ele": null, "operator:type": null, "layer": null, "addr:full": null, "addr:city": null, "source": null, "name:kk": "№87-темір жол айрығы \"Алтықұдық\"", "name:ru": "разъезд 87 Алтыкудык", "osm_id": 8973984445, "osm_type": "nodes" }, "geometry": { "type": "Point", "coordinates": [ 61.728525, 46.7574687 ] } },
{ "type": "Feature", "properties": { "name": "№9-темір жол айрығы", "name:en": null, "railway": "station", "ele": null, "operator:type": null, "layer": null, "addr:full": null, "addr:city": null, "source": null, "name:kk": "№9-темір жол айрығы", "name:ru": "разъезд 9", "osm_id": 9757334677, "osm_type": "nodes" }, "geometry": { "type": "Point", "coordinates": [ 72.8907173, 42.9232032 ] } },
{ "type": "Feature", "properties": { "name": "Каражал", "name:en": null, "railway": "station", "ele": null, "operator:type": null, "layer": null, "addr:full": null, "addr:city": null, "source": "bing", "name:kk": "Қаражал", "name:ru": "Каражал", "osm_id": 10719624385, "osm_type": "nodes" }, "geometry": { "type": "Point", "coordinates": [ 70.8565807, 48.0364386 ] } },
{ "type": "Feature", "properties": { "name": "Койкрыккан", "name:en": null, "railway": "station", "ele": null, "operator:type": null, "layer": null, "addr:full": null, "addr:city": null, "source": null, "name:kk": null, "name:ru": "Койкрыккан", "osm_id": 3792448163, "osm_type": "nodes" }, "geometry": { "type": "Point", "coordinates": [ 78.0044714, 44.4150872 ] } },
{ "type": "Feature", "properties": { "name": "Қопа", "name:en": null, "railway": "station", "ele": null, "operator:type": null, "layer": null, "addr:full": null, "addr:city": null, "source": "bing", "name:kk": "Қопа", "name:ru": "Копа", "osm_id": 4034464668, "osm_type": "nodes" }, "geometry": { "type": "Point", "coordinates": [ 75.8132219, 43.5264481 ] } },
{ "type": "Feature", "properties": { "name": "Шилібастау", "name:en": null, "railway": "station", "ele": null, "operator:type": null, "layer": null, "addr:full": null, "addr:city": null, "source": "bing", "name:kk": "Шилібастау", "name:ru": "Шилибастау", "osm_id": 2844003942, "osm_type": "nodes" }, "geometry": { "type": "Point", "coordinates": [ 75.4917913, 43.5343728 ] } },
{ "type": "Feature", "properties": { "name": "Алажиде", "name:en": null, "railway": "station", "ele": null, "operator:type": null, "layer": null, "addr:full": null, "addr:city": null, "source": "GNS", "name:kk": null, "name:ru": "Алажиде", "osm_id": 534085014, "osm_type": "nodes" }, "geometry": { "type": "Point", "coordinates": [ 78.4136034, 45.4463913 ] } },
{ "type": "Feature", "properties": { "name": "Ақжайдақ", "name:en": null, "railway": "station", "ele": null, "operator:type": null, "layer": null, "addr:full": null, "addr:city": null, "source": "bing", "name:kk": "Ақжайдақ", "name:ru": "Акжайдак", "osm_id": 2417533849, "osm_type": "nodes" }, "geometry": { "type": "Point", "coordinates": [ 75.9380218, 46.8326334 ] } },
{ "type": "Feature", "properties": { "name": "Пахтаарал", "name:en": null, "railway": "station", "ele": null, "operator:type": null, "layer": null, "addr:full": null, "addr:city": null, "source": null, "name:kk": null, "name:ru": "Пахтаарал", "osm_id": 1545707154, "osm_type": "nodes" }, "geometry": { "type": "Point", "coordinates": [ 68.5156901, 40.8387062 ] } },
{ "type": "Feature", "properties": { "name": "№ 9 темір жол айрығы", "name:en": null, "railway": "station", "ele": null, "operator:type": null, "layer": null, "addr:full": null, "addr:city": null, "source": "bing", "name:kk": "№ 9 темір жол айрығы", "name:ru": "разъезд № 9", "osm_id": 2614550375, "osm_type": "nodes" }, "geometry": { "type": "Point", "coordinates": [ 75.6057595, 49.6820498 ] } },
{ "type": "Feature", "properties": { "name": "Ақшоқат", "name:en": null, "railway": "station", "ele": null, "operator:type": null, "layer": null, "addr:full": null, "addr:city": null, "source": null, "name:kk": "Ақшоқат", "name:ru": "Акшокат", "osm_id": 2624378245, "osm_type": "nodes" }, "geometry": { "type": "Point", "coordinates": [ 68.3934053, 42.9014231 ] } },
{ "type": "Feature", "properties": { "name": "Бастау", "name:en": null, "railway": "station", "ele": null, "operator:type": null, "layer": null, "addr:full": null, "addr:city": null, "source": null, "name:kk": null, "name:ru": "Бастау", "osm_id": 4600146172, "osm_type": "nodes" }, "geometry": { "type": "Point", "coordinates": [ 52.997692, 43.1670571 ] } },
{ "type": "Feature", "properties": { "name": "Тұрғысын", "name:en": null, "railway": "station", "ele": null, "operator:type": null, "layer": null, "addr:full": null, "addr:city": null, "source": null, "name:kk": "Тұрғысын", "name:ru": "Тургусун", "osm_id": 4722588065, "osm_type": "nodes" }, "geometry": { "type": "Point", "coordinates": [ 84.0061907, 49.7686859 ] } },
{ "type": "Feature", "properties": { "name": "Дос", "name:en": null, "railway": "station", "ele": null, "operator:type": null, "layer": null, "addr:full": null, "addr:city": "Станция Дос", "source": null, "name:kk": null, "name:ru": "Дос", "osm_id": 4041813393, "osm_type": "nodes" }, "geometry": { "type": "Point", "coordinates": [ 77.9108933, 44.341686 ] } },
{ "type": "Feature", "properties": { "name": "Ақтаутас", "name:en": null, "railway": "station", "ele": null, "operator:type": null, "layer": null, "addr:full": null, "addr:city": null, "source": null, "name:kk": "Ақтаутас", "name:ru": "Актаутас", "osm_id": 3788769456, "osm_type": "nodes" }, "geometry": { "type": "Point", "coordinates": [ 70.3001534, 43.2874567 ] } },
{ "type": "Feature", "properties": { "name": "№33-темір жол айрығы", "name:en": null, "railway": "station", "ele": null, "operator:type": null, "layer": null, "addr:full": null, "addr:city": null, "source": null, "name:kk": "№33-темір жол айрығы", "name:ru": "разьезд №33", "osm_id": 3804121887, "osm_type": "nodes" }, "geometry": { "type": "Point", "coordinates": [ 72.4557122, 48.7438948 ] } },
{ "type": "Feature", "properties": { "name": "Бурыл", "name:en": "Buryl station", "railway": "station", "ele": null, "operator:type": null, "layer": null, "addr:full": null, "addr:city": null, "source": null, "name:kk": null, "name:ru": "Бурыл", "osm_id": 3788754833, "osm_type": "nodes" }, "geometry": { "type": "Point", "coordinates": [ 71.395849, 42.9347724 ] } },
{ "type": "Feature", "properties": { "name": "Тәтті", "name:en": null, "railway": "station", "ele": null, "operator:type": null, "layer": null, "addr:full": null, "addr:city": null, "source": null, "name:kk": "Тәтті", "name:ru": "Татти", "osm_id": 3788884096, "osm_type": "nodes" }, "geometry": { "type": "Point", "coordinates": [ 73.3104835, 43.2222629 ] } },
{ "type": "Feature", "properties": { "name": "Топар", "name:en": "Topar", "railway": "station", "ele": null, "operator:type": null, "layer": null, "addr:full": null, "addr:city": null, "source": "bing", "name:kk": null, "name:ru": "Топар", "osm_id": 2791919963, "osm_type": "nodes" }, "geometry": { "type": "Point", "coordinates": [ 72.8256068, 49.512324 ] } },
{ "type": "Feature", "properties": { "name": "№87-темір жол айрығы \"Алтықұдық\"", "name:en": null, "railway": "station", "ele": null, "operator:type": null, "layer": null, "addr:full": null, "addr:city": null, "source": null, "name:kk": "№87-темір жол айрығы \"Алтықұдық\"", "name:ru": "разъезд 87 Алтыкудык", "osm_id": 2300867314, "osm_type": "nodes" }, "geometry": { "type": "Point", "coordinates": [ 61.7285945, 46.7574967 ] } },
{ "type": "Feature", "properties": { "name": "Болашақ", "name:en": null, "railway": "station", "ele": null, "operator:type": null, "layer": null, "addr:full": null, "addr:city": null, "source": "www.youtube.com/watch?v=fUqwVelVyhg", "name:kk": "Болашақ", "name:ru": "Болашак", "osm_id": 4049889222, "osm_type": "nodes" }, "geometry": { "type": "Point", "coordinates": [ 53.6767259, 42.3301096 ] } },
{ "type": "Feature", "properties": { "name": "Егінсу", "name:en": null, "railway": "station", "ele": null, "operator:type": null, "layer": null, "addr:full": null, "addr:city": null, "source": "GNS, bahn.de", "name:kk": "Егінсу", "name:ru": "Егинсу", "osm_id": 534085005, "osm_type": "nodes" }, "geometry": { "type": "Point", "coordinates": [ 78.5284926, 45.5713221 ] } },
{ "type": "Feature", "properties": { "name": "Матай", "name:en": "Matay", "railway": "station", "ele": null, "operator:type": null, "layer": null, "addr:full": null, "addr:city": null, "source": "GNS", "name:kk": "Матай", "name:ru": "Матай", "osm_id": 534085094, "osm_type": "nodes" }, "geometry": { "type": "Point", "coordinates": [ 78.7241426, 45.899367 ] } },
{ "type": "Feature", "properties": { "name": "Ақбалық", "name:en": null, "railway": "station", "ele": null, "operator:type": null, "layer": null, "addr:full": null, "addr:city": null, "source": "GNS", "name:kk": "Ақбалық", "name:ru": "Акбалык", "osm_id": 534086859, "osm_type": "nodes" }, "geometry": { "type": "Point", "coordinates": [ 79.2094874, 46.5667658 ] } },
{ "type": "Feature", "properties": { "name": "Темеклы", "name:en": null, "railway": "station", "ele": null, "operator:type": null, "layer": null, "addr:full": null, "addr:city": null, "source": "GNS, bing", "name:kk": null, "name:ru": "Темекили", "osm_id": 534087203, "osm_type": "nodes" }, "geometry": { "type": "Point", "coordinates": [ 80.1224614, 47.553835 ] } },
{ "type": "Feature", "properties": { "name": "Усть-Таловка", "name:en": null, "railway": "station", "ele": null, "operator:type": null, "layer": null, "addr:full": null, "addr:city": "Усть-Таловка", "source": null, "name:kk": "Усть-Таловка", "name:ru": "Усть-Таловка", "osm_id": 1491371020, "osm_type": "nodes" }, "geometry": { "type": "Point", "coordinates": [ 81.8596316, 50.558179 ] } },
{ "type": "Feature", "properties": { "name": "Медеу", "name:en": null, "railway": "station", "ele": null, "operator:type": null, "layer": null, "addr:full": null, "addr:city": null, "source": null, "name:kk": null, "name:ru": "Медеу", "osm_id": 3789484227, "osm_type": "nodes" }, "geometry": { "type": "Point", "coordinates": [ 76.9980769, 43.3853127 ] } },
{ "type": "Feature", "properties": { "name": "Уч-Булак", "name:en": null, "railway": "station", "ele": null, "operator:type": null, "layer": null, "addr:full": null, "addr:city": null, "source": null, "name:kk": "Учбулак", "name:ru": "Уч-Булак", "osm_id": 240471692, "osm_type": "nodes" }, "geometry": { "type": "Point", "coordinates": [ 71.579047, 42.9784112 ] } },
{ "type": "Feature", "properties": { "name": "Қамыстыбас", "name:en": null, "railway": "station", "ele": null, "operator:type": null, "layer": null, "addr:full": null, "addr:city": null, "source": null, "name:kk": "Қамыстыбас", "name:ru": "Камыстыбас", "osm_id": 2587276313, "osm_type": "nodes" }, "geometry": { "type": "Point", "coordinates": [ 61.9545468, 46.1938287 ] } },
{ "type": "Feature", "properties": { "name": "Көксу", "name:en": null, "railway": "station", "ele": null, "operator:type": null, "layer": null, "addr:full": null, "addr:city": null, "source": "bing", "name:kk": "Көксу", "name:ru": "Коксу", "osm_id": 4026381502, "osm_type": "nodes" }, "geometry": { "type": "Point", "coordinates": [ 77.918695, 45.0011458 ] } },
{ "type": "Feature", "properties": { "name": "Лепсі", "name:en": "Lepsy", "railway": "station", "ele": null, "operator:type": null, "layer": null, "addr:full": null, "addr:city": null, "source": null, "name:kk": null, "name:ru": "Лепсы", "osm_id": 4029732483, "osm_type": "nodes" }, "geometry": { "type": "Point", "coordinates": [ 78.9335634, 46.2352062 ] } },
{ "type": "Feature", "properties": { "name": "Табақбұлақ", "name:en": null, "railway": "station", "ele": null, "operator:type": null, "layer": null, "addr:full": null, "addr:city": null, "source": "bing", "name:kk": "Табақбұлақ", "name:ru": "Табакбулак", "osm_id": 2422743238, "osm_type": "nodes" }, "geometry": { "type": "Point", "coordinates": [ 70.2228257, 43.3881893 ] } },
{ "type": "Feature", "properties": { "name": "Осакаровка", "name:en": null, "railway": "station", "ele": null, "operator:type": null, "layer": null, "addr:full": null, "addr:city": null, "source": "bing", "name:kk": "Осакаровка", "name:ru": "Осакаровка", "osm_id": 3192009422, "osm_type": "nodes" }, "geometry": { "type": "Point", "coordinates": [ 72.5560412, 50.5593468 ] } },
{ "type": "Feature", "properties": { "name": "Жинишкесу", "name:en": null, "railway": "station", "ele": null, "operator:type": null, "layer": null, "addr:full": null, "addr:city": null, "source": null, "name:kk": null, "name:ru": "Жинишкесу", "osm_id": 3790634710, "osm_type": "nodes" }, "geometry": { "type": "Point", "coordinates": [ 78.013071, 43.6670111 ] } },
{ "type": "Feature", "properties": { "name": "Нура", "name:en": null, "railway": "station", "ele": null, "operator:type": null, "layer": null, "addr:full": null, "addr:city": null, "source": "bing", "name:kk": "Нұра", "name:ru": "Нура", "osm_id": 3206120113, "osm_type": "nodes" }, "geometry": { "type": "Point", "coordinates": [ 73.173505, 50.1477751 ] } },
{ "type": "Feature", "properties": { "name": "Глубочанка", "name:en": null, "railway": "station", "ele": null, "operator:type": null, "layer": null, "addr:full": null, "addr:city": null, "source": null, "name:kk": null, "name:ru": "Глубочанка", "osm_id": 3801798989, "osm_type": "nodes" }, "geometry": { "type": "Point", "coordinates": [ 82.3922017, 50.1319835 ] } },
{ "type": "Feature", "properties": { "name": "Сәкен Сейфуллин", "name:en": null, "railway": "station", "ele": null, "operator:type": null, "layer": null, "addr:full": null, "addr:city": null, "source": "bing", "name:kk": "Сәкен Сейфуллин", "name:ru": "имени Сакена Сейфуллина", "osm_id": 2433500332, "osm_type": "nodes" }, "geometry": { "type": "Point", "coordinates": [ 72.8325404, 48.8582812 ] } },
{ "type": "Feature", "properties": { "name": "Босаға", "name:en": null, "railway": "station", "ele": null, "operator:type": null, "layer": null, "addr:full": null, "addr:city": null, "source": null, "name:kk": "Босаға", "name:ru": "Босага", "osm_id": 2403389642, "osm_type": "nodes" }, "geometry": { "type": "Point", "coordinates": [ 72.9568979, 47.8777896 ] } },
{ "type": "Feature", "properties": { "name": "Текелі", "name:en": "Tekeli", "railway": "station", "ele": null, "operator:type": null, "layer": null, "addr:full": null, "addr:city": null, "source": null, "name:kk": "Текелі", "name:ru": "Текели", "osm_id": 4378782579, "osm_type": "nodes" }, "geometry": { "type": "Point", "coordinates": [ 78.7275141, 44.8627221 ] } },
{ "type": "Feature", "properties": { "name": "Қалпе", "name:en": null, "railway": "station", "ele": null, "operator:type": null, "layer": null, "addr:full": null, "addr:city": null, "source": null, "name:kk": "Қалпе", "name:ru": "Кальпе", "osm_id": 3792604852, "osm_type": "nodes" }, "geometry": { "type": "Point", "coordinates": [ 77.9154468, 45.0963842 ] } },
{ "type": "Feature", "properties": { "name": "Сай-Утес", "name:en": null, "railway": "station", "ele": null, "operator:type": null, "layer": null, "addr:full": null, "addr:city": null, "source": null, "name:kk": null, "name:ru": "Сай-Утес", "osm_id": 4036867231, "osm_type": "nodes" }, "geometry": { "type": "Point", "coordinates": [ 53.5333347, 44.3307785 ] } },
{ "type": "Feature", "properties": { "name": "Манат", "name:en": null, "railway": "station", "ele": null, "operator:type": null, "layer": null, "addr:full": null, "addr:city": null, "source": null, "name:kk": null, "name:ru": "Манат", "osm_id": 4049889223, "osm_type": "nodes" }, "geometry": { "type": "Point", "coordinates": [ 53.203546, 44.2835543 ] } },
{ "type": "Feature", "properties": { "name": "Шемонаиха", "name:en": null, "railway": "station", "ele": null, "operator:type": null, "layer": null, "addr:full": null, "addr:city": "Шемонаиха", "source": null, "name:kk": null, "name:ru": "Шемонаиха", "osm_id": 3609507673, "osm_type": "nodes" }, "geometry": { "type": "Point", "coordinates": [ 81.880532, 50.6222117 ] } },
{ "type": "Feature", "properties": { "name": "Бурсак", "name:en": null, "railway": "station", "ele": null, "operator:type": null, "layer": null, "addr:full": null, "addr:city": null, "source": "bing", "name:kk": null, "name:ru": "Бурсак", "osm_id": 4046956029, "osm_type": "nodes" }, "geometry": { "type": "Point", "coordinates": [ 81.7584836, 49.695936 ] } },
{ "type": "Feature", "properties": { "name": "Казиевка", "name:en": null, "railway": "station", "ele": null, "operator:type": null, "layer": null, "addr:full": null, "addr:city": null, "source": null, "name:kk": null, "name:ru": "Казиевка", "osm_id": 3801798723, "osm_type": "nodes" }, "geometry": { "type": "Point", "coordinates": [ 82.4677268, 50.0625335 ] } },
{ "type": "Feature", "properties": { "name": "Жарсу", "name:en": null, "railway": "station", "ele": null, "operator:type": null, "layer": null, "addr:full": null, "addr:city": null, "source": null, "name:kk": null, "name:ru": "Жарсу", "osm_id": 3790638768, "osm_type": "nodes" }, "geometry": { "type": "Point", "coordinates": [ 77.7639335, 43.6642078 ] } },
{ "type": "Feature", "properties": { "name": "Нурлы", "name:en": null, "railway": "station", "ele": null, "operator:type": null, "layer": null, "addr:full": null, "addr:city": null, "source": null, "name:kk": null, "name:ru": "Нурлы", "osm_id": 3789960682, "osm_type": "nodes" }, "geometry": { "type": "Point", "coordinates": [ 78.5808589, 43.6710157 ] } },
{ "type": "Feature", "properties": { "name": "Ортакудык", "name:en": null, "railway": "station", "ele": null, "operator:type": null, "layer": null, "addr:full": null, "addr:city": null, "source": null, "name:kk": null, "name:ru": "Ортакудык", "osm_id": 3791057520, "osm_type": "nodes" }, "geometry": { "type": "Point", "coordinates": [ 78.876029, 43.7502455 ] } },
{ "type": "Feature", "properties": { "name": "Бескөл", "name:en": "Besköl", "railway": "station", "ele": null, "operator:type": null, "layer": null, "addr:full": null, "addr:city": null, "source": "GNS", "name:kk": "Бескөл", "name:ru": "Бесколь", "osm_id": 534086812, "osm_type": "nodes" }, "geometry": { "type": "Point", "coordinates": [ 81.0969032, 46.1726438 ] } },
{ "type": "Feature", "properties": { "name": "Егізқызыл", "name:en": null, "railway": "station", "ele": null, "operator:type": null, "layer": null, "addr:full": null, "addr:city": null, "source": "GNS", "name:kk": "Егізқызыл", "name:ru": "Егизкызыл", "osm_id": 534088243, "osm_type": "nodes" }, "geometry": { "type": "Point", "coordinates": [ 80.4577357, 48.0930759 ] } },
{ "type": "Feature", "properties": { "name": "Предгорная", "name:en": null, "railway": "station", "ele": null, "operator:type": null, "layer": null, "addr:full": null, "addr:city": null, "source": "GNS", "name:kk": null, "name:ru": "Предгорная", "osm_id": 534091711, "osm_type": "nodes" }, "geometry": { "type": "Point", "coordinates": [ 82.2620792, 50.2667989 ] } },
{ "type": "Feature", "properties": { "name": "Боранқұл", "name:en": null, "railway": "station", "ele": null, "operator:type": null, "layer": null, "addr:full": null, "addr:city": null, "source": null, "name:kk": "Боранқұл", "name:ru": "Боранкуль", "osm_id": 1915016815, "osm_type": "nodes" }, "geometry": { "type": "Point", "coordinates": [ 54.472531, 46.209002 ] } },
{ "type": "Feature", "properties": { "name": "Жылға", "name:en": "Jılğa", "railway": "station", "ele": null, "operator:type": null, "layer": null, "addr:full": null, "addr:city": null, "source": null, "name:kk": "Жылға", "name:ru": "Жилга", "osm_id": 2094286214, "osm_type": "nodes" }, "geometry": { "type": "Point", "coordinates": [ 69.017505, 41.7213716 ] } },
{ "type": "Feature", "properties": { "name": "Малайсары", "name:en": null, "railway": "station", "ele": null, "operator:type": null, "layer": null, "addr:full": null, "addr:city": null, "source": null, "name:kk": "Малайсары", "name:ru": "Малайсары", "osm_id": 2400056755, "osm_type": "nodes" }, "geometry": { "type": "Point", "coordinates": [ 77.6846887, 44.2812222 ] } },
{ "type": "Feature", "properties": { "name": "Бөктер", "name:en": null, "railway": "station", "ele": null, "operator:type": null, "layer": null, "addr:full": null, "addr:city": "Боктер", "source": "bing", "name:kk": "Бөктер", "name:ru": "Боктер", "osm_id": 2400205847, "osm_type": "nodes" }, "geometry": { "type": "Point", "coordinates": [ 77.2100379, 43.9019564 ] } },
{ "type": "Feature", "properties": { "name": "Айнабұлақ", "name:en": "Aynabulaq", "railway": "station", "ele": null, "operator:type": null, "layer": null, "addr:full": null, "addr:city": "Айнабулак", "source": null, "name:kk": "Айнабұлақ", "name:ru": "Айнабулак", "osm_id": 2400283148, "osm_type": "nodes" }, "geometry": { "type": "Point", "coordinates": [ 77.9944545, 44.620708 ] } },
{ "type": "Feature", "properties": { "name": "Талап", "name:en": null, "railway": "station", "ele": null, "operator:type": null, "layer": null, "addr:full": null, "addr:city": null, "source": null, "name:kk": null, "name:ru": "Талап", "osm_id": 2582433819, "osm_type": "nodes" }, "geometry": { "type": "Point", "coordinates": [ 67.5286882, 43.6474649 ] } },
{ "type": "Feature", "properties": { "name": "Шөміш", "name:en": null, "railway": "station", "ele": null, "operator:type": null, "layer": null, "addr:full": null, "addr:city": null, "source": "bing", "name:kk": "Шөміш", "name:ru": "Шомиш", "osm_id": 2583463628, "osm_type": "nodes" }, "geometry": { "type": "Point", "coordinates": [ 61.8792264, 46.408276 ] } },
{ "type": "Feature", "properties": { "name": "Молалы", "name:en": null, "railway": "station", "ele": null, "operator:type": null, "layer": null, "addr:full": null, "addr:city": null, "source": "bing", "name:kk": "Молалы", "name:ru": "Молалы", "osm_id": 2705363317, "osm_type": "nodes" }, "geometry": { "type": "Point", "coordinates": [ 78.3152259, 45.4482836 ] } },
{ "type": "Feature", "properties": { "name": "Бөртескен", "name:en": null, "railway": "station", "ele": null, "operator:type": null, "layer": null, "addr:full": null, "addr:city": null, "source": null, "name:kk": "Бөртескен", "name:ru": "Буртескен", "osm_id": 2714084939, "osm_type": "nodes" }, "geometry": { "type": "Point", "coordinates": [ 67.106978, 43.9866856 ] } },
{ "type": "Feature", "properties": { "name": "Екпінді", "name:en": null, "railway": "station", "ele": null, "operator:type": null, "layer": null, "addr:full": null, "addr:city": null, "source": "bing", "name:kk": "Екпінді", "name:ru": "Екпинди", "osm_id": 2714084943, "osm_type": "nodes" }, "geometry": { "type": "Point", "coordinates": [ 66.9272072, 44.0754864 ] } },
{ "type": "Feature", "properties": { "name": "Жайылма", "name:en": null, "railway": "station", "ele": null, "operator:type": null, "layer": null, "addr:full": null, "addr:city": null, "source": "bing", "name:kk": "Жайылма", "name:ru": "Жайылма", "osm_id": 2714084949, "osm_type": "nodes" }, "geometry": { "type": "Point", "coordinates": [ 67.1854511, 43.9470473 ] } },
{ "type": "Feature", "properties": { "name": "Қостүйін", "name:en": null, "railway": "station", "ele": null, "operator:type": null, "layer": null, "addr:full": null, "addr:city": null, "source": "bing, bahn.de, poezdato.net", "name:kk": "Қостүйін", "name:ru": "Костуин", "osm_id": 2747032742, "osm_type": "nodes" }, "geometry": { "type": "Point", "coordinates": [ 68.6844607, 42.5518615 ] } },
{ "type": "Feature", "properties": { "name": "Ұзынқұдық", "name:en": null, "railway": "station", "ele": null, "operator:type": null, "layer": null, "addr:full": null, "addr:city": null, "source": "bing", "name:kk": "Ұзынқұдық", "name:ru": "Узынкудук", "osm_id": 2754733225, "osm_type": "nodes" }, "geometry": { "type": "Point", "coordinates": [ 68.3533919, 42.9677139 ] } },
{ "type": "Feature", "properties": { "name": "Аққұдық", "name:en": null, "railway": "station", "ele": null, "operator:type": null, "layer": null, "addr:full": null, "addr:city": null, "source": "poezdato.net, bing", "name:kk": "Аққұдық", "name:ru": "Аккудык", "osm_id": 2780859203, "osm_type": "nodes" }, "geometry": { "type": "Point", "coordinates": [ 73.0480132, 50.0701623 ] } },
{ "type": "Feature", "properties": { "name": "Қарабас", "name:en": "Qarabas", "railway": "station", "ele": null, "operator:type": null, "layer": null, "addr:full": null, "addr:city": null, "source": "bing", "name:kk": null, "name:ru": "Карабас", "osm_id": 2780970562, "osm_type": "nodes" }, "geometry": { "type": "Point", "coordinates": [ 72.8932934, 49.5747837 ] } },
{ "type": "Feature", "properties": { "name": "Актасты", "name:en": null, "railway": "station", "ele": null, "operator:type": null, "layer": null, "addr:full": null, "addr:city": null, "source": "bing", "name:kk": null, "name:ru": "Актасты", "osm_id": 3192009369, "osm_type": "nodes" }, "geometry": { "type": "Point", "coordinates": [ 72.692378, 50.4527242 ] } },
{ "type": "Feature", "properties": { "name": "Косколь", "name:en": null, "railway": "station", "ele": null, "operator:type": null, "layer": null, "addr:full": null, "addr:city": null, "source": null, "name:kk": null, "name:ru": "Косколь", "osm_id": 3617596426, "osm_type": "nodes" }, "geometry": { "type": "Point", "coordinates": [ 64.5614188, 47.5729568 ] } },
{ "type": "Feature", "properties": { "name": "Коркол", "name:en": null, "railway": "station", "ele": null, "operator:type": null, "layer": null, "addr:full": null, "addr:city": null, "source": null, "name:kk": null, "name:ru": "Коркол", "osm_id": 3784994133, "osm_type": "nodes" }, "geometry": { "type": "Point", "coordinates": [ 54.8348036, 45.7501296 ] } },
{ "type": "Feature", "properties": { "name": "Кизил-Там", "name:en": null, "railway": "station", "ele": null, "operator:type": null, "layer": null, "addr:full": null, "addr:city": null, "source": null, "name:kk": null, "name:ru": "Кизил-Там", "osm_id": 3787103099, "osm_type": "nodes" }, "geometry": { "type": "Point", "coordinates": [ 64.3481949, 45.3144106 ] } },
{ "type": "Feature", "properties": { "name": "Бирказан", "name:en": null, "railway": "station", "ele": null, "operator:type": null, "layer": null, "addr:full": null, "addr:city": null, "source": null, "name:kk": null, "name:ru": "Берказань", "osm_id": 3788109125, "osm_type": "nodes" }, "geometry": { "type": "Point", "coordinates": [ 65.7457034, 44.7714634 ] } },
{ "type": "Feature", "properties": { "name": "Соло-Тюбе", "name:en": null, "railway": "station", "ele": null, "operator:type": null, "layer": null, "addr:full": null, "addr:city": null, "source": null, "name:kk": null, "name:ru": "Соло-Тюбе", "osm_id": 3788109551, "osm_type": "nodes" }, "geometry": { "type": "Point", "coordinates": [ 66.0474445, 44.6343005 ] } },
{ "type": "Feature", "properties": { "name": "Керкелмес", "name:en": null, "railway": "station", "ele": null, "operator:type": null, "layer": null, "addr:full": null, "addr:city": null, "source": null, "name:kk": null, "name:ru": "Керкелмес", "osm_id": 3788140078, "osm_type": "nodes" }, "geometry": { "type": "Point", "coordinates": [ 65.9596582, 44.6697975 ] } },
{ "type": "Feature", "properties": { "name": "Монтайтас", "name:en": null, "railway": "station", "ele": null, "operator:type": null, "layer": null, "addr:full": null, "addr:city": null, "source": null, "name:kk": "Монтайтас", "name:ru": "Монтайтас", "osm_id": 3788630021, "osm_type": "nodes" }, "geometry": { "type": "Point", "coordinates": [ 68.9689829, 42.0886616 ] } },
{ "type": "Feature", "properties": { "name": "Шанақ", "name:en": null, "railway": "station", "ele": null, "operator:type": null, "layer": null, "addr:full": null, "addr:city": null, "source": null, "name:kk": "Шанақ", "name:ru": "Чанак", "osm_id": 3788632319, "osm_type": "nodes" }, "geometry": { "type": "Point", "coordinates": [ 69.0393713, 41.9776538 ] } },
{ "type": "Feature", "properties": { "name": "Майбұлақ", "name:en": null, "railway": "station", "ele": null, "operator:type": null, "layer": null, "addr:full": null, "addr:city": null, "source": null, "name:kk": "Майбұлақ", "name:ru": "Майбулак", "osm_id": 3788634958, "osm_type": "nodes" }, "geometry": { "type": "Point", "coordinates": [ 68.990609, 41.8632974 ] } },
{ "type": "Feature", "properties": { "name": "Чокпак", "name:en": null, "railway": "station", "ele": null, "operator:type": null, "layer": null, "addr:full": null, "addr:city": null, "source": null, "name:kk": null, "name:ru": "Чокпак", "osm_id": 3788743214, "osm_type": "nodes" }, "geometry": { "type": "Point", "coordinates": [ 70.6154724, 42.537412 ] } },
{ "type": "Feature", "properties": { "name": "Сурум", "name:en": null, "railway": "station", "ele": null, "operator:type": null, "layer": null, "addr:full": null, "addr:city": null, "source": null, "name:kk": null, "name:ru": "Сурум", "osm_id": 3788745960, "osm_type": "nodes" }, "geometry": { "type": "Point", "coordinates": [ 70.978784, 42.6587433 ] } },
{ "type": "Feature", "properties": { "name": "Чебакты", "name:en": "Chebakti", "railway": "station", "ele": null, "operator:type": null, "layer": null, "addr:full": null, "addr:city": null, "source": null, "name:kk": null, "name:ru": "Чебакты", "osm_id": 3788770727, "osm_type": "nodes" }, "geometry": { "type": "Point", "coordinates": [ 69.9851591, 43.5750474 ] } },
{ "type": "Feature", "properties": { "name": "Малдыбай", "name:en": null, "railway": "station", "ele": null, "operator:type": null, "layer": null, "addr:full": null, "addr:city": null, "source": null, "name:kk": "Малдыбай", "name:ru": "Малдыбай", "osm_id": 3788869534, "osm_type": "nodes" }, "geometry": { "type": "Point", "coordinates": [ 72.3265669, 42.9880984 ] } },
{ "type": "Feature", "properties": { "name": "Керімағаш", "name:en": null, "railway": "station", "ele": null, "operator:type": null, "layer": null, "addr:full": null, "addr:city": null, "source": null, "name:kk": "Керімағаш", "name:ru": "Керимагаш", "osm_id": 3791842657, "osm_type": "nodes" }, "geometry": { "type": "Point", "coordinates": [ 80.0274332, 44.007455 ] } },
{ "type": "Feature", "properties": { "name": "Жоламан", "name:en": null, "railway": "station", "ele": null, "operator:type": null, "layer": null, "addr:full": null, "addr:city": null, "source": null, "name:kk": "Жоламан", "name:ru": "Жоламан", "osm_id": 3792439160, "osm_type": "nodes" }, "geometry": { "type": "Point", "coordinates": [ 77.5616719, 44.273783 ] } },
{ "type": "Feature", "properties": { "name": "Сайлы", "name:en": null, "railway": "station", "ele": null, "operator:type": null, "layer": null, "addr:full": null, "addr:city": "станция Сайлы", "source": null, "name:kk": null, "name:ru": "Сайлы", "osm_id": 3792440420, "osm_type": "nodes" }, "geometry": { "type": "Point", "coordinates": [ 77.6194469, 44.2786995 ] } },
{ "type": "Feature", "properties": { "name": "Тары", "name:en": null, "railway": "station", "ele": null, "operator:type": null, "layer": null, "addr:full": null, "addr:city": null, "source": null, "name:kk": null, "name:ru": "Тары", "osm_id": 3792441681, "osm_type": "nodes" }, "geometry": { "type": "Point", "coordinates": [ 77.7515698, 44.2750632 ] } },
{ "type": "Feature", "properties": { "name": "Тауарасы", "name:en": null, "railway": "station", "ele": null, "operator:type": null, "layer": null, "addr:full": null, "addr:city": null, "source": null, "name:kk": null, "name:ru": "Тауарасы", "osm_id": 3792445580, "osm_type": "nodes" }, "geometry": { "type": "Point", "coordinates": [ 78.0047899, 44.5470269 ] } },
{ "type": "Feature", "properties": { "name": "Копр", "name:en": null, "railway": "station", "ele": null, "operator:type": null, "layer": null, "addr:full": null, "addr:city": null, "source": null, "name:kk": null, "name:ru": "Копр", "osm_id": 3792450378, "osm_type": "nodes" }, "geometry": { "type": "Point", "coordinates": [ 77.9323967, 44.6644035 ] } },
{ "type": "Feature", "properties": { "name": "Моюн-Кум", "name:en": null, "railway": "station", "ele": null, "operator:type": null, "layer": null, "addr:full": null, "addr:city": null, "source": null, "name:kk": null, "name:ru": "Моюн-Кум", "osm_id": 3792452200, "osm_type": "nodes" }, "geometry": { "type": "Point", "coordinates": [ 77.8921974, 44.744889 ] } },
{ "type": "Feature", "properties": { "name": "Бахша", "name:en": null, "railway": "station", "ele": null, "operator:type": null, "layer": null, "addr:full": null, "addr:city": null, "source": null, "name:kk": null, "name:ru": "Бахша", "osm_id": 3792452587, "osm_type": "nodes" }, "geometry": { "type": "Point", "coordinates": [ 77.8555664, 44.8202021 ] } },
{ "type": "Feature", "properties": { "name": "Пияз", "name:en": null, "railway": "station", "ele": null, "operator:type": null, "layer": null, "addr:full": null, "addr:city": null, "source": null, "name:kk": null, "name:ru": "Пияз", "osm_id": 3792608001, "osm_type": "nodes" }, "geometry": { "type": "Point", "coordinates": [ 77.9525415, 45.1903905 ] } },
{ "type": "Feature", "properties": { "name": "№ 4", "name:en": null, "railway": "station", "ele": null, "operator:type": null, "layer": null, "addr:full": null, "addr:city": null, "source": null, "name:kk": null, "name:ru": "Предузловая", "osm_id": 3797972129, "osm_type": "nodes" }, "geometry": { "type": "Point", "coordinates": [ 79.1211562, 46.8920047 ] } },
{ "type": "Feature", "properties": { "name": "Шолькызыл", "name:en": null, "railway": "station", "ele": null, "operator:type": null, "layer": null, "addr:full": null, "addr:city": null, "source": null, "name:kk": null, "name:ru": "Шолькызыл", "osm_id": 3797979185, "osm_type": "nodes" }, "geometry": { "type": "Point", "coordinates": [ 78.2278727, 46.8330464 ] } },
{ "type": "Feature", "properties": { "name": "Тагынкара", "name:en": null, "railway": "station", "ele": null, "operator:type": null, "layer": null, "addr:full": null, "addr:city": null, "source": null, "name:kk": null, "name:ru": "Тагынкара", "osm_id": 3798744279, "osm_type": "nodes" }, "geometry": { "type": "Point", "coordinates": [ 77.0965792, 46.7672618 ] } },
{ "type": "Feature", "properties": { "name": "Буйрек", "name:en": null, "railway": "station", "ele": null, "operator:type": null, "layer": null, "addr:full": null, "addr:city": null, "source": null, "name:kk": null, "name:ru": "Буйрек", "osm_id": 3798750725, "osm_type": "nodes" }, "geometry": { "type": "Point", "coordinates": [ 73.7098975, 47.1316727 ] } },
{ "type": "Feature", "properties": { "name": "Айғыржал", "name:en": null, "railway": "station", "ele": null, "operator:type": null, "layer": null, "addr:full": null, "addr:city": null, "source": null, "name:kk": "Айғыржал", "name:ru": "Айгыржал", "osm_id": 3798768876, "osm_type": "nodes" }, "geometry": { "type": "Point", "coordinates": [ 80.4612781, 48.2593962 ] } },
{ "type": "Feature", "properties": { "name": "Алтын-калацкая", "name:en": null, "railway": "station", "ele": null, "operator:type": null, "layer": null, "addr:full": null, "addr:city": null, "source": "GNS", "name:kk": null, "name:ru": "Алтынколат", "osm_id": 534088263, "osm_type": "nodes" }, "geometry": { "type": "Point", "coordinates": [ 80.4728101, 48.1704074 ] } },
{ "type": "Feature", "properties": { "name": "Каракультас", "name:en": null, "railway": "station", "ele": null, "operator:type": null, "layer": null, "addr:full": null, "addr:city": null, "source": "GNS", "name:kk": null, "name:ru": "Каракультас", "osm_id": 534088294, "osm_type": "nodes" }, "geometry": { "type": "Point", "coordinates": [ 80.8165248, 48.6322571 ] } },
{ "type": "Feature", "properties": { "name": "Балыкты-Коль", "name:en": null, "railway": "station", "ele": null, "operator:type": null, "layer": null, "addr:full": null, "addr:city": null, "source": "GNS", "name:kk": null, "name:ru": "Балыкты-Коль", "osm_id": 534088337, "osm_type": "nodes" }, "geometry": { "type": "Point", "coordinates": [ 81.0267882, 49.0659639 ] } },
{ "type": "Feature", "properties": { "name": "Зыряновск", "name:en": null, "railway": "station", "ele": null, "operator:type": null, "layer": null, "addr:full": null, "addr:city": null, "source": "GNS", "name:kk": null, "name:ru": "Зыряновск", "osm_id": 534093436, "osm_type": "nodes" }, "geometry": { "type": "Point", "coordinates": [ 84.2572072, 49.7891434 ] } },
{ "type": "Feature", "properties": { "name": "Қияқты", "name:en": null, "railway": "station", "ele": null, "operator:type": null, "layer": null, "addr:full": null, "addr:city": null, "source": null, "name:kk": "Қияқты", "name:ru": "Кияхты", "osm_id": 2407236484, "osm_type": "nodes" }, "geometry": { "type": "Point", "coordinates": [ 73.860772, 44.5688716 ] } },
{ "type": "Feature", "properties": { "name": "Жиделі", "name:en": null, "railway": "station", "ele": null, "operator:type": null, "layer": null, "addr:full": null, "addr:city": null, "source": "bing", "name:kk": "Жиделі", "name:ru": "Жидели", "osm_id": 2420089678, "osm_type": "nodes" }, "geometry": { "type": "Point", "coordinates": [ 73.8395277, 43.9669155 ] } },
{ "type": "Feature", "properties": { "name": "Қабылсай", "name:en": null, "railway": "station", "ele": null, "operator:type": null, "layer": null, "addr:full": null, "addr:city": null, "source": null, "name:kk": "Қабылсай", "name:ru": "Кабылсай", "osm_id": 2420708058, "osm_type": "nodes" }, "geometry": { "type": "Point", "coordinates": [ 68.9036488, 42.2607857 ] } },
{ "type": "Feature", "properties": { "name": "Талдықұдық", "name:en": null, "railway": "station", "ele": null, "operator:type": null, "layer": null, "addr:full": null, "addr:city": null, "source": null, "name:kk": "Талдықұдық", "name:ru": "Талдыкудук", "osm_id": 2420708072, "osm_type": "nodes" }, "geometry": { "type": "Point", "coordinates": [ 68.8407734, 42.3719489 ] } },
{ "type": "Feature", "properties": { "name": "Ақтас", "name:en": null, "railway": "station", "ele": null, "operator:type": null, "layer": null, "addr:full": null, "addr:city": null, "source": null, "name:kk": "Ақтас", "name:ru": "Актас", "osm_id": 2420708073, "osm_type": "nodes" }, "geometry": { "type": "Point", "coordinates": [ 68.940591, 42.2122634 ] } },
{ "type": "Feature", "properties": { "name": "Шағыр", "name:en": null, "railway": "station", "ele": null, "operator:type": null, "layer": null, "addr:full": null, "addr:city": null, "source": null, "name:kk": "Шағыр", "name:ru": "Шагыр", "osm_id": 2420708074, "osm_type": "nodes" }, "geometry": { "type": "Point", "coordinates": [ 68.9753238, 42.1725712 ] } },
{ "type": "Feature", "properties": { "name": "Таңсық", "name:en": null, "railway": "station", "ele": null, "operator:type": null, "layer": null, "addr:full": null, "addr:city": null, "source": null, "name:kk": "Таңсық", "name:ru": "Тансык", "osm_id": 2435334975, "osm_type": "nodes" }, "geometry": { "type": "Point", "coordinates": [ 79.8135062, 47.2866122 ] } },
{ "type": "Feature", "properties": { "name": "Аралқұм", "name:en": null, "railway": "station", "ele": null, "operator:type": null, "layer": null, "addr:full": null, "addr:city": null, "source": "bing", "name:kk": "Аралқұм", "name:ru": "Аралкум", "osm_id": 2583463785, "osm_type": "nodes" }, "geometry": { "type": "Point", "coordinates": [ 61.8894642, 46.5010359 ] } },
{ "type": "Feature", "properties": { "name": "Көнту", "name:en": null, "railway": "station", "ele": null, "operator:type": null, "layer": null, "addr:full": null, "addr:city": null, "source": null, "name:kk": "Көнту", "name:ru": "Конту", "osm_id": 2587653383, "osm_type": "nodes" }, "geometry": { "type": "Point", "coordinates": [ 61.4503346, 46.9376207 ] } },
{ "type": "Feature", "properties": { "name": "Кумтобе", "name:en": null, "railway": "station", "ele": null, "operator:type": null, "layer": null, "addr:full": null, "addr:city": null, "source": "bing", "name:kk": "Кумтөбе", "name:ru": "Кумтобе", "osm_id": 2705363318, "osm_type": "nodes" }, "geometry": { "type": "Point", "coordinates": [ 78.5955949, 45.6656043 ] } },
{ "type": "Feature", "properties": { "name": "№ 26 темір жол айрығы", "name:en": null, "railway": "station", "ele": null, "operator:type": null, "layer": null, "addr:full": null, "addr:city": null, "source": null, "name:kk": "№ 26 темір жол айрығы", "name:ru": "Разъезд № 26", "osm_id": 2714060728, "osm_type": "nodes" }, "geometry": { "type": "Point", "coordinates": [ 67.2855126, 43.8289544 ] } },
{ "type": "Feature", "properties": { "name": "Төменарық", "name:en": null, "railway": "station", "ele": null, "operator:type": null, "layer": null, "addr:full": null, "addr:city": null, "source": "bing", "name:kk": "Төменарық", "name:ru": "Томенарык", "osm_id": 2714084927, "osm_type": "nodes" }, "geometry": { "type": "Point", "coordinates": [ 67.0202693, 44.0275527 ] } },
{ "type": "Feature", "properties": { "name": "Ақмая", "name:en": null, "railway": "station", "ele": null, "operator:type": null, "layer": null, "addr:full": null, "addr:city": null, "source": "bing", "name:kk": "Ақмая", "name:ru": "Акмая", "osm_id": 2714084934, "osm_type": "nodes" }, "geometry": { "type": "Point", "coordinates": [ 66.8707994, 44.1036424 ] } },
{ "type": "Feature", "properties": { "name": "Шығыс Ақтоғай", "name:en": null, "railway": "station", "ele": null, "operator:type": null, "layer": null, "addr:full": null, "addr:city": null, "source": "bing, bahn.de", "name:kk": "Шығыс Ақтоғай", "name:ru": "Актогай-Восточный", "osm_id": 2790241850, "osm_type": "nodes" }, "geometry": { "type": "Point", "coordinates": [ 79.6925758, 46.9006312 ] } },
{ "type": "Feature", "properties": { "name": "Көктұма", "name:en": null, "railway": "station", "ele": null, "operator:type": null, "layer": null, "addr:full": null, "addr:city": null, "source": null, "name:kk": "Көктұма", "name:ru": "Коктума", "osm_id": 2790264981, "osm_type": "nodes" }, "geometry": { "type": "Point", "coordinates": [ 81.7157958, 45.8197178 ] } },
{ "type": "Feature", "properties": { "name": "Құлаайғыр", "name:en": "Kalagir", "railway": "station", "ele": null, "operator:type": null, "layer": null, "addr:full": null, "addr:city": null, "source": "bing", "name:kk": "Құлаайғыр", "name:ru": "Кулайгыр", "osm_id": 2791920020, "osm_type": "nodes" }, "geometry": { "type": "Point", "coordinates": [ 72.899343, 49.3598832 ] } },
{ "type": "Feature", "properties": { "name": "Айса", "name:en": null, "railway": "station", "ele": null, "operator:type": null, "layer": null, "addr:full": null, "addr:city": null, "source": "bing", "name:kk": "Айса", "name:ru": "Айса", "osm_id": 2791975582, "osm_type": "nodes" }, "geometry": { "type": "Point", "coordinates": [ 72.6258326, 48.5258637 ] } },
{ "type": "Feature", "properties": { "name": "Жалғыз Төбе", "name:en": null, "railway": "station", "ele": null, "operator:type": null, "layer": null, "addr:full": null, "addr:city": null, "source": null, "name:kk": "Жалғыз Төбе", "name:ru": "Жалгыз Тобе", "osm_id": 2799583758, "osm_type": "nodes" }, "geometry": { "type": "Point", "coordinates": [ 81.2134742, 49.2159498 ] } },
{ "type": "Feature", "properties": { "name": "Ақшолақ", "name:en": null, "railway": "station", "ele": null, "operator:type": null, "layer": null, "addr:full": null, "addr:city": null, "source": "bing", "name:kk": "Ақшолақ", "name:ru": "Акчулак", "osm_id": 2839364728, "osm_type": "nodes" }, "geometry": { "type": "Point", "coordinates": [ 71.800665, 43.0041424 ] } },
{ "type": "Feature", "properties": { "name": "Ауыл", "name:en": null, "railway": "station", "ele": null, "operator:type": null, "layer": null, "addr:full": null, "addr:city": null, "source": null, "name:kk": "Ауыл", "name:ru": "Аул", "osm_id": 3609508418, "osm_type": "nodes" }, "geometry": { "type": "Point", "coordinates": [ 81.039929, 51.0499838 ] } },
{ "type": "Feature", "properties": { "name": "Жарма", "name:en": null, "railway": "station", "ele": null, "operator:type": null, "layer": null, "addr:full": null, "addr:city": null, "source": null, "name:kk": "Жарма", "name:ru": "Жарма", "osm_id": 3711872681, "osm_type": "nodes" }, "geometry": { "type": "Point", "coordinates": [ 80.8770972, 48.7816415 ] } },
{ "type": "Feature", "properties": { "name": "Караой", "name:en": null, "railway": "station", "ele": null, "operator:type": null, "layer": null, "addr:full": null, "addr:city": null, "source": "bing", "name:kk": null, "name:ru": "Караой", "osm_id": 3755843748, "osm_type": "nodes" }, "geometry": { "type": "Point", "coordinates": [ 78.2407579, 45.4478171 ] } },
{ "type": "Feature", "properties": { "name": "Қаратас", "name:en": null, "railway": "station", "ele": null, "operator:type": null, "layer": null, "addr:full": null, "addr:city": null, "source": "bing", "name:kk": "Қаратас", "name:ru": "Каратас", "osm_id": 3755847523, "osm_type": "nodes" }, "geometry": { "type": "Point", "coordinates": [ 79.3166089, 46.6465154 ] } },
{ "type": "Feature", "properties": { "name": "Құмшағал", "name:en": null, "railway": "station", "ele": null, "operator:type": null, "layer": null, "addr:full": null, "addr:city": null, "source": null, "name:kk": "Құмшағал", "name:ru": "Кумшагал", "osm_id": 3788749509, "osm_type": "nodes" }, "geometry": { "type": "Point", "coordinates": [ 71.3083526, 42.8300609 ] } },
{ "type": "Feature", "properties": { "name": "Ынтымақ", "name:en": null, "railway": "station", "ele": null, "operator:type": null, "layer": null, "addr:full": null, "addr:city": null, "source": null, "name:kk": "Ынтымақ", "name:ru": "Ынтымак", "osm_id": 3788750968, "osm_type": "nodes" }, "geometry": { "type": "Point", "coordinates": [ 69.9402468, 42.53927 ] } },
{ "type": "Feature", "properties": { "name": "Аса", "name:en": "Asa", "railway": "station", "ele": null, "operator:type": null, "layer": null, "addr:full": null, "addr:city": null, "source": null, "name:kk": "Аса", "name:ru": "Аса", "osm_id": 3788752163, "osm_type": "nodes" }, "geometry": { "type": "Point", "coordinates": [ 71.1499461, 43.0320009 ] } },
{ "type": "Feature", "properties": { "name": "Кзыл-Сай", "name:en": null, "railway": "station", "ele": null, "operator:type": null, "layer": null, "addr:full": null, "addr:city": null, "source": null, "name:kk": null, "name:ru": "Кзыл-Сай", "osm_id": 3788753266, "osm_type": "nodes" }, "geometry": { "type": "Point", "coordinates": [ 69.7160211, 42.3537724 ] } },
{ "type": "Feature", "properties": { "name": "Жұма", "name:en": null, "railway": "station", "ele": null, "operator:type": null, "layer": null, "addr:full": null, "addr:city": null, "source": null, "name:kk": "Жұма", "name:ru": "Жума", "osm_id": 3788758957, "osm_type": "nodes" }, "geometry": { "type": "Point", "coordinates": [ 70.9119649, 43.0817407 ] } },
{ "type": "Feature", "properties": { "name": "Талас", "name:en": null, "railway": "station", "ele": null, "operator:type": null, "layer": null, "addr:full": null, "addr:city": null, "source": null, "name:kk": null, "name:ru": "Талас", "osm_id": 3788870964, "osm_type": "nodes" }, "geometry": { "type": "Point", "coordinates": [ 71.4789557, 42.9202898 ] } },
{ "type": "Feature", "properties": { "name": "Ақыртөбе", "name:en": "Akyrtobe", "railway": "station", "ele": null, "operator:type": null, "layer": null, "addr:full": null, "addr:city": null, "source": null, "name:kk": null, "name:ru": "Акыртобе", "osm_id": 3788871522, "osm_type": "nodes" }, "geometry": { "type": "Point", "coordinates": [ 72.1058108, 42.9889454 ] } },
{ "type": "Feature", "properties": { "name": "Аспара", "name:en": null, "railway": "station", "ele": null, "operator:type": null, "layer": null, "addr:full": null, "addr:city": null, "source": null, "name:kk": "Аспара", "name:ru": "Аспара", "osm_id": 3788880863, "osm_type": "nodes" }, "geometry": { "type": "Point", "coordinates": [ 73.6122052, 43.377449 ] } },
{ "type": "Feature", "properties": { "name": "Кемер", "name:en": null, "railway": "station", "ele": null, "operator:type": null, "layer": null, "addr:full": null, "addr:city": null, "source": null, "name:kk": null, "name:ru": "Кемер", "osm_id": 3788892520, "osm_type": "nodes" }, "geometry": { "type": "Point", "coordinates": [ 73.8621284, 43.7155973 ] } },
{ "type": "Feature", "properties": { "name": "Байшешек", "name:en": null, "railway": "station", "ele": null, "operator:type": null, "layer": null, "addr:full": null, "addr:city": null, "source": null, "name:kk": null, "name:ru": "Байшешек", "osm_id": 3788894160, "osm_type": "nodes" }, "geometry": { "type": "Point", "coordinates": [ 74.234217, 43.8583081 ] } },
{ "type": "Feature", "properties": { "name": "Жайлау", "name:en": null, "railway": "station", "ele": null, "operator:type": null, "layer": null, "addr:full": null, "addr:city": null, "source": null, "name:kk": "Жайлау", "name:ru": "Жайлау", "osm_id": 3789041869, "osm_type": "nodes" }, "geometry": { "type": "Point", "coordinates": [ 75.6567359, 43.5347049 ] } },
{ "type": "Feature", "properties": { "name": "Құрқұдық", "name:en": null, "railway": "station", "ele": null, "operator:type": null, "layer": null, "addr:full": null, "addr:city": null, "source": null, "name:kk": "Құрқұдық", "name:ru": "Куркудык", "osm_id": 3789056851, "osm_type": "nodes" }, "geometry": { "type": "Point", "coordinates": [ 76.5427687, 43.4679509 ] } },
{ "type": "Feature", "properties": { "name": "Қайрат", "name:en": null, "railway": "station", "ele": null, "operator:type": null, "layer": null, "addr:full": null, "addr:city": null, "source": null, "name:kk": "Қайрат", "name:ru": "Кайрат", "osm_id": 3789489962, "osm_type": "nodes" }, "geometry": { "type": "Point", "coordinates": [ 77.0931066, 43.5972455 ] } },
{ "type": "Feature", "properties": { "name": "Екпинди", "name:en": null, "railway": "station", "ele": null, "operator:type": null, "layer": null, "addr:full": null, "addr:city": null, "source": null, "name:kk": null, "name:ru": "Екпинди", "osm_id": 3789505242, "osm_type": "nodes" }, "geometry": { "type": "Point", "coordinates": [ 77.525877, 43.6392728 ] } },
{ "type": "Feature", "properties": { "name": "Шелек", "name:en": null, "railway": "station", "ele": null, "operator:type": null, "layer": null, "addr:full": null, "addr:city": null, "source": null, "name:kk": null, "name:ru": "Шелек", "osm_id": 3789960760, "osm_type": "nodes" }, "geometry": { "type": "Point", "coordinates": [ 78.3565373, 43.6660186 ] } },
{ "type": "Feature", "properties": { "name": "Курозек", "name:en": null, "railway": "station", "ele": null, "operator:type": null, "layer": null, "addr:full": null, "addr:city": null, "source": null, "name:kk": null, "name:ru": "Курозек", "osm_id": 3789961474, "osm_type": "nodes" }, "geometry": { "type": "Point", "coordinates": [ 77.3216804, 43.7194535 ] } },
{ "type": "Feature", "properties": { "name": "Таскарасу", "name:en": null, "railway": "station", "ele": null, "operator:type": null, "layer": null, "addr:full": null, "addr:city": null, "source": null, "name:kk": null, "name:ru": "Таскарасу", "osm_id": 3791054349, "osm_type": "nodes" }, "geometry": { "type": "Point", "coordinates": [ 79.4812975, 43.7376402 ] } },
{ "type": "Feature", "properties": { "name": "Шарын", "name:en": null, "railway": "station", "ele": null, "operator:type": null, "layer": null, "addr:full": null, "addr:city": null, "source": null, "name:kk": null, "name:ru": "Шарын", "osm_id": 3791058496, "osm_type": "nodes" }, "geometry": { "type": "Point", "coordinates": [ 79.187455, 43.7710119 ] } },
{ "type": "Feature", "properties": { "name": "Айдарлы", "name:en": null, "railway": "station", "ele": null, "operator:type": null, "layer": null, "addr:full": null, "addr:city": null, "source": null, "name:kk": null, "name:ru": "Айдарлы", "osm_id": 3791839378, "osm_type": "nodes" }, "geometry": { "type": "Point", "coordinates": [ 79.8153972, 43.9607076 ] } },
{ "type": "Feature", "properties": { "name": "Кундызды", "name:en": null, "railway": "station", "ele": null, "operator:type": null, "layer": null, "addr:full": null, "addr:city": null, "source": null, "name:kk": null, "name:ru": "Кундызды", "osm_id": 3791839392, "osm_type": "nodes" }, "geometry": { "type": "Point", "coordinates": [ 80.1373359, 44.0908407 ] } },
{ "type": "Feature", "properties": { "name": "Сарыкурак", "name:en": null, "railway": "station", "ele": null, "operator:type": null, "layer": null, "addr:full": null, "addr:city": null, "source": null, "name:kk": null, "name:ru": "Сарыкурак", "osm_id": 3792618764, "osm_type": "nodes" }, "geometry": { "type": "Point", "coordinates": [ 78.9636302, 46.3394662 ] } },
{ "type": "Feature", "properties": { "name": "Кокшалпин", "name:en": null, "railway": "station", "ele": null, "operator:type": null, "layer": null, "addr:full": null, "addr:city": null, "source": null, "name:kk": null, "name:ru": "Кокшалпин", "osm_id": 3792619976, "osm_type": "nodes" }, "geometry": { "type": "Point", "coordinates": [ 79.4123633, 46.7199785 ] } },
{ "type": "Feature", "properties": { "name": "№33 темір жол айрығы", "name:en": null, "railway": "station", "ele": null, "operator:type": null, "layer": null, "addr:full": null, "addr:city": null, "source": null, "name:kk": "№33 темір жол айрығы", "name:ru": "разъезд №33", "osm_id": 3792621586, "osm_type": "nodes" }, "geometry": { "type": "Point", "coordinates": [ 79.6347795, 46.8880648 ] } },
{ "type": "Feature", "properties": { "name": "Жайпақ", "name:en": null, "railway": "station", "ele": null, "operator:type": null, "layer": null, "addr:full": null, "addr:city": null, "source": null, "name:kk": "Жайпақ", "name:ru": "Жайпак", "osm_id": 3792994112, "osm_type": "nodes" }, "geometry": { "type": "Point", "coordinates": [ 81.2840637, 46.0274688 ] } },
{ "type": "Feature", "properties": { "name": "Киікті", "name:en": null, "railway": "station", "ele": null, "operator:type": null, "layer": null, "addr:full": null, "addr:city": null, "source": null, "name:kk": "Киікті", "name:ru": "Кийкти", "osm_id": 3804030259, "osm_type": "nodes" }, "geometry": { "type": "Point", "coordinates": [ 72.9064321, 47.5086677 ] } },
{ "type": "Feature", "properties": { "name": "Ақшағыл", "name:en": null, "railway": "station", "ele": null, "operator:type": null, "layer": null, "addr:full": null, "addr:city": null, "source": null, "name:kk": "Ақшағыл", "name:ru": "Акшагыл", "osm_id": 3804031566, "osm_type": "nodes" }, "geometry": { "type": "Point", "coordinates": [ 72.9347708, 47.6776617 ] } },
{ "type": "Feature", "properties": { "name": "Сарысу", "name:en": null, "railway": "station", "ele": null, "operator:type": null, "layer": null, "addr:full": null, "addr:city": null, "source": null, "name:kk": null, "name:ru": "Сарысу", "osm_id": 3804046056, "osm_type": "nodes" }, "geometry": { "type": "Point", "coordinates": [ 72.7368162, 48.6697637 ] } },
{ "type": "Feature", "properties": { "name": "17 км темір жол айрығы", "name:en": null, "railway": "station", "ele": null, "operator:type": null, "layer": null, "addr:full": null, "addr:city": null, "source": null, "name:kk": "17 км темір жол айрығы", "name:ru": "разьезд 17 км", "osm_id": 3804123435, "osm_type": "nodes" }, "geometry": { "type": "Point", "coordinates": [ 72.6509403, 48.774961 ] } },
{ "type": "Feature", "properties": { "name": "Женыс", "name:en": null, "railway": "station", "ele": null, "operator:type": null, "layer": null, "addr:full": null, "addr:city": null, "source": null, "name:kk": "Жеңіс", "name:ru": "Женыс", "osm_id": 3804137033, "osm_type": "nodes" }, "geometry": { "type": "Point", "coordinates": [ 69.9912427, 48.3784708 ] } },
{ "type": "Feature", "properties": { "name": "Жомарт", "name:en": null, "railway": "station", "ele": null, "operator:type": null, "layer": null, "addr:full": null, "addr:city": null, "source": null, "name:kk": null, "name:ru": "Жомарт", "osm_id": 3804146951, "osm_type": "nodes" }, "geometry": { "type": "Point", "coordinates": [ 70.2258057, 48.4649499 ] } },
{ "type": "Feature", "properties": { "name": "117 км", "name:en": "117 km", "railway": "station", "ele": null, "operator:type": null, "layer": null, "addr:full": null, "addr:city": null, "source": null, "name:kk": null, "name:ru": "117 км", "osm_id": 3804162558, "osm_type": "nodes" }, "geometry": { "type": "Point", "coordinates": [ 71.356854, 48.5780326 ] } },
{ "type": "Feature", "properties": { "name": "Дария", "name:en": null, "railway": "station", "ele": null, "operator:type": null, "layer": null, "addr:full": null, "addr:city": null, "source": null, "name:kk": "Дария", "name:ru": "Дария", "osm_id": 3804572591, "osm_type": "nodes" }, "geometry": { "type": "Point", "coordinates": [ 72.9477309, 49.0851828 ] } },
{ "type": "Feature", "properties": { "name": "Мырза", "name:en": null, "railway": "station", "ele": null, "operator:type": null, "layer": null, "addr:full": null, "addr:city": null, "source": null, "name:kk": "Мырза", "name:ru": "Мырза", "osm_id": 3804589479, "osm_type": "nodes" }, "geometry": { "type": "Point", "coordinates": [ 73.0870132, 50.2066215 ] } },
{ "type": "Feature", "properties": { "name": "Астаховка", "name:en": null, "railway": "station", "ele": null, "operator:type": null, "layer": null, "addr:full": null, "addr:city": null, "source": null, "name:kk": null, "name:ru": "Астаховка", "osm_id": 3804591541, "osm_type": "nodes" }, "geometry": { "type": "Point", "coordinates": [ 73.0453228, 50.2955286 ] } },
{ "type": "Feature", "properties": { "name": "Чарская", "name:en": "Charskaya", "railway": "station", "ele": null, "operator:type": null, "layer": null, "addr:full": null, "addr:city": null, "source": null, "name:kk": "Шар", "name:ru": "Чарская", "osm_id": 4032336058, "osm_type": "nodes" }, "geometry": { "type": "Point", "coordinates": [ 81.0508028, 49.5866658 ] } },
{ "type": "Feature", "properties": { "name": "Енрекей", "name:en": null, "railway": "station", "ele": null, "operator:type": null, "layer": null, "addr:full": null, "addr:city": null, "source": null, "name:kk": null, "name:ru": "Енрекей", "osm_id": 3798768932, "osm_type": "nodes" }, "geometry": { "type": "Point", "coordinates": [ 80.4609076, 48.3518681 ] } },
{ "type": "Feature", "properties": { "name": "Сарыжал", "name:en": null, "railway": "station", "ele": null, "operator:type": null, "layer": null, "addr:full": null, "addr:city": null, "source": null, "name:kk": null, "name:ru": "Сарыжал", "osm_id": 3801766401, "osm_type": "nodes" }, "geometry": { "type": "Point", "coordinates": [ 81.1803309, 49.6868179 ] } },
{ "type": "Feature", "properties": { "name": "Екаша", "name:en": null, "railway": "station", "ele": null, "operator:type": null, "layer": null, "addr:full": null, "addr:city": null, "source": null, "name:kk": null, "name:ru": "Екаша", "osm_id": 3801775641, "osm_type": "nodes" }, "geometry": { "type": "Point", "coordinates": [ 81.9329003, 49.7856962 ] } },
{ "type": "Feature", "properties": { "name": "Коршуново", "name:en": null, "railway": "station", "ele": null, "operator:type": null, "layer": null, "addr:full": null, "addr:city": null, "source": null, "name:kk": null, "name:ru": "Коршуново", "osm_id": 3801780031, "osm_type": "nodes" }, "geometry": { "type": "Point", "coordinates": [ 82.7728249, 50.0223122 ] } },
{ "type": "Feature", "properties": { "name": "Аврора", "name:en": null, "railway": "station", "ele": null, "operator:type": null, "layer": null, "addr:full": null, "addr:city": null, "source": null, "name:kk": null, "name:ru": "Аврора", "osm_id": 3801800620, "osm_type": "nodes" }, "geometry": { "type": "Point", "coordinates": [ 82.1325464, 50.3886597 ] } },
{ "type": "Feature", "properties": { "name": "Шоптыхак", "name:en": null, "railway": "station", "ele": null, "operator:type": null, "layer": null, "addr:full": null, "addr:city": null, "source": null, "name:kk": null, "name:ru": "Шоптыхак", "osm_id": 3802531990, "osm_type": "nodes" }, "geometry": { "type": "Point", "coordinates": [ 80.4543205, 50.2320761 ] } },
{ "type": "Feature", "properties": { "name": "Ушбалык", "name:en": null, "railway": "station", "ele": null, "operator:type": null, "layer": null, "addr:full": null, "addr:city": null, "source": null, "name:kk": null, "name:ru": "Ушбалык", "osm_id": 3803626377, "osm_type": "nodes" }, "geometry": { "type": "Point", "coordinates": [ 73.8355838, 45.2405908 ] } },
{ "type": "Feature", "properties": { "name": "Аркарлы", "name:en": null, "railway": "station", "ele": null, "operator:type": null, "layer": null, "addr:full": null, "addr:city": null, "source": null, "name:kk": null, "name:ru": "Аркарлы", "osm_id": 3804028853, "osm_type": "nodes" }, "geometry": { "type": "Point", "coordinates": [ 73.1446226, 47.3598055 ] } },
{ "type": "Feature", "properties": { "name": "Арыс-2", "name:en": null, "railway": "station", "ele": null, "operator:type": null, "layer": null, "addr:full": null, "addr:city": null, "source": null, "name:kk": "Арыс-2", "name:ru": "Арысь-2", "osm_id": 4021927563, "osm_type": "nodes" }, "geometry": { "type": "Point", "coordinates": [ 68.800049, 42.4379778 ] } },
{ "type": "Feature", "properties": { "name": "Еспе", "name:en": null, "railway": "station", "ele": null, "operator:type": null, "layer": null, "addr:full": null, "addr:city": null, "source": "bing", "name:kk": "Еспе", "name:ru": "Эспе", "osm_id": 4025083264, "osm_type": "nodes" }, "geometry": { "type": "Point", "coordinates": [ 74.1419882, 43.8746578 ] } },
{ "type": "Feature", "properties": { "name": "Кара-Узяк", "name:en": null, "railway": "station", "ele": null, "operator:type": null, "layer": null, "addr:full": null, "addr:city": null, "source": null, "name:kk": null, "name:ru": "Кара-Узяк", "osm_id": 4025962071, "osm_type": "nodes" }, "geometry": { "type": "Point", "coordinates": [ 65.2782248, 44.9972738 ] } },
{ "type": "Feature", "properties": { "name": "Жалаңашкөл", "name:en": null, "railway": "station", "ele": null, "operator:type": null, "layer": null, "addr:full": null, "addr:city": null, "source": null, "name:kk": "Жалаңашкөл", "name:ru": "Жаланашколь", "osm_id": 4025962073, "osm_type": "nodes" }, "geometry": { "type": "Point", "coordinates": [ 82.1786048, 45.592871 ] } },
{ "type": "Feature", "properties": { "name": "Каракеткен", "name:en": null, "railway": "station", "ele": null, "operator:type": null, "layer": null, "addr:full": null, "addr:city": null, "source": "bing", "name:kk": null, "name:ru": "Кара-Кеткен", "osm_id": 4025962079, "osm_type": "nodes" }, "geometry": { "type": "Point", "coordinates": [ 64.5210731, 45.1865473 ] } },
{ "type": "Feature", "properties": { "name": "Жиланды", "name:en": "Zhilandy", "railway": "station", "ele": null, "operator:type": null, "layer": null, "addr:full": null, "addr:city": null, "source": "bing", "name:kk": null, "name:ru": "Жиланды", "osm_id": 4030794151, "osm_type": "nodes" }, "geometry": { "type": "Point", "coordinates": [ 80.2764634, 47.6861427 ] } },
{ "type": "Feature", "properties": { "name": "Шорнак", "name:en": null, "railway": "station", "ele": null, "operator:type": null, "layer": null, "addr:full": null, "addr:city": null, "source": null, "name:kk": "Чернак", "name:ru": "Шорнак", "osm_id": 4030794164, "osm_type": "nodes" }, "geometry": { "type": "Point", "coordinates": [ 68.0241322, 43.3875953 ] } },
{ "type": "Feature", "properties": { "name": "Түлкібас", "name:en": "Tulkibas", "railway": "station", "ele": null, "operator:type": null, "layer": null, "addr:full": null, "addr:city": null, "source": null, "name:kk": "Түлкібас", "name:ru": "Тулкибас", "osm_id": 4031286688, "osm_type": "nodes" }, "geometry": { "type": "Point", "coordinates": [ 70.284245, 42.4900795 ] } },
{ "type": "Feature", "properties": { "name": "Қосқұдық", "name:en": null, "railway": "station", "ele": null, "operator:type": null, "layer": null, "addr:full": null, "addr:city": null, "source": "bing", "name:kk": "Қосқұдық", "name:ru": "Коскудык", "osm_id": 4034464669, "osm_type": "nodes" }, "geometry": { "type": "Point", "coordinates": [ 77.4109299, 44.0773756 ] } },
{ "type": "Feature", "properties": { "name": "69 км", "name:en": "69 km", "railway": "station", "ele": null, "operator:type": null, "layer": null, "addr:full": null, "addr:city": null, "source": "mapbox", "name:kk": null, "name:ru": "69 км", "osm_id": 4040497236, "osm_type": "nodes" }, "geometry": { "type": "Point", "coordinates": [ 71.9534527, 48.7095979 ] } },
{ "type": "Feature", "properties": { "name": "Алтындала", "name:en": null, "railway": "station", "ele": null, "operator:type": null, "layer": null, "addr:full": null, "addr:city": "Станция Алтындала", "source": "bing", "name:kk": null, "name:ru": "Алтындала", "osm_id": 4041217721, "osm_type": "nodes" }, "geometry": { "type": "Point", "coordinates": [ 77.4732137, 44.1701915 ] } },
{ "type": "Feature", "properties": { "name": "Аңырақай", "name:en": null, "railway": "station", "ele": null, "operator:type": null, "layer": null, "addr:full": null, "addr:city": null, "source": "bing", "name:kk": null, "name:ru": "Аныракай", "osm_id": 4041217722, "osm_type": "nodes" }, "geometry": { "type": "Point", "coordinates": [ 74.8267893, 43.6960676 ] } },
{ "type": "Feature", "properties": { "name": "Быжы", "name:en": null, "railway": "station", "ele": null, "operator:type": null, "layer": null, "addr:full": null, "addr:city": null, "source": "bing", "name:kk": "Быжы", "name:ru": "Быжы", "osm_id": 4041217723, "osm_type": "nodes" }, "geometry": { "type": "Point", "coordinates": [ 77.8878178, 44.893756 ] } },
{ "type": "Feature", "properties": { "name": "Жасказах", "name:en": "Zhaskazakh", "railway": "station", "ele": null, "operator:type": null, "layer": null, "addr:full": null, "addr:city": null, "source": "bing", "name:kk": null, "name:ru": "Жасказах", "osm_id": 4041217724, "osm_type": "nodes" }, "geometry": { "type": "Point", "coordinates": [ 78.8547965, 46.1092499 ] } },
{ "type": "Feature", "properties": { "name": "Көшкентал", "name:en": null, "railway": "station", "ele": null, "operator:type": null, "layer": null, "addr:full": null, "addr:city": null, "source": null, "name:kk": "Көшкентал", "name:ru": "Кошкентал", "osm_id": 4041217726, "osm_type": "nodes" }, "geometry": { "type": "Point", "coordinates": [ 80.3640516, 47.8146677 ] } },
{ "type": "Feature", "properties": { "name": "Шайқорық", "name:en": null, "railway": "station", "ele": null, "operator:type": null, "layer": null, "addr:full": null, "addr:city": null, "source": "bing", "name:kk": "Шайқорық", "name:ru": "Шайқорық", "osm_id": 4041217731, "osm_type": "nodes" }, "geometry": { "type": "Point", "coordinates": [ 71.3499446, 42.9531642 ] } },
{ "type": "Feature", "properties": { "name": "Керегетас", "name:en": null, "railway": "station", "ele": null, "operator:type": null, "layer": null, "addr:full": null, "addr:city": null, "source": null, "name:kk": null, "name:ru": "Керегетас", "osm_id": 4041813391, "osm_type": "nodes" }, "geometry": { "type": "Point", "coordinates": [ 78.8883151, 46.2770894 ] } },
{ "type": "Feature", "properties": { "name": "Рулиха", "name:en": null, "railway": "station", "ele": null, "operator:type": null, "layer": null, "addr:full": null, "addr:city": null, "source": "GNS", "name:kk": null, "name:ru": "Рулиха", "osm_id": 4041813394, "osm_type": "nodes" }, "geometry": { "type": "Point", "coordinates": [ 81.9548388, 50.488838 ] } },
{ "type": "Feature", "properties": { "name": "Талдынская", "name:en": null, "railway": "station", "ele": null, "operator:type": null, "layer": null, "addr:full": null, "addr:city": null, "source": "bing", "name:kk": null, "name:ru": "Талдынская", "osm_id": 4041813396, "osm_type": "nodes" }, "geometry": { "type": "Point", "coordinates": [ 79.7071127, 50.4296401 ] } },
{ "type": "Feature", "properties": { "name": "Дарбаза", "name:en": null, "railway": "station", "ele": null, "operator:type": null, "layer": null, "addr:full": null, "addr:city": null, "source": null, "name:kk": "Дарбаза", "name:ru": "Дарбаза", "osm_id": 4046956030, "osm_type": "nodes" }, "geometry": { "type": "Point", "coordinates": [ 69.0886858, 41.569436 ] } },
{ "type": "Feature", "properties": { "name": "Сарыкум", "name:en": null, "railway": "station", "ele": null, "operator:type": null, "layer": null, "addr:full": null, "addr:city": null, "source": null, "name:kk": null, "name:ru": "Сарыкум", "osm_id": 4049889224, "osm_type": "nodes" }, "geometry": { "type": "Point", "coordinates": [ 80.2043458, 46.677562 ] } },
{ "type": "Feature", "properties": { "name": "Парковый", "name:en": null, "railway": "station", "ele": null, "operator:type": null, "layer": null, "addr:full": null, "addr:city": null, "source": "bing", "name:kk": null, "name:ru": "Парковый", "osm_id": 4064729702, "osm_type": "nodes" }, "geometry": { "type": "Point", "coordinates": [ 68.8535124, 42.4186391 ] } },
{ "type": "Feature", "properties": { "name": "№460 темір жол төсемі", "name:en": null, "railway": "station", "ele": null, "operator:type": null, "layer": null, "addr:full": null, "addr:city": null, "source": "bing", "name:kk": "№460 темір жол төсемі", "name:ru": "разъезд №460", "osm_id": 4064729711, "osm_type": "nodes" }, "geometry": { "type": "Point", "coordinates": [ 55.0778579, 45.465961 ] } },
{ "type": "Feature", "properties": { "name": "Жаңатас", "name:en": null, "railway": "station", "ele": null, "operator:type": null, "layer": null, "addr:full": null, "addr:city": null, "source": null, "name:kk": "Жаңатас", "name:ru": "Жанатас", "osm_id": 4034464665, "osm_type": "nodes" }, "geometry": { "type": "Point", "coordinates": [ 69.7280538, 43.5613524 ] } },
{ "type": "Feature", "properties": { "name": "Разъезд № 11", "name:en": null, "railway": "station", "ele": null, "operator:type": null, "layer": null, "addr:full": null, "addr:city": null, "source": null, "name:kk": null, "name:ru": null, "osm_id": 3016356000, "osm_type": "nodes" }, "geometry": { "type": "Point", "coordinates": [ 52.7400242, 44.2021707 ] } },
{ "type": "Feature", "properties": { "name": "Кокбулак", "name:en": null, "railway": "station", "ele": null, "operator:type": null, "layer": null, "addr:full": null, "addr:city": null, "source": null, "name:kk": null, "name:ru": "Кокбулак", "osm_id": 4064729700, "osm_type": "nodes" }, "geometry": { "type": "Point", "coordinates": [ 69.36554, 42.3767427 ] } },
{ "type": "Feature", "properties": { "name": "№1", "name:en": null, "railway": "station", "ele": null, "operator:type": null, "layer": null, "addr:full": null, "addr:city": null, "source": null, "name:kk": null, "name:ru": null, "osm_id": 8559076879, "osm_type": "nodes" }, "geometry": { "type": "Point", "coordinates": [ 55.165658, 45.208323 ] } },
{ "type": "Feature", "properties": { "name": "Кокбулак", "name:en": null, "railway": "station", "ele": null, "operator:type": null, "layer": null, "addr:full": null, "addr:city": null, "source": null, "name:kk": null, "name:ru": "Кокбулак", "osm_id": 12565829473, "osm_type": "nodes" }, "geometry": { "type": "Point", "coordinates": [ 69.3655261, 42.3766957 ] } },
{ "type": "Feature", "properties": { "name": "Құрқамыс", "name:en": null, "railway": "station", "ele": null, "operator:type": null, "layer": null, "addr:full": null, "addr:city": null, "source": "Bing", "name:kk": "Құрқамыс", "name:ru": "Куркамыс", "osm_id": 4029732479, "osm_type": "nodes" }, "geometry": { "type": "Point", "coordinates": [ 78.5386832, 52.5245812 ] } },
{ "type": "Feature", "properties": { "name": "Райымбек батыр", "name:en": "Raiymbek batyr", "railway": "station", "ele": null, "operator:type": null, "layer": null, "addr:full": null, "addr:city": null, "source": null, "name:kk": "Райымбек батыр", "name:ru": "Райымбек батыра", "osm_id": 9346636498, "osm_type": "nodes" }, "geometry": { "type": "Point", "coordinates": [ 76.9446607, 43.271107 ] } },
{ "type": "Feature", "properties": { "name": "Жетыген", "name:en": null, "railway": "station", "ele": null, "operator:type": null, "layer": null, "addr:full": null, "addr:city": null, "source": null, "name:kk": null, "name:ru": null, "osm_id": 2406190344, "osm_type": "nodes" }, "geometry": { "type": "Point", "coordinates": [ 77.1258969, 43.6887027 ] } },
{ "type": "Feature", "properties": { "name": "Орал-Тауар", "name:en": null, "railway": "station", "ele": null, "operator:type": null, "layer": null, "addr:full": null, "addr:city": null, "source": null, "name:kk": "Орал-Тауар", "name:ru": "Уральск-Товарная", "osm_id": 7063621814, "osm_type": "nodes" }, "geometry": { "type": "Point", "coordinates": [ 51.3120598, 51.2464867 ] } },
{ "type": "Feature", "properties": { "name": "Боралдай", "name:en": "Boralday", "railway": "station", "ele": null, "operator:type": null, "layer": null, "addr:full": null, "addr:city": null, "source": "bing", "name:kk": "Боралдай", "name:ru": "Боралдай", "osm_id": 2847562193, "osm_type": "nodes" }, "geometry": { "type": "Point", "coordinates": [ 76.8590003, 43.3574362 ] } },
{ "type": "Feature", "properties": { "name": "Мыңадыр", "name:en": null, "railway": "station", "ele": null, "operator:type": null, "layer": null, "addr:full": null, "addr:city": null, "source": null, "name:kk": "Мыңадыр", "name:ru": "Мынадыр", "osm_id": 3804152755, "osm_type": "nodes" }, "geometry": { "type": "Point", "coordinates": [ 70.61969, 48.5516024 ] } },
{ "type": "Feature", "properties": { "name": "Курышдаласы", "name:en": null, "railway": "station", "ele": null, "operator:type": null, "layer": null, "addr:full": null, "addr:city": null, "source": null, "name:kk": null, "name:ru": null, "osm_id": 810136290, "osm_type": "nodes" }, "geometry": { "type": "Point", "coordinates": [ 77.9996246, 45.3336639 ] } },
{ "type": "Feature", "properties": { "name": "Алатау", "name:en": "Alatau", "railway": "station", "ele": null, "operator:type": null, "layer": "-1", "addr:full": null, "addr:city": null, "source": null, "name:kk": "Алатау", "name:ru": "Алатау", "osm_id": 2522351050, "osm_type": "nodes" }, "geometry": { "type": "Point", "coordinates": [ 76.8975512, 43.2384534 ] } },
{ "type": "Feature", "properties": { "name": "Мұхтар Әуезов атындағы театры", "name:en": "Auezov Theatre", "railway": "station", "ele": null, "operator:type": null, "layer": "-1", "addr:full": null, "addr:city": null, "source": null, "name:kk": "Мұхтар Әуезов атындағы театры", "name:ru": "Театр имени Мухтара Ауэзова", "osm_id": 2522351055, "osm_type": "nodes" }, "geometry": { "type": "Point", "coordinates": [ 76.9170196, 43.2402649 ] } },
{ "type": "Feature", "properties": { "name": "Уәлиханов", "name:en": null, "railway": "station", "ele": null, "operator:type": null, "layer": null, "addr:full": null, "addr:city": null, "source": null, "name:kk": "Уәлиханов", "name:ru": "Валиханово", "osm_id": 1444152909, "osm_type": "nodes" }, "geometry": { "type": "Point", "coordinates": [ 75.8068561, 53.8140201 ] } },
{ "type": "Feature", "properties": { "name": "Сам", "name:en": null, "railway": "station", "ele": null, "operator:type": null, "layer": null, "addr:full": null, "addr:city": null, "source": null, "name:kk": null, "name:ru": null, "osm_id": 4264573203, "osm_type": "nodes" }, "geometry": { "type": "Point", "coordinates": [ 55.8511784, 45.2316075 ] } },
{ "type": "Feature", "properties": { "name": "Сарыкөл", "name:en": null, "railway": "station", "ele": null, "operator:type": null, "layer": null, "addr:full": null, "addr:city": null, "source": null, "name:kk": "Сарыкөл", "name:ru": "Сарыколь", "osm_id": 4209174689, "osm_type": "nodes" }, "geometry": { "type": "Point", "coordinates": [ 65.5771603, 53.2850911 ] } },
{ "type": "Feature", "properties": { "name": "Разъезд № 22", "name:en": null, "railway": "station", "ele": null, "operator:type": null, "layer": null, "addr:full": null, "addr:city": null, "source": null, "name:kk": null, "name:ru": null, "osm_id": 2402414981, "osm_type": "nodes" }, "geometry": { "type": "Point", "coordinates": [ 80.4119285, 47.8995997 ] } },
{ "type": "Feature", "properties": { "name": "Арганты", "name:en": null, "railway": "station", "ele": null, "operator:type": null, "layer": null, "addr:full": null, "addr:city": null, "source": null, "name:kk": null, "name:ru": null, "osm_id": 9691723714, "osm_type": "nodes" }, "geometry": { "type": "Point", "coordinates": [ 79.0810315, 46.448526 ] } },
{ "type": "Feature", "properties": { "name": "ЖД разъезд №9", "name:en": null, "railway": "station", "ele": null, "operator:type": null, "layer": null, "addr:full": null, "addr:city": null, "source": null, "name:kk": null, "name:ru": null, "osm_id": 3798774849, "osm_type": "nodes" }, "geometry": { "type": "Point", "coordinates": [ 81.2724442, 49.3288059 ] } },
{ "type": "Feature", "properties": { "name": "ЖД станция Шалабай", "name:en": null, "railway": "station", "ele": null, "operator:type": null, "layer": null, "addr:full": null, "addr:city": "Шалабай", "source": null, "name:kk": null, "name:ru": null, "osm_id": 3801769163, "osm_type": "nodes" }, "geometry": { "type": "Point", "coordinates": [ 81.497784, 49.6781754 ] } },
{ "type": "Feature", "properties": { "name": "Весна", "name:en": null, "railway": "station", "ele": null, "operator:type": null, "layer": null, "addr:full": null, "addr:city": null, "source": null, "name:kk": null, "name:ru": null, "osm_id": 2780859209, "osm_type": "nodes" }, "geometry": { "type": "Point", "coordinates": [ 72.9930973, 50.0692506 ] } },
{ "type": "Feature", "properties": { "name": "Тербенбес", "name:en": null, "railway": "station", "ele": null, "operator:type": null, "layer": null, "addr:full": null, "addr:city": null, "source": null, "name:kk": null, "name:ru": null, "osm_id": 7069183330, "osm_type": "nodes" }, "geometry": { "type": "Point", "coordinates": [ 61.24543, 47.035877 ] } },
{ "type": "Feature", "properties": { "name": null, "name:en": null, "railway": "station", "ele": null, "operator:type": null, "layer": null, "addr:full": null, "addr:city": null, "source": null, "name:kk": null, "name:ru": null, "osm_id": 7262858026, "osm_type": "nodes" }, "geometry": { "type": "Point", "coordinates": [ 51.5718841, 43.2247939 ] } },
{ "type": "Feature", "properties": { "name": "Қызылтаң", "name:en": null, "railway": "station", "ele": null, "operator:type": null, "layer": null, "addr:full": null, "addr:city": null, "source": "bing", "name:kk": null, "name:ru": null, "osm_id": 2844003932, "osm_type": "nodes" }, "geometry": { "type": "Point", "coordinates": [ 75.3439932, 43.5343154 ] } },
{ "type": "Feature", "properties": { "name": "Доссор", "name:en": null, "railway": "station", "ele": null, "operator:type": null, "layer": null, "addr:full": null, "addr:city": null, "source": null, "name:kk": null, "name:ru": null, "osm_id": 4022911770, "osm_type": "nodes" }, "geometry": { "type": "Point", "coordinates": [ 52.9611052, 47.5104512 ] } },
{ "type": "Feature", "properties": { "name": null, "name:en": null, "railway": "station", "ele": null, "operator:type": null, "layer": null, "addr:full": null, "addr:city": null, "source": null, "name:kk": null, "name:ru": null, "osm_id": 10579159661, "osm_type": "nodes" }, "geometry": { "type": "Point", "coordinates": [ 51.4942428, 43.1923582 ] } },
{ "type": "Feature", "properties": { "name": "Копмола", "name:en": null, "railway": "station", "ele": null, "operator:type": null, "layer": null, "addr:full": null, "addr:city": null, "source": null, "name:kk": null, "name:ru": null, "osm_id": 1913649740, "osm_type": "nodes" }, "geometry": { "type": "Point", "coordinates": [ 59.9371783, 47.704327 ] } },
{ "type": "Feature", "properties": { "name": "Кендала", "name:en": null, "railway": "station", "ele": null, "operator:type": null, "layer": null, "addr:full": null, "addr:city": null, "source": "bing", "name:kk": null, "name:ru": null, "osm_id": 2622423708, "osm_type": "nodes" }, "geometry": { "type": "Point", "coordinates": [ 60.0519419, 47.6796422 ] } },
{ "type": "Feature", "properties": { "name": "Елімай", "name:en": null, "railway": "station", "ele": null, "operator:type": null, "layer": null, "addr:full": null, "addr:city": null, "source": null, "name:kk": null, "name:ru": "Елимай", "osm_id": 4054265348, "osm_type": "nodes" }, "geometry": { "type": "Point", "coordinates": [ 61.1745749, 52.9810669 ] } },
{ "type": "Feature", "properties": { "name": "Махталы", "name:en": null, "railway": "station", "ele": null, "operator:type": null, "layer": null, "addr:full": null, "addr:city": null, "source": null, "name:kk": null, "name:ru": null, "osm_id": 11250451562, "osm_type": "nodes" }, "geometry": { "type": "Point", "coordinates": [ 68.1122592, 40.9226807 ] } },
{ "type": "Feature", "properties": { "name": "Жомарт", "name:en": null, "railway": "station", "ele": null, "operator:type": null, "layer": null, "addr:full": null, "addr:city": null, "source": null, "name:kk": null, "name:ru": null, "osm_id": 9077142462, "osm_type": "nodes" }, "geometry": { "type": "Point", "coordinates": [ 68.9626609, 46.8437912 ] } },
{ "type": "Feature", "properties": { "name": "Айбат", "name:en": null, "railway": "station", "ele": null, "operator:type": null, "layer": null, "addr:full": null, "addr:city": null, "source": null, "name:kk": "Айбат", "name:ru": "Айбат", "osm_id": 9077142463, "osm_type": "nodes" }, "geometry": { "type": "Point", "coordinates": [ 68.9011417, 46.8907897 ] } },
{ "type": "Feature", "properties": { "name": "разъезд Байконыр", "name:en": null, "railway": "station", "ele": null, "operator:type": null, "layer": null, "addr:full": null, "addr:city": null, "source": null, "name:kk": null, "name:ru": null, "osm_id": 3617792725, "osm_type": "nodes" }, "geometry": { "type": "Point", "coordinates": [ 66.0961776, 47.8242537 ] } },
{ "type": "Feature", "properties": { "name": "Аймақ", "name:en": null, "railway": "station", "ele": null, "operator:type": null, "layer": null, "addr:full": null, "addr:city": null, "source": null, "name:kk": "Аймақ", "name:ru": "Аймак", "osm_id": 3805590835, "osm_type": "nodes" }, "geometry": { "type": "Point", "coordinates": [ 70.1417885, 53.4517009 ] } },
{ "type": "Feature", "properties": { "name": "Разъезд № 17", "name:en": null, "railway": "station", "ele": null, "operator:type": null, "layer": null, "addr:full": null, "addr:city": null, "source": null, "name:kk": null, "name:ru": "№ 17", "osm_id": 3805455712, "osm_type": "nodes" }, "geometry": { "type": "Point", "coordinates": [ 69.6692304, 53.1921964 ] } },
{ "type": "Feature", "properties": { "name": "Кзыл-Ту", "name:en": null, "railway": "station", "ele": null, "operator:type": null, "layer": null, "addr:full": null, "addr:city": null, "source": null, "name:kk": null, "name:ru": "Кзыл-Ту", "osm_id": 4034464667, "osm_type": "nodes" }, "geometry": { "type": "Point", "coordinates": [ 72.3630917, 53.6477267 ] } },
{ "type": "Feature", "properties": { "name": "Трофимовка", "name:en": null, "railway": "station", "ele": null, "operator:type": null, "layer": null, "addr:full": null, "addr:city": null, "source": null, "name:kk": "Трофимовка", "name:ru": "Трофимовка", "osm_id": 3234576867, "osm_type": "nodes" }, "geometry": { "type": "Point", "coordinates": [ 69.7322933, 53.3818326 ] } },
{ "type": "Feature", "properties": { "name": "Сулы", "name:en": null, "railway": "station", "ele": null, "operator:type": null, "layer": null, "addr:full": null, "addr:city": null, "source": "bing, bahn.de", "name:kk": "Сулы", "name:ru": "Сулинский", "osm_id": 12779159037, "osm_type": "nodes" }, "geometry": { "type": "Point", "coordinates": [ 66.5226305, 53.7508187 ] } },
{ "type": "Feature", "properties": { "name": "Жалтыр", "name:en": null, "railway": "station", "ele": null, "operator:type": null, "layer": null, "addr:full": null, "addr:city": null, "source": null, "name:kk": "Жалтыр", "name:ru": "Жалтыр", "osm_id": 4022911771, "osm_type": "nodes" }, "geometry": { "type": "Point", "coordinates": [ 69.8359061, 51.6310107 ] } },
{ "type": "Feature", "properties": { "name": "Абай", "name:en": null, "railway": "station", "ele": null, "operator:type": null, "layer": null, "addr:full": null, "addr:city": null, "source": null, "name:kk": null, "name:ru": "Абай", "osm_id": 3617549887, "osm_type": "nodes" }, "geometry": { "type": "Point", "coordinates": [ 62.318073, 47.2383573 ] } },
{ "type": "Feature", "properties": { "name": "Боржакты", "name:en": null, "railway": "station", "ele": null, "operator:type": null, "layer": null, "addr:full": null, "addr:city": null, "source": null, "name:kk": null, "name:ru": "Боржакты", "osm_id": 4072423867, "osm_type": "nodes" }, "geometry": { "type": "Point", "coordinates": [ 51.5963324, 43.3438091 ] } },
{ "type": "Feature", "properties": { "name": "Ерсай", "name:en": "Ersai", "railway": "station", "ele": null, "operator:type": null, "layer": null, "addr:full": null, "addr:city": null, "source": null, "name:kk": null, "name:ru": null, "osm_id": 7066119030, "osm_type": "nodes" }, "geometry": { "type": "Point", "coordinates": [ 51.5832366, 43.195269 ] } },
{ "type": "Feature", "properties": { "name": "Пойма", "name:en": null, "railway": "station", "ele": null, "operator:type": null, "layer": null, "addr:full": null, "addr:city": null, "source": null, "name:kk": null, "name:ru": "Пойма", "osm_id": 3783610884, "osm_type": "nodes" }, "geometry": { "type": "Point", "coordinates": [ 51.6105399, 51.2075727 ] } },
{ "type": "Feature", "properties": { "name": "Бірлік 2", "name:en": null, "railway": "station", "ele": null, "operator:type": null, "layer": null, "addr:full": null, "addr:city": null, "source": null, "name:kk": "Бірлік 2", "name:ru": "Берлик 2", "osm_id": 4049889221, "osm_type": "nodes" }, "geometry": { "type": "Point", "coordinates": [ 73.8285021, 43.7009145 ] } },
{ "type": "Feature", "properties": { "name": "Разъезд №16", "name:en": null, "railway": "station", "ele": null, "operator:type": null, "layer": null, "addr:full": null, "addr:city": null, "source": "GNS", "name:kk": "Джаланашкуль", "name:ru": null, "osm_id": 534087569, "osm_type": "nodes" }, "geometry": { "type": "Point", "coordinates": [ 82.0511953, 45.7512221 ] } },
{ "type": "Feature", "properties": { "name": "Ізімбет", "name:en": null, "railway": "station", "ele": null, "operator:type": null, "layer": null, "addr:full": null, "addr:city": null, "source": "bing", "name:kk": "Ізімбет", "name:ru": "Изимбет", "osm_id": 2744722481, "osm_type": "nodes" }, "geometry": { "type": "Point", "coordinates": [ 57.8219263, 49.1145005 ] } },
{ "type": "Feature", "properties": { "name": "Күркіреусу", "name:en": null, "railway": "station", "ele": null, "operator:type": null, "layer": null, "addr:full": null, "addr:city": null, "source": null, "name:kk": "Күркіреусу", "name:ru": "Куркуреусу", "osm_id": 3788745646, "osm_type": "nodes" }, "geometry": { "type": "Point", "coordinates": [ 71.0927879, 42.6632935 ] } },
{ "type": "Feature", "properties": { "name": "Саз", "name:en": null, "railway": "station", "ele": null, "operator:type": null, "layer": null, "addr:full": null, "addr:city": null, "source": "bing", "name:kk": null, "name:ru": "Саз", "osm_id": 4041217729, "osm_type": "nodes" }, "geometry": { "type": "Point", "coordinates": [ 75.9796106, 43.5768196 ] } },
{ "type": "Feature", "properties": { "name": "Лисаковск", "name:en": null, "railway": "station", "ele": null, "operator:type": null, "layer": null, "addr:full": null, "addr:city": null, "source": null, "name:kk": null, "name:ru": null, "osm_id": 2495152466, "osm_type": "nodes" }, "geometry": { "type": "Point", "coordinates": [ 62.4852099, 52.5354636 ] } },
{ "type": "Feature", "properties": { "name": "Мартук", "name:en": "Martuk", "railway": "station", "ele": null, "operator:type": null, "layer": null, "addr:full": null, "addr:city": null, "source": null, "name:kk": null, "name:ru": null, "osm_id": 2623323531, "osm_type": "nodes" }, "geometry": { "type": "Point", "coordinates": [ 56.5152661, 50.7490779 ] } },
{ "type": "Feature", "properties": { "name": "Шөлдала", "name:en": "Sholdala", "railway": "station", "ele": null, "operator:type": null, "layer": null, "addr:full": null, "addr:city": null, "source": null, "name:kk": null, "name:ru": null, "osm_id": 3788737432, "osm_type": "nodes" }, "geometry": { "type": "Point", "coordinates": [ 71.2814496, 42.7789088 ] } },
{ "type": "Feature", "properties": { "name": "Аягөз", "name:en": "Ayagöz", "railway": "station", "ele": null, "operator:type": null, "layer": null, "addr:full": null, "addr:city": null, "source": null, "name:kk": "Аягөз", "name:ru": "Железнодорожный вокзал Аягоз", "osm_id": 4020137346, "osm_type": "nodes" }, "geometry": { "type": "Point", "coordinates": [ 80.443656, 47.9630975 ] } },
{ "type": "Feature", "properties": { "name": "Бекет № 2", "name:en": "Siding № 2", "railway": "station", "ele": null, "operator:type": null, "layer": null, "addr:full": null, "addr:city": null, "source": null, "name:kk": null, "name:ru": "Разъезд № 2", "osm_id": 8559121079, "osm_type": "nodes" }, "geometry": { "type": "Point", "coordinates": [ 54.8073657, 44.9544086 ] } },
{ "type": "Feature", "properties": { "name": "Өскемен станциясы", "name:en": null, "railway": "station", "ele": null, "operator:type": null, "layer": null, "addr:full": null, "addr:city": null, "source": null, "name:kk": "Өскемен станциясы", "name:ru": "Станция Усть-Каменогорск", "osm_id": 4041217730, "osm_type": "nodes" }, "geometry": { "type": "Point", "coordinates": [ 82.6477443, 49.9560618 ] } },
{ "type": "Feature", "properties": { "name": "Сулусай", "name:en": null, "railway": "station", "ele": null, "operator:type": null, "layer": null, "addr:full": null, "addr:city": null, "source": null, "name:kk": null, "name:ru": "Сулусай", "osm_id": 3783617066, "osm_type": "nodes" }, "geometry": { "type": "Point", "coordinates": [ 53.2711768, 51.1602226 ] } },
{ "type": "Feature", "properties": { "name": "Амангельды", "name:en": null, "railway": "station", "ele": null, "operator:type": null, "layer": null, "addr:full": null, "addr:city": null, "source": null, "name:kk": null, "name:ru": "Амангельды", "osm_id": 4038453576, "osm_type": "nodes" }, "geometry": { "type": "Point", "coordinates": [ 53.5191283, 51.1688565 ] } },
{ "type": "Feature", "properties": { "name": "Жарық", "name:en": null, "railway": "station", "ele": null, "operator:type": null, "layer": null, "addr:full": null, "addr:city": null, "source": null, "name:kk": "Жарық", "name:ru": "Жарык", "osm_id": 12311486350, "osm_type": "nodes" }, "geometry": { "type": "Point", "coordinates": [ 57.5487806, 49.5326421 ] } },
{ "type": "Feature", "properties": { "name": "Тулпар", "name:en": null, "railway": "station", "ele": null, "operator:type": null, "layer": null, "addr:full": null, "addr:city": null, "source": null, "name:kk": null, "name:ru": null, "osm_id": 1904025277, "osm_type": "nodes" }, "geometry": { "type": "Point", "coordinates": [ 69.6259175, 42.3727693 ] } },
{ "type": "Feature", "properties": { "name": "Зерновая", "name:en": null, "railway": "station", "ele": null, "operator:type": null, "layer": null, "addr:full": null, "addr:city": null, "source": null, "name:kk": null, "name:ru": null, "osm_id": 2747139495, "osm_type": "nodes" }, "geometry": { "type": "Point", "coordinates": [ 66.0131744, 54.5468689 ] } },
{ "type": "Feature", "properties": { "name": "Жем", "name:en": null, "railway": "station", "ele": null, "operator:type": null, "layer": null, "addr:full": null, "addr:city": null, "source": "bing, bahn.de, poezdato.net", "name:kk": "Жем", "name:ru": "Жем", "osm_id": 2713618905, "osm_type": "nodes" }, "geometry": { "type": "Point", "coordinates": [ 58.1474637, 48.8229918 ] } },
{ "type": "Feature", "properties": { "name": "Арал теңізі", "name:en": "Aral sea", "railway": "station", "ele": null, "operator:type": null, "layer": null, "addr:full": null, "addr:city": null, "source": null, "name:kk": "Арал Теңізі", "name:ru": "Аральское Море", "osm_id": 1802312886, "osm_type": "nodes" }, "geometry": { "type": "Point", "coordinates": [ 61.675161, 46.8011797 ] } },
{ "type": "Feature", "properties": { "name": "Шиелі", "name:en": "Şïeli", "railway": "station", "ele": null, "operator:type": null, "layer": null, "addr:full": null, "addr:city": null, "source": null, "name:kk": "Шиелі", "name:ru": "Шиели", "osm_id": 2628533161, "osm_type": "nodes" }, "geometry": { "type": "Point", "coordinates": [ 66.7354448, 44.1722884 ] } },
{ "type": "Feature", "properties": { "name": "Қазалы", "name:en": null, "railway": "station", "ele": null, "operator:type": null, "layer": null, "addr:full": null, "addr:city": null, "source": "www.bahn.de", "name:kk": "Қазалы", "name:ru": "Казалы", "osm_id": 2389857352, "osm_type": "nodes" }, "geometry": { "type": "Point", "coordinates": [ 62.1578833, 45.8520963 ] } },
{ "type": "Feature", "properties": { "name": "рзд. №461", "name:en": null, "railway": "station", "ele": null, "operator:type": null, "layer": null, "addr:full": null, "addr:city": null, "source": null, "name:kk": null, "name:ru": null, "osm_id": 3785008716, "osm_type": "nodes" }, "geometry": { "type": "Point", "coordinates": [ 54.9377392, 45.6301707 ] } },
{ "type": "Feature", "properties": { "name": "Смирново", "name:en": "Smirnovo", "railway": "station", "ele": null, "operator:type": null, "layer": null, "addr:full": null, "addr:city": null, "source": null, "name:kk": null, "name:ru": "Смирново", "osm_id": 4030794162, "osm_type": "nodes" }, "geometry": { "type": "Point", "coordinates": [ 69.4306763, 54.5168179 ] } },
{ "type": "Feature", "properties": { "name": "Жанажол", "name:en": null, "railway": "station", "ele": null, "operator:type": null, "layer": null, "addr:full": null, "addr:city": null, "source": null, "name:kk": null, "name:ru": "Жанажол", "osm_id": 3805582127, "osm_type": "nodes" }, "geometry": { "type": "Point", "coordinates": [ 69.5483554, 54.3539159 ] } },
{ "type": "Feature", "properties": { "name": "Киялы", "name:en": null, "railway": "station", "ele": null, "operator:type": null, "layer": null, "addr:full": null, "addr:city": null, "source": null, "name:kk": null, "name:ru": "Киялы", "osm_id": 4026381499, "osm_type": "nodes" }, "geometry": { "type": "Point", "coordinates": [ 69.6394554, 54.184617 ] } },
{ "type": "Feature", "properties": { "name": "Азат", "name:en": null, "railway": "station", "ele": null, "operator:type": null, "layer": null, "addr:full": null, "addr:city": null, "source": null, "name:kk": null, "name:ru": "Азат", "osm_id": 3235901354, "osm_type": "nodes" }, "geometry": { "type": "Point", "coordinates": [ 69.5287892, 53.5627357 ] } },
{ "type": "Feature", "properties": { "name": "Приречная", "name:en": null, "railway": "station", "ele": null, "operator:type": null, "layer": null, "addr:full": null, "addr:city": null, "source": null, "name:kk": null, "name:ru": "Приречная", "osm_id": 3805575704, "osm_type": "nodes" }, "geometry": { "type": "Point", "coordinates": [ 69.6140551, 53.7122973 ] } },
{ "type": "Feature", "properties": { "name": "Разъезд №463", "name:en": null, "railway": "station", "ele": null, "operator:type": null, "layer": null, "addr:full": null, "addr:city": null, "source": null, "name:kk": null, "name:ru": null, "osm_id": 3784996817, "osm_type": "nodes" }, "geometry": { "type": "Point", "coordinates": [ 54.6917495, 45.9173022 ] } },
{ "type": "Feature", "properties": { "name": "Разъезд №464", "name:en": null, "railway": "station", "ele": null, "operator:type": null, "layer": null, "addr:full": null, "addr:city": null, "source": null, "name:kk": null, "name:ru": null, "osm_id": 3785005866, "osm_type": "nodes" }, "geometry": { "type": "Point", "coordinates": [ 54.5803063, 46.0626566 ] } },
{ "type": "Feature", "properties": { "name": "Разъезд №38", "name:en": null, "railway": "station", "ele": null, "operator:type": null, "layer": null, "addr:full": null, "addr:city": null, "source": null, "name:kk": null, "name:ru": null, "osm_id": 3785196920, "osm_type": "nodes" }, "geometry": { "type": "Point", "coordinates": [ 56.9280946, 50.5104089 ] } },
{ "type": "Feature", "properties": { "name": "Разъезд №312", "name:en": null, "railway": "station", "ele": null, "operator:type": null, "layer": null, "addr:full": null, "addr:city": null, "source": null, "name:kk": null, "name:ru": "№ 312", "osm_id": 3844305462, "osm_type": "nodes" }, "geometry": { "type": "Point", "coordinates": [ 57.7287273, 49.6380051 ] } },
{ "type": "Feature", "properties": { "name": "разъезд №16", "name:en": null, "railway": "station", "ele": null, "operator:type": null, "layer": null, "addr:full": null, "addr:city": null, "source": null, "name:kk": null, "name:ru": null, "osm_id": 3798772880, "osm_type": "nodes" }, "geometry": { "type": "Point", "coordinates": [ 80.6554887, 48.5631588 ] } },
{ "type": "Feature", "properties": { "name": "Разъезд №14", "name:en": null, "railway": "station", "ele": null, "operator:type": null, "layer": null, "addr:full": null, "addr:city": null, "source": null, "name:kk": null, "name:ru": null, "osm_id": 3788135867, "osm_type": "nodes" }, "geometry": { "type": "Point", "coordinates": [ 65.8695546, 44.7095157 ] } }
]
}
