{
"type": "FeatureCollection",
"name": "hotosm_tha_railways_points_geojson",
"features": [
{ "type": "Feature", "properties": { "name": "น้ำตก", "name:en": "Namtok", "railway": "station", "ele": null, "operator:type": null, "layer": null, "addr:full": null, "addr:city": null, "source": null, "name:th": "น้ำตก", "osm_id": 5558367598, "osm_type": "nodes" }, "geometry": { "type": "Point", "coordinates": [ 99.0678579, 14.2321281 ] } },
{ "type": "Feature", "properties": { "name": "บ้านหัน", "name:en": "Ban Han", "railway": "station", "ele": null, "operator:type": null, "layer": null, "addr:full": null, "addr:city": null, "source": null, "name:th": null, "osm_id": 506448641, "osm_type": "nodes" }, "geometry": { "type": "Point", "coordinates": [ 102.6936676, 15.9659606 ] } },
{ "type": "Feature", "properties": { "name": "ห้วยเสียว", "name:en": "Huai Siao", "railway": "station", "ele": null, "operator:type": null, "layer": null, "addr:full": null, "addr:city": null, "source": "Bing;sign", "name:th": null, "osm_id": 1584219772, "osm_type": "nodes" }, "geometry": { "type": "Point", "coordinates": [ 102.8708395, 16.7569614 ] } },
{ "type": "Feature", "properties": { "name": "เขาสวนกวาง", "name:en": "Khao Suan Kwang", "railway": "station", "ele": null, "operator:type": null, "layer": null, "addr:full": null, "addr:city": null, "source": "Bing;sign", "name:th": null, "osm_id": 1600794994, "osm_type": "nodes" }, "geometry": { "type": "Point", "coordinates": [ 102.8765124, 16.8500684 ] } },
{ "type": "Feature", "properties": { "name": "บ้านแฮด", "name:en": "Ban Haet", "railway": "station", "ele": null, "operator:type": null, "layer": null, "addr:full": null, "addr:city": null, "source": "Bing;sign", "name:th": null, "osm_id": 1752121478, "osm_type": "nodes" }, "geometry": { "type": "Point", "coordinates": [ 102.766287, 16.1977256 ] } },
{ "type": "Feature", "properties": { "name": "ห้วยเกิ้ง", "name:en": "Huai Koeng", "railway": "station", "ele": null, "operator:type": null, "layer": null, "addr:full": null, "addr:city": null, "source": "Bing;sign", "name:th": null, "osm_id": 1948690601, "osm_type": "nodes" }, "geometry": { "type": "Point", "coordinates": [ 102.9279692, 17.0422322 ] } },
{ "type": "Feature", "properties": { "name": "สำราญ", "name:en": "Samran", "railway": "station", "ele": null, "operator:type": null, "layer": null, "addr:full": null, "addr:city": null, "source": null, "name:th": null, "osm_id": 4919461595, "osm_type": "nodes" }, "geometry": { "type": "Point", "coordinates": [ 102.8430467, 16.517094 ] } },
{ "type": "Feature", "properties": { "name": "โนนสะอาด", "name:en": "Non Sa-at", "railway": "station", "ele": null, "operator:type": null, "layer": null, "addr:full": null, "addr:city": null, "source": null, "name:th": null, "osm_id": 8100497820, "osm_type": "nodes" }, "geometry": { "type": "Point", "coordinates": [ 102.8974029, 16.9669984 ] } },
{ "type": "Feature", "properties": { "name": "นาทา", "name:en": "Na Tha", "railway": "station", "ele": null, "operator:type": null, "layer": null, "addr:full": null, "addr:city": null, "source": null, "name:th": null, "osm_id": 8872215988, "osm_type": "nodes" }, "geometry": { "type": "Point", "coordinates": [ 102.7481592, 17.8418383 ] } },
{ "type": "Feature", "properties": { "name": "ท่าพระ", "name:en": "Tha Phra", "railway": "station", "ele": null, "operator:type": null, "layer": null, "addr:full": null, "addr:city": null, "source": null, "name:th": null, "osm_id": 9218290527, "osm_type": "nodes" }, "geometry": { "type": "Point", "coordinates": [ 102.8046708, 16.3385983 ] } },
{ "type": "Feature", "properties": { "name": "ห้วยสามพาด", "name:en": "Huai Sam Phat", "railway": "station", "ele": null, "operator:type": null, "layer": null, "addr:full": null, "addr:city": null, "source": null, "name:th": null, "osm_id": 9218290528, "osm_type": "nodes" }, "geometry": { "type": "Point", "coordinates": [ 102.9380964, 17.2093598 ] } },
{ "type": "Feature", "properties": { "name": "วังก์พง", "name:en": "Wang Phong", "railway": "station", "ele": null, "operator:type": null, "layer": null, "addr:full": null, "addr:city": null, "source": null, "name:th": "วังก์พง", "osm_id": 2606351396, "osm_type": "nodes" }, "geometry": { "type": "Point", "coordinates": [ 99.9322068, 12.4007827 ] } },
{ "type": "Feature", "properties": { "name": "เขาไชยราช", "name:en": "Khao Chai Rat", "railway": "station", "ele": null, "operator:type": null, "layer": null, "addr:full": null, "addr:city": null, "source": null, "name:th": null, "osm_id": 2616988419, "osm_type": "nodes" }, "geometry": { "type": "Point", "coordinates": [ 99.3643169, 10.9582864 ] } },
{ "type": "Feature", "properties": { "name": "เขาเต่า", "name:en": "Khao Tao", "railway": "station", "ele": null, "operator:type": null, "layer": null, "addr:full": null, "addr:city": null, "source": null, "name:th": "เขาเต่า", "osm_id": 2628162369, "osm_type": "nodes" }, "geometry": { "type": "Point", "coordinates": [ 99.9700404, 12.4595676 ] } },
{ "type": "Feature", "properties": { "name": "กระเบียด", "name:en": "Krabiat", "railway": "station", "ele": null, "operator:type": null, "layer": null, "addr:full": null, "addr:city": null, "source": "Wikipedia", "name:th": null, "osm_id": 2668526882, "osm_type": "nodes" }, "geometry": { "type": "Point", "coordinates": [ 99.4733724, 8.5251812 ] } },
{ "type": "Feature", "properties": { "name": "บ้านส้อง", "name:en": "Ban Song", "railway": "station", "ele": null, "operator:type": null, "layer": null, "addr:full": null, "addr:city": null, "source": "Wikipedia", "name:th": null, "osm_id": 3223188838, "osm_type": "nodes" }, "geometry": { "type": "Point", "coordinates": [ 99.3724273, 8.6335944 ] } },
{ "type": "Feature", "properties": { "name": "ไชยา", "name:en": "Chaiya", "railway": "station", "ele": null, "operator:type": null, "layer": null, "addr:full": null, "addr:city": null, "source": null, "name:th": "ไชยา", "osm_id": 3385446681, "osm_type": "nodes" }, "geometry": { "type": "Point", "coordinates": [ 99.1953268, 9.388465 ] } },
{ "type": "Feature", "properties": { "name": "มาบอำมฤต", "name:en": "Map Ammarit", "railway": "station", "ele": null, "operator:type": null, "layer": null, "addr:full": null, "addr:city": null, "source": null, "name:th": null, "osm_id": 3385450641, "osm_type": "nodes" }, "geometry": { "type": "Point", "coordinates": [ 99.3425951, 10.8693013 ] } },
{ "type": "Feature", "properties": { "name": "ห้วยสัก", "name:en": "Huai Sak", "railway": "station", "ele": null, "operator:type": null, "layer": null, "addr:full": null, "addr:city": null, "source": null, "name:th": "ห้วยสัก", "osm_id": 3385451655, "osm_type": "nodes" }, "geometry": { "type": "Point", "coordinates": [ 99.4143861, 11.0304699 ] } },
{ "type": "Feature", "properties": { "name": "สะพลี", "name:en": "Sa Phli", "railway": "station", "ele": null, "operator:type": null, "layer": null, "addr:full": null, "addr:city": null, "source": "wikipedia", "name:th": null, "osm_id": 4529444531, "osm_type": "nodes" }, "geometry": { "type": "Point", "coordinates": [ 99.2389373, 10.6097029 ] } },
{ "type": "Feature", "properties": { "name": "บ้านดวด", "name:en": "Ban Duat", "railway": "station", "ele": null, "operator:type": null, "layer": null, "addr:full": null, "addr:city": null, "source": "wikipedia", "name:th": null, "osm_id": 4531833383, "osm_type": "nodes" }, "geometry": { "type": "Point", "coordinates": [ 99.1238865, 9.7186579 ] } },
{ "type": "Feature", "properties": { "name": "คลองขนาน", "name:en": "Khlong Khanan", "railway": "station", "ele": null, "operator:type": null, "layer": null, "addr:full": null, "addr:city": null, "source": "Wikipedia", "name:th": null, "osm_id": 4537610960, "osm_type": "nodes" }, "geometry": { "type": "Point", "coordinates": [ 99.0742678, 9.8807626 ] } },
{ "type": "Feature", "properties": { "name": "ปากตะโก", "name:en": "Pak Tako", "railway": "station", "ele": null, "operator:type": null, "layer": null, "addr:full": null, "addr:city": null, "source": null, "name:th": "ปากตะโก", "osm_id": 259775903, "osm_type": "nodes" }, "geometry": { "type": "Point", "coordinates": [ 99.1023848, 10.0919069 ] } },
{ "type": "Feature", "properties": { "name": "ท่ากิเลน", "name:en": "Tha Kilen", "railway": "station", "ele": null, "operator:type": null, "layer": null, "addr:full": null, "addr:city": null, "source": null, "name:th": "ท่ากิเลน", "osm_id": 272303917, "osm_type": "nodes" }, "geometry": { "type": "Point", "coordinates": [ 99.257234, 14.0405939 ] } },
{ "type": "Feature", "properties": { "name": "วังโพ", "name:en": "Wang Pho", "railway": "station", "ele": null, "operator:type": null, "layer": null, "addr:full": null, "addr:city": null, "source": null, "name:th": "วังโพ", "osm_id": 272304779, "osm_type": "nodes" }, "geometry": { "type": "Point", "coordinates": [ 99.1395448, 14.1202345 ] } },
{ "type": "Feature", "properties": { "name": "ชะอำ", "name:en": "Cha-am", "railway": "station", "ele": null, "operator:type": null, "layer": null, "addr:full": null, "addr:city": null, "source": null, "name:th": "ชะอำ", "osm_id": 369742119, "osm_type": "nodes" }, "geometry": { "type": "Point", "coordinates": [ 99.9662102, 12.7998336 ] } },
{ "type": "Feature", "properties": { "name": "นาสาร", "name:en": "Na San", "railway": "station", "ele": null, "operator:type": null, "layer": null, "addr:full": null, "addr:city": null, "source": null, "name:th": "นาสาร", "osm_id": 617272041, "osm_type": "nodes" }, "geometry": { "type": "Point", "coordinates": [ 99.3622274, 8.8012577 ] } },
{ "type": "Feature", "properties": { "name": "ช่องเขา", "name:en": "Chong Khao", "railway": "station", "ele": null, "operator:type": null, "layer": null, "addr:full": null, "addr:city": null, "source": null, "name:th": null, "osm_id": 4059502588, "osm_type": "nodes" }, "geometry": { "type": "Point", "coordinates": [ 99.7690996, 8.1423926 ] } },
{ "type": "Feature", "properties": { "name": "บางสะพานน้อย", "name:en": "Bang Saphan Noi", "railway": "station", "ele": null, "operator:type": null, "layer": null, "addr:full": null, "addr:city": null, "source": null, "name:th": null, "osm_id": 5025291606, "osm_type": "nodes" }, "geometry": { "type": "Point", "coordinates": [ 99.4498617, 11.0857887 ] } },
{ "type": "Feature", "properties": { "name": "ทานพอ", "name:en": "Than Pho", "railway": "station", "ele": null, "operator:type": null, "layer": null, "addr:full": null, "addr:city": null, "source": null, "name:th": null, "osm_id": 5398030103, "osm_type": "nodes" }, "geometry": { "type": "Point", "coordinates": [ 99.4919428, 8.4672406 ] } },
{ "type": "Feature", "properties": { "name": "สามร้อยยอด", "name:en": "Sam Roi Yot", "railway": "station", "ele": null, "operator:type": null, "layer": null, "addr:full": null, "addr:city": null, "source": null, "name:th": null, "osm_id": 5455506590, "osm_type": "nodes" }, "geometry": { "type": "Point", "coordinates": [ 99.8807861, 12.2126233 ] } },
{ "type": "Feature", "properties": { "name": "เขาพลู", "name:en": "Khao Phlu", "railway": "station", "ele": null, "operator:type": null, "layer": null, "addr:full": null, "addr:city": null, "source": null, "name:th": null, "osm_id": 6056133885, "osm_type": "nodes" }, "geometry": { "type": "Point", "coordinates": [ 99.2939772, 8.973437 ] } },
{ "type": "Feature", "properties": { "name": "บ้านนา", "name:en": "Ban Na", "railway": "station", "ele": null, "operator:type": null, "layer": null, "addr:full": null, "addr:city": null, "source": null, "name:th": null, "osm_id": 6216331488, "osm_type": "nodes" }, "geometry": { "type": "Point", "coordinates": [ 99.3104517, 8.8865728 ] } },
{ "type": "Feature", "properties": { "name": "คันธุลี", "name:en": "Kan Thuli", "railway": "station", "ele": null, "operator:type": null, "layer": null, "addr:full": null, "addr:city": null, "source": null, "name:th": null, "osm_id": 8958874234, "osm_type": "nodes" }, "geometry": { "type": "Point", "coordinates": [ 99.1459021, 9.6666081 ] } },
{ "type": "Feature", "properties": { "name": "ดอนธูป", "name:en": "Don Thup", "railway": "station", "ele": null, "operator:type": null, "layer": null, "addr:full": null, "addr:city": null, "source": null, "name:th": null, "osm_id": 8958875745, "osm_type": "nodes" }, "geometry": { "type": "Point", "coordinates": [ 99.1551482, 9.634762 ] } },
{ "type": "Feature", "properties": { "name": "ชะอวด", "name:en": "Cha-uat", "railway": "station", "ele": null, "operator:type": null, "layer": null, "addr:full": null, "addr:city": null, "source": "Wikipedia", "name:th": null, "osm_id": 1044244528, "osm_type": "nodes" }, "geometry": { "type": "Point", "coordinates": [ 99.9977115, 7.967133 ] } },
{ "type": "Feature", "properties": { "name": "พัทลุง", "name:en": "Phatthalung", "railway": "station", "ele": null, "operator:type": null, "layer": null, "addr:full": null, "addr:city": null, "source": null, "name:th": null, "osm_id": 1643213780, "osm_type": "nodes" }, "geometry": { "type": "Point", "coordinates": [ 100.0857001, 7.6209574 ] } },
{ "type": "Feature", "properties": { "name": "สุไหงโก-ลก", "name:en": "Su-ngai Kolok", "railway": "station", "ele": null, "operator:type": null, "layer": null, "addr:full": null, "addr:city": null, "source": null, "name:th": "สุไหงโก-ลก", "osm_id": 1675411892, "osm_type": "nodes" }, "geometry": { "type": "Point", "coordinates": [ 101.9648719, 6.0259786 ] } },
{ "type": "Feature", "properties": { "name": "ยะลา", "name:en": "Yala", "railway": "station", "ele": null, "operator:type": null, "layer": null, "addr:full": null, "addr:city": null, "source": "Wikipedia", "name:th": "ยะลา", "osm_id": 3107851976, "osm_type": "nodes" }, "geometry": { "type": "Point", "coordinates": [ 101.2929048, 6.5604291 ] } },
{ "type": "Feature", "properties": { "name": "นาประดู่", "name:en": "Na Pradu", "railway": "station", "ele": null, "operator:type": null, "layer": null, "addr:full": null, "addr:city": null, "source": "http://www.geonames.org/1608412/ban-na-pradu-railway-station.html", "name:th": "นาประดู่", "osm_id": 3758665277, "osm_type": "nodes" }, "geometry": { "type": "Point", "coordinates": [ 101.1433246, 6.6830008 ] } },
{ "type": "Feature", "properties": { "name": "แหลมโตนด", "name:en": "Laem Tanot", "railway": "station", "ele": null, "operator:type": null, "layer": null, "addr:full": null, "addr:city": null, "source": "Wikipedia", "name:th": null, "osm_id": 4733958566, "osm_type": "nodes" }, "geometry": { "type": "Point", "coordinates": [ 100.0473333, 7.8133254 ] } },
{ "type": "Feature", "properties": { "name": "บางแก้ว", "name:en": "Bang Kaeo", "railway": "station", "ele": null, "operator:type": null, "layer": null, "addr:full": null, "addr:city": null, "source": "Wikipedia", "name:th": null, "osm_id": 4746081629, "osm_type": "nodes" }, "geometry": { "type": "Point", "coordinates": [ 100.1672346, 7.4220091 ] } },
{ "type": "Feature", "properties": { "name": "คลองทราย", "name:en": "Khlong Sai", "railway": "station", "ele": null, "operator:type": null, "layer": null, "addr:full": null, "addr:city": null, "source": null, "name:th": "คลองทราย", "osm_id": 4770461560, "osm_type": "nodes" }, "geometry": { "type": "Point", "coordinates": [ 101.2184587, 6.6445041 ] } },
{ "type": "Feature", "properties": { "name": "มะรือโบ", "name:en": "Maruebo", "railway": "station", "ele": null, "operator:type": null, "layer": null, "addr:full": null, "addr:city": null, "source": "Wikipedia", "name:th": "มะรือโบ", "osm_id": 4936302459, "osm_type": "nodes" }, "geometry": { "type": "Point", "coordinates": [ 101.6387143, 6.3348826 ] } },
{ "type": "Feature", "properties": { "name": "ชุมทางทุ่งสง", "name:en": "Thung Song Junction", "railway": "station", "ele": null, "operator:type": null, "layer": null, "addr:full": null, "addr:city": null, "source": null, "name:th": "ชุมทางทุ่งสง", "osm_id": 999040784, "osm_type": "nodes" }, "geometry": { "type": "Point", "coordinates": [ 99.6794995, 8.1707443 ] } },
{ "type": "Feature", "properties": { "name": "ทุ่งประดู่", "name:en": "Thung Pradu", "railway": "station", "ele": null, "operator:type": null, "layer": null, "addr:full": null, "addr:city": null, "source": "Bing", "name:th": null, "osm_id": 1199825436, "osm_type": "nodes" }, "geometry": { "type": "Point", "coordinates": [ 99.6358286, 11.5266045 ] } },
{ "type": "Feature", "properties": { "name": "สวี", "name:en": "Sawi", "railway": "station", "ele": null, "operator:type": null, "layer": null, "addr:full": null, "addr:city": null, "source": "Wikipedia", "name:th": null, "osm_id": 2041271421, "osm_type": "nodes" }, "geometry": { "type": "Point", "coordinates": [ 99.1048493, 10.2363261 ] } },
{ "type": "Feature", "properties": { "name": "ท่าฉาง", "name:en": "Tha Chang", "railway": "station", "ele": null, "operator:type": null, "layer": null, "addr:full": null, "addr:city": null, "source": "Wikipedia", "name:th": null, "osm_id": 2041271696, "osm_type": "nodes" }, "geometry": { "type": "Point", "coordinates": [ 99.1994232, 9.2753412 ] } },
{ "type": "Feature", "properties": { "name": "ละแม", "name:en": "Lamae", "railway": "station", "ele": null, "operator:type": null, "layer": null, "addr:full": null, "addr:city": null, "source": null, "name:th": null, "osm_id": 2041271702, "osm_type": "nodes" }, "geometry": { "type": "Point", "coordinates": [ 99.107713, 9.7747142 ] } },
{ "type": "Feature", "properties": { "name": "เทพา", "name:en": "Thepha Railway Station", "railway": "station", "ele": null, "operator:type": null, "layer": null, "addr:full": null, "addr:city": null, "source": null, "name:th": "เทพา", "osm_id": 9226834041, "osm_type": "nodes" }, "geometry": { "type": "Point", "coordinates": [ 100.9703858, 6.8238782 ] } },
{ "type": "Feature", "properties": { "name": "ตาแปด", "name:en": "Ta Paet", "railway": "station", "ele": null, "operator:type": null, "layer": null, "addr:full": null, "addr:city": null, "source": null, "name:th": "ตาแปด", "osm_id": 9226834042, "osm_type": "nodes" }, "geometry": { "type": "Point", "coordinates": [ 101.0269295, 6.7800448 ] } },
{ "type": "Feature", "properties": { "name": "บ่อนอก", "name:en": "Bo Nok", "railway": "station", "ele": null, "operator:type": null, "layer": null, "addr:full": null, "addr:city": null, "source": null, "name:th": "บ่อนอก", "osm_id": 4550450189, "osm_type": "nodes" }, "geometry": { "type": "Point", "coordinates": [ 99.8583773, 12.0037673 ] } },
{ "type": "Feature", "properties": { "name": "ลูกแก", "name:en": "Luk Kae", "railway": "station", "ele": null, "operator:type": null, "layer": null, "addr:full": null, "addr:city": null, "source": null, "name:th": "ลูกแก", "osm_id": 4604984592, "osm_type": "nodes" }, "geometry": { "type": "Point", "coordinates": [ 99.8220991, 13.8705578 ] } },
{ "type": "Feature", "properties": { "name": "สามกระทาย", "name:en": "Sam Krathai", "railway": "station", "ele": null, "operator:type": null, "layer": null, "addr:full": null, "addr:city": null, "source": null, "name:th": "สามกระทาย", "osm_id": 4746370626, "osm_type": "nodes" }, "geometry": { "type": "Point", "coordinates": [ 99.8610696, 12.1603909 ] } },
{ "type": "Feature", "properties": { "name": "เจ็ดเสมียน", "name:en": "Chet Samian", "railway": "station", "ele": null, "operator:type": null, "layer": null, "addr:full": null, "addr:city": null, "source": "survey", "name:th": null, "osm_id": 4755912768, "osm_type": "nodes" }, "geometry": { "type": "Point", "coordinates": [ 99.8212699, 13.6364385 ] } },
{ "type": "Feature", "properties": { "name": "ชุมทางเขาชุมทอง", "name:en": "Khao Chum Thong Junction", "railway": "station", "ele": null, "operator:type": null, "layer": null, "addr:full": null, "addr:city": null, "source": null, "name:th": null, "osm_id": 4059503590, "osm_type": "nodes" }, "geometry": { "type": "Point", "coordinates": [ 99.8822058, 8.1478375 ] } },
{ "type": "Feature", "properties": { "name": "ห้วยยอด", "name:en": "Huai Yot", "railway": "station", "ele": null, "operator:type": null, "layer": null, "addr:full": null, "addr:city": null, "source": null, "name:th": "ห้วยยอด", "osm_id": 1922664606, "osm_type": "nodes" }, "geometry": { "type": "Point", "coordinates": [ 99.6381616, 7.7860509 ] } },
{ "type": "Feature", "properties": { "name": "ตรัง", "name:en": "Trang", "railway": "station", "ele": null, "operator:type": null, "layer": null, "addr:full": null, "addr:city": null, "source": null, "name:th": null, "osm_id": 3311473016, "osm_type": "nodes" }, "geometry": { "type": "Point", "coordinates": [ 99.6044951, 7.5544139 ] } },
{ "type": "Feature", "properties": { "name": "โคกคราม", "name:en": "Khok Khram", "railway": "station", "ele": null, "operator:type": null, "layer": null, "addr:full": null, "addr:city": null, "source": null, "name:th": null, "osm_id": 4875026795, "osm_type": "nodes" }, "geometry": { "type": "Point", "coordinates": [ 99.9427088, 8.2505904 ] } },
{ "type": "Feature", "properties": { "name": "ที่วัง", "name:en": "Thi Wang", "railway": "station", "ele": null, "operator:type": null, "layer": null, "addr:full": null, "addr:city": null, "source": null, "name:th": null, "osm_id": 8259935819, "osm_type": "nodes" }, "geometry": { "type": "Point", "coordinates": [ 99.6679751, 8.0978292 ] } },
{ "type": "Feature", "properties": { "name": "มาบกะเบา", "name:en": "Map Kabao", "railway": "station", "ele": null, "operator:type": null, "layer": null, "addr:full": null, "addr:city": null, "source": null, "name:th": "มาบกะเบา", "osm_id": 237461291, "osm_type": "nodes" }, "geometry": { "type": "Point", "coordinates": [ 101.0836873, 14.618946 ] } },
{ "type": "Feature", "properties": { "name": "คลองพุทรา", "name:en": "Khlong Phutsa", "railway": "station", "ele": null, "operator:type": null, "layer": null, "addr:full": null, "addr:city": null, "source": "GPS", "name:th": "คลองพุทรา", "osm_id": 236480470, "osm_type": "nodes" }, "geometry": { "type": "Point", "coordinates": [ 100.578298, 14.1858735 ] } },
{ "type": "Feature", "properties": { "name": "หนองศาลา", "name:en": "Nong Sala", "railway": "station", "ele": null, "operator:type": null, "layer": null, "addr:full": null, "addr:city": null, "source": null, "name:th": "หนองศาลา", "osm_id": 249644246, "osm_type": "nodes" }, "geometry": { "type": "Point", "coordinates": [ 99.9705603, 12.9036673 ] } },
{ "type": "Feature", "properties": { "name": "เขาพนมแบก", "name:en": "Khao Phanom Baek", "railway": "station", "ele": null, "operator:type": null, "layer": null, "addr:full": null, "addr:city": null, "source": null, "name:th": "เขาพนมแบก", "osm_id": 250039674, "osm_type": "nodes" }, "geometry": { "type": "Point", "coordinates": [ 99.1793408, 9.4706842 ] } },
{ "type": "Feature", "properties": { "name": "ท่าชนะ", "name:en": "Tha Chana", "railway": "station", "ele": null, "operator:type": null, "layer": null, "addr:full": null, "addr:city": null, "source": null, "name:th": "ท่าชนะ", "osm_id": 250039677, "osm_type": "nodes" }, "geometry": { "type": "Point", "coordinates": [ 99.1650513, 9.5656451 ] } },
{ "type": "Feature", "properties": { "name": "เขาสวนทุเรียน", "name:en": "Khao Suan Thurian", "railway": "station", "ele": null, "operator:type": null, "layer": null, "addr:full": null, "addr:city": null, "source": null, "name:th": "เขาสวนทุเรียน", "osm_id": 250039724, "osm_type": "nodes" }, "geometry": { "type": "Point", "coordinates": [ 99.1057626, 10.1668222 ] } },
{ "type": "Feature", "properties": { "name": "สุรศักดิ์", "name:en": "Surasak", "railway": "station", "ele": null, "operator:type": null, "layer": null, "addr:full": null, "addr:city": null, "source": null, "name:th": "สุรศักดิ์", "osm_id": 257066779, "osm_type": "nodes" }, "geometry": { "type": "Point", "coordinates": [ 100.5214619, 13.7192683 ] } },
{ "type": "Feature", "properties": { "name": "ราชดำริ", "name:en": "Ratchadamri", "railway": "station", "ele": null, "operator:type": null, "layer": null, "addr:full": null, "addr:city": null, "source": null, "name:th": "ราชดำริ", "osm_id": 257066809, "osm_type": "nodes" }, "geometry": { "type": "Point", "coordinates": [ 100.5394496, 13.7394708 ] } },
{ "type": "Feature", "properties": { "name": "หัวดง", "name:en": "Hua Dong", "railway": "station", "ele": null, "operator:type": null, "layer": null, "addr:full": null, "addr:city": null, "source": "Wikipedia", "name:th": "หัวดง", "osm_id": 259607216, "osm_type": "nodes" }, "geometry": { "type": "Point", "coordinates": [ 100.4031372, 16.3392934 ] } },
{ "type": "Feature", "properties": { "name": "ชุมแสง", "name:en": "Chum Saeng", "railway": "station", "ele": null, "operator:type": null, "layer": null, "addr:full": null, "addr:city": null, "source": null, "name:th": "ชุมแสง", "osm_id": 259607219, "osm_type": "nodes" }, "geometry": { "type": "Point", "coordinates": [ 100.3101192, 15.8946494 ] } },
{ "type": "Feature", "properties": { "name": "ช่องแค", "name:en": "Chong Khae", "railway": "station", "ele": null, "operator:type": null, "layer": null, "addr:full": null, "addr:city": null, "source": null, "name:th": "ช่องแค", "osm_id": 259607225, "osm_type": "nodes" }, "geometry": { "type": "Point", "coordinates": [ 100.4204895, 15.1649528 ] } },
{ "type": "Feature", "properties": { "name": "หนองเต่า", "name:en": "Nong Tao", "railway": "station", "ele": null, "operator:type": null, "layer": null, "addr:full": null, "addr:city": null, "source": null, "name:th": "หนองเต่า", "osm_id": 259719998, "osm_type": "nodes" }, "geometry": { "type": "Point", "coordinates": [ 100.5823779, 14.9511896 ] } },
{ "type": "Feature", "properties": { "name": "ประจวบคีรีขันธ์", "name:en": "Prachuap Khiri Khan", "railway": "station", "ele": null, "operator:type": null, "layer": null, "addr:full": null, "addr:city": null, "source": null, "name:th": "ประจวบคีรีขันธ์", "osm_id": 259771009, "osm_type": "nodes" }, "geometry": { "type": "Point", "coordinates": [ 99.7937417, 11.8077762 ] } },
{ "type": "Feature", "properties": { "name": "ชุมพร", "name:en": "Chumphon", "railway": "station", "ele": null, "operator:type": null, "layer": null, "addr:full": null, "addr:city": null, "source": null, "name:th": "ชุมพร", "osm_id": 259775569, "osm_type": "nodes" }, "geometry": { "type": "Point", "coordinates": [ 99.1758183, 10.5031021 ] } },
{ "type": "Feature", "properties": { "name": "สะพานตากสิน", "name:en": "Saphan Taksin", "railway": "station", "ele": null, "operator:type": null, "layer": null, "addr:full": null, "addr:city": null, "source": null, "name:th": "สะพานตากสิน", "osm_id": 257067085, "osm_type": "nodes" }, "geometry": { "type": "Point", "coordinates": [ 100.514223, 13.7188128 ] } },
{ "type": "Feature", "properties": { "name": "บางมูลนาก", "name:en": "Bang Mun Nak", "railway": "station", "ele": null, "operator:type": null, "layer": null, "addr:full": null, "addr:city": null, "source": null, "name:th": "บางมูลนาก", "osm_id": 259607218, "osm_type": "nodes" }, "geometry": { "type": "Point", "coordinates": [ 100.381161, 16.0285797 ] } },
{ "type": "Feature", "properties": { "name": "ดงมะกุ", "name:en": "Dong Maku", "railway": "station", "ele": null, "operator:type": null, "layer": null, "addr:full": null, "addr:city": null, "source": null, "name:th": "ดงมะกุ", "osm_id": 259607223, "osm_type": "nodes" }, "geometry": { "type": "Point", "coordinates": [ 100.331565, 15.3054778 ] } },
{ "type": "Feature", "properties": { "name": "บ้านตาคลี", "name:en": "Ban Takhli", "railway": "station", "ele": null, "operator:type": null, "layer": null, "addr:full": null, "addr:city": null, "source": null, "name:th": "บ้านตาคลี", "osm_id": 259607224, "osm_type": "nodes" }, "geometry": { "type": "Point", "coordinates": [ 100.3514746, 15.25294 ] } },
{ "type": "Feature", "properties": { "name": "ราชบุรี", "name:en": "Ratchaburi", "railway": "station", "ele": null, "operator:type": null, "layer": null, "addr:full": null, "addr:city": null, "source": null, "name:th": "ราชบุรี", "osm_id": 259729391, "osm_type": "nodes" }, "geometry": { "type": "Point", "coordinates": [ 99.8242617, 13.5305802 ] } },
{ "type": "Feature", "properties": { "name": "เพชรบุรี", "name:en": "Phetchaburi", "railway": "station", "ele": null, "operator:type": null, "layer": null, "addr:full": null, "addr:city": null, "source": null, "name:th": "เพชรบุรี", "osm_id": 259729393, "osm_type": "nodes" }, "geometry": { "type": "Point", "coordinates": [ 99.9411745, 13.1164803 ] } },
{ "type": "Feature", "properties": { "name": "พิษณุโลก", "name:en": "Phitsanulok", "railway": "station", "ele": null, "operator:type": null, "layer": null, "addr:full": null, "addr:city": null, "source": null, "name:th": "พิษณุโลก", "osm_id": 249364693, "osm_type": "nodes" }, "geometry": { "type": "Point", "coordinates": [ 100.2657009, 16.8149757 ] } },
{ "type": "Feature", "properties": { "name": "ลพบุรี", "name:en": "Lop Buri", "railway": "station", "ele": null, "operator:type": null, "layer": null, "addr:full": null, "addr:city": null, "source": null, "name:th": "ลพบุรี", "osm_id": 249364994, "osm_type": "nodes" }, "geometry": { "type": "Point", "coordinates": [ 100.6153786, 14.7985255 ] } },
{ "type": "Feature", "properties": { "name": "ศูนย์วัฒนธรรมแห่งประเทศไทย", "name:en": "Thailand Cultural Centre", "railway": "station", "ele": null, "operator:type": null, "layer": null, "addr:full": null, "addr:city": null, "source": null, "name:th": "ศูนย์วัฒนธรรมแห่งประเทศไทย", "osm_id": 280240574, "osm_type": "nodes" }, "geometry": { "type": "Point", "coordinates": [ 100.570083, 13.7662912 ] } },
{ "type": "Feature", "properties": { "name": "พหลโยธิน", "name:en": "Phahon Yothin", "railway": "station", "ele": null, "operator:type": null, "layer": null, "addr:full": null, "addr:city": null, "source": null, "name:th": "พหลโยธิน", "osm_id": 280240580, "osm_type": "nodes" }, "geometry": { "type": "Point", "coordinates": [ 100.5614634, 13.8128808 ] } },
{ "type": "Feature", "properties": { "name": "สวนจตุจักร", "name:en": "Chatuchak Park", "railway": "station", "ele": null, "operator:type": null, "layer": null, "addr:full": null, "addr:city": null, "source": null, "name:th": "สวนจตุจักร", "osm_id": 280240585, "osm_type": "nodes" }, "geometry": { "type": "Point", "coordinates": [ 100.5532845, 13.8029643 ] } },
{ "type": "Feature", "properties": { "name": "ศูนย์การประชุมแห่งชาติสิริกิติ์", "name:en": "Queen Sirikit National Convention Centre", "railway": "station", "ele": null, "operator:type": null, "layer": null, "addr:full": null, "addr:city": null, "source": null, "name:th": "ศูนย์การประชุมแห่งชาติสิริกิติ์", "osm_id": 280179448, "osm_type": "nodes" }, "geometry": { "type": "Point", "coordinates": [ 100.5599134, 13.7226725 ] } },
{ "type": "Feature", "properties": { "name": "รัชดาภิเษก", "name:en": "Ratchadaphisek", "railway": "station", "ele": null, "operator:type": null, "layer": null, "addr:full": null, "addr:city": null, "source": null, "name:th": "รัชดาภิเษก", "osm_id": 280239363, "osm_type": "nodes" }, "geometry": { "type": "Point", "coordinates": [ 100.5745537, 13.7989706 ] } },
{ "type": "Feature", "properties": { "name": "ลาดพร้าว", "name:en": "Lat Phrao", "railway": "station", "ele": null, "operator:type": null, "layer": null, "addr:full": null, "addr:city": null, "source": null, "name:th": "ลาดพร้าว", "osm_id": 280240577, "osm_type": "nodes" }, "geometry": { "type": "Point", "coordinates": [ 100.5728701, 13.806503 ] } },
{ "type": "Feature", "properties": { "name": "กำแพงเพชร", "name:en": "Kamphaeng Phet", "railway": "station", "ele": null, "operator:type": null, "layer": null, "addr:full": null, "addr:city": null, "source": null, "name:th": "กำแพงเพชร", "osm_id": 280240589, "osm_type": "nodes" }, "geometry": { "type": "Point", "coordinates": [ 100.5478837, 13.7979484 ] } },
{ "type": "Feature", "properties": { "name": "หัวลำโพง", "name:en": "Hua Lamphong", "railway": "station", "ele": null, "operator:type": null, "layer": null, "addr:full": null, "addr:city": null, "source": null, "name:th": "หัวลำโพง", "osm_id": 280179404, "osm_type": "nodes" }, "geometry": { "type": "Point", "coordinates": [ 100.517135, 13.7375708 ] } },
{ "type": "Feature", "properties": { "name": "เขาตังกวนชั้นล่าง", "name:en": "Tang Kuan Hill Lift lower station", "railway": "station", "ele": null, "operator:type": null, "layer": null, "addr:full": null, "addr:city": null, "source": null, "name:th": "เขาตังกวนชั้นล่าง", "osm_id": 2508265533, "osm_type": "nodes" }, "geometry": { "type": "Point", "coordinates": [ 100.5907589, 7.2108333 ] } },
{ "type": "Feature", "properties": { "name": "ขอนแก่น", "name:en": "Khon Kaen", "railway": "station", "ele": null, "operator:type": null, "layer": null, "addr:full": null, "addr:city": null, "source": "GPS;sign", "name:th": "ขอนแก่น", "osm_id": 387743020, "osm_type": "nodes" }, "geometry": { "type": "Point", "coordinates": [ 102.8256655, 16.4268083 ] } },
{ "type": "Feature", "properties": { "name": "พิจิตร", "name:en": "Phichit", "railway": "station", "ele": null, "operator:type": null, "layer": null, "addr:full": null, "addr:city": null, "source": null, "name:th": "พิจิตร", "osm_id": 259607213, "osm_type": "nodes" }, "geometry": { "type": "Point", "coordinates": [ 100.3466037, 16.4478097 ] } },
{ "type": "Feature", "properties": { "name": "หอไกร", "name:en": "Ho Krai", "railway": "station", "ele": null, "operator:type": null, "layer": null, "addr:full": null, "addr:city": null, "source": null, "name:th": null, "osm_id": 6342985702, "osm_type": "nodes" }, "geometry": { "type": "Point", "coordinates": [ 100.4056695, 16.0820508 ] } },
{ "type": "Feature", "properties": { "name": "ตรอน", "name:en": "Tron", "railway": "station", "ele": null, "operator:type": null, "layer": null, "addr:full": null, "addr:city": null, "source": null, "name:th": null, "osm_id": 8236063813, "osm_type": "nodes" }, "geometry": { "type": "Point", "coordinates": [ 100.1093356, 17.4833185 ] } },
{ "type": "Feature", "properties": { "name": "วังกรด", "name:en": "Wang Krot", "railway": "station", "ele": null, "operator:type": null, "layer": null, "addr:full": null, "addr:city": null, "source": null, "name:th": null, "osm_id": 9221032842, "osm_type": "nodes" }, "geometry": { "type": "Point", "coordinates": [ 100.3894937, 16.3989514 ] } },
{ "type": "Feature", "properties": { "name": "วงเวียนใหญ่", "name:en": "Wongwian Yai", "railway": "station", "ele": null, "operator:type": null, "layer": null, "addr:full": null, "addr:city": null, "source": null, "name:th": "วงเวียนใหญ่", "osm_id": 443815142, "osm_type": "nodes" }, "geometry": { "type": "Point", "coordinates": [ 100.4951594, 13.7210816 ] } },
{ "type": "Feature", "properties": { "name": "เนินมะกอก", "name:en": "Noen Makok", "railway": "station", "ele": null, "operator:type": null, "layer": null, "addr:full": null, "addr:city": null, "source": null, "name:th": null, "osm_id": 2623164794, "osm_type": "nodes" }, "geometry": { "type": "Point", "coordinates": [ 100.1730726, 15.4757962 ] } },
{ "type": "Feature", "properties": { "name": "บางกระทุ่ม", "name:en": "Bang Krathum", "railway": "station", "ele": null, "operator:type": null, "layer": null, "addr:full": null, "addr:city": null, "source": null, "name:th": null, "osm_id": 4012268029, "osm_type": "nodes" }, "geometry": { "type": "Point", "coordinates": [ 100.2990041, 16.5766834 ] } },
{ "type": "Feature", "properties": { "name": "พรหมพิราม", "name:en": "Phrom Phiram", "railway": "station", "ele": null, "operator:type": null, "layer": null, "addr:full": null, "addr:city": null, "source": null, "name:th": null, "osm_id": 4742573922, "osm_type": "nodes" }, "geometry": { "type": "Point", "coordinates": [ 100.2010978, 17.0311693 ] } },
{ "type": "Feature", "properties": { "name": "ท่าฬ่อ", "name:en": "Tha Lo", "railway": "station", "ele": null, "operator:type": null, "layer": null, "addr:full": null, "addr:city": null, "source": null, "name:th": null, "osm_id": 4963021877, "osm_type": "nodes" }, "geometry": { "type": "Point", "coordinates": [ 100.3300883, 16.5121501 ] } },
{ "type": "Feature", "properties": { "name": "วังกร่าง", "name:en": "Wang Krang", "railway": "station", "ele": null, "operator:type": null, "layer": null, "addr:full": null, "addr:city": null, "source": null, "name:th": null, "osm_id": 5034002970, "osm_type": "nodes" }, "geometry": { "type": "Point", "coordinates": [ 100.3477844, 15.9768864 ] } },
{ "type": "Feature", "properties": { "name": "ห้วยเกตุ", "name:en": "Huai Ket", "railway": "station", "ele": null, "operator:type": null, "layer": null, "addr:full": null, "addr:city": null, "source": null, "name:th": null, "osm_id": 5307269229, "osm_type": "nodes" }, "geometry": { "type": "Point", "coordinates": [ 100.4253862, 16.2733137 ] } },
{ "type": "Feature", "properties": { "name": "หนองตม", "name:en": "Nong Tom", "railway": "station", "ele": null, "operator:type": null, "layer": null, "addr:full": null, "addr:city": null, "source": null, "name:th": null, "osm_id": 5319764921, "osm_type": "nodes" }, "geometry": { "type": "Point", "coordinates": [ 100.1634161, 17.1001417 ] } },
{ "type": "Feature", "properties": { "name": "ท่าสัก", "name:en": "Tha Sak", "railway": "station", "ele": null, "operator:type": null, "layer": null, "addr:full": null, "addr:city": null, "source": null, "name:th": null, "osm_id": 5319765021, "osm_type": "nodes" }, "geometry": { "type": "Point", "coordinates": [ 100.0974685, 17.4113119 ] } },
{ "type": "Feature", "properties": { "name": "บ้านเต็งหนาม", "name:en": "Ban Teng Nam", "railway": "station", "ele": null, "operator:type": null, "layer": null, "addr:full": null, "addr:city": null, "source": null, "name:th": null, "osm_id": 5355110511, "osm_type": "nodes" }, "geometry": { "type": "Point", "coordinates": [ 100.2666171, 16.8554916 ] } },
{ "type": "Feature", "properties": { "name": "คลองปลากด", "name:en": "Khlong Pla Kot", "railway": "station", "ele": null, "operator:type": null, "layer": null, "addr:full": null, "addr:city": null, "source": null, "name:th": null, "osm_id": 6342985701, "osm_type": "nodes" }, "geometry": { "type": "Point", "coordinates": [ 100.2835451, 15.8149571 ] } },
{ "type": "Feature", "properties": { "name": "บ้านด่าน", "name:en": "Ban Dan", "railway": "station", "ele": null, "operator:type": null, "layer": null, "addr:full": null, "addr:city": null, "source": null, "name:th": null, "osm_id": 7949322094, "osm_type": "nodes" }, "geometry": { "type": "Point", "coordinates": [ 100.1277406, 17.7184486 ] } },
{ "type": "Feature", "properties": { "name": "ปางป๋วย", "name:en": "Pang Puai", "railway": "station", "ele": null, "operator:type": null, "layer": null, "addr:full": null, "addr:city": null, "source": "Sign", "name:th": null, "osm_id": 2062465221, "osm_type": "nodes" }, "geometry": { "type": "Point", "coordinates": [ 99.8583276, 18.2989284 ] } },
{ "type": "Feature", "properties": { "name": "หนองหล่ม", "name:en": "Nong Lom", "railway": "station", "ele": null, "operator:type": null, "layer": null, "addr:full": null, "addr:city": null, "source": null, "name:th": "หนองหล่ม", "osm_id": 2094249668, "osm_type": "nodes" }, "geometry": { "type": "Point", "coordinates": [ 99.0571137, 18.4622152 ] } },
{ "type": "Feature", "properties": { "name": "ศาลาแม่ทา", "name:en": "Sala Mae Tha", "railway": "station", "ele": null, "operator:type": null, "layer": null, "addr:full": null, "addr:city": null, "source": null, "name:th": "ศาลาแม่ทา", "osm_id": 2094249669, "osm_type": "nodes" }, "geometry": { "type": "Point", "coordinates": [ 99.1390165, 18.4617297 ] } },
{ "type": "Feature", "properties": { "name": "สารภี", "name:en": "Saraphi", "railway": "station", "ele": null, "operator:type": null, "layer": null, "addr:full": null, "addr:city": null, "source": null, "name:th": "สารภี", "osm_id": 4087526293, "osm_type": "nodes" }, "geometry": { "type": "Point", "coordinates": [ 99.041803, 18.7101912 ] } },
{ "type": "Feature", "properties": { "name": "ชุมทางบ้านดารา", "name:en": "Ban Dara Junction", "railway": "station", "ele": null, "operator:type": null, "layer": null, "addr:full": null, "addr:city": null, "source": null, "name:th": "ชุมทางบ้านดารา", "osm_id": 998990360, "osm_type": "nodes" }, "geometry": { "type": "Point", "coordinates": [ 100.0827616, 17.3832808 ] } },
{ "type": "Feature", "properties": { "name": "ขุนตาน", "name:en": "Khun Tan", "railway": "station", "ele": "578", "operator:type": null, "layer": null, "addr:full": null, "addr:city": null, "source": null, "name:th": "ขุนตาน", "osm_id": 914733544, "osm_type": "nodes" }, "geometry": { "type": "Point", "coordinates": [ 99.2653484, 18.5005161 ] } },
{ "type": "Feature", "properties": { "name": "ศาลาผาลาด", "name:en": "Sala Pha Lat", "railway": "station", "ele": null, "operator:type": null, "layer": null, "addr:full": null, "addr:city": null, "source": null, "name:th": null, "osm_id": 980061496, "osm_type": "nodes" }, "geometry": { "type": "Point", "coordinates": [ 99.595943, 18.2387197 ] } },
{ "type": "Feature", "properties": { "name": "แม่เมาะ", "name:en": "Mae Mo", "railway": "station", "ele": null, "operator:type": null, "layer": null, "addr:full": null, "addr:city": null, "source": null, "name:th": null, "osm_id": 980061539, "osm_type": "nodes" }, "geometry": { "type": "Point", "coordinates": [ 99.7070391, 18.2613977 ] } },
{ "type": "Feature", "properties": { "name": "ปางต้นผึ้ง", "name:en": "Pang Ton Phueng", "railway": "station", "ele": null, "operator:type": null, "layer": null, "addr:full": null, "addr:city": null, "source": null, "name:th": null, "osm_id": 7949322095, "osm_type": "nodes" }, "geometry": { "type": "Point", "coordinates": [ 100.076362, 17.7998769 ] } },
{ "type": "Feature", "properties": { "name": "บ้านทับช้าง", "name:en": "Ban Thap Chang", "railway": "station", "ele": null, "operator:type": null, "layer": null, "addr:full": null, "addr:city": null, "source": null, "name:th": "บ้านทับช้าง", "osm_id": 444979563, "osm_type": "nodes" }, "geometry": { "type": "Point", "coordinates": [ 100.6887304, 13.7329633 ] } },
{ "type": "Feature", "properties": { "name": "บันไดม้า", "name:en": "Bandai Ma", "railway": "station", "ele": null, "operator:type": null, "layer": null, "addr:full": null, "addr:city": null, "source": "GPS;sign", "name:th": "บันไดม้า", "osm_id": 506475580, "osm_type": "nodes" }, "geometry": { "type": "Point", "coordinates": [ 101.3694444, 14.6728925 ] } },
{ "type": "Feature", "properties": { "name": "บ้านไผ่", "name:en": "Ban Phai", "railway": "station", "ele": null, "operator:type": null, "layer": null, "addr:full": null, "addr:city": null, "source": "GPS;sign", "name:th": "บ้านไผ่", "osm_id": 506448740, "osm_type": "nodes" }, "geometry": { "type": "Point", "coordinates": [ 102.7254663, 16.0595155 ] } },
{ "type": "Feature", "properties": { "name": "บ้านมะค่า", "name:en": "Ban Makha", "railway": "station", "ele": null, "operator:type": null, "layer": null, "addr:full": null, "addr:city": null, "source": "GPS;sign", "name:th": "บ้านมะค่า", "osm_id": 506455116, "osm_type": "nodes" }, "geometry": { "type": "Point", "coordinates": [ 102.2952689, 15.2811036 ] } },
{ "type": "Feature", "properties": { "name": "เมืองพล", "name:en": "Mueang Phon", "railway": "station", "ele": null, "operator:type": null, "layer": null, "addr:full": null, "addr:city": null, "source": "GPS;sign", "name:th": "เมืองพล", "osm_id": 506455114, "osm_type": "nodes" }, "geometry": { "type": "Point", "coordinates": [ 102.6005043, 15.8196911 ] } },
{ "type": "Feature", "properties": { "name": "น้ำพอง", "name:en": "Nam Phong", "railway": "station", "ele": null, "operator:type": null, "layer": null, "addr:full": null, "addr:city": null, "source": "GPS;sign", "name:th": "น้ำพอง", "osm_id": 648953615, "osm_type": "nodes" }, "geometry": { "type": "Point", "coordinates": [ 102.8612221, 16.7093642 ] } },
{ "type": "Feature", "properties": { "name": null, "name:en": null, "railway": "station", "ele": null, "operator:type": null, "layer": null, "addr:full": null, "addr:city": null, "source": null, "name:th": null, "osm_id": 2406197628, "osm_type": "nodes" }, "geometry": { "type": "Point", "coordinates": [ 99.9351992, 13.1090115 ] } },
{ "type": "Feature", "properties": { "name": "ศรีนครินทร์", "name:en": "Srinagarindra", "railway": "station", "ele": null, "operator:type": null, "layer": null, "addr:full": null, "addr:city": null, "source": null, "name:th": "ศรีนครินทร์", "osm_id": 6124793517, "osm_type": "nodes" }, "geometry": { "type": "Point", "coordinates": [ 100.6090352, 13.5919965 ] } },
{ "type": "Feature", "properties": { "name": "อยุธยา", "name:en": "Ayutthaya", "railway": "station", "ele": null, "operator:type": null, "layer": null, "addr:full": null, "addr:city": null, "source": "GPS;sign", "name:th": "อยุธยา", "osm_id": 237445803, "osm_type": "nodes" }, "geometry": { "type": "Point", "coordinates": [ 100.5832004, 14.3567126 ] } },
{ "type": "Feature", "properties": { "name": "หนองคาย", "name:en": "Nong Khai", "railway": "station", "ele": null, "operator:type": null, "layer": null, "addr:full": null, "addr:city": null, "source": "GPS;sign", "name:th": "หนองคาย", "osm_id": 675449145, "osm_type": "nodes" }, "geometry": { "type": "Point", "coordinates": [ 102.7309677, 17.8644642 ] } },
{ "type": "Feature", "properties": { "name": "กุมภวาปี", "name:en": "Kumphawapi", "railway": "station", "ele": null, "operator:type": null, "layer": null, "addr:full": null, "addr:city": null, "source": "GPS;sign", "name:th": "กุมภวาปี", "osm_id": 675458660, "osm_type": "nodes" }, "geometry": { "type": "Point", "coordinates": [ 102.9481029, 17.1220424 ] } },
{ "type": "Feature", "properties": { "name": "ตลาดพลู", "name:en": "Talat Phlu", "railway": "station", "ele": null, "operator:type": null, "layer": null, "addr:full": null, "addr:city": null, "source": null, "name:th": "ตลาดพลู", "osm_id": 674670328, "osm_type": "nodes" }, "geometry": { "type": "Point", "coordinates": [ 100.4780183, 13.7208188 ] } },
{ "type": "Feature", "properties": { "name": "วงเวียนใหญ่", "name:en": "Wongwian Yai", "railway": "station", "ele": null, "operator:type": null, "layer": null, "addr:full": null, "addr:city": null, "source": null, "name:th": "วงเวียนใหญ่", "osm_id": 674670334, "osm_type": "nodes" }, "geometry": { "type": "Point", "coordinates": [ 100.4912323, 13.7243925 ] } },
{ "type": "Feature", "properties": { "name": "ลำพูน", "name:en": "Lamphun", "railway": "station", "ele": null, "operator:type": null, "layer": null, "addr:full": null, "addr:city": null, "source": null, "name:th": "ลำพูน", "osm_id": 674670481, "osm_type": "nodes" }, "geometry": { "type": "Point", "coordinates": [ 99.0210889, 18.5937573 ] } },
{ "type": "Feature", "properties": { "name": "ป่าเส้า", "name:en": "Pa Sao", "railway": "station", "ele": null, "operator:type": null, "layer": null, "addr:full": null, "addr:city": null, "source": null, "name:th": "ป่าเส้า", "osm_id": 674670498, "osm_type": "nodes" }, "geometry": { "type": "Point", "coordinates": [ 99.0422493, 18.6375979 ] } },
{ "type": "Feature", "properties": { "name": "ลพบุรี 2", "name:en": "Lop Buri 2", "railway": "station", "ele": null, "operator:type": null, "layer": null, "addr:full": null, "addr:city": null, "source": null, "name:th": "ลพบุรี 2", "osm_id": 12633287470, "osm_type": "nodes" }, "geometry": { "type": "Point", "coordinates": [ 100.5580852, 14.7936369 ] } },
{ "type": "Feature", "properties": { "name": "หนองปลาไหล", "name:en": "Nong Pla Lai", "railway": "station", "ele": null, "operator:type": null, "layer": null, "addr:full": null, "addr:city": null, "source": null, "name:th": "หนองปลาไหล", "osm_id": 966340903, "osm_type": "nodes" }, "geometry": { "type": "Point", "coordinates": [ 99.8719177, 13.1892424 ] } },
{ "type": "Feature", "properties": { "name": "บางจาก", "name:en": "Bang Chak", "railway": "station", "ele": null, "operator:type": null, "layer": null, "addr:full": null, "addr:city": null, "source": null, "name:th": "บางจาก", "osm_id": 966340925, "osm_type": "nodes" }, "geometry": { "type": "Point", "coordinates": [ 99.8996263, 13.1599264 ] } },
{ "type": "Feature", "properties": { "name": "เขาย้อย", "name:en": "Khao Yoi", "railway": "station", "ele": null, "operator:type": null, "layer": null, "addr:full": null, "addr:city": null, "source": null, "name:th": "เขาย้อย", "osm_id": 966340976, "osm_type": "nodes" }, "geometry": { "type": "Point", "coordinates": [ 99.8610098, 13.2395059 ] } },
{ "type": "Feature", "properties": { "name": "หนองจอก", "name:en": "Nong Chok", "railway": "station", "ele": null, "operator:type": null, "layer": null, "addr:full": null, "addr:city": null, "source": null, "name:th": "หนองจอก", "osm_id": 966341114, "osm_type": "nodes" }, "geometry": { "type": "Point", "coordinates": [ 99.9665562, 12.9533134 ] } },
{ "type": "Feature", "properties": { "name": "บ้านปิน", "name:en": "Ban Pin", "railway": "station", "ele": null, "operator:type": null, "layer": null, "addr:full": null, "addr:city": null, "source": null, "name:th": "บ้านปิน", "osm_id": 980072550, "osm_type": "nodes" }, "geometry": { "type": "Point", "coordinates": [ 99.8669565, 18.0961587 ] } },
{ "type": "Feature", "properties": { "name": "นครลำปาง", "name:en": "Nakhon Lampang", "railway": "station", "ele": null, "operator:type": null, "layer": null, "addr:full": null, "addr:city": null, "source": null, "name:th": "นครลำปาง", "osm_id": 998990326, "osm_type": "nodes" }, "geometry": { "type": "Point", "coordinates": [ 99.4726814, 18.2795849 ] } },
{ "type": "Feature", "properties": { "name": "เด่นชัย", "name:en": "Den Chai", "railway": "station", "ele": null, "operator:type": null, "layer": null, "addr:full": null, "addr:city": null, "source": null, "name:th": "เด่นชัย", "osm_id": 998990373, "osm_type": "nodes" }, "geometry": { "type": "Point", "coordinates": [ 100.0462183, 17.9805247 ] } },
{ "type": "Feature", "properties": { "name": "สวรรคโลก", "name:en": "Sawankhalok", "railway": "station", "ele": null, "operator:type": null, "layer": null, "addr:full": null, "addr:city": null, "source": null, "name:th": "สวรรคโลก", "osm_id": 998990378, "osm_type": "nodes" }, "geometry": { "type": "Point", "coordinates": [ 99.8323192, 17.3146749 ] } },
{ "type": "Feature", "properties": { "name": "วุฒากาศ", "name:en": "Wutthakat", "railway": "station", "ele": null, "operator:type": null, "layer": null, "addr:full": null, "addr:city": null, "source": null, "name:th": "วุฒากาศ", "osm_id": 1113055052, "osm_type": "nodes" }, "geometry": { "type": "Point", "coordinates": [ 100.4689032, 13.7130228 ] } },
{ "type": "Feature", "properties": { "name": "บ้านแหลม", "name:en": "Ban Laem", "railway": "station", "ele": null, "operator:type": null, "layer": null, "addr:full": null, "addr:city": null, "source": null, "name:th": "บ้านแหลม", "osm_id": 1183545603, "osm_type": "nodes" }, "geometry": { "type": "Point", "coordinates": [ 100.2700042, 13.5419156 ] } },
{ "type": "Feature", "properties": { "name": "รางโพธิ์", "name:en": "Rang Pho", "railway": "station", "ele": null, "operator:type": null, "layer": null, "addr:full": null, "addr:city": null, "source": null, "name:th": "รางโพธิ์", "osm_id": 1183545761, "osm_type": "nodes" }, "geometry": { "type": "Point", "coordinates": [ 100.3982295, 13.6391391 ] } },
{ "type": "Feature", "properties": { "name": "วัดควนมีด", "name:en": "Wat Khuan Mit", "railway": "station", "ele": null, "operator:type": null, "layer": null, "addr:full": null, "addr:city": null, "source": null, "name:th": "วัดควนมีด", "osm_id": 1177470943, "osm_type": "nodes" }, "geometry": { "type": "Point", "coordinates": [ 100.6663893, 6.9720868 ] } },
{ "type": "Feature", "properties": { "name": "นครศรีธรรมราช", "name:en": "Nakhon Si Thammarat", "railway": "station", "ele": null, "operator:type": null, "layer": null, "addr:full": null, "addr:city": null, "source": null, "name:th": "นครศรีธรรมราช", "osm_id": 1583925039, "osm_type": "nodes" }, "geometry": { "type": "Point", "coordinates": [ 99.9596411, 8.4395129 ] } },
{ "type": "Feature", "properties": { "name": "มักกะสัน", "name:en": "Makkasan", "railway": "station", "ele": null, "operator:type": null, "layer": null, "addr:full": null, "addr:city": null, "source": null, "name:th": "มักกะสัน", "osm_id": 1637548696, "osm_type": "nodes" }, "geometry": { "type": "Point", "coordinates": [ 100.5473663, 13.7538606 ] } },
{ "type": "Feature", "properties": { "name": "ตันหยงมัส", "name:en": "Tanyong Mat", "railway": "station", "ele": null, "operator:type": null, "layer": null, "addr:full": null, "addr:city": null, "source": null, "name:th": "ตันหยงมัส", "osm_id": 1675985122, "osm_type": "nodes" }, "geometry": { "type": "Point", "coordinates": [ 101.713793, 6.2924946 ] } },
{ "type": "Feature", "properties": { "name": "รือเสาะ", "name:en": "Rueso", "railway": "station", "ele": null, "operator:type": null, "layer": null, "addr:full": null, "addr:city": null, "source": null, "name:th": "รือเสาะ", "osm_id": 1675985475, "osm_type": "nodes" }, "geometry": { "type": "Point", "coordinates": [ 101.5154324, 6.3940374 ] } },
{ "type": "Feature", "properties": { "name": "กันตัง", "name:en": "Kantang", "railway": "station", "ele": null, "operator:type": null, "layer": null, "addr:full": null, "addr:city": null, "source": null, "name:th": null, "osm_id": 1635520395, "osm_type": "nodes" }, "geometry": { "type": "Point", "coordinates": [ 99.5145938, 7.4109021 ] } },
{ "type": "Feature", "properties": { "name": "ปัตตานี", "name:en": "Pattani", "railway": "station", "ele": null, "operator:type": null, "layer": null, "addr:full": null, "addr:city": null, "source": "sign;bing;http://www.geonames.org/1609818/pattani-khok-pho-railway-station.html", "name:th": "ปัตตานี", "osm_id": 1675984678, "osm_type": "nodes" }, "geometry": { "type": "Point", "coordinates": [ 101.094534, 6.7290938 ] } },
{ "type": "Feature", "properties": { "name": "สุไหงปาดี", "name:en": "Su-ngai Padi", "railway": "station", "ele": null, "operator:type": null, "layer": null, "addr:full": null, "addr:city": null, "source": null, "name:th": "สุไหงปาดี", "osm_id": 1675984765, "osm_type": "nodes" }, "geometry": { "type": "Point", "coordinates": [ 101.8810002, 6.0859165 ] } },
{ "type": "Feature", "properties": { "name": "เกาะสะบ้า", "name:en": "Ko Saba", "railway": "station", "ele": null, "operator:type": null, "layer": null, "addr:full": null, "addr:city": null, "source": null, "name:th": "เกาะสะบ้า", "osm_id": 1675986071, "osm_type": "nodes" }, "geometry": { "type": "Point", "coordinates": [ 100.8789057, 6.8641192 ] } },
{ "type": "Feature", "properties": { "name": "สยาม", "name:en": "Siam", "railway": "station", "ele": null, "operator:type": null, "layer": null, "addr:full": null, "addr:city": null, "source": null, "name:th": "สยาม", "osm_id": 1692209237, "osm_type": "nodes" }, "geometry": { "type": "Point", "coordinates": [ 100.5342199, 13.7456236 ] } },
{ "type": "Feature", "properties": { "name": "บ้านห้วยขวาง", "name:en": "Ban Huai Khwang", "railway": "station", "ele": null, "operator:type": null, "layer": null, "addr:full": null, "addr:city": "เมืองพัทยา อำเภอบางละมุง", "source": null, "name:th": "บ้านห้วยขวาง", "osm_id": 1757198540, "osm_type": "nodes" }, "geometry": { "type": "Point", "coordinates": [ 100.9214409, 12.8263019 ] } },
{ "type": "Feature", "properties": { "name": "บางละมุง", "name:en": "Bang Lamung", "railway": "station", "ele": null, "operator:type": null, "layer": null, "addr:full": null, "addr:city": "ตำบลบางละมุง", "source": null, "name:th": "บางละมุง", "osm_id": 1757216505, "osm_type": "nodes" }, "geometry": { "type": "Point", "coordinates": [ 100.9400616, 13.0344892 ] } },
{ "type": "Feature", "properties": { "name": "โคกทราย", "name:en": "Khok Sai", "railway": "station", "ele": null, "operator:type": null, "layer": null, "addr:full": null, "addr:city": null, "source": null, "name:th": null, "osm_id": 1933334389, "osm_type": "nodes" }, "geometry": { "type": "Point", "coordinates": [ 100.3115482, 7.2379031 ] } },
{ "type": "Feature", "properties": { "name": "แม่เทียบ", "name:en": "Mae Thiap", "railway": "station", "ele": null, "operator:type": null, "layer": null, "addr:full": null, "addr:city": null, "source": null, "name:th": null, "osm_id": 2062465220, "osm_type": "nodes" }, "geometry": { "type": "Point", "coordinates": [ 100.2841875, 16.6097579 ] } },
{ "type": "Feature", "properties": { "name": "พิชัย", "name:en": "Phichai", "railway": "station", "ele": null, "operator:type": null, "layer": null, "addr:full": null, "addr:city": null, "source": null, "name:th": null, "osm_id": 2062465222, "osm_type": "nodes" }, "geometry": { "type": "Point", "coordinates": [ 100.0882507, 17.2890332 ] } },
{ "type": "Feature", "properties": { "name": "ศิลาอาสน์", "name:en": "Sila At", "railway": "station", "ele": null, "operator:type": null, "layer": null, "addr:full": null, "addr:city": null, "source": null, "name:th": "ศิลาอาสน์", "osm_id": 2062465352, "osm_type": "nodes" }, "geometry": { "type": "Point", "coordinates": [ 100.10104, 17.6392683 ] } },
{ "type": "Feature", "properties": { "name": "ทาชมภู", "name:en": "Tha Chomphu", "railway": "station", "ele": null, "operator:type": null, "layer": null, "addr:full": null, "addr:city": null, "source": null, "name:th": "ทาชมภู", "osm_id": 2094249670, "osm_type": "nodes" }, "geometry": { "type": "Point", "coordinates": [ 99.205463, 18.5064871 ] } },
{ "type": "Feature", "properties": { "name": "หนองแก", "name:en": "Nong Kae", "railway": "station", "ele": null, "operator:type": null, "layer": null, "addr:full": null, "addr:city": null, "source": null, "name:th": "หนองแก", "osm_id": 2198941681, "osm_type": "nodes" }, "geometry": { "type": "Point", "coordinates": [ 99.96458, 12.5328272 ] } },
{ "type": "Feature", "properties": { "name": "ตะพานหิน", "name:en": "Taphan Hin", "railway": "station", "ele": null, "operator:type": null, "layer": null, "addr:full": null, "addr:city": null, "source": null, "name:th": null, "osm_id": 2327043258, "osm_type": "nodes" }, "geometry": { "type": "Point", "coordinates": [ 100.424099, 16.2207012 ] } },
{ "type": "Feature", "properties": { "name": "พระที่นั่งเพชรภูมิไพโรจน์", "name:en": null, "railway": "station", "ele": null, "operator:type": null, "layer": null, "addr:full": null, "addr:city": null, "source": null, "name:th": "พระที่นั่งเพชรภูมิไพโรจน์", "osm_id": 2406197633, "osm_type": "nodes" }, "geometry": { "type": "Point", "coordinates": [ 99.9360883, 13.1093928 ] } },
{ "type": "Feature", "properties": { "name": "ท่าเรือน้อย", "name:en": "Tha Ruea Noi", "railway": "station", "ele": null, "operator:type": null, "layer": null, "addr:full": null, "addr:city": null, "source": null, "name:th": "ท่าเรือน้อย", "osm_id": 2453876304, "osm_type": "nodes" }, "geometry": { "type": "Point", "coordinates": [ 99.7517548, 13.9562 ] } },
{ "type": "Feature", "properties": { "name": "หนองหิน", "name:en": "Nong Hin", "railway": "station", "ele": null, "operator:type": null, "layer": null, "addr:full": null, "addr:city": null, "source": null, "name:th": null, "osm_id": 2546945892, "osm_type": "nodes" }, "geometry": { "type": "Point", "coordinates": [ 99.7675179, 11.7421762 ] } },
{ "type": "Feature", "properties": { "name": "ปราณบุรี", "name:en": "Pran Buri", "railway": "station", "ele": null, "operator:type": null, "layer": null, "addr:full": null, "addr:city": null, "source": null, "name:th": "ปราณบุรี", "osm_id": 2628200781, "osm_type": "nodes" }, "geometry": { "type": "Point", "coordinates": [ 99.9261691, 12.3764448 ] } },
{ "type": "Feature", "properties": { "name": "วังเย็น", "name:en": "Wang Yen", "railway": "station", "ele": null, "operator:type": null, "layer": null, "addr:full": null, "addr:city": null, "source": null, "name:th": "วังเย็น", "osm_id": 2683354074, "osm_type": "nodes" }, "geometry": { "type": "Point", "coordinates": [ 99.4158946, 13.9432669 ] } },
{ "type": "Feature", "properties": { "name": "บ้านเกาะใหญ่", "name:en": "Ban Ko Yai", "railway": "station", "ele": null, "operator:type": null, "layer": null, "addr:full": null, "addr:city": null, "source": null, "name:th": null, "osm_id": 3286181097, "osm_type": "nodes" }, "geometry": { "type": "Point", "coordinates": [ 100.3852631, 7.1459449 ] } },
{ "type": "Feature", "properties": { "name": "ห้วยยาง", "name:en": "Huai Yang", "railway": "station", "ele": null, "operator:type": null, "layer": null, "addr:full": null, "addr:city": null, "source": "Wikipedia", "name:th": null, "osm_id": 3385892809, "osm_type": "nodes" }, "geometry": { "type": "Point", "coordinates": [ 99.6720204, 11.6050706 ] } },
{ "type": "Feature", "properties": { "name": "วังด้วน", "name:en": "Wang Duan", "railway": "station", "ele": null, "operator:type": null, "layer": null, "addr:full": null, "addr:city": null, "source": null, "name:th": null, "osm_id": 3385909908, "osm_type": "nodes" }, "geometry": { "type": "Point", "coordinates": [ 99.7224194, 11.6879245 ] } },
{ "type": "Feature", "properties": { "name": "สระแก้ว", "name:en": "Sa Kaeo", "railway": "station", "ele": null, "operator:type": null, "layer": null, "addr:full": null, "addr:city": null, "source": null, "name:th": "สระแก้ว", "osm_id": 3435041090, "osm_type": "nodes" }, "geometry": { "type": "Point", "coordinates": [ 102.0751732, 13.8272286 ] } },
{ "type": "Feature", "properties": { "name": "ปะทิว", "name:en": "Pathio", "railway": "station", "ele": null, "operator:type": null, "layer": null, "addr:full": null, "addr:city": null, "source": null, "name:th": "ปะทิว", "osm_id": 3440975083, "osm_type": "nodes" }, "geometry": { "type": "Point", "coordinates": [ 99.3162929, 10.7111859 ] } },
{ "type": "Feature", "properties": { "name": "รามัน", "name:en": "Raman", "railway": "station", "ele": null, "operator:type": null, "layer": null, "addr:full": null, "addr:city": null, "source": "survey;http://www.geonames.org/7013822/sathani-rotfai-raman.html", "name:th": "รามัน", "osm_id": 3758665279, "osm_type": "nodes" }, "geometry": { "type": "Point", "coordinates": [ 101.4318913, 6.4769499 ] } },
{ "type": "Feature", "properties": { "name": "ชุมทางตลิ่งชัน", "name:en": "Taling Chan Junction", "railway": "station", "ele": null, "operator:type": null, "layer": null, "addr:full": null, "addr:city": null, "source": null, "name:th": "ชุมทางตลิ่งชัน", "osm_id": 3641278609, "osm_type": "nodes" }, "geometry": { "type": "Point", "coordinates": [ 100.4400797, 13.7892723 ] } },
{ "type": "Feature", "properties": { "name": "บางยี่ขัน", "name:en": "Bang Yi Khan", "railway": "station", "ele": null, "operator:type": null, "layer": null, "addr:full": null, "addr:city": null, "source": null, "name:th": "บางยี่ขัน", "osm_id": 3801037853, "osm_type": "nodes" }, "geometry": { "type": "Point", "coordinates": [ 100.4852556, 13.777382 ] } },
{ "type": "Feature", "properties": { "name": "บางอ้อ", "name:en": "Bang O", "railway": "station", "ele": null, "operator:type": null, "layer": null, "addr:full": null, "addr:city": null, "source": null, "name:th": "บางอ้อ", "osm_id": 3801037855, "osm_type": "nodes" }, "geometry": { "type": "Point", "coordinates": [ 100.5097864, 13.7989803 ] } },
{ "type": "Feature", "properties": { "name": "บางแค", "name:en": "Bang Khae", "railway": "station", "ele": null, "operator:type": null, "layer": null, "addr:full": null, "addr:city": null, "source": null, "name:th": "บางแค", "osm_id": 3801037856, "osm_type": "nodes" }, "geometry": { "type": "Point", "coordinates": [ 100.4223368, 13.7119437 ] } },
{ "type": "Feature", "properties": { "name": "บางโพ", "name:en": "Bang Pho", "railway": "station", "ele": null, "operator:type": null, "layer": null, "addr:full": null, "addr:city": null, "source": null, "name:th": "บางโพ", "osm_id": 3801040557, "osm_type": "nodes" }, "geometry": { "type": "Point", "coordinates": [ 100.5210095, 13.8064027 ] } },
{ "type": "Feature", "properties": { "name": "บางไผ่", "name:en": "Bang Phai", "railway": "station", "ele": null, "operator:type": null, "layer": null, "addr:full": null, "addr:city": null, "source": null, "name:th": "บางไผ่", "osm_id": 3801040558, "osm_type": "nodes" }, "geometry": { "type": "Point", "coordinates": [ 100.4650788, 13.7246179 ] } },
{ "type": "Feature", "properties": { "name": "ภาษีเจริญ", "name:en": "Phasi Charoen", "railway": "station", "ele": null, "operator:type": null, "layer": null, "addr:full": null, "addr:city": null, "source": null, "name:th": "ภาษีเจริญ", "osm_id": 3801040559, "osm_type": "nodes" }, "geometry": { "type": "Point", "coordinates": [ 100.434326, 13.7129105 ] } },
{ "type": "Feature", "properties": { "name": "หลักสอง", "name:en": "Lak Song", "railway": "station", "ele": null, "operator:type": null, "layer": null, "addr:full": null, "addr:city": null, "source": null, "name:th": "หลักสอง", "osm_id": 3801040561, "osm_type": "nodes" }, "geometry": { "type": "Point", "coordinates": [ 100.4094849, 13.7108774 ] } },
{ "type": "Feature", "properties": { "name": "เพชรเกษม 48", "name:en": "Phetkasem 48", "railway": "station", "ele": null, "operator:type": null, "layer": null, "addr:full": null, "addr:city": null, "source": null, "name:th": "เพชรเกษม 48", "osm_id": 3801040564, "osm_type": "nodes" }, "geometry": { "type": "Point", "coordinates": [ 100.4454508, 13.7155591 ] } },
{ "type": "Feature", "properties": { "name": "คลองจัง", "name:en": "Khlong Chang", "railway": "station", "ele": null, "operator:type": null, "layer": null, "addr:full": null, "addr:city": null, "source": "Wikipedia, Survey", "name:th": null, "osm_id": 4059503591, "osm_type": "nodes" }, "geometry": { "type": "Point", "coordinates": [ 99.621705, 8.2408432 ] } },
{ "type": "Feature", "properties": { "name": "นาบอน", "name:en": "Na Bon", "railway": "station", "ele": null, "operator:type": null, "layer": null, "addr:full": null, "addr:city": null, "source": "Wikipedia", "name:th": null, "osm_id": 4059503595, "osm_type": "nodes" }, "geometry": { "type": "Point", "coordinates": [ 99.5960322, 8.2658818 ] } },
{ "type": "Feature", "properties": { "name": "ร่อนพิบูลย์", "name:en": "Ron Phibun", "railway": "station", "ele": null, "operator:type": null, "layer": null, "addr:full": null, "addr:city": null, "source": null, "name:th": null, "osm_id": 4059503596, "osm_type": "nodes" }, "geometry": { "type": "Point", "coordinates": [ 99.8407292, 8.1541306 ] } },
{ "type": "Feature", "properties": { "name": "บ้านใหม่", "name:en": "Ban Mai", "railway": "station", "ele": null, "operator:type": null, "layer": null, "addr:full": null, "addr:city": null, "source": null, "name:th": null, "osm_id": 4012714486, "osm_type": "nodes" }, "geometry": { "type": "Point", "coordinates": [ 100.2729108, 16.6901016 ] } },
{ "type": "Feature", "properties": { "name": "ห้วยปริก", "name:en": "Huai Prik", "railway": "station", "ele": null, "operator:type": null, "layer": null, "addr:full": null, "addr:city": null, "source": null, "name:th": null, "osm_id": 4059503589, "osm_type": "nodes" }, "geometry": { "type": "Point", "coordinates": [ 99.4566341, 8.5686473 ] } },
{ "type": "Feature", "properties": { "name": "ควนหนองคว้า", "name:en": "Khuan Nong Khwa", "railway": "station", "ele": null, "operator:type": null, "layer": null, "addr:full": null, "addr:city": null, "source": null, "name:th": null, "osm_id": 4059503592, "osm_type": "nodes" }, "geometry": { "type": "Point", "coordinates": [ 99.9369431, 8.1043111 ] } },
{ "type": "Feature", "properties": { "name": "ใสใหญ่", "name:en": "Sai Yai", "railway": "station", "ele": null, "operator:type": null, "layer": null, "addr:full": null, "addr:city": null, "source": null, "name:th": null, "osm_id": 4059503597, "osm_type": "nodes" }, "geometry": { "type": "Point", "coordinates": [ 99.7214699, 8.1602892 ] } },
{ "type": "Feature", "properties": { "name": "สระโกสินารายณ์", "name:en": "Sa Kosinarai", "railway": "station", "ele": null, "operator:type": null, "layer": null, "addr:full": null, "addr:city": null, "source": null, "name:th": "สระโกสินารายณ์", "osm_id": 4604984594, "osm_type": "nodes" }, "geometry": { "type": "Point", "coordinates": [ 99.8495351, 13.8503382 ] } },
{ "type": "Feature", "properties": { "name": "บ่อตะคร้อ", "name:en": "Bo Takhro", "railway": "station", "ele": null, "operator:type": null, "layer": null, "addr:full": null, "addr:city": null, "source": "survey", "name:th": "บ่อตะคร้อ", "osm_id": 4755947793, "osm_type": "nodes" }, "geometry": { "type": "Point", "coordinates": [ 99.83501, 13.4411378 ] } },
{ "type": "Feature", "properties": { "name": "ฉวาง", "name:en": "Chawang", "railway": "station", "ele": null, "operator:type": null, "layer": null, "addr:full": null, "addr:city": null, "source": null, "name:th": null, "osm_id": 4869119974, "osm_type": "nodes" }, "geometry": { "type": "Point", "coordinates": [ 99.5083719, 8.4206392 ] } },
{ "type": "Feature", "properties": { "name": "ดงตะขบ", "name:en": "Dong Takhop", "railway": "station", "ele": null, "operator:type": null, "layer": null, "addr:full": null, "addr:city": null, "source": null, "name:th": null, "osm_id": 5034039625, "osm_type": "nodes" }, "geometry": { "type": "Point", "coordinates": [ 100.4148126, 16.1386774 ] } },
{ "type": "Feature", "properties": { "name": "โนนทองหลาง", "name:en": "Non Thonglang", "railway": "station", "ele": null, "operator:type": null, "layer": null, "addr:full": null, "addr:city": null, "source": null, "name:th": null, "osm_id": 4919461602, "osm_type": "nodes" }, "geometry": { "type": "Point", "coordinates": [ 102.3757797, 15.512801 ] } },
{ "type": "Feature", "properties": { "name": "บ้านดอนใหญ่", "name:en": "Ban Don Yai", "railway": "station", "ele": null, "operator:type": null, "layer": null, "addr:full": null, "addr:city": null, "source": null, "name:th": null, "osm_id": 4919461603, "osm_type": "nodes" }, "geometry": { "type": "Point", "coordinates": [ 102.3128269, 15.3892901 ] } },
{ "type": "Feature", "properties": { "name": "เมืองคง", "name:en": "Mueang Khong", "railway": "station", "ele": null, "operator:type": null, "layer": null, "addr:full": null, "addr:city": null, "source": null, "name:th": null, "osm_id": 4919461934, "osm_type": "nodes" }, "geometry": { "type": "Point", "coordinates": [ 102.3311877, 15.4451048 ] } },
{ "type": "Feature", "properties": { "name": "ตลาดบางใหญ่", "name:en": "Talad Bang Yai", "railway": "station", "ele": null, "operator:type": null, "layer": null, "addr:full": null, "addr:city": null, "source": null, "name:th": "ตลาดบางใหญ่", "osm_id": 5222843675, "osm_type": "nodes" }, "geometry": { "type": "Point", "coordinates": [ 100.409287, 13.8810117 ] } },
{ "type": "Feature", "properties": { "name": "สามแยกบางใหญ่", "name:en": "Sam Yaek Bang Yai", "railway": "station", "ele": null, "operator:type": null, "layer": null, "addr:full": null, "addr:city": null, "source": null, "name:th": "สามแยกบางใหญ่", "osm_id": 5222843676, "osm_type": "nodes" }, "geometry": { "type": "Point", "coordinates": [ 100.4193624, 13.8746749 ] } },
{ "type": "Feature", "properties": { "name": "บางพลู", "name:en": "Bang Phlu", "railway": "station", "ele": null, "operator:type": null, "layer": null, "addr:full": null, "addr:city": null, "source": null, "name:th": "บางพลู", "osm_id": 5222843677, "osm_type": "nodes" }, "geometry": { "type": "Point", "coordinates": [ 100.4338011, 13.8757677 ] } },
{ "type": "Feature", "properties": { "name": "บางรักใหญ่", "name:en": "Bang Rak Yai", "railway": "station", "ele": null, "operator:type": null, "layer": null, "addr:full": null, "addr:city": null, "source": null, "name:th": "บางรักใหญ่", "osm_id": 5222843678, "osm_type": "nodes" }, "geometry": { "type": "Point", "coordinates": [ 100.4449359, 13.876607 ] } },
{ "type": "Feature", "properties": { "name": "ไทรม้า", "name:en": "Sai Ma", "railway": "station", "ele": null, "operator:type": null, "layer": null, "addr:full": null, "addr:city": null, "source": null, "name:th": "ไทรม้า", "osm_id": 5222843680, "osm_type": "nodes" }, "geometry": { "type": "Point", "coordinates": [ 100.4666922, 13.8705112 ] } },
{ "type": "Feature", "properties": { "name": "สะพานพระนั่งเกล้า", "name:en": "Phra Nang Klao Bridge", "railway": "station", "ele": null, "operator:type": null, "layer": null, "addr:full": null, "addr:city": null, "source": null, "name:th": "สะพานพระนั่งเกล้า", "osm_id": 5222843681, "osm_type": "nodes" }, "geometry": { "type": "Point", "coordinates": [ 100.4801284, 13.8702897 ] } },
{ "type": "Feature", "properties": { "name": "บ้านคูบัว", "name:en": "Ban Khu Bua", "railway": "station", "ele": null, "operator:type": null, "layer": null, "addr:full": null, "addr:city": null, "source": null, "name:th": "บ้านคูบัว", "osm_id": 5274916039, "osm_type": "nodes" }, "geometry": { "type": "Point", "coordinates": [ 99.8284098, 13.4918773 ] } },
{ "type": "Feature", "properties": { "name": "แยกนนทบุรี 1", "name:en": "Yaek Nonthaburi 1", "railway": "station", "ele": null, "operator:type": null, "layer": null, "addr:full": null, "addr:city": null, "source": null, "name:th": "แยกนนทบุรี 1", "osm_id": 5222843682, "osm_type": "nodes" }, "geometry": { "type": "Point", "coordinates": [ 100.4940765, 13.865961 ] } },
{ "type": "Feature", "properties": { "name": "บางกระสอ", "name:en": "Bang Krasor", "railway": "station", "ele": null, "operator:type": null, "layer": null, "addr:full": null, "addr:city": null, "source": null, "name:th": "บางกระสอ", "osm_id": 5222843683, "osm_type": "nodes" }, "geometry": { "type": "Point", "coordinates": [ 100.5046524, 13.8616527 ] } },
{ "type": "Feature", "properties": { "name": "ปุณณวิถี", "name:en": "Punnawithi", "railway": "station", "ele": null, "operator:type": null, "layer": null, "addr:full": null, "addr:city": null, "source": null, "name:th": "ปุณณวิถี", "osm_id": 5391616767, "osm_type": "nodes" }, "geometry": { "type": "Point", "coordinates": [ 100.6089963, 13.689279 ] } },
{ "type": "Feature", "properties": { "name": "พระโขนง", "name:en": "Phra Khanong", "railway": "station", "ele": null, "operator:type": null, "layer": null, "addr:full": null, "addr:city": null, "source": null, "name:th": "พระโขนง", "osm_id": 5391610985, "osm_type": "nodes" }, "geometry": { "type": "Point", "coordinates": [ 100.5912365, 13.7151693 ] } },
{ "type": "Feature", "properties": { "name": "พญาไท", "name:en": "Phaya Thai", "railway": "station", "ele": null, "operator:type": null, "layer": null, "addr:full": null, "addr:city": null, "source": null, "name:th": "พญาไท", "osm_id": 5388610344, "osm_type": "nodes" }, "geometry": { "type": "Point", "coordinates": [ 100.5338214, 13.7569644 ] } },
{ "type": "Feature", "properties": { "name": "นานา", "name:en": "Nana", "railway": "station", "ele": null, "operator:type": null, "layer": null, "addr:full": null, "addr:city": null, "source": null, "name:th": "นานา", "osm_id": 5391628766, "osm_type": "nodes" }, "geometry": { "type": "Point", "coordinates": [ 100.5554291, 13.7405358 ] } },
{ "type": "Feature", "properties": { "name": "เพลินจิต", "name:en": "Phloen Chit", "railway": "station", "ele": null, "operator:type": null, "layer": null, "addr:full": null, "addr:city": null, "source": null, "name:th": "เพลินจิต", "osm_id": 5391631777, "osm_type": "nodes" }, "geometry": { "type": "Point", "coordinates": [ 100.5489762, 13.7430684 ] } },
{ "type": "Feature", "properties": { "name": "หว้ากอ", "name:en": "Wa Ko", "railway": "station", "ele": null, "operator:type": null, "layer": null, "addr:full": null, "addr:city": null, "source": null, "name:th": null, "osm_id": 5455506591, "osm_type": "nodes" }, "geometry": { "type": "Point", "coordinates": [ 99.7499113, 11.7157664 ] } },
{ "type": "Feature", "properties": { "name": "วิสัย", "name:en": "Wisai", "railway": "station", "ele": null, "operator:type": null, "layer": null, "addr:full": null, "addr:city": null, "source": null, "name:th": null, "osm_id": 5455506593, "osm_type": "nodes" }, "geometry": { "type": "Point", "coordinates": [ 99.1116166, 10.3282095 ] } },
{ "type": "Feature", "properties": { "name": "หนองคาง", "name:en": "Nong Khang", "railway": "station", "ele": null, "operator:type": null, "layer": null, "addr:full": null, "addr:city": null, "source": null, "name:th": null, "osm_id": 5455506756, "osm_type": "nodes" }, "geometry": { "type": "Point", "coordinates": [ 99.8906083, 12.2842612 ] } },
{ "type": "Feature", "properties": { "name": "แสงแดด", "name:en": "Saeng Daet", "railway": "station", "ele": null, "operator:type": null, "layer": null, "addr:full": null, "addr:city": null, "source": null, "name:th": null, "osm_id": 5455506758, "osm_type": "nodes" }, "geometry": { "type": "Point", "coordinates": [ 99.1551651, 10.4736982 ] } },
{ "type": "Feature", "properties": { "name": "บ้านคอกม้า", "name:en": "Ban Khok Ma", "railway": "station", "ele": null, "operator:type": null, "layer": null, "addr:full": null, "addr:city": null, "source": null, "name:th": null, "osm_id": 5455506854, "osm_type": "nodes" }, "geometry": { "type": "Point", "coordinates": [ 99.2740425, 10.6526122 ] } },
{ "type": "Feature", "properties": { "name": "นาชะอัง", "name:en": "Na Cha-ang", "railway": "station", "ele": null, "operator:type": null, "layer": null, "addr:full": null, "addr:city": null, "source": null, "name:th": null, "osm_id": 5455506855, "osm_type": "nodes" }, "geometry": { "type": "Point", "coordinates": [ 99.206769, 10.5360126 ] } },
{ "type": "Feature", "properties": { "name": "สุรนารายณ์", "name:en": "Suranarai", "railway": "station", "ele": null, "operator:type": null, "layer": null, "addr:full": null, "addr:city": null, "source": null, "name:th": null, "osm_id": 5480897290, "osm_type": "nodes" }, "geometry": { "type": "Point", "coordinates": [ 101.0172521, 15.07013 ] } },
{ "type": "Feature", "properties": { "name": "แก่งเสือเต้น", "name:en": "Kaeng Suea Ten", "railway": "station", "ele": null, "operator:type": null, "layer": null, "addr:full": null, "addr:city": null, "source": null, "name:th": null, "osm_id": 5805282089, "osm_type": "nodes" }, "geometry": { "type": "Point", "coordinates": [ 101.0638116, 14.8423132 ] } },
{ "type": "Feature", "properties": { "name": "รังสิต", "name:en": "Rangsit", "railway": "station", "ele": null, "operator:type": null, "layer": null, "addr:full": null, "addr:city": null, "source": null, "name:th": "รังสิต", "osm_id": 6024782068, "osm_type": "nodes" }, "geometry": { "type": "Point", "coordinates": [ 100.6021544, 13.9905416 ] } },
{ "type": "Feature", "properties": { "name": "หนองมะเขือ", "name:en": "Nong Makhuea", "railway": "station", "ele": null, "operator:type": null, "layer": null, "addr:full": null, "addr:city": null, "source": null, "name:th": "หนองมะเขือ", "osm_id": 5864454781, "osm_type": "nodes" }, "geometry": { "type": "Point", "coordinates": [ 102.5671728, 15.7584027 ] } },
{ "type": "Feature", "properties": { "name": "บึงพระ", "name:en": "Bueng Phra", "railway": "station", "ele": null, "operator:type": null, "layer": null, "addr:full": null, "addr:city": null, "source": null, "name:th": null, "osm_id": 6342986719, "osm_type": "nodes" }, "geometry": { "type": "Point", "coordinates": [ 100.2640645, 16.7481115 ] } },
{ "type": "Feature", "properties": { "name": "โพนทอง", "name:en": "Phon Thong", "railway": "station", "ele": null, "operator:type": null, "layer": null, "addr:full": null, "addr:city": null, "source": null, "name:th": null, "osm_id": 6342990287, "osm_type": "nodes" }, "geometry": { "type": "Point", "coordinates": [ 100.3666748, 15.2204313 ] } },
{ "type": "Feature", "properties": { "name": "จันเสน", "name:en": "Chan Sen", "railway": "station", "ele": null, "operator:type": null, "layer": null, "addr:full": null, "addr:city": null, "source": null, "name:th": "จันเสน", "osm_id": 259607226, "osm_type": "nodes" }, "geometry": { "type": "Point", "coordinates": [ 100.4597141, 15.1220657 ] } },
{ "type": "Feature", "properties": { "name": "ห้วยแก้ว", "name:en": "Huai Kaeo", "railway": "station", "ele": null, "operator:type": null, "layer": null, "addr:full": null, "addr:city": null, "source": null, "name:th": null, "osm_id": 8222508536, "osm_type": "nodes" }, "geometry": { "type": "Point", "coordinates": [ 100.510629, 15.0702544 ] } },
{ "type": "Feature", "properties": { "name": "หัวงิ้ว", "name:en": "Hua Ngio", "railway": "station", "ele": null, "operator:type": null, "layer": null, "addr:full": null, "addr:city": null, "source": null, "name:th": null, "osm_id": 6342990288, "osm_type": "nodes" }, "geometry": { "type": "Point", "coordinates": [ 100.2194591, 15.427277 ] } },
{ "type": "Feature", "properties": { "name": "คลองตาคด", "name:en": "Khlong Ta Khot", "railway": "station", "ele": null, "operator:type": null, "layer": null, "addr:full": null, "addr:city": null, "source": null, "name:th": "คลองตาคด", "osm_id": 6474609286, "osm_type": "nodes" }, "geometry": { "type": "Point", "coordinates": [ 99.8499673, 13.7344531 ] } },
{ "type": "Feature", "properties": { "name": "หนองโพ", "name:en": "Nong Pho", "railway": "station", "ele": null, "operator:type": null, "layer": null, "addr:full": null, "addr:city": null, "source": null, "name:th": "หนองโพ", "osm_id": 259607222, "osm_type": "nodes" }, "geometry": { "type": "Point", "coordinates": [ 100.2592545, 15.3938345 ] } },
{ "type": "Feature", "properties": { "name": "บ้านหมี่", "name:en": "Ban Mi", "railway": "station", "ele": null, "operator:type": null, "layer": null, "addr:full": null, "addr:city": null, "source": null, "name:th": "บ้านหมี่", "osm_id": 259719997, "osm_type": "nodes" }, "geometry": { "type": "Point", "coordinates": [ 100.5402215, 15.0397893 ] } },
{ "type": "Feature", "properties": { "name": "หนองทรายขาว", "name:en": "Nong Sai Khao", "railway": "station", "ele": null, "operator:type": null, "layer": null, "addr:full": null, "addr:city": null, "source": null, "name:th": null, "osm_id": 8194821106, "osm_type": "nodes" }, "geometry": { "type": "Point", "coordinates": [ 100.5731995, 14.9936156 ] } },
{ "type": "Feature", "properties": { "name": "เขาทอง", "name:en": "Khao Thong", "railway": "station", "ele": null, "operator:type": null, "layer": null, "addr:full": null, "addr:city": null, "source": null, "name:th": "เขาทอง", "osm_id": 2623127898, "osm_type": "nodes" }, "geometry": { "type": "Point", "coordinates": [ 100.1762107, 15.5719859 ] } },
{ "type": "Feature", "properties": { "name": "หนองบัวลาย", "name:en": "Nong Bua Lai", "railway": "station", "ele": null, "operator:type": null, "layer": null, "addr:full": null, "addr:city": null, "source": null, "name:th": null, "osm_id": 5864454782, "osm_type": "nodes" }, "geometry": { "type": "Point", "coordinates": [ 102.4966394, 15.6683098 ] } },
{ "type": "Feature", "properties": { "name": "เสนานิคม", "name:en": "Sena Nikhom", "railway": "station", "ele": null, "operator:type": null, "layer": null, "addr:full": null, "addr:city": null, "source": null, "name:th": "เสนานิคม", "osm_id": 6681609028, "osm_type": "nodes" }, "geometry": { "type": "Point", "coordinates": [ 100.5736286, 13.8364057 ] } },
{ "type": "Feature", "properties": { "name": "พิพิธภัณฑ์กองทัพอากาศ", "name:en": "Royal Thai Air Force Museum", "railway": "station", "ele": null, "operator:type": null, "layer": null, "addr:full": null, "addr:city": null, "source": null, "name:th": "พิพิธภัณฑ์กองทัพอากาศ", "osm_id": 6681609016, "osm_type": "nodes" }, "geometry": { "type": "Point", "coordinates": [ 100.621691, 13.9179713 ] } },
{ "type": "Feature", "properties": { "name": "โรงพยาบาลภูมิพลอดุลยเดช", "name:en": "Bhumibol Adulyadej Hospital", "railway": "station", "ele": null, "operator:type": null, "layer": null, "addr:full": null, "addr:city": null, "source": null, "name:th": "โรงพยาบาลภูมิพลอดุลยเดช", "osm_id": 6681609017, "osm_type": "nodes" }, "geometry": { "type": "Point", "coordinates": [ 100.6173961, 13.910714 ] } },
{ "type": "Feature", "properties": { "name": "สะพานใหม่", "name:en": "Saphan Mai", "railway": "station", "ele": null, "operator:type": null, "layer": null, "addr:full": null, "addr:city": null, "source": null, "name:th": "สะพานใหม่", "osm_id": 6681609018, "osm_type": "nodes" }, "geometry": { "type": "Point", "coordinates": [ 100.6090774, 13.8966129 ] } },
{ "type": "Feature", "properties": { "name": "รัชโยธิน", "name:en": "Ratchayothin", "railway": "station", "ele": null, "operator:type": null, "layer": null, "addr:full": null, "addr:city": null, "source": null, "name:th": "รัชโยธิน", "osm_id": 6681609029, "osm_type": "nodes" }, "geometry": { "type": "Point", "coordinates": [ 100.5697222, 13.8297477 ] } },
{ "type": "Feature", "properties": { "name": "พหลโยธิน 24", "name:en": "Phahonyothin 24", "railway": "station", "ele": null, "operator:type": null, "layer": null, "addr:full": null, "addr:city": null, "source": null, "name:th": "พหลโยธิน 24", "osm_id": 6681609030, "osm_type": "nodes" }, "geometry": { "type": "Point", "coordinates": [ 100.5664253, 13.8241206 ] } },
{ "type": "Feature", "properties": { "name": "พหลโยธิน 59", "name:en": "Phahonyothin 59", "railway": "station", "ele": null, "operator:type": null, "layer": null, "addr:full": null, "addr:city": null, "source": null, "name:th": "พหลโยธิน 59", "osm_id": 6681609020, "osm_type": "nodes" }, "geometry": { "type": "Point", "coordinates": [ 100.6007312, 13.8824483 ] } },
{ "type": "Feature", "properties": { "name": "บางบัว", "name:en": "Bang Bua", "railway": "station", "ele": null, "operator:type": null, "layer": null, "addr:full": null, "addr:city": null, "source": null, "name:th": "บางบัว", "osm_id": 6681609025, "osm_type": "nodes" }, "geometry": { "type": "Point", "coordinates": [ 100.5851786, 13.856049 ] } },
{ "type": "Feature", "properties": { "name": "กรมป่าไม้", "name:en": "Royal Forest Department", "railway": "station", "ele": null, "operator:type": null, "layer": null, "addr:full": null, "addr:city": null, "source": null, "name:th": "กรมป่าไม้", "osm_id": 6681609026, "osm_type": "nodes" }, "geometry": { "type": "Point", "coordinates": [ 100.5818158, 13.850326 ] } },
{ "type": "Feature", "properties": { "name": "มหาวิทยาลัยเกษตรศาสตร์", "name:en": "Kasetsart University", "railway": "station", "ele": null, "operator:type": null, "layer": null, "addr:full": null, "addr:city": null, "source": null, "name:th": null, "osm_id": 6681609027, "osm_type": "nodes" }, "geometry": { "type": "Point", "coordinates": [ 100.577105, 13.8423141 ] } },
{ "type": "Feature", "properties": { "name": "บ้านทับช้าง", "name:en": "Ban Thap Chang", "railway": "station", "ele": null, "operator:type": null, "layer": null, "addr:full": null, "addr:city": null, "source": null, "name:th": "บ้านทับช้าง", "osm_id": 6711014684, "osm_type": "nodes" }, "geometry": { "type": "Point", "coordinates": [ 100.6908166, 13.7328881 ] } },
{ "type": "Feature", "properties": { "name": "เชียงใหม่", "name:en": "Chiang Mai", "railway": "station", "ele": null, "operator:type": null, "layer": null, "addr:full": null, "addr:city": null, "source": "local knowledge", "name:th": "เชียงใหม่", "osm_id": 8797855637, "osm_type": "nodes" }, "geometry": { "type": "Point", "coordinates": [ 99.0168234, 18.7835223 ] } },
{ "type": "Feature", "properties": { "name": "นาพู่", "name:en": "Na Phu", "railway": "station", "ele": null, "operator:type": null, "layer": null, "addr:full": null, "addr:city": null, "source": null, "name:th": null, "osm_id": 6805675717, "osm_type": "nodes" }, "geometry": { "type": "Point", "coordinates": [ 102.7727517, 17.6198536 ] } },
{ "type": "Feature", "properties": { "name": "เขาพระบาท", "name:en": "Khao Phra Bat", "railway": "station", "ele": null, "operator:type": null, "layer": null, "addr:full": null, "addr:city": "ตำบลบางพระ อำเภอศรีราชา", "source": null, "name:th": "เขาพระบาท", "osm_id": 6813416102, "osm_type": "nodes" }, "geometry": { "type": "Point", "coordinates": [ 100.9416248, 13.2024409 ] } },
{ "type": "Feature", "properties": { "name": "ไฟฉาย", "name:en": "Fai Chai", "railway": "station", "ele": null, "operator:type": null, "layer": null, "addr:full": null, "addr:city": null, "source": null, "name:th": "ไฟฉาย", "osm_id": 7096345624, "osm_type": "nodes" }, "geometry": { "type": "Point", "coordinates": [ 100.4693198, 13.7558013 ] } },
{ "type": "Feature", "properties": { "name": "โพธาราม", "name:en": "Photharam", "railway": "station", "ele": null, "operator:type": null, "layer": null, "addr:full": null, "addr:city": null, "source": null, "name:th": null, "osm_id": 7627837931, "osm_type": "nodes" }, "geometry": { "type": "Point", "coordinates": [ 99.8507326, 13.6936859 ] } },
{ "type": "Feature", "properties": { "name": "บางเขน", "name:en": "Bang Khen", "railway": "station", "ele": null, "operator:type": null, "layer": null, "addr:full": null, "addr:city": null, "source": null, "name:th": "บางเขน", "osm_id": 7787093474, "osm_type": "nodes" }, "geometry": { "type": "Point", "coordinates": [ 100.5616724, 13.8493659 ] } },
{ "type": "Feature", "properties": { "name": "ทุ่งสองห้อง", "name:en": "Thung Song Hong", "railway": "station", "ele": null, "operator:type": null, "layer": null, "addr:full": null, "addr:city": null, "source": null, "name:th": "ทุ่งสองห้อง", "osm_id": 7787093475, "osm_type": "nodes" }, "geometry": { "type": "Point", "coordinates": [ 100.5675309, 13.8602057 ] } },
{ "type": "Feature", "properties": { "name": "หลักสี่", "name:en": "Lak Si", "railway": "station", "ele": null, "operator:type": null, "layer": null, "addr:full": null, "addr:city": null, "source": null, "name:th": "หลักสี่", "osm_id": 7787093476, "osm_type": "nodes" }, "geometry": { "type": "Point", "coordinates": [ 100.581936, 13.8863144 ] } },
{ "type": "Feature", "properties": { "name": "ดอนเมือง", "name:en": "Don Muang", "railway": "station", "ele": null, "operator:type": null, "layer": null, "addr:full": null, "addr:city": null, "source": null, "name:th": "ดอนเมือง", "osm_id": 7787093478, "osm_type": "nodes" }, "geometry": { "type": "Point", "coordinates": [ 100.5978685, 13.914688 ] } },
{ "type": "Feature", "properties": { "name": "สำโรง", "name:en": "Samrong", "railway": "station", "ele": null, "operator:type": null, "layer": null, "addr:full": null, "addr:city": null, "source": null, "name:th": "สำโรง", "osm_id": 7781303392, "osm_type": "nodes" }, "geometry": { "type": "Point", "coordinates": [ 100.5966038, 13.6450158 ] } },
{ "type": "Feature", "properties": { "name": "จตุจักร", "name:en": "Chatuchak", "railway": "station", "ele": null, "operator:type": null, "layer": null, "addr:full": null, "addr:city": null, "source": null, "name:th": "จตุจักร", "osm_id": 7787093471, "osm_type": "nodes" }, "geometry": { "type": "Point", "coordinates": [ 100.5494741, 13.8266181 ] } },
{ "type": "Feature", "properties": { "name": "วัดเสมียนนารี", "name:en": "Wat Samian Nari", "railway": "station", "ele": null, "operator:type": null, "layer": null, "addr:full": null, "addr:city": null, "source": null, "name:th": "วัดเสมียนนารี", "osm_id": 7787093472, "osm_type": "nodes" }, "geometry": { "type": "Point", "coordinates": [ 100.5574987, 13.8415934 ] } },
{ "type": "Feature", "properties": { "name": "การเคหะ", "name:en": "Kan Kheha", "railway": "station", "ele": null, "operator:type": null, "layer": null, "addr:full": null, "addr:city": null, "source": null, "name:th": "การเคหะ", "osm_id": 7787093477, "osm_type": "nodes" }, "geometry": { "type": "Point", "coordinates": [ 100.5888732, 13.898657 ] } },
{ "type": "Feature", "properties": { "name": "หลักหก (ม.รังสิต)", "name:en": "Lak Hok (Rangsit U.)", "railway": "station", "ele": null, "operator:type": null, "layer": null, "addr:full": null, "addr:city": null, "source": null, "name:th": null, "osm_id": 7787093479, "osm_type": "nodes" }, "geometry": { "type": "Point", "coordinates": [ 100.6053753, 13.9657233 ] } },
{ "type": "Feature", "properties": { "name": "ห้วยไร่", "name:en": "Huai Rai", "railway": "station", "ele": null, "operator:type": null, "layer": null, "addr:full": null, "addr:city": null, "source": null, "name:th": null, "osm_id": 7949322097, "osm_type": "nodes" }, "geometry": { "type": "Point", "coordinates": [ 100.0404497, 17.8860118 ] } },
{ "type": "Feature", "properties": { "name": "แม่จาง", "name:en": "Mae Chang", "railway": "station", "ele": null, "operator:type": null, "layer": null, "addr:full": null, "addr:city": null, "source": null, "name:th": null, "osm_id": 7969770407, "osm_type": "nodes" }, "geometry": { "type": "Point", "coordinates": [ 99.7865146, 18.2728984 ] } },
{ "type": "Feature", "properties": { "name": "แม่ทะ", "name:en": "Mae Tha", "railway": "station", "ele": null, "operator:type": null, "layer": null, "addr:full": null, "addr:city": null, "source": null, "name:th": null, "osm_id": 7969770409, "osm_type": "nodes" }, "geometry": { "type": "Point", "coordinates": [ 99.5566889, 18.1999483 ] } },
{ "type": "Feature", "properties": { "name": "หนองวัวเฒ่า", "name:en": "Nong Wua Thao", "railway": "station", "ele": null, "operator:type": null, "layer": null, "addr:full": null, "addr:city": null, "source": null, "name:th": null, "osm_id": 7969770410, "osm_type": "nodes" }, "geometry": { "type": "Point", "coordinates": [ 99.5005291, 18.2442127 ] } },
{ "type": "Feature", "properties": { "name": "ผาคัน", "name:en": "Pha Khan", "railway": "station", "ele": null, "operator:type": null, "layer": null, "addr:full": null, "addr:city": null, "source": null, "name:th": null, "osm_id": 7969809792, "osm_type": "nodes" }, "geometry": { "type": "Point", "coordinates": [ 99.8707507, 18.2072368 ] } },
{ "type": "Feature", "properties": { "name": "ห้างฉัตร", "name:en": "Hang Chat", "railway": "station", "ele": null, "operator:type": null, "layer": null, "addr:full": null, "addr:city": null, "source": null, "name:th": null, "osm_id": 7969591773, "osm_type": "nodes" }, "geometry": { "type": "Point", "coordinates": [ 99.3695614, 18.336169 ] } },
{ "type": "Feature", "properties": { "name": "แม่ตานน้อย", "name:en": "Mae Tan Noi", "railway": "station", "ele": null, "operator:type": null, "layer": null, "addr:full": null, "addr:city": null, "source": null, "name:th": null, "osm_id": 7969591774, "osm_type": "nodes" }, "geometry": { "type": "Point", "coordinates": [ 99.2630044, 18.403941 ] } },
{ "type": "Feature", "properties": { "name": "โคกกะเทียม", "name:en": "Khok Kathiam", "railway": "station", "ele": null, "operator:type": null, "layer": null, "addr:full": null, "addr:city": null, "source": null, "name:th": "โคกกะเทียม", "osm_id": 8194821096, "osm_type": "nodes" }, "geometry": { "type": "Point", "coordinates": [ 100.59363, 14.8998347 ] } },
{ "type": "Feature", "properties": { "name": "ท่าแค", "name:en": "Tha Khae", "railway": "station", "ele": null, "operator:type": null, "layer": null, "addr:full": null, "addr:city": null, "source": null, "name:th": null, "osm_id": 8194792368, "osm_type": "nodes" }, "geometry": { "type": "Point", "coordinates": [ 100.6063253, 14.8401762 ] } },
{ "type": "Feature", "properties": { "name": "วังกะพี้", "name:en": "Wang Kaphi", "railway": "station", "ele": null, "operator:type": null, "layer": null, "addr:full": null, "addr:city": null, "source": null, "name:th": null, "osm_id": 8236066409, "osm_type": "nodes" }, "geometry": { "type": "Point", "coordinates": [ 100.1001621, 17.5444627 ] } },
{ "type": "Feature", "properties": { "name": "ไร่อ้อย", "name:en": "Rai Oi", "railway": "station", "ele": null, "operator:type": null, "layer": null, "addr:full": null, "addr:city": null, "source": null, "name:th": null, "osm_id": 8236106912, "osm_type": "nodes" }, "geometry": { "type": "Point", "coordinates": [ 100.0779733, 17.3463315 ] } },
{ "type": "Feature", "properties": { "name": "บ้านโคน", "name:en": "Ban Khon", "railway": "station", "ele": null, "operator:type": null, "layer": null, "addr:full": null, "addr:city": null, "source": null, "name:th": null, "osm_id": 8236498263, "osm_type": "nodes" }, "geometry": { "type": "Point", "coordinates": [ 100.0792858, 17.1994741 ] } },
{ "type": "Feature", "properties": { "name": "บ้านบุ่ง", "name:en": "Ban Bung", "railway": "station", "ele": null, "operator:type": null, "layer": null, "addr:full": null, "addr:city": null, "source": null, "name:th": null, "osm_id": 8236498281, "osm_type": "nodes" }, "geometry": { "type": "Point", "coordinates": [ 100.1094936, 17.1691087 ] } },
{ "type": "Feature", "properties": { "name": "บ้านตูม", "name:en": "Ban Tum", "railway": "station", "ele": null, "operator:type": null, "layer": null, "addr:full": null, "addr:city": null, "source": null, "name:th": null, "osm_id": 8242922633, "osm_type": "nodes" }, "geometry": { "type": "Point", "coordinates": [ 100.2504351, 16.9089905 ] } },
{ "type": "Feature", "properties": { "name": "แควน้อย", "name:en": "Khwae Noi", "railway": "station", "ele": null, "operator:type": null, "layer": null, "addr:full": null, "addr:city": null, "source": null, "name:th": null, "osm_id": 8242938519, "osm_type": "nodes" }, "geometry": { "type": "Point", "coordinates": [ 100.232373, 16.9536611 ] } },
{ "type": "Feature", "properties": { "name": "ทุ่งมะเม่า", "name:en": "Thung Mamao", "railway": "station", "ele": null, "operator:type": null, "layer": null, "addr:full": null, "addr:city": null, "source": null, "name:th": "ทุ่งมะเม่า", "osm_id": 8261700510, "osm_type": "nodes" }, "geometry": { "type": "Point", "coordinates": [ 99.8196018, 11.9216535 ] } },
{ "type": "Feature", "properties": { "name": "คลองจันดี", "name:en": "Khlong Chan Di", "railway": "station", "ele": null, "operator:type": null, "layer": null, "addr:full": null, "addr:city": null, "source": "Wikipedia", "name:th": null, "osm_id": 8262093903, "osm_type": "nodes" }, "geometry": { "type": "Point", "coordinates": [ 99.5401192, 8.3818587 ] } },
{ "type": "Feature", "properties": { "name": "บ้านทุ่งหล่อ", "name:en": "Ban Thung Lo", "railway": "station", "ele": null, "operator:type": null, "layer": null, "addr:full": null, "addr:city": null, "source": null, "name:th": null, "osm_id": 8261709741, "osm_type": "nodes" }, "geometry": { "type": "Point", "coordinates": [ 99.921567, 8.2222369 ] } },
{ "type": "Feature", "properties": { "name": "หลักช้าง", "name:en": "Lak Chang", "railway": "station", "ele": null, "operator:type": null, "layer": null, "addr:full": null, "addr:city": null, "source": null, "name:th": null, "osm_id": 8261839579, "osm_type": "nodes" }, "geometry": { "type": "Point", "coordinates": [ 99.5476544, 8.322138 ] } },
{ "type": "Feature", "properties": { "name": "บางจาก", "name:en": "Bang Chak", "railway": "station", "ele": null, "operator:type": null, "layer": null, "addr:full": null, "addr:city": null, "source": null, "name:th": "บางจาก", "osm_id": 5391618414, "osm_type": "nodes" }, "geometry": { "type": "Point", "coordinates": [ 100.6053402, 13.6967594 ] } },
{ "type": "Feature", "properties": { "name": "พร้อมพงษ์", "name:en": "Phrom Phong", "railway": "station", "ele": null, "operator:type": null, "layer": null, "addr:full": null, "addr:city": null, "source": null, "name:th": "พร้อมพงษ์", "osm_id": 5391626093, "osm_type": "nodes" }, "geometry": { "type": "Point", "coordinates": [ 100.5697129, 13.7304345 ] } },
{ "type": "Feature", "properties": { "name": "อ่อนนุช", "name:en": "On Nut", "railway": "station", "ele": null, "operator:type": null, "layer": null, "addr:full": null, "addr:city": null, "source": null, "name:th": "อ่อนนุช", "osm_id": 5391620400, "osm_type": "nodes" }, "geometry": { "type": "Point", "coordinates": [ 100.601004, 13.7056249 ] } },
{ "type": "Feature", "properties": { "name": "ทองหล่อ", "name:en": "Thong Lo", "railway": "station", "ele": null, "operator:type": null, "layer": null, "addr:full": null, "addr:city": null, "source": null, "name:th": "ทองหล่อ", "osm_id": 5391626092, "osm_type": "nodes" }, "geometry": { "type": "Point", "coordinates": [ 100.5785054, 13.7242264 ] } },
{ "type": "Feature", "properties": { "name": "เอกมัย", "name:en": "Ekkamai", "railway": "station", "ele": null, "operator:type": null, "layer": null, "addr:full": null, "addr:city": null, "source": null, "name:th": "เอกมัย", "osm_id": 5405616025, "osm_type": "nodes" }, "geometry": { "type": "Point", "coordinates": [ 100.585111, 13.7195385 ] } },
{ "type": "Feature", "properties": { "name": "ปางม่วง", "name:en": "Pang Muang", "railway": "station", "ele": null, "operator:type": null, "layer": null, "addr:full": null, "addr:city": null, "source": null, "name:th": null, "osm_id": 8278568529, "osm_type": "nodes" }, "geometry": { "type": "Point", "coordinates": [ 99.3249786, 18.3700146 ] } },
{ "type": "Feature", "properties": { "name": "คลองมะพลับ", "name:en": "Khlong Maphlap", "railway": "station", "ele": null, "operator:type": null, "layer": null, "addr:full": null, "addr:city": null, "source": null, "name:th": null, "osm_id": 8326920954, "osm_type": "nodes" }, "geometry": { "type": "Point", "coordinates": [ 99.9833591, 17.3473567 ] } },
{ "type": "Feature", "properties": { "name": "ห้วยยายจิ๋ว", "name:en": "Huai Yai Chio", "railway": "station", "ele": null, "operator:type": null, "layer": null, "addr:full": null, "addr:city": null, "source": null, "name:th": null, "osm_id": 8491531936, "osm_type": "nodes" }, "geometry": { "type": "Point", "coordinates": [ 101.531124, 15.4245651 ] } },
{ "type": "Feature", "properties": { "name": "บำเหน็จณรงค์", "name:en": "Bamnet Narong", "railway": "station", "ele": null, "operator:type": null, "layer": null, "addr:full": null, "addr:city": null, "source": null, "name:th": null, "osm_id": 8491548602, "osm_type": "nodes" }, "geometry": { "type": "Point", "coordinates": [ 101.6853737, 15.4686432 ] } },
{ "type": "Feature", "properties": { "name": "ช่องสำราญ", "name:en": "Chong Samran", "railway": "station", "ele": null, "operator:type": null, "layer": null, "addr:full": null, "addr:city": null, "source": null, "name:th": null, "osm_id": 8489691454, "osm_type": "nodes" }, "geometry": { "type": "Point", "coordinates": [ 101.3869595, 15.3521079 ] } },
{ "type": "Feature", "properties": { "name": "บ้านเหลื่อม", "name:en": "Ban Lueam", "railway": "station", "ele": null, "operator:type": null, "layer": null, "addr:full": null, "addr:city": null, "source": null, "name:th": null, "osm_id": 8500372086, "osm_type": "nodes" }, "geometry": { "type": "Point", "coordinates": [ 102.1199677, 15.6001691 ] } },
{ "type": "Feature", "properties": { "name": "อารีย์", "name:en": "Ari", "railway": "station", "ele": null, "operator:type": null, "layer": null, "addr:full": null, "addr:city": null, "source": null, "name:th": "อารีย์", "osm_id": 5388607091, "osm_type": "nodes" }, "geometry": { "type": "Point", "coordinates": [ 100.5446201, 13.7797077 ] } },
{ "type": "Feature", "properties": { "name": "ราชเทวี", "name:en": "Ratchathewi", "railway": "station", "ele": null, "operator:type": null, "layer": null, "addr:full": null, "addr:city": null, "source": null, "name:th": "ราชเทวี", "osm_id": 5388611982, "osm_type": "nodes" }, "geometry": { "type": "Point", "coordinates": [ 100.5315534, 13.7518605 ] } },
{ "type": "Feature", "properties": { "name": "สนามเป้า", "name:en": "Sanam Pao", "railway": "station", "ele": null, "operator:type": null, "layer": null, "addr:full": null, "addr:city": null, "source": null, "name:th": "สนามเป้า", "osm_id": 5388638318, "osm_type": "nodes" }, "geometry": { "type": "Point", "coordinates": [ 100.5420729, 13.7726225 ] } },
{ "type": "Feature", "properties": { "name": "อนุสาวรีย์ชัยสมรภูมิ", "name:en": "Victory Monument", "railway": "station", "ele": null, "operator:type": null, "layer": null, "addr:full": null, "addr:city": null, "source": null, "name:th": "อนุสาวรีย์ชัยสมรภูมิ", "osm_id": 5391611863, "osm_type": "nodes" }, "geometry": { "type": "Point", "coordinates": [ 100.5370529, 13.7627589 ] } },
{ "type": "Feature", "properties": { "name": "พญาไท", "name:en": "Phaya Thai", "railway": "station", "ele": null, "operator:type": null, "layer": null, "addr:full": null, "addr:city": null, "source": null, "name:th": "พญาไท", "osm_id": 6711028526, "osm_type": "nodes" }, "geometry": { "type": "Point", "coordinates": [ 100.5349074, 13.75671 ] } },
{ "type": "Feature", "properties": { "name": "จัตุรัส", "name:en": "Chatturat", "railway": "station", "ele": null, "operator:type": null, "layer": null, "addr:full": null, "addr:city": null, "source": null, "name:th": null, "osm_id": 8497327551, "osm_type": "nodes" }, "geometry": { "type": "Point", "coordinates": [ 101.8399555, 15.5556672 ] } },
{ "type": "Feature", "properties": { "name": "หนองฉิม", "name:en": "Nong Chim", "railway": "station", "ele": null, "operator:type": null, "layer": null, "addr:full": null, "addr:city": null, "source": null, "name:th": null, "osm_id": 8500327354, "osm_type": "nodes" }, "geometry": { "type": "Point", "coordinates": [ 101.9527497, 15.5717096 ] } },
{ "type": "Feature", "properties": { "name": "หนองพลวง", "name:en": "Nong Phluang", "railway": "station", "ele": null, "operator:type": null, "layer": null, "addr:full": null, "addr:city": null, "source": null, "name:th": null, "osm_id": 8502650930, "osm_type": "nodes" }, "geometry": { "type": "Point", "coordinates": [ 102.2484774, 15.5989463 ] } },
{ "type": "Feature", "properties": { "name": "ชุมทางบ้านทุ่งโพธิ์", "name:en": "Ban Thung Pho Junction", "railway": "station", "ele": null, "operator:type": null, "layer": null, "addr:full": null, "addr:city": null, "source": null, "name:th": null, "osm_id": 8682072099, "osm_type": "nodes" }, "geometry": { "type": "Point", "coordinates": [ 99.2016282, 9.1210468 ] } },
{ "type": "Feature", "properties": { "name": "คลองไทร", "name:en": "Khlong Sai", "railway": "station", "ele": null, "operator:type": null, "layer": null, "addr:full": null, "addr:city": null, "source": null, "name:th": null, "osm_id": 8682021219, "osm_type": "nodes" }, "geometry": { "type": "Point", "coordinates": [ 99.1646422, 9.208773 ] } },
{ "type": "Feature", "properties": { "name": "สุราษฎร์ธานี", "name:en": "Surat Thani", "railway": "station", "ele": null, "operator:type": null, "layer": null, "addr:full": null, "addr:city": null, "source": null, "name:th": "สุราษฎร์ธานี", "osm_id": 8684768130, "osm_type": "nodes" }, "geometry": { "type": "Point", "coordinates": [ 99.230419, 9.1041506 ] } },
{ "type": "Feature", "properties": { "name": "เขาหัวควาย", "name:en": "Khao Hua Khwai", "railway": "station", "ele": null, "operator:type": null, "layer": null, "addr:full": null, "addr:city": null, "source": null, "name:th": null, "osm_id": 8684864471, "osm_type": "nodes" }, "geometry": { "type": "Point", "coordinates": [ 99.2560012, 9.0559089 ] } },
{ "type": "Feature", "properties": { "name": "ลาดพร้าว", "name:en": "Lat Phrao", "railway": "station", "ele": null, "operator:type": null, "layer": null, "addr:full": null, "addr:city": null, "source": null, "name:th": "ลาดพร้าว", "osm_id": 8717933838, "osm_type": "nodes" }, "geometry": { "type": "Point", "coordinates": [ 100.5747847, 13.8069826 ] } },
{ "type": "Feature", "properties": { "name": "ห้วยมุด", "name:en": "Huai Mut", "railway": "station", "ele": null, "operator:type": null, "layer": null, "addr:full": null, "addr:city": null, "source": null, "name:th": null, "osm_id": 8708367934, "osm_type": "nodes" }, "geometry": { "type": "Point", "coordinates": [ 99.3498793, 8.8353416 ] } },
{ "type": "Feature", "properties": { "name": "พรุพี", "name:en": "Phru Phi", "railway": "station", "ele": null, "operator:type": null, "layer": null, "addr:full": null, "addr:city": null, "source": null, "name:th": null, "osm_id": 8709088873, "osm_type": "nodes" }, "geometry": { "type": "Point", "coordinates": [ 99.3535366, 8.7085139 ] } },
{ "type": "Feature", "properties": { "name": "หลังสวน", "name:en": "Lang Suan", "railway": "station", "ele": null, "operator:type": null, "layer": null, "addr:full": null, "addr:city": null, "source": null, "name:th": "หลังสวน", "osm_id": 8720267416, "osm_type": "nodes" }, "geometry": { "type": "Point", "coordinates": [ 99.0764176, 9.9492883 ] } },
{ "type": "Feature", "properties": { "name": "บ้านขอนหาด", "name:en": "Ban Khon Hat", "railway": "station", "ele": null, "operator:type": null, "layer": null, "addr:full": null, "addr:city": null, "source": null, "name:th": null, "osm_id": 8827062952, "osm_type": "nodes" }, "geometry": { "type": "Point", "coordinates": [ 100.0286524, 7.855173 ] } },
{ "type": "Feature", "properties": { "name": "คลองวังช้าง", "name:en": "Khlong Wang Chang", "railway": "station", "ele": null, "operator:type": null, "layer": null, "addr:full": null, "addr:city": null, "source": null, "name:th": null, "osm_id": 8794641524, "osm_type": "nodes" }, "geometry": { "type": "Point", "coordinates": [ 99.3346742, 10.7524393 ] } },
{ "type": "Feature", "properties": { "name": "เขาทโมน", "name:en": "Khao Thamon", "railway": "station", "ele": null, "operator:type": null, "layer": null, "addr:full": null, "addr:city": null, "source": null, "name:th": "เขาทโมน", "osm_id": 966340803, "osm_type": "nodes" }, "geometry": { "type": "Point", "coordinates": [ 99.9597392, 13.039481 ] } },
{ "type": "Feature", "properties": { "name": "ปากท่อ", "name:en": "Pak Tho", "railway": "station", "ele": null, "operator:type": null, "layer": null, "addr:full": null, "addr:city": null, "source": null, "name:th": "ปากท่อ", "osm_id": 5274928464, "osm_type": "nodes" }, "geometry": { "type": "Point", "coordinates": [ 99.8436145, 13.3743276 ] } },
{ "type": "Feature", "properties": { "name": "บ้านพรุกระแชง", "name:en": "Ban Phru Krachaeng", "railway": "station", "ele": null, "operator:type": null, "layer": null, "addr:full": null, "addr:city": null, "source": null, "name:th": null, "osm_id": 8835298717, "osm_type": "nodes" }, "geometry": { "type": "Point", "coordinates": [ 99.4212647, 8.5932542 ] } },
{ "type": "Feature", "properties": { "name": "คั่นกระได", "name:en": "Khan Kradai", "railway": "station", "ele": null, "operator:type": null, "layer": null, "addr:full": null, "addr:city": null, "source": null, "name:th": null, "osm_id": 1719462372, "osm_type": "nodes" }, "geometry": { "type": "Point", "coordinates": [ 99.811052, 11.8712363 ] } },
{ "type": "Feature", "properties": { "name": "บางเค็ม", "name:en": "Bang Khem", "railway": "station", "ele": null, "operator:type": null, "layer": null, "addr:full": null, "addr:city": null, "source": null, "name:th": null, "osm_id": 8847695414, "osm_type": "nodes" }, "geometry": { "type": "Point", "coordinates": [ 99.8534803, 13.2979208 ] } },
{ "type": "Feature", "properties": { "name": "ปากคลอง", "name:en": "Pak Khlong", "railway": "station", "ele": null, "operator:type": null, "layer": null, "addr:full": null, "addr:city": null, "source": null, "name:th": null, "osm_id": 8821181011, "osm_type": "nodes" }, "geometry": { "type": "Point", "coordinates": [ 100.0769296, 7.7371105 ] } },
{ "type": "Feature", "properties": { "name": "ทุ่งคา", "name:en": "Thung Kha", "railway": "station", "ele": null, "operator:type": null, "layer": null, "addr:full": null, "addr:city": null, "source": null, "name:th": null, "osm_id": 8839006334, "osm_type": "nodes" }, "geometry": { "type": "Point", "coordinates": [ 99.1377403, 10.4025237 ] } },
{ "type": "Feature", "properties": { "name": "เขาชัยสน", "name:en": "Khao Chaison", "railway": "station", "ele": null, "operator:type": null, "layer": null, "addr:full": null, "addr:city": null, "source": "Wikipedia", "name:th": null, "osm_id": 8821027040, "osm_type": "nodes" }, "geometry": { "type": "Point", "coordinates": [ 100.1403981, 7.4598356 ] } },
{ "type": "Feature", "properties": { "name": "บ้านกล้วย", "name:en": "Ban Kluai", "railway": "station", "ele": null, "operator:type": null, "layer": null, "addr:full": null, "addr:city": null, "source": null, "name:th": null, "osm_id": 8855849024, "osm_type": "nodes" }, "geometry": { "type": "Point", "coordinates": [ 99.8156164, 13.5883376 ] } },
{ "type": "Feature", "properties": { "name": "นครชุมน์", "name:en": "Nakhon Chum", "railway": "station", "ele": null, "operator:type": null, "layer": null, "addr:full": null, "addr:city": null, "source": null, "name:th": null, "osm_id": 8852374170, "osm_type": "nodes" }, "geometry": { "type": "Point", "coordinates": [ 99.8554475, 13.7659756 ] } },
{ "type": "Feature", "properties": { "name": "คีรีรัฐนิคม", "name:en": "Khiri Rat Nikhom", "railway": "station", "ele": null, "operator:type": null, "layer": null, "addr:full": null, "addr:city": null, "source": null, "name:th": null, "osm_id": 8838684612, "osm_type": "nodes" }, "geometry": { "type": "Point", "coordinates": [ 98.9470674, 9.0312699 ] } },
{ "type": "Feature", "properties": { "name": "ควนหินมุ้ย", "name:en": "Khuan Hin Mui", "railway": "station", "ele": null, "operator:type": null, "layer": null, "addr:full": null, "addr:city": null, "source": null, "name:th": null, "osm_id": 8864566824, "osm_type": "nodes" }, "geometry": { "type": "Point", "coordinates": [ 99.0912635, 10.0098378 ] } },
{ "type": "Feature", "properties": { "name": "บ้านดินลาน", "name:en": "Ban Din Lan", "railway": "station", "ele": null, "operator:type": null, "layer": null, "addr:full": null, "addr:city": null, "source": null, "name:th": null, "osm_id": 8879040778, "osm_type": "nodes" }, "geometry": { "type": "Point", "coordinates": [ 100.432637, 7.0476108 ] } },
{ "type": "Feature", "properties": { "name": "โนนพยอม", "name:en": "Non Phayom", "railway": "station", "ele": null, "operator:type": null, "layer": null, "addr:full": null, "addr:city": null, "source": null, "name:th": null, "osm_id": 8872593330, "osm_type": "nodes" }, "geometry": { "type": "Point", "coordinates": [ 102.8186144, 16.6432565 ] } },
{ "type": "Feature", "properties": { "name": "บ้านนางหลง", "name:en": "Ban Nang Long", "railway": "station", "ele": null, "operator:type": null, "layer": null, "addr:full": null, "addr:city": null, "source": null, "name:th": null, "osm_id": 8865425838, "osm_type": "nodes" }, "geometry": { "type": "Point", "coordinates": [ 100.0118198, 7.9016238 ] } },
{ "type": "Feature", "properties": { "name": "หนองขอนกว้าง", "name:en": "Nong Khon Kwang", "railway": "station", "ele": null, "operator:type": null, "layer": null, "addr:full": null, "addr:city": null, "source": null, "name:th": null, "osm_id": 8872414113, "osm_type": "nodes" }, "geometry": { "type": "Point", "coordinates": [ 102.81311, 17.3752613 ] } },
{ "type": "Feature", "properties": { "name": "หนองตะไก้", "name:en": "Nong Takai", "railway": "station", "ele": null, "operator:type": null, "layer": null, "addr:full": null, "addr:city": null, "source": null, "name:th": null, "osm_id": 8872427476, "osm_type": "nodes" }, "geometry": { "type": "Point", "coordinates": [ 102.8945569, 17.2673053 ] } },
{ "type": "Feature", "properties": { "name": "หารเทา", "name:en": "Han Thao", "railway": "station", "ele": null, "operator:type": null, "layer": null, "addr:full": null, "addr:city": null, "source": null, "name:th": null, "osm_id": 8875617833, "osm_type": "nodes" }, "geometry": { "type": "Point", "coordinates": [ 100.2720479, 7.2932387 ] } },
{ "type": "Feature", "properties": { "name": "ควนเนียง", "name:en": "Khuan Niang", "railway": "station", "ele": null, "operator:type": null, "layer": null, "addr:full": null, "addr:city": null, "source": null, "name:th": null, "osm_id": 8875768458, "osm_type": "nodes" }, "geometry": { "type": "Point", "coordinates": [ 100.3503621, 7.192323 ] } },
{ "type": "Feature", "properties": { "name": "ท่าแมงลัก", "name:en": "Tha Maenglak", "railway": "station", "ele": null, "operator:type": null, "layer": null, "addr:full": null, "addr:city": null, "source": null, "name:th": "ท่าแมงลัก", "osm_id": 8886750928, "osm_type": "nodes" }, "geometry": { "type": "Point", "coordinates": [ 100.805846, 6.8908467 ] } },
{ "type": "Feature", "properties": { "name": "แหลมฉบัง", "name:en": "Laem Chabang", "railway": "station", "ele": null, "operator:type": null, "layer": null, "addr:full": null, "addr:city": null, "source": null, "name:th": "แหลมฉบัง", "osm_id": 2084277763, "osm_type": "nodes" }, "geometry": { "type": "Point", "coordinates": [ 100.8983441, 13.0990761 ] } },
{ "type": "Feature", "properties": { "name": "มาบตาพุด", "name:en": "Map Ta Phut", "railway": "station", "ele": null, "operator:type": null, "layer": null, "addr:full": null, "addr:city": null, "source": null, "name:th": null, "osm_id": 8880244774, "osm_type": "nodes" }, "geometry": { "type": "Point", "coordinates": [ 101.1283275, 12.6908417 ] } },
{ "type": "Feature", "properties": { "name": "กรุงเทพอภิวัฒน์", "name:en": "Krung Thep Aphiwat", "railway": "station", "ele": null, "operator:type": null, "layer": null, "addr:full": null, "addr:city": "แขวงจตุจักร", "source": null, "name:th": "กรุงเทพอภิวัฒน์", "osm_id": 8986366369, "osm_type": "nodes" }, "geometry": { "type": "Point", "coordinates": [ 100.5417111, 13.8040313 ] } },
{ "type": "Feature", "properties": { "name": "พระแก้ว", "name:en": "Phra Kaeo", "railway": "station", "ele": null, "operator:type": null, "layer": null, "addr:full": null, "addr:city": null, "source": null, "name:th": "พระแก้ว", "osm_id": 237445837, "osm_type": "nodes" }, "geometry": { "type": "Point", "coordinates": [ 100.6855474, 14.4287017 ] } },
{ "type": "Feature", "properties": { "name": "ชุมทางหนองปลาดุก", "name:en": "Nong Pla Duk Junction", "railway": "station", "ele": null, "operator:type": null, "layer": null, "addr:full": null, "addr:city": null, "source": null, "name:th": "ชุมทางหนองปลาดุก", "osm_id": 9207427072, "osm_type": "nodes" }, "geometry": { "type": "Point", "coordinates": [ 99.9108786, 13.8176814 ] } },
{ "type": "Feature", "properties": { "name": "วัดช้างให้", "name:en": "Wat Chang Hai", "railway": "station", "ele": null, "operator:type": null, "layer": null, "addr:full": null, "addr:city": null, "source": null, "name:th": "วัดช้างให้", "osm_id": 9226834044, "osm_type": "nodes" }, "geometry": { "type": "Point", "coordinates": [ 101.1703266, 6.6673265 ] } },
{ "type": "Feature", "properties": { "name": "ตาเซะ", "name:en": "Tase", "railway": "station", "ele": null, "operator:type": null, "layer": null, "addr:full": null, "addr:city": null, "source": null, "name:th": "ตาเซะ", "osm_id": 9226834046, "osm_type": "nodes" }, "geometry": { "type": "Point", "coordinates": [ 101.2580581, 6.6146526 ] } },
{ "type": "Feature", "properties": { "name": "บาลอ", "name:en": "Balo", "railway": "station", "ele": null, "operator:type": null, "layer": null, "addr:full": null, "addr:city": null, "source": null, "name:th": "บาลอ", "osm_id": 9226834050, "osm_type": "nodes" }, "geometry": { "type": "Point", "coordinates": [ 101.4575193, 6.4411997 ] } },
{ "type": "Feature", "properties": { "name": "พานทอง", "name:en": "Phan Thong", "railway": "station", "ele": null, "operator:type": null, "layer": null, "addr:full": null, "addr:city": null, "source": null, "name:th": null, "osm_id": 9218260604, "osm_type": "nodes" }, "geometry": { "type": "Point", "coordinates": [ 101.0811134, 13.462977 ] } },
{ "type": "Feature", "properties": { "name": "ชลบุรี", "name:en": "Chon Buri", "railway": "station", "ele": null, "operator:type": null, "layer": null, "addr:full": null, "addr:city": null, "source": null, "name:th": null, "osm_id": 9218260605, "osm_type": "nodes" }, "geometry": { "type": "Point", "coordinates": [ 100.9982915, 13.3421976 ] } },
{ "type": "Feature", "properties": { "name": "บางพระ", "name:en": "Bang Phra", "railway": "station", "ele": null, "operator:type": null, "layer": null, "addr:full": null, "addr:city": null, "source": null, "name:th": "บางพระ", "osm_id": 9218260606, "osm_type": "nodes" }, "geometry": { "type": "Point", "coordinates": [ 100.9535761, 13.2357646 ] } },
{ "type": "Feature", "properties": { "name": "ไม้แก่น", "name:en": "Mai Kaen", "railway": "station", "ele": null, "operator:type": null, "layer": null, "addr:full": null, "addr:city": null, "source": null, "name:th": "ไม้แก่น", "osm_id": 9226834048, "osm_type": "nodes" }, "geometry": { "type": "Point", "coordinates": [ 101.3683484, 6.5116868 ] } },
{ "type": "Feature", "properties": { "name": "โต๊ะเด็ง", "name:en": "Todeng", "railway": "station", "ele": null, "operator:type": null, "layer": null, "addr:full": null, "addr:city": null, "source": null, "name:th": "โต๊ะเด็ง", "osm_id": 9226834057, "osm_type": "nodes" }, "geometry": { "type": "Point", "coordinates": [ 101.8583575, 6.1190919 ] } },
{ "type": "Feature", "properties": { "name": "ป่าไผ่", "name:en": "Pa Phai", "railway": "station", "ele": null, "operator:type": null, "layer": null, "addr:full": null, "addr:city": null, "source": null, "name:th": "ป่าไผ่", "osm_id": 9226834053, "osm_type": "nodes" }, "geometry": { "type": "Point", "coordinates": [ 101.75983, 6.2672682 ] } },
{ "type": "Feature", "properties": { "name": "เจาะไอร้อง", "name:en": "Cho-airong", "railway": "station", "ele": null, "operator:type": null, "layer": null, "addr:full": null, "addr:city": null, "source": null, "name:th": "เจาะไอร้อง", "osm_id": 9226834054, "osm_type": "nodes" }, "geometry": { "type": "Point", "coordinates": [ 101.8006442, 6.2359298 ] } },
{ "type": "Feature", "properties": { "name": "บูกิต", "name:en": "Bukit", "railway": "station", "ele": null, "operator:type": null, "layer": null, "addr:full": null, "addr:city": null, "source": null, "name:th": "บูกิต", "osm_id": 9226834055, "osm_type": "nodes" }, "geometry": { "type": "Point", "coordinates": [ 101.8187706, 6.1982509 ] } },
{ "type": "Feature", "properties": { "name": "ทิพวัล", "name:en": "Thipphawan", "railway": "station", "ele": null, "operator:type": null, "layer": null, "addr:full": null, "addr:city": null, "source": null, "name:th": "ทิพวัล", "osm_id": 9734008618, "osm_type": "nodes" }, "geometry": { "type": "Point", "coordinates": [ 100.6098956, 13.6367271 ] } },
{ "type": "Feature", "properties": { "name": "ศรีเทพา", "name:en": "Si Thepha", "railway": "station", "ele": null, "operator:type": null, "layer": null, "addr:full": null, "addr:city": null, "source": null, "name:th": "ศรีเทพา", "osm_id": 9734008619, "osm_type": "nodes" }, "geometry": { "type": "Point", "coordinates": [ 100.622688, 13.6298427 ] } },
{ "type": "Feature", "properties": { "name": "บ้านป่าหวาย", "name:en": "Ban Pa Wai", "railway": "station", "ele": null, "operator:type": null, "layer": null, "addr:full": null, "addr:city": null, "source": null, "name:th": null, "osm_id": 2068459291, "osm_type": "nodes" }, "geometry": { "type": "Point", "coordinates": [ 100.6432369, 14.7594533 ] } },
{ "type": "Feature", "properties": { "name": "สถานีรถไฟศิลาอาสน์", "name:en": null, "railway": "station", "ele": null, "operator:type": null, "layer": null, "addr:full": null, "addr:city": null, "source": null, "name:th": null, "osm_id": 11720643386, "osm_type": "nodes" }, "geometry": { "type": "Point", "coordinates": [ 100.10073, 17.6394139 ] } },
{ "type": "Feature", "properties": { "name": "มะลวน", "name:en": "Maluan", "railway": "station", "ele": null, "operator:type": null, "layer": null, "addr:full": null, "addr:city": null, "source": null, "name:th": null, "osm_id": 10542265362, "osm_type": "nodes" }, "geometry": { "type": "Point", "coordinates": [ 99.158984, 9.1653957 ] } },
{ "type": "Feature", "properties": { "name": "บ้านดงพลอง", "name:en": "Ban Dong Phlong", "railway": "station", "ele": null, "operator:type": null, "layer": null, "addr:full": null, "addr:city": null, "source": null, "name:th": null, "osm_id": 506448640, "osm_type": "nodes" }, "geometry": { "type": "Point", "coordinates": [ 102.2888154, 15.2257634 ] } },
{ "type": "Feature", "properties": { "name": "ศรีด่าน", "name:en": "Si Dan", "railway": "station", "ele": null, "operator:type": null, "layer": null, "addr:full": null, "addr:city": null, "source": null, "name:th": "ศรีด่าน", "osm_id": 10830450760, "osm_type": "nodes" }, "geometry": { "type": "Point", "coordinates": [ 100.6301104, 13.6331023 ] } },
{ "type": "Feature", "properties": { "name": "ศรีแบริ่ง", "name:en": "Si Bearing", "railway": "station", "ele": null, "operator:type": null, "layer": null, "addr:full": null, "addr:city": null, "source": null, "name:th": "ศรีแบริ่ง", "osm_id": 10830450761, "osm_type": "nodes" }, "geometry": { "type": "Point", "coordinates": [ 100.6362735, 13.6434906 ] } },
{ "type": "Feature", "properties": { "name": "กลันตัน", "name:en": "Kalantan", "railway": "station", "ele": null, "operator:type": null, "layer": null, "addr:full": null, "addr:city": null, "source": null, "name:th": "กลันตัน", "osm_id": 10867419323, "osm_type": "nodes" }, "geometry": { "type": "Point", "coordinates": [ 100.6417798, 13.7252705 ] } },
{ "type": "Feature", "properties": { "name": "ศรีกรีฑา", "name:en": "Si Kritha", "railway": "station", "ele": null, "operator:type": null, "layer": null, "addr:full": null, "addr:city": null, "source": null, "name:th": "ศรีกรีฑา", "osm_id": 10867419325, "osm_type": "nodes" }, "geometry": { "type": "Point", "coordinates": [ 100.6447881, 13.7504111 ] } },
{ "type": "Feature", "properties": { "name": "แยกลำสาลี", "name:en": "Yaek Lam Sali", "railway": "station", "ele": null, "operator:type": null, "layer": null, "addr:full": null, "addr:city": null, "source": null, "name:th": "แยกลำสาลี", "osm_id": 10867419326, "osm_type": "nodes" }, "geometry": { "type": "Point", "coordinates": [ 100.6455722, 13.7618191 ] } },
{ "type": "Feature", "properties": { "name": "บางกะปิ", "name:en": "Bang Kapi", "railway": "station", "ele": null, "operator:type": null, "layer": null, "addr:full": null, "addr:city": null, "source": null, "name:th": "บางกะปิ", "osm_id": 10867419327, "osm_type": "nodes" }, "geometry": { "type": "Point", "coordinates": [ 100.6397685, 13.7690755 ] } },
{ "type": "Feature", "properties": { "name": "ศรีอุดม", "name:en": "Si Udom", "railway": "station", "ele": null, "operator:type": null, "layer": null, "addr:full": null, "addr:city": null, "source": null, "name:th": "ศรีอุดม", "osm_id": 10867419319, "osm_type": "nodes" }, "geometry": { "type": "Point", "coordinates": [ 100.6461707, 13.6766379 ] } },
{ "type": "Feature", "properties": { "name": "สวนหลวง ร.9", "name:en": "Suan Luang Rama IX", "railway": "station", "ele": null, "operator:type": null, "layer": null, "addr:full": null, "addr:city": null, "source": null, "name:th": "สวนหลวง ร.9", "osm_id": 10867419320, "osm_type": "nodes" }, "geometry": { "type": "Point", "coordinates": [ 100.6471028, 13.6908637 ] } },
{ "type": "Feature", "properties": { "name": "ศรีนุช", "name:en": "Si Nut", "railway": "station", "ele": null, "operator:type": null, "layer": null, "addr:full": null, "addr:city": null, "source": null, "name:th": "ศรีนุช", "osm_id": 10867419322, "osm_type": "nodes" }, "geometry": { "type": "Point", "coordinates": [ 100.6441957, 13.7110971 ] } },
{ "type": "Feature", "properties": { "name": "มหาดไทย", "name:en": "Mahatthai", "railway": "station", "ele": null, "operator:type": null, "layer": null, "addr:full": null, "addr:city": null, "source": null, "name:th": "มหาดไทย", "osm_id": 10867419329, "osm_type": "nodes" }, "geometry": { "type": "Point", "coordinates": [ 100.6231602, 13.7783677 ] } },
{ "type": "Feature", "properties": { "name": "ภาวนา", "name:en": "Phawana", "railway": "station", "ele": null, "operator:type": null, "layer": null, "addr:full": null, "addr:city": null, "source": null, "name:th": "ภาวนา", "osm_id": 10867419330, "osm_type": "nodes" }, "geometry": { "type": "Point", "coordinates": [ 100.5841952, 13.8001638 ] } },
{ "type": "Feature", "properties": { "name": "โชคชัย 4", "name:en": "Chok Chai 4", "railway": "station", "ele": null, "operator:type": null, "layer": null, "addr:full": null, "addr:city": null, "source": null, "name:th": "โชคชัย 4", "osm_id": 10867419331, "osm_type": "nodes" }, "geometry": { "type": "Point", "coordinates": [ 100.5944302, 13.7944253 ] } },
{ "type": "Feature", "properties": { "name": "ลาดพร้าว 71", "name:en": "Lat Phrao 71", "railway": "station", "ele": null, "operator:type": null, "layer": null, "addr:full": null, "addr:city": null, "source": null, "name:th": "ลาดพร้าว 71", "osm_id": 10867419332, "osm_type": "nodes" }, "geometry": { "type": "Point", "coordinates": [ 100.6075731, 13.7870921 ] } },
{ "type": "Feature", "properties": { "name": "ลาดพร้าว 83", "name:en": "Lat Phrao 83", "railway": "station", "ele": null, "operator:type": null, "layer": null, "addr:full": null, "addr:city": null, "source": null, "name:th": "ลาดพร้าว 83", "osm_id": 10867419333, "osm_type": "nodes" }, "geometry": { "type": "Point", "coordinates": [ 100.6136576, 13.7837002 ] } },
{ "type": "Feature", "properties": { "name": "หัวหมาก", "name:en": "Hua Mak", "railway": "station", "ele": null, "operator:type": null, "layer": null, "addr:full": null, "addr:city": null, "source": null, "name:th": "หัวหมาก", "osm_id": 11052599118, "osm_type": "nodes" }, "geometry": { "type": "Point", "coordinates": [ 100.6397067, 13.7382388 ] } },
{ "type": "Feature", "properties": { "name": "บางกล่ำ", "name:en": "Bang Klam", "railway": "station", "ele": null, "operator:type": null, "layer": null, "addr:full": null, "addr:city": null, "source": "Wikipedia", "name:th": null, "osm_id": 3286015332, "osm_type": "nodes" }, "geometry": { "type": "Point", "coordinates": [ 100.4154354, 7.0876974 ] } },
{ "type": "Feature", "properties": { "name": "ควนเคี่ยม", "name:en": "Khuan Khiam", "railway": "station", "ele": null, "operator:type": null, "layer": null, "addr:full": null, "addr:city": null, "source": null, "name:th": null, "osm_id": 5477117226, "osm_type": "nodes" }, "geometry": { "type": "Point", "coordinates": [ 100.2309929, 7.34724 ] } },
{ "type": "Feature", "properties": { "name": "บ้านต้นโดน", "name:en": "Ban Ton Don", "railway": "station", "ele": null, "operator:type": null, "layer": null, "addr:full": null, "addr:city": null, "source": null, "name:th": null, "osm_id": 8873972657, "osm_type": "nodes" }, "geometry": { "type": "Point", "coordinates": [ 100.1095298, 7.5311325 ] } },
{ "type": "Feature", "properties": { "name": "สนามกีฬาแห่งชาติ", "name:en": "National Stadium", "railway": "station", "ele": null, "operator:type": null, "layer": null, "addr:full": null, "addr:city": null, "source": null, "name:th": "สนามกีฬาแห่งชาติ", "osm_id": 11505460640, "osm_type": "nodes" }, "geometry": { "type": "Point", "coordinates": [ 100.5290855, 13.74651 ] } },
{ "type": "Feature", "properties": { "name": "สวนสนประดิพัทธ์", "name:en": "Suan Son Pradiphat", "railway": "station", "ele": null, "operator:type": null, "layer": null, "addr:full": null, "addr:city": null, "source": null, "name:th": "สวนสนประดิพัทธ์", "osm_id": 2628162366, "osm_type": "nodes" }, "geometry": { "type": "Point", "coordinates": [ 99.9722806, 12.4999283 ] } },
{ "type": "Feature", "properties": { "name": "อิสรภาพ", "name:en": "Itsaraphap", "railway": "station", "ele": null, "operator:type": null, "layer": null, "addr:full": null, "addr:city": null, "source": null, "name:th": null, "osm_id": 12803915080, "osm_type": "nodes" }, "geometry": { "type": "Point", "coordinates": [ 100.4857002, 13.7383645 ] } },
{ "type": "Feature", "properties": { "name": "บางซื่อ", "name:en": "Bang Sue", "railway": "station", "ele": null, "operator:type": null, "layer": null, "addr:full": null, "addr:city": null, "source": null, "name:th": "บางซื่อ", "osm_id": 12803915082, "osm_type": "nodes" }, "geometry": { "type": "Point", "coordinates": [ 100.5410464, 13.8023925 ] } },
{ "type": "Feature", "properties": { "name": "เพชรบุรี", "name:en": "Phetchaburi", "railway": "station", "ele": null, "operator:type": null, "layer": null, "addr:full": null, "addr:city": null, "source": null, "name:th": "เพชรบุรี", "osm_id": 12805950167, "osm_type": "nodes" }, "geometry": { "type": "Point", "coordinates": [ 100.5634165, 13.7491853 ] } },
{ "type": "Feature", "properties": { "name": "วิหารแดง", "name:en": "Wihan Daeng", "railway": "station", "ele": null, "operator:type": null, "layer": null, "addr:full": null, "addr:city": null, "source": null, "name:th": null, "osm_id": 7896595827, "osm_type": "nodes" }, "geometry": { "type": "Point", "coordinates": [ 100.9805721, 14.3393015 ] } },
{ "type": "Feature", "properties": { "name": "องครักษ์", "name:en": "Ongkharak", "railway": "station", "ele": null, "operator:type": null, "layer": null, "addr:full": null, "addr:city": "อำเภอองครักษ์ จังหวัดนครนายก", "source": null, "name:th": null, "osm_id": 7896595828, "osm_type": "nodes" }, "geometry": { "type": "Point", "coordinates": [ 100.9861266, 14.1343194 ] } },
{ "type": "Feature", "properties": { "name": "บ้านตูล", "name:en": "Ban Tun", "railway": "station", "ele": null, "operator:type": null, "layer": null, "addr:full": null, "addr:city": null, "source": null, "name:th": "บ้านตูล", "osm_id": 12898617351, "osm_type": "nodes" }, "geometry": { "type": "Point", "coordinates": [ 99.961299, 8.0606432 ] } },
{ "type": "Feature", "properties": { "name": "หินลับ", "name:en": "Hin Lap", "railway": "station", "ele": null, "operator:type": null, "layer": null, "addr:full": null, "addr:city": null, "source": "GPS", "name:th": "หินลับ", "osm_id": 11808393628, "osm_type": "nodes" }, "geometry": { "type": "Point", "coordinates": [ 101.1332776, 14.6631982 ] } },
{ "type": "Feature", "properties": { "name": "หนองแซง", "name:en": "Nong Saeng", "railway": "station", "ele": null, "operator:type": null, "layer": null, "addr:full": null, "addr:city": null, "source": "GPS", "name:th": "หนองแซง", "osm_id": 257164304, "osm_type": "nodes" }, "geometry": { "type": "Point", "coordinates": [ 100.784439, 14.4907749 ] } },
{ "type": "Feature", "properties": { "name": "มวกเหล็กใหม่", "name:en": null, "railway": "station", "ele": null, "operator:type": null, "layer": null, "addr:full": null, "addr:city": null, "source": null, "name:th": null, "osm_id": 12898495293, "osm_type": "nodes" }, "geometry": { "type": "Point", "coordinates": [ 101.1825785, 14.659978 ] } },
{ "type": "Feature", "properties": { "name": "เขาตังกวนชั้นบน", "name:en": "Tang Kuan Hill Lift upper station", "railway": "station", "ele": null, "operator:type": null, "layer": null, "addr:full": null, "addr:city": null, "source": null, "name:th": "เขาตังกวนชั้นบน", "osm_id": 12909275113, "osm_type": "nodes" }, "geometry": { "type": "Point", "coordinates": [ 100.5895305, 7.2105025 ] } },
{ "type": "Feature", "properties": { "name": "ราชปรารภ", "name:en": "Ratchaprarop", "railway": "station", "ele": null, "operator:type": null, "layer": null, "addr:full": null, "addr:city": null, "source": null, "name:th": "ราชปรารภ", "osm_id": 6711026524, "osm_type": "nodes" }, "geometry": { "type": "Point", "coordinates": [ 100.5421238, 13.7551065 ] } },
{ "type": "Feature", "properties": { "name": "สายลวด", "name:en": "Sai Luat", "railway": "station", "ele": null, "operator:type": null, "layer": null, "addr:full": null, "addr:city": null, "source": null, "name:th": "สายลวด", "osm_id": 6124793522, "osm_type": "nodes" }, "geometry": { "type": "Point", "coordinates": [ 100.6054607, 13.5777755 ] } },
{ "type": "Feature", "properties": { "name": "ปากน้ำ", "name:en": "Pak Nam", "railway": "station", "ele": null, "operator:type": null, "layer": null, "addr:full": null, "addr:city": null, "source": null, "name:th": "ปากน้ำ", "osm_id": 6124793516, "osm_type": "nodes" }, "geometry": { "type": "Point", "coordinates": [ 100.5970924, 13.6021243 ] } },
{ "type": "Feature", "properties": { "name": "แพรกษา", "name:en": "Phraek Sa", "railway": "station", "ele": null, "operator:type": null, "layer": null, "addr:full": null, "addr:city": null, "source": null, "name:th": "แพรกษา", "osm_id": 6124793521, "osm_type": "nodes" }, "geometry": { "type": "Point", "coordinates": [ 100.607905, 13.5841917 ] } },
{ "type": "Feature", "properties": { "name": "บ้านกรูด", "name:en": "Ban Krut", "railway": "station", "ele": null, "operator:type": null, "layer": null, "addr:full": null, "addr:city": null, "source": null, "name:th": "บ้านกรูด", "osm_id": 250039803, "osm_type": "nodes" }, "geometry": { "type": "Point", "coordinates": [ 99.5564684, 11.3497221 ] } },
{ "type": "Feature", "properties": { "name": "ดอนทราย", "name:en": "Don Sai", "railway": "station", "ele": null, "operator:type": null, "layer": null, "addr:full": null, "addr:city": null, "source": null, "name:th": null, "osm_id": 2041271594, "osm_type": "nodes" }, "geometry": { "type": "Point", "coordinates": [ 99.6063103, 11.4569016 ] } },
{ "type": "Feature", "properties": { "name": "โคกตาหอม", "name:en": "Khok Ta Hom", "railway": "station", "ele": null, "operator:type": null, "layer": null, "addr:full": null, "addr:city": null, "source": null, "name:th": null, "osm_id": 2518549593, "osm_type": "nodes" }, "geometry": { "type": "Point", "coordinates": [ 99.5944197, 11.4060802 ] } },
{ "type": "Feature", "properties": { "name": "นาผักขวง", "name:en": "Na Phak Khuang", "railway": "station", "ele": null, "operator:type": null, "layer": null, "addr:full": null, "addr:city": null, "source": null, "name:th": null, "osm_id": 2566484069, "osm_type": "nodes" }, "geometry": { "type": "Point", "coordinates": [ 99.5310888, 11.2588976 ] } },
{ "type": "Feature", "properties": { "name": "ทับสะแก", "name:en": "Thap Sakae", "railway": "station", "ele": null, "operator:type": null, "layer": null, "addr:full": null, "addr:city": null, "source": null, "name:th": "ทับสะแก", "osm_id": 3385883562, "osm_type": "nodes" }, "geometry": { "type": "Point", "coordinates": [ 99.623055, 11.4990935 ] } },
{ "type": "Feature", "properties": { "name": "ชะม่วง", "name:en": "Cha Muang", "railway": "station", "ele": null, "operator:type": null, "layer": null, "addr:full": null, "addr:city": null, "source": null, "name:th": null, "osm_id": 2653481982, "osm_type": "nodes" }, "geometry": { "type": "Point", "coordinates": [ 99.4731886, 11.1409967 ] } },
{ "type": "Feature", "properties": { "name": "บางสะพานใหญ่", "name:en": "Bang Saphan Yai", "railway": "station", "ele": null, "operator:type": null, "layer": null, "addr:full": null, "addr:city": null, "source": null, "name:th": "บางสะพานใหญ่", "osm_id": 3385452302, "osm_type": "nodes" }, "geometry": { "type": "Point", "coordinates": [ 99.5088906, 11.2133382 ] } },
{ "type": "Feature", "properties": { "name": "ชุมทางหนองปลาดุก", "name:en": "Nong Pla Duk Junction", "railway": "station", "ele": null, "operator:type": null, "layer": null, "addr:full": null, "addr:city": null, "source": null, "name:th": "ชุมทางหนองปลาดุก", "osm_id": 13016716965, "osm_type": "nodes" }, "geometry": { "type": "Point", "coordinates": [ 99.9108884, 13.8176406 ] } },
{ "type": "Feature", "properties": { "name": "ชุมทางหนองปลาดุก", "name:en": "Nong Pla Duk Junction", "railway": "station", "ele": null, "operator:type": null, "layer": null, "addr:full": null, "addr:city": null, "source": null, "name:th": "ชุมทางหนองปลาดุก", "osm_id": 13016716963, "osm_type": "nodes" }, "geometry": { "type": "Point", "coordinates": [ 99.9108619, 13.8178251 ] } },
{ "type": "Feature", "properties": { "name": "ชุมทางหนองปลาดุก", "name:en": "Nong Pla Duk Junction", "railway": "station", "ele": null, "operator:type": null, "layer": null, "addr:full": null, "addr:city": null, "source": null, "name:th": "ชุมทางหนองปลาดุก", "osm_id": 13016716964, "osm_type": "nodes" }, "geometry": { "type": "Point", "coordinates": [ 99.9109005, 13.8175521 ] } },
{ "type": "Feature", "properties": { "name": "ลาดกระบัง", "name:en": "Lat Krabang", "railway": "station", "ele": null, "operator:type": null, "layer": null, "addr:full": null, "addr:city": null, "source": null, "name:th": "ลาดกระบัง", "osm_id": 6711016582, "osm_type": "nodes" }, "geometry": { "type": "Point", "coordinates": [ 100.7485985, 13.7276817 ] } },
{ "type": "Feature", "properties": { "name": "บางบำหรุ", "name:en": "Bang Bamru", "railway": "station", "ele": null, "operator:type": null, "layer": null, "addr:full": null, "addr:city": null, "source": null, "name:th": "บางบำหรุ", "osm_id": 4390539966, "osm_type": "nodes" }, "geometry": { "type": "Point", "coordinates": [ 100.4775032, 13.7922078 ] } },
{ "type": "Feature", "properties": { "name": "บางรักน้อยท่าอิฐ", "name:en": "Bang Rak Noi Tha It", "railway": "station", "ele": null, "operator:type": null, "layer": null, "addr:full": null, "addr:city": null, "source": null, "name:th": "บางรักน้อยท่าอิฐ", "osm_id": 5222843679, "osm_type": "nodes" }, "geometry": { "type": "Point", "coordinates": [ 100.4559653, 13.8748084 ] } },
{ "type": "Feature", "properties": { "name": "หัวหมาก", "name:en": "Hua Mak", "railway": "station", "ele": null, "operator:type": null, "layer": null, "addr:full": null, "addr:city": null, "source": null, "name:th": "หัวหมาก", "osm_id": 970112998, "osm_type": "nodes" }, "geometry": { "type": "Point", "coordinates": [ 100.6452618, 13.7380166 ] } },
{ "type": "Feature", "properties": { "name": "สุวรรณภูมิ", "name:en": "Suvarnabhumi", "railway": "station", "ele": null, "operator:type": null, "layer": null, "addr:full": null, "addr:city": null, "source": null, "name:th": "สุวรรณภูมิ", "osm_id": 6711003839, "osm_type": "nodes" }, "geometry": { "type": "Point", "coordinates": [ 100.7512883, 13.6942671 ] } },
{ "type": "Feature", "properties": { "name": "เคหะฯ", "name:en": "Kheha", "railway": "station", "ele": null, "operator:type": null, "layer": null, "addr:full": null, "addr:city": null, "source": null, "name:th": "เคหะฯ", "osm_id": 6124793523, "osm_type": "nodes" }, "geometry": { "type": "Point", "coordinates": [ 100.6076939, 13.5676866 ] } },
{ "type": "Feature", "properties": { "name": "โรงเรียนนายเรือ", "name:en": "Royal Thai Naval Academy", "railway": "station", "ele": null, "operator:type": null, "layer": null, "addr:full": null, "addr:city": null, "source": null, "name:th": "โรงเรียนนายเรือ", "osm_id": 6124793515, "osm_type": "nodes" }, "geometry": { "type": "Point", "coordinates": [ 100.5949057, 13.6084089 ] } },
{ "type": "Feature", "properties": { "name": "บางหว้า", "name:en": "Bang Wa", "railway": "station", "ele": null, "operator:type": null, "layer": null, "addr:full": null, "addr:city": null, "source": null, "name:th": "บางหว้า", "osm_id": 7769639097, "osm_type": "nodes" }, "geometry": { "type": "Point", "coordinates": [ 100.4570233, 13.7202698 ] } },
{ "type": "Feature", "properties": { "name": "เจริญนคร", "name:en": "Charoen Nakhon", "railway": "station", "ele": null, "operator:type": null, "layer": null, "addr:full": null, "addr:city": null, "source": null, "name:th": "เจริญนคร", "osm_id": 5812248586, "osm_type": "nodes" }, "geometry": { "type": "Point", "coordinates": [ 100.5090694, 13.7264621 ] } },
{ "type": "Feature", "properties": { "name": "คลองสาน", "name:en": "Khlong San", "railway": "station", "ele": null, "operator:type": null, "layer": null, "addr:full": null, "addr:city": null, "source": null, "name:th": "คลองสาน", "osm_id": 5812248587, "osm_type": "nodes" }, "geometry": { "type": "Point", "coordinates": [ 100.5077213, 13.7303066 ] } },
{ "type": "Feature", "properties": { "name": "กรุงธนบุรี", "name:en": "Krung Thon Buri", "railway": "station", "ele": null, "operator:type": null, "layer": null, "addr:full": null, "addr:city": null, "source": null, "name:th": "กรุงธนบุรี", "osm_id": 7947551369, "osm_type": "nodes" }, "geometry": { "type": "Point", "coordinates": [ 100.5037147, 13.7211055 ] } },
{ "type": "Feature", "properties": { "name": "ท่าพระ", "name:en": "Tha Phra", "railway": "station", "ele": null, "operator:type": null, "layer": null, "addr:full": null, "addr:city": null, "source": null, "name:th": "ท่าพระ", "osm_id": 2094758805, "osm_type": "nodes" }, "geometry": { "type": "Point", "coordinates": [ 100.4740422, 13.7296466 ] } },
{ "type": "Feature", "properties": { "name": "กรุงธนบุรี", "name:en": "Krung Thon Buri", "railway": "station", "ele": null, "operator:type": null, "layer": null, "addr:full": null, "addr:city": null, "source": null, "name:th": "กรุงธนบุรี", "osm_id": 443815144, "osm_type": "nodes" }, "geometry": { "type": "Point", "coordinates": [ 100.5027176, 13.7209307 ] } },
{ "type": "Feature", "properties": { "name": "สะพานควาย", "name:en": "Saphan Khwai", "railway": "station", "ele": null, "operator:type": null, "layer": null, "addr:full": null, "addr:city": null, "source": null, "name:th": "สะพานควาย", "osm_id": 1285516977, "osm_type": "nodes" }, "geometry": { "type": "Point", "coordinates": [ 100.5497114, 13.7938228 ] } },
{ "type": "Feature", "properties": { "name": "ลาดพร้าว 101", "name:en": "Lat Phrao 101", "railway": "station", "ele": null, "operator:type": null, "layer": null, "addr:full": null, "addr:city": null, "source": null, "name:th": "ลาดพร้าว 101", "osm_id": 10867419328, "osm_type": "nodes" }, "geometry": { "type": "Point", "coordinates": [ 100.6298421, 13.7746334 ] } },
{ "type": "Feature", "properties": { "name": "กุยบุรี", "name:en": "Kui Buri", "railway": "station", "ele": null, "operator:type": null, "layer": null, "addr:full": null, "addr:city": null, "source": null, "name:th": "กุยบุรี", "osm_id": 2592346328, "osm_type": "nodes" }, "geometry": { "type": "Point", "coordinates": [ 99.8720733, 12.0695533 ] } },
{ "type": "Feature", "properties": { "name": "ชิดลม", "name:en": "Chit Lom", "railway": "station", "ele": null, "operator:type": null, "layer": null, "addr:full": null, "addr:city": null, "source": null, "name:th": "ชิดลม", "osm_id": 5391636575, "osm_type": "nodes" }, "geometry": { "type": "Point", "coordinates": [ 100.5430684, 13.7440974 ] } },
{ "type": "Feature", "properties": { "name": "จะนะ", "name:en": "Chana", "railway": "station", "ele": null, "operator:type": null, "layer": null, "addr:full": null, "addr:city": null, "source": null, "name:th": "จะนะ", "osm_id": 4717896517, "osm_type": "nodes" }, "geometry": { "type": "Point", "coordinates": [ 100.7401095, 6.9092194 ] } },
{ "type": "Feature", "properties": { "name": "หมอชิต", "name:en": "Mo Chit", "railway": "station", "ele": null, "operator:type": null, "layer": null, "addr:full": null, "addr:city": null, "source": null, "name:th": "หมอชิต", "osm_id": 5388599065, "osm_type": "nodes" }, "geometry": { "type": "Point", "coordinates": [ 100.5537959, 13.8026054 ] } },
{ "type": "Feature", "properties": { "name": "เซนต์หลุยส์", "name:en": "Saint Louis", "railway": "station", "ele": null, "operator:type": null, "layer": null, "addr:full": null, "addr:city": null, "source": null, "name:th": "เซนต์หลุยส์", "osm_id": 7781158247, "osm_type": "nodes" }, "geometry": { "type": "Point", "coordinates": [ 100.5266863, 13.720816 ] } },
{ "type": "Feature", "properties": { "name": "อรัญประเทศ", "name:en": "Aranyaprathet", "railway": "station", "ele": null, "operator:type": null, "layer": null, "addr:full": null, "addr:city": null, "source": null, "name:th": "อรัญประเทศ", "osm_id": 2160903074, "osm_type": "nodes" }, "geometry": { "type": "Point", "coordinates": [ 102.5052012, 13.6927071 ] } },
{ "type": "Feature", "properties": { "name": "นาม่วง", "name:en": "Na Muang", "railway": "station", "ele": null, "operator:type": null, "layer": null, "addr:full": null, "addr:city": null, "source": null, "name:th": "นาม่วง", "osm_id": 3307130672, "osm_type": "nodes" }, "geometry": { "type": "Point", "coordinates": [ 100.5551915, 6.9655539 ] } },
{ "type": "Feature", "properties": { "name": "ช่องนนทรี", "name:en": "Chong Nonsi", "railway": "station", "ele": null, "operator:type": null, "layer": null, "addr:full": null, "addr:city": null, "source": null, "name:th": "ช่องนนทรี", "osm_id": 257066790, "osm_type": "nodes" }, "geometry": { "type": "Point", "coordinates": [ 100.529325, 13.7237969 ] } },
{ "type": "Feature", "properties": { "name": "สีลม", "name:en": "Si Lom", "railway": "station", "ele": null, "operator:type": null, "layer": null, "addr:full": null, "addr:city": null, "source": null, "name:th": "สีลม", "osm_id": 12803589960, "osm_type": "nodes" }, "geometry": { "type": "Point", "coordinates": [ 100.5370702, 13.7291982 ] } },
{ "type": "Feature", "properties": { "name": "ดอนสีนนท์", "name:en": "Don Si Non", "railway": "station", "ele": null, "operator:type": null, "layer": null, "addr:full": null, "addr:city": null, "source": null, "name:th": "ดอนสีนนท์", "osm_id": 7158053585, "osm_type": "nodes" }, "geometry": { "type": "Point", "coordinates": [ 101.1089521, 13.6009825 ] } },
{ "type": "Feature", "properties": { "name": "แปดริ้ว", "name:en": "Paet Rio", "railway": "station", "ele": null, "operator:type": null, "layer": null, "addr:full": null, "addr:city": null, "source": null, "name:th": "แปดริ้ว", "osm_id": 8286467706, "osm_type": "nodes" }, "geometry": { "type": "Point", "coordinates": [ 101.0768045, 13.6932968 ] } },
{ "type": "Feature", "properties": { "name": "พัทยา", "name:en": "Pattaya", "railway": "station", "ele": null, "operator:type": null, "layer": null, "addr:full": null, "addr:city": "พัทยา บางละมุง", "source": null, "name:th": "พัทยา", "osm_id": 1757202181, "osm_type": "nodes" }, "geometry": { "type": "Point", "coordinates": [ 100.9094181, 12.940201 ] } },
{ "type": "Feature", "properties": { "name": "อู่ตะเภา", "name:en": "U-Tapao", "railway": "station", "ele": null, "operator:type": null, "layer": null, "addr:full": null, "addr:city": null, "source": null, "name:th": "อู่ตะเภา", "osm_id": 9218260607, "osm_type": "nodes" }, "geometry": { "type": "Point", "coordinates": [ 100.9650818, 12.6614518 ] } },
{ "type": "Feature", "properties": { "name": "ญาณสังวราราม", "name:en": "Yanasangwararam", "railway": "station", "ele": null, "operator:type": null, "layer": null, "addr:full": null, "addr:city": null, "source": null, "name:th": null, "osm_id": 1757183325, "osm_type": "nodes" }, "geometry": { "type": "Point", "coordinates": [ 100.9224543, 12.8013992 ] } },
{ "type": "Feature", "properties": { "name": "บ้านฉาง", "name:en": "Ban Chang", "railway": "station", "ele": null, "operator:type": null, "layer": null, "addr:full": null, "addr:city": "ตำบลบ้านฉาง อำเภอบ้านฉาง ระยอง", "source": null, "name:th": "บ้านฉาง", "osm_id": 6815520154, "osm_type": "nodes" }, "geometry": { "type": "Point", "coordinates": [ 101.0546506, 12.7062736 ] } },
{ "type": "Feature", "properties": { "name": "คลองหลวงแพ่ง", "name:en": "Khlong Luang Phaeng", "railway": "station", "ele": null, "operator:type": null, "layer": null, "addr:full": null, "addr:city": null, "source": null, "name:th": "คลองหลวงแพ่ง", "osm_id": 6228668385, "osm_type": "nodes" }, "geometry": { "type": "Point", "coordinates": [ 100.8630607, 13.7200739 ] } },
{ "type": "Feature", "properties": { "name": "คลองตัน", "name:en": "Khlong Tan", "railway": "station", "ele": null, "operator:type": null, "layer": null, "addr:full": null, "addr:city": null, "source": null, "name:th": "คลองตัน", "osm_id": 5472737123, "osm_type": "nodes" }, "geometry": { "type": "Point", "coordinates": [ 100.5895169, 13.744339 ] } },
{ "type": "Feature", "properties": { "name": "คลองบางพระ", "name:en": "Khlong Bang Phra", "railway": "station", "ele": null, "operator:type": null, "layer": null, "addr:full": null, "addr:city": null, "source": null, "name:th": null, "osm_id": 6228668885, "osm_type": "nodes" }, "geometry": { "type": "Point", "coordinates": [ 100.9913951, 13.7041552 ] } },
{ "type": "Feature", "properties": { "name": "พระราม 9", "name:en": "Phra Ram 9", "railway": "station", "ele": null, "operator:type": null, "layer": null, "addr:full": null, "addr:city": null, "source": null, "name:th": "พระราม 9", "osm_id": 280179427, "osm_type": "nodes" }, "geometry": { "type": "Point", "coordinates": [ 100.5652774, 13.7578166 ] } },
{ "type": "Feature", "properties": { "name": "ลุมพินี", "name:en": "Lumphini", "railway": "station", "ele": null, "operator:type": null, "layer": null, "addr:full": null, "addr:city": null, "source": null, "name:th": "ลุมพินี", "osm_id": 280222462, "osm_type": "nodes" }, "geometry": { "type": "Point", "coordinates": [ 100.5457249, 13.7256066 ] } },
{ "type": "Feature", "properties": { "name": "ห้วยขวาง", "name:en": "Huai Khwang", "railway": "station", "ele": null, "operator:type": null, "layer": null, "addr:full": null, "addr:city": null, "source": null, "name:th": "ห้วยขวาง", "osm_id": 280239009, "osm_type": "nodes" }, "geometry": { "type": "Point", "coordinates": [ 100.5735662, 13.7786878 ] } },
{ "type": "Feature", "properties": { "name": "สุทธิสาร", "name:en": "Sutthisan", "railway": "station", "ele": null, "operator:type": null, "layer": null, "addr:full": null, "addr:city": null, "source": null, "name:th": "สุทธิสาร", "osm_id": 280239362, "osm_type": "nodes" }, "geometry": { "type": "Point", "coordinates": [ 100.5740801, 13.7894884 ] } },
{ "type": "Feature", "properties": { "name": "บางขุนนนท์", "name:en": "Bang Khun Non", "railway": "station", "ele": null, "operator:type": null, "layer": null, "addr:full": null, "addr:city": null, "source": null, "name:th": "บางขุนนนท์", "osm_id": 2094758837, "osm_type": "nodes" }, "geometry": { "type": "Point", "coordinates": [ 100.4732959, 13.7633253 ] } },
{ "type": "Feature", "properties": { "name": "วัดมังกร", "name:en": "Wat Mangkon", "railway": "station", "ele": null, "operator:type": null, "layer": null, "addr:full": null, "addr:city": null, "source": null, "name:th": null, "osm_id": 12803915074, "osm_type": "nodes" }, "geometry": { "type": "Point", "coordinates": [ 100.5099097, 13.7422095 ] } },
{ "type": "Feature", "properties": { "name": "สามยอด", "name:en": "Sam Yot", "railway": "station", "ele": null, "operator:type": null, "layer": null, "addr:full": null, "addr:city": null, "source": null, "name:th": null, "osm_id": 12803915076, "osm_type": "nodes" }, "geometry": { "type": "Point", "coordinates": [ 100.5023022, 13.7470004 ] } },
{ "type": "Feature", "properties": { "name": "สามย่าน", "name:en": "Sam Yan", "railway": "station", "ele": null, "operator:type": null, "layer": null, "addr:full": null, "addr:city": null, "source": null, "name:th": "สามย่าน", "osm_id": 12803915078, "osm_type": "nodes" }, "geometry": { "type": "Point", "coordinates": [ 100.5301206, 13.7320608 ] } },
{ "type": "Feature", "properties": { "name": "หัวตะเข้", "name:en": "Hua Takhe", "railway": "station", "ele": null, "operator:type": null, "layer": null, "addr:full": null, "addr:city": null, "source": null, "name:th": "หัวตะเข้", "osm_id": 1347844713, "osm_type": "nodes" }, "geometry": { "type": "Point", "coordinates": [ 100.7829084, 13.7282484 ] } },
{ "type": "Feature", "properties": { "name": "พระจอมเกล้า", "name:en": "Phra Chom Klao", "railway": "station", "ele": null, "operator:type": null, "layer": null, "addr:full": null, "addr:city": null, "source": null, "name:th": "พระจอมเกล้า", "osm_id": 2013379450, "osm_type": "nodes" }, "geometry": { "type": "Point", "coordinates": [ 100.7754678, 13.7281797 ] } },
{ "type": "Feature", "properties": { "name": "เปรง", "name:en": "Preng", "railway": "station", "ele": null, "operator:type": null, "layer": null, "addr:full": null, "addr:city": null, "source": null, "name:th": null, "osm_id": 6228668386, "osm_type": "nodes" }, "geometry": { "type": "Point", "coordinates": [ 100.9249376, 13.7123679 ] } },
{ "type": "Feature", "properties": { "name": "คลองเตย", "name:en": "Khlong Toei", "railway": "station", "ele": null, "operator:type": null, "layer": null, "addr:full": null, "addr:city": null, "source": null, "name:th": "คลองเตย", "osm_id": 280729450, "osm_type": "nodes" }, "geometry": { "type": "Point", "coordinates": [ 100.5543696, 13.7221264 ] } },
{ "type": "Feature", "properties": { "name": "จรัญฯ 13", "name:en": "Charan 13", "railway": "station", "ele": null, "operator:type": null, "layer": null, "addr:full": null, "addr:city": null, "source": null, "name:th": "จรัญฯ 13", "osm_id": 3801037850, "osm_type": "nodes" }, "geometry": { "type": "Point", "coordinates": [ 100.4707092, 13.7401714 ] } },
{ "type": "Feature", "properties": { "name": "อโศก", "name:en": "Asok", "railway": "station", "ele": null, "operator:type": null, "layer": null, "addr:full": null, "addr:city": null, "source": null, "name:th": "อโศก", "osm_id": 5391625873, "osm_type": "nodes" }, "geometry": { "type": "Point", "coordinates": [ 100.5603571, 13.7370432 ] } },
{ "type": "Feature", "properties": { "name": "สิรินธร", "name:en": "Sirindhorn", "railway": "station", "ele": null, "operator:type": null, "layer": null, "addr:full": null, "addr:city": null, "source": null, "name:th": "สิรินธร", "osm_id": 6563228219, "osm_type": "nodes" }, "geometry": { "type": "Point", "coordinates": [ 100.4933267, 13.7838726 ] } },
{ "type": "Feature", "properties": { "name": "แผ่นดินทอง", "name:en": "Phaendin Thong", "railway": "station", "ele": null, "operator:type": null, "layer": null, "addr:full": null, "addr:city": null, "source": null, "name:th": null, "osm_id": 8342529462, "osm_type": "nodes" }, "geometry": { "type": "Point", "coordinates": [ 101.2605966, 15.2502428 ] } },
{ "type": "Feature", "properties": { "name": "โคกคลี", "name:en": "Khok Khli", "railway": "station", "ele": null, "operator:type": null, "layer": null, "addr:full": null, "addr:city": null, "source": null, "name:th": null, "osm_id": 8342584337, "osm_type": "nodes" }, "geometry": { "type": "Point", "coordinates": [ 101.3691956, 15.2745824 ] } },
{ "type": "Feature", "properties": { "name": "หินซ้อน", "name:en": "Hin Son", "railway": "station", "ele": null, "operator:type": null, "layer": null, "addr:full": null, "addr:city": null, "source": null, "name:th": null, "osm_id": 3927825445, "osm_type": "nodes" }, "geometry": { "type": "Point", "coordinates": [ 101.0510772, 14.741291 ] } },
{ "type": "Feature", "properties": { "name": "บ้านช่องใต้", "name:en": "Ban Chong Tai", "railway": "station", "ele": null, "operator:type": null, "layer": null, "addr:full": null, "addr:city": null, "source": null, "name:th": null, "osm_id": 8286668352, "osm_type": "nodes" }, "geometry": { "type": "Point", "coordinates": [ 101.0181527, 14.6151807 ] } },
{ "type": "Feature", "properties": { "name": "บ้านวะตะแบก (เทพสถิต)", "name:en": "Ban Wa Tabaek (Thep Sathit)", "railway": "station", "ele": null, "operator:type": null, "layer": null, "addr:full": null, "addr:city": null, "source": null, "name:th": null, "osm_id": 3118333383, "osm_type": "nodes" }, "geometry": { "type": "Point", "coordinates": [ 101.4535189, 15.3971958 ] } },
{ "type": "Feature", "properties": { "name": "ลำนารายณ์", "name:en": "Lam Narai", "railway": "station", "ele": null, "operator:type": null, "layer": null, "addr:full": null, "addr:city": null, "source": null, "name:th": null, "osm_id": 3107784146, "osm_type": "nodes" }, "geometry": { "type": "Point", "coordinates": [ 101.1395215, 15.2200983 ] } },
{ "type": "Feature", "properties": { "name": "โคกสลุง", "name:en": "Khok Salung", "railway": "station", "ele": null, "operator:type": null, "layer": null, "addr:full": null, "addr:city": null, "source": null, "name:th": "โคกสลุง", "osm_id": 3256263453, "osm_type": "nodes" }, "geometry": { "type": "Point", "coordinates": [ 101.0230995, 14.987146 ] } },
{ "type": "Feature", "properties": { "name": "ชุมทางหาดใหญ่", "name:en": "Hat Yai Junction", "railway": "station", "ele": null, "operator:type": null, "layer": null, "addr:full": null, "addr:city": null, "source": null, "name:th": "ชุมทางหาดใหญ่", "osm_id": 8820285515, "osm_type": "nodes" }, "geometry": { "type": "Point", "coordinates": [ 100.4673248, 7.0038736 ] } },
{ "type": "Feature", "properties": { "name": "บ้านกระโดน", "name:en": "Ban Kradon", "railway": "station", "ele": null, "operator:type": null, "layer": null, "addr:full": null, "addr:city": null, "source": null, "name:th": null, "osm_id": 8985173783, "osm_type": "nodes" }, "geometry": { "type": "Point", "coordinates": [ 102.1869891, 15.1042237 ] } },
{ "type": "Feature", "properties": { "name": "พลสงคราม", "name:en": "Phon Songkhram", "railway": "station", "ele": null, "operator:type": null, "layer": null, "addr:full": null, "addr:city": null, "source": null, "name:th": null, "osm_id": 4919461937, "osm_type": "nodes" }, "geometry": { "type": "Point", "coordinates": [ 102.3035469, 15.3483047 ] } },
{ "type": "Feature", "properties": { "name": "ทับกฤช", "name:en": "Thap Krit", "railway": "station", "ele": null, "operator:type": null, "layer": null, "addr:full": null, "addr:city": null, "source": null, "name:th": "ทับกฤช", "osm_id": 259607220, "osm_type": "nodes" }, "geometry": { "type": "Point", "coordinates": [ 100.2577093, 15.7551421 ] } },
{ "type": "Feature", "properties": { "name": "บึงบอระเพ็ด", "name:en": "Bueng Boraphet", "railway": "station", "ele": null, "operator:type": null, "layer": null, "addr:full": null, "addr:city": null, "source": null, "name:th": null, "osm_id": 6342985699, "osm_type": "nodes" }, "geometry": { "type": "Point", "coordinates": [ 100.2109066, 15.7241235 ] } },
{ "type": "Feature", "properties": { "name": "แยก คปอ.", "name:en": "Yaek Kor Por Aor", "railway": "station", "ele": null, "operator:type": null, "layer": null, "addr:full": null, "addr:city": null, "source": null, "name:th": "แยก คปอ.", "osm_id": 6681609012, "osm_type": "nodes" }, "geometry": { "type": "Point", "coordinates": [ 100.6258374, 13.9250126 ] } },
{ "type": "Feature", "properties": { "name": "วัดพระศรีมหาธาตุ", "name:en": "Wat Phra Sri Mahathat", "railway": "station", "ele": null, "operator:type": null, "layer": null, "addr:full": null, "addr:city": null, "source": null, "name:th": null, "osm_id": 3805378261, "osm_type": "nodes" }, "geometry": { "type": "Point", "coordinates": [ 100.5967316, 13.8752766 ] } },
{ "type": "Feature", "properties": { "name": "สายหยุด", "name:en": "Sai Yud", "railway": "station", "ele": null, "operator:type": null, "layer": null, "addr:full": null, "addr:city": null, "source": null, "name:th": "สายหยุด", "osm_id": 6681609019, "osm_type": "nodes" }, "geometry": { "type": "Point", "coordinates": [ 100.6042685, 13.888451 ] } },
{ "type": "Feature", "properties": { "name": "ห้าแยกลาดพร้าว", "name:en": "Ha Yaek Lat Phrao", "railway": "station", "ele": null, "operator:type": null, "layer": null, "addr:full": null, "addr:city": null, "source": null, "name:th": null, "osm_id": 6966466946, "osm_type": "nodes" }, "geometry": { "type": "Point", "coordinates": [ 100.5620359, 13.8166807 ] } },
{ "type": "Feature", "properties": { "name": "บางหว้า", "name:en": "Bang Wa", "railway": "station", "ele": null, "operator:type": null, "layer": null, "addr:full": null, "addr:city": null, "source": null, "name:th": "บางหว้า", "osm_id": 7769639096, "osm_type": "nodes" }, "geometry": { "type": "Point", "coordinates": [ 100.4577913, 13.72079 ] } },
{ "type": "Feature", "properties": { "name": "โพธิ์นิมิตร", "name:en": "Pho Nimit", "railway": "station", "ele": null, "operator:type": null, "layer": null, "addr:full": null, "addr:city": null, "source": null, "name:th": "โพธิ์นิมิตร", "osm_id": 305693940, "osm_type": "nodes" }, "geometry": { "type": "Point", "coordinates": [ 100.4859681, 13.7192426 ] } },
{ "type": "Feature", "properties": { "name": "แบริ่ง", "name:en": "Bearing", "railway": "station", "ele": null, "operator:type": null, "layer": null, "addr:full": null, "addr:city": null, "source": null, "name:th": "แบริ่ง", "osm_id": 5391599348, "osm_type": "nodes" }, "geometry": { "type": "Point", "coordinates": [ 100.6018056, 13.6611846 ] } },
{ "type": "Feature", "properties": { "name": "บางนา", "name:en": "Bang Na", "railway": "station", "ele": null, "operator:type": null, "layer": null, "addr:full": null, "addr:city": null, "source": null, "name:th": "บางนา", "osm_id": 5391610964, "osm_type": "nodes" }, "geometry": { "type": "Point", "coordinates": [ 100.6046633, 13.668138 ] } },
{ "type": "Feature", "properties": { "name": "อุดมสุข", "name:en": "Udom Suk", "railway": "station", "ele": null, "operator:type": null, "layer": null, "addr:full": null, "addr:city": null, "source": null, "name:th": "อุดมสุข", "osm_id": 5391613497, "osm_type": "nodes" }, "geometry": { "type": "Point", "coordinates": [ 100.6094698, 13.6798746 ] } },
{ "type": "Feature", "properties": { "name": "ปู่เจ้า", "name:en": "Pu Chao", "railway": "station", "ele": null, "operator:type": null, "layer": null, "addr:full": null, "addr:city": null, "source": null, "name:th": "ปู่เจ้า", "osm_id": 6124793513, "osm_type": "nodes" }, "geometry": { "type": "Point", "coordinates": [ 100.5920064, 13.6372768 ] } },
{ "type": "Feature", "properties": { "name": "ช้างเอราวัณ", "name:en": "Chang Erawan", "railway": "station", "ele": null, "operator:type": null, "layer": null, "addr:full": null, "addr:city": null, "source": null, "name:th": "ช้างเอราวัณ", "osm_id": 6124793514, "osm_type": "nodes" }, "geometry": { "type": "Point", "coordinates": [ 100.5901599, 13.6215944 ] } },
{ "type": "Feature", "properties": { "name": "กาญจนบุรี", "name:en": "Kanchanaburi", "railway": "station", "ele": null, "operator:type": null, "layer": null, "addr:full": null, "addr:city": null, "source": null, "name:th": "กาญจนบุรี", "osm_id": 528735648, "osm_type": "nodes" }, "geometry": { "type": "Point", "coordinates": [ 99.5256113, 14.0342066 ] } },
{ "type": "Feature", "properties": { "name": "ปากน้ำโพ", "name:en": "Pak Nam Pho", "railway": "station", "ele": null, "operator:type": null, "layer": null, "addr:full": null, "addr:city": null, "source": null, "name:th": "ปากน้ำโพ", "osm_id": 2062465253, "osm_type": "nodes" }, "geometry": { "type": "Point", "coordinates": [ 100.1541562, 15.7041661 ] } },
{ "type": "Feature", "properties": { "name": "อุดรธานี", "name:en": "Udon Thani", "railway": "station", "ele": null, "operator:type": null, "layer": null, "addr:full": null, "addr:city": null, "source": "GPS;sign", "name:th": "อุดรธานี", "osm_id": 675458495, "osm_type": "nodes" }, "geometry": { "type": "Point", "coordinates": [ 102.8055689, 17.4041726 ] } },
{ "type": "Feature", "properties": { "name": "นครปฐม", "name:en": "Nakhon Pathom", "railway": "station", "ele": null, "operator:type": null, "layer": null, "addr:full": null, "addr:city": null, "source": null, "name:th": "นครปฐม", "osm_id": 259729390, "osm_type": "nodes" }, "geometry": { "type": "Point", "coordinates": [ 100.0593425, 13.8245027 ] } },
{ "type": "Feature", "properties": { "name": "อุตรดิตถ์", "name:en": "Uttaradit", "railway": "station", "ele": null, "operator:type": null, "layer": null, "addr:full": null, "addr:city": null, "source": null, "name:th": "อุตรดิตถ์", "osm_id": 998990357, "osm_type": "nodes" }, "geometry": { "type": "Point", "coordinates": [ 100.0972647, 17.6203598 ] } },
{ "type": "Feature", "properties": { "name": "สระบุรี", "name:en": "Saraburi", "railway": "station", "ele": null, "operator:type": null, "layer": null, "addr:full": null, "addr:city": null, "source": null, "name:th": null, "osm_id": 5394772572, "osm_type": "nodes" }, "geometry": { "type": "Point", "coordinates": [ 100.916216, 14.5273879 ] } },
{ "type": "Feature", "properties": { "name": "สถานีรถไฟนครสวรรค์ (หนองปลิง)", "name:en": "Nakhon Sawan Station Nong Pling", "railway": "station", "ele": null, "operator:type": null, "layer": null, "addr:full": null, "addr:city": null, "source": null, "name:th": "สถานีรถไฟนครสวรรค์ (หนองปลิง)", "osm_id": 4256125687, "osm_type": "nodes" }, "geometry": { "type": "Point", "coordinates": [ 100.1584587, 15.663118 ] } },
{ "type": "Feature", "properties": { "name": "สำโรง", "name:en": "Samrong", "railway": "station", "ele": null, "operator:type": null, "layer": null, "addr:full": null, "addr:city": null, "source": null, "name:th": "สำโรง", "osm_id": 5391659126, "osm_type": "nodes" }, "geometry": { "type": "Point", "coordinates": [ 100.5957857, 13.6464875 ] } },
{ "type": "Feature", "properties": { "name": "คูคต", "name:en": "Khu Khot", "railway": "station", "ele": null, "operator:type": null, "layer": null, "addr:full": null, "addr:city": null, "source": null, "name:th": "คูคต", "osm_id": 8214007176, "osm_type": "nodes" }, "geometry": { "type": "Point", "coordinates": [ 100.6465227, 13.9323658 ] } },
{ "type": "Feature", "properties": { "name": "บางซ่อน", "name:en": "Bang Son", "railway": "station", "ele": null, "operator:type": null, "layer": null, "addr:full": null, "addr:city": null, "source": null, "name:th": "บางซ่อน", "osm_id": 5222817656, "osm_type": "nodes" }, "geometry": { "type": "Point", "coordinates": [ 100.5324581, 13.820081 ] } },
{ "type": "Feature", "properties": { "name": "บางซ่อน", "name:en": "Bang Son", "railway": "station", "ele": null, "operator:type": null, "layer": null, "addr:full": null, "addr:city": null, "source": null, "name:th": "บางซ่อน", "osm_id": 8990382534, "osm_type": "nodes" }, "geometry": { "type": "Point", "coordinates": [ 100.534213, 13.8221332 ] } },
{ "type": "Feature", "properties": { "name": "อาคารผู้โดยสารหลัก", "name:en": null, "railway": "station", "ele": null, "operator:type": null, "layer": null, "addr:full": null, "addr:city": null, "source": null, "name:th": "อาคารผู้โดยสารหลัก", "osm_id": 13373875189, "osm_type": "nodes" }, "geometry": { "type": "Point", "coordinates": [ 100.7504793, 13.6914254 ] } },
{ "type": "Feature", "properties": { "name": "ศาลาแดง", "name:en": "Sala Daeng", "railway": "station", "ele": null, "operator:type": null, "layer": null, "addr:full": null, "addr:city": null, "source": null, "name:th": "ศาลาแดง", "osm_id": 451697335, "osm_type": "nodes" }, "geometry": { "type": "Point", "coordinates": [ 100.5343416, 13.7285677 ] } },
{ "type": "Feature", "properties": { "name": "ตลาดพลู", "name:en": "Talat Phlu", "railway": "station", "ele": null, "operator:type": null, "layer": null, "addr:full": null, "addr:city": null, "source": null, "name:th": "ตลาดพลู", "osm_id": 340133002, "osm_type": "nodes" }, "geometry": { "type": "Point", "coordinates": [ 100.4766912, 13.7142201 ] } },
{ "type": "Feature", "properties": { "name": "สนามไชย", "name:en": "Sanam Chai", "railway": "station", "ele": null, "operator:type": null, "layer": null, "addr:full": null, "addr:city": null, "source": null, "name:th": "สนามไชย", "osm_id": 12803915077, "osm_type": "nodes" }, "geometry": { "type": "Point", "coordinates": [ 100.4946239, 13.7443259 ] } },
{ "type": "Feature", "properties": { "name": "เตาปูน", "name:en": "Tao Poon", "railway": "station", "ele": null, "operator:type": null, "layer": null, "addr:full": null, "addr:city": null, "source": null, "name:th": "เตาปูน", "osm_id": 7769639098, "osm_type": "nodes" }, "geometry": { "type": "Point", "coordinates": [ 100.5307752, 13.8061627 ] } },
{ "type": "Feature", "properties": { "name": "กรมทหารราบที่ 11", "name:en": "11th Infantry Regiment", "railway": "station", "ele": null, "operator:type": null, "layer": null, "addr:full": null, "addr:city": null, "source": null, "name:th": "กรมทหารราบที่ 11", "osm_id": 6681609024, "osm_type": "nodes" }, "geometry": { "type": "Point", "coordinates": [ 100.5919727, 13.8675784 ] } },
{ "type": "Feature", "properties": { "name": "กระทรวงสาธารณสุข", "name:en": "Ministry of Public Health", "railway": "station", "ele": null, "operator:type": null, "layer": null, "addr:full": null, "addr:city": null, "source": null, "name:th": "กระทรวงสาธารณสุข", "osm_id": 5222843685, "osm_type": "nodes" }, "geometry": { "type": "Point", "coordinates": [ 100.5147152, 13.8485312 ] } },
{ "type": "Feature", "properties": { "name": "วงศ์สว่าง", "name:en": "Wong Sawang", "railway": "station", "ele": null, "operator:type": null, "layer": null, "addr:full": null, "addr:city": null, "source": null, "name:th": "วงศ์สว่าง", "osm_id": 5222817655, "osm_type": "nodes" }, "geometry": { "type": "Point", "coordinates": [ 100.526496, 13.8298636 ] } },
{ "type": "Feature", "properties": { "name": "แยกติวานนท์", "name:en": "Yaek Tiwanon", "railway": "station", "ele": null, "operator:type": null, "layer": null, "addr:full": null, "addr:city": null, "source": null, "name:th": "แยกติวานนท์", "osm_id": 5222817654, "osm_type": "nodes" }, "geometry": { "type": "Point", "coordinates": [ 100.5149681, 13.8395295 ] } },
{ "type": "Feature", "properties": { "name": "คลองบางไผ่", "name:en": "Khlong Bang Phai", "railway": "station", "ele": null, "operator:type": null, "layer": null, "addr:full": null, "addr:city": null, "source": null, "name:th": "คลองบางไผ่", "osm_id": 5222843674, "osm_type": "nodes" }, "geometry": { "type": "Point", "coordinates": [ 100.4082161, 13.8924338 ] } },
{ "type": "Feature", "properties": { "name": "แม่กลอง", "name:en": "Mae Klong", "railway": "station", "ele": null, "operator:type": null, "layer": null, "addr:full": null, "addr:city": null, "source": null, "name:th": "แม่กลอง", "osm_id": 1085870067, "osm_type": "nodes" }, "geometry": { "type": "Point", "coordinates": [ 99.9984292, 13.4074854 ] } },
{ "type": "Feature", "properties": { "name": "ชุมทางบ้านภาชี", "name:en": "Ban Phachi Junction", "railway": "station", "ele": null, "operator:type": null, "layer": null, "addr:full": null, "addr:city": null, "source": "GPS", "name:th": "ชุมทางบ้านภาชี", "osm_id": 2068459353, "osm_type": "nodes" }, "geometry": { "type": "Point", "coordinates": [ 100.7207717, 14.4505571 ] } },
{ "type": "Feature", "properties": { "name": "ศรีลาซาล", "name:en": "Si La Salle", "railway": "station", "ele": null, "operator:type": null, "layer": null, "addr:full": null, "addr:city": null, "source": null, "name:th": "ศรีลาซาล", "osm_id": 10830450762, "osm_type": "nodes" }, "geometry": { "type": "Point", "coordinates": [ 100.6421608, 13.6549747 ] } },
{ "type": "Feature", "properties": { "name": "ศรีเอี่ยม", "name:en": "Si Iam", "railway": "station", "ele": null, "operator:type": null, "layer": null, "addr:full": null, "addr:city": null, "source": null, "name:th": "ศรีเอี่ยม", "osm_id": 10830450763, "osm_type": "nodes" }, "geometry": { "type": "Point", "coordinates": [ 100.6450683, 13.6676858 ] } },
{ "type": "Feature", "properties": { "name": "ผาเสด็จ", "name:en": "Pha Sadet", "railway": "station", "ele": null, "operator:type": null, "layer": null, "addr:full": null, "addr:city": null, "source": "GPS", "name:th": "ผาเสด็จ", "osm_id": 237461310, "osm_type": "nodes" }, "geometry": { "type": "Point", "coordinates": [ 101.1006416, 14.6445175 ] } },
{ "type": "Feature", "properties": { "name": "อาคารเทียบเครื่องบินรองหลังที่ 1", "name:en": "Midfield Satellite Concourse 1", "railway": "station", "ele": null, "operator:type": null, "layer": null, "addr:full": null, "addr:city": null, "source": null, "name:th": "อาคารเทียบเครื่องบินรองหลังที่ 1", "osm_id": 13373875190, "osm_type": "nodes" }, "geometry": { "type": "Point", "coordinates": [ 100.7482188, 13.6824933 ] } },
{ "type": "Feature", "properties": { "name": "หัวหมาก", "name:en": "Hua Mak", "railway": "station", "ele": null, "operator:type": null, "layer": null, "addr:full": null, "addr:city": null, "source": null, "name:th": "หัวหมาก", "osm_id": 10867419324, "osm_type": "nodes" }, "geometry": { "type": "Point", "coordinates": [ 100.6411384, 13.7361482 ] } },
{ "type": "Feature", "properties": { "name": "ศรีนครินทร์ 38", "name:en": "Srinagarindra 38", "railway": "station", "ele": null, "operator:type": null, "layer": null, "addr:full": null, "addr:city": null, "source": null, "name:th": "ศรีนครินทร์ 38", "osm_id": 10867419321, "osm_type": "nodes" }, "geometry": { "type": "Point", "coordinates": [ 100.6464727, 13.7011219 ] } },
{ "type": "Feature", "properties": { "name": "โนนสูง", "name:en": "Non Sung", "railway": "station", "ele": null, "operator:type": null, "layer": null, "addr:full": null, "addr:city": null, "source": null, "name:th": null, "osm_id": 4919461487, "osm_type": "nodes" }, "geometry": { "type": "Point", "coordinates": [ 102.2481227, 15.1768901 ] } },
{ "type": "Feature", "properties": { "name": "หนองแมว", "name:en": "Nong Maeo", "railway": "station", "ele": null, "operator:type": null, "layer": null, "addr:full": null, "addr:city": null, "source": null, "name:th": null, "osm_id": 4919461939, "osm_type": "nodes" }, "geometry": { "type": "Point", "coordinates": [ 102.2163301, 15.1408111 ] } },
{ "type": "Feature", "properties": { "name": "บ้านเกาะ", "name:en": "Ban Ko", "railway": "station", "ele": null, "operator:type": null, "layer": null, "addr:full": null, "addr:city": null, "source": null, "name:th": "บ้านเกาะ", "osm_id": 5864456980, "osm_type": "nodes" }, "geometry": { "type": "Point", "coordinates": [ 102.1385153, 15.004304 ] } },
{ "type": "Feature", "properties": { "name": "จันทึก", "name:en": "Chanthuek", "railway": "station", "ele": null, "operator:type": null, "layer": null, "addr:full": null, "addr:city": null, "source": null, "name:th": null, "osm_id": 8280963302, "osm_type": "nodes" }, "geometry": { "type": "Point", "coordinates": [ 101.493403, 14.8144387 ] } },
{ "type": "Feature", "properties": { "name": "คลองขนานจิตร", "name:en": "Khlong Khanan Chit", "railway": "station", "ele": null, "operator:type": null, "layer": null, "addr:full": null, "addr:city": null, "source": null, "name:th": null, "osm_id": 8280963303, "osm_type": "nodes" }, "geometry": { "type": "Point", "coordinates": [ 101.5443176, 14.8425312 ] } },
{ "type": "Feature", "properties": { "name": "บ้านโพ", "name:en": "Ban Pho", "railway": "station", "ele": null, "operator:type": null, "layer": null, "addr:full": null, "addr:city": null, "source": "GPS", "name:th": "บ้านโพ", "osm_id": 257155688, "osm_type": "nodes" }, "geometry": { "type": "Point", "coordinates": [ 100.5886751, 14.2821511 ] } },
{ "type": "Feature", "properties": { "name": "บางปะอิน", "name:en": "Bang Pa-in", "railway": "station", "ele": null, "operator:type": null, "layer": null, "addr:full": null, "addr:city": null, "source": null, "name:th": "บางปะอิน", "osm_id": 259723388, "osm_type": "nodes" }, "geometry": { "type": "Point", "coordinates": [ 100.5845885, 14.2393509 ] } },
{ "type": "Feature", "properties": { "name": "เชียงราก", "name:en": "Chiang Rak", "railway": "station", "ele": null, "operator:type": null, "layer": null, "addr:full": null, "addr:city": null, "source": null, "name:th": "เชียงราก", "osm_id": 259723391, "osm_type": "nodes" }, "geometry": { "type": "Point", "coordinates": [ 100.5923849, 14.055337 ] } },
{ "type": "Feature", "properties": { "name": "บ้านม้า", "name:en": "Ban Ma", "railway": "station", "ele": null, "operator:type": null, "layer": null, "addr:full": null, "addr:city": null, "source": null, "name:th": null, "osm_id": 2068459290, "osm_type": "nodes" }, "geometry": { "type": "Point", "coordinates": [ 100.597101, 14.3841019 ] } },
{ "type": "Feature", "properties": { "name": "ชุมทางถนนจิระ", "name:en": "Thanon Chira Junction", "railway": "station", "ele": null, "operator:type": null, "layer": null, "addr:full": null, "addr:city": null, "source": null, "name:th": "ชุมทางถนนจิระ", "osm_id": 11809204381, "osm_type": "nodes" }, "geometry": { "type": "Point", "coordinates": [ 102.1018736, 14.9678193 ] } },
{ "type": "Feature", "properties": { "name": "โพรงมะเดื่อ", "name:en": "Prong Maduea", "railway": "station", "ele": null, "operator:type": null, "layer": null, "addr:full": null, "addr:city": null, "source": null, "name:th": "โพรงมะเดื่อ", "osm_id": 3906021069, "osm_type": "nodes" }, "geometry": { "type": "Point", "coordinates": [ 99.992481, 13.8222782 ] } },
{ "type": "Feature", "properties": { "name": "คลองบางตาล", "name:en": "Khlong Bang Tan", "railway": "station", "ele": null, "operator:type": null, "layer": null, "addr:full": null, "addr:city": null, "source": null, "name:th": null, "osm_id": 6474570596, "osm_type": "nodes" }, "geometry": { "type": "Point", "coordinates": [ 99.958662, 13.8212395 ] } },
{ "type": "Feature", "properties": { "name": null, "name:en": null, "railway": "station", "ele": null, "operator:type": null, "layer": null, "addr:full": null, "addr:city": null, "source": null, "name:th": null, "osm_id": 13447234588, "osm_type": "nodes" }, "geometry": { "type": "Point", "coordinates": [ 102.2902081, 12.0179215 ] } },
{ "type": "Feature", "properties": { "name": "Funicular Station 4", "name:en": null, "railway": "station", "ele": null, "operator:type": null, "layer": null, "addr:full": null, "addr:city": null, "source": null, "name:th": null, "osm_id": 13447234589, "osm_type": "nodes" }, "geometry": { "type": "Point", "coordinates": [ 102.2918158, 12.0170061 ] } },
{ "type": "Feature", "properties": { "name": "ศูนย์ราชการนนทบุรี", "name:en": "Nonthaburi Civic Center", "railway": "station", "ele": null, "operator:type": null, "layer": null, "addr:full": null, "addr:city": null, "source": null, "name:th": null, "osm_id": 5222843684, "osm_type": "nodes" }, "geometry": { "type": "Point", "coordinates": [ 100.5130671, 13.8601736 ] } },
{ "type": "Feature", "properties": { "name": "อุทุมพรพิสัย", "name:en": "Uthumphon Phisai", "railway": "station", "ele": null, "operator:type": null, "layer": null, "addr:full": null, "addr:city": null, "source": null, "name:th": null, "osm_id": 1821195610, "osm_type": "nodes" }, "geometry": { "type": "Point", "coordinates": [ 104.1404286, 15.1059962 ] } },
{ "type": "Feature", "properties": { "name": "ศีขรภูมิ", "name:en": "Sikhoraphum", "railway": "station", "ele": null, "operator:type": null, "layer": null, "addr:full": null, "addr:city": null, "source": null, "name:th": null, "osm_id": 3107819171, "osm_type": "nodes" }, "geometry": { "type": "Point", "coordinates": [ 103.7863978, 14.9452046 ] } },
{ "type": "Feature", "properties": { "name": "สุรินทร์", "name:en": "Surin", "railway": "station", "ele": null, "operator:type": null, "layer": null, "addr:full": null, "addr:city": null, "source": null, "name:th": null, "osm_id": 3107829713, "osm_type": "nodes" }, "geometry": { "type": "Point", "coordinates": [ 103.4939967, 14.8915918 ] } },
{ "type": "Feature", "properties": { "name": "ท่าช้าง", "name:en": "Tha Chang", "railway": "station", "ele": null, "operator:type": null, "layer": null, "addr:full": null, "addr:city": null, "source": null, "name:th": null, "osm_id": 3455595495, "osm_type": "nodes" }, "geometry": { "type": "Point", "coordinates": [ 102.2743934, 15.0019142 ] } },
{ "type": "Feature", "properties": { "name": "บ้านหินโคน", "name:en": "Ban Hin Khon", "railway": "station", "ele": null, "operator:type": null, "layer": null, "addr:full": null, "addr:city": null, "source": null, "name:th": null, "osm_id": 3457432249, "osm_type": "nodes" }, "geometry": { "type": "Point", "coordinates": [ 102.499074, 15.0036407 ] } },
{ "type": "Feature", "properties": { "name": "กระสัง", "name:en": "Krasang", "railway": "station", "ele": null, "operator:type": null, "layer": null, "addr:full": null, "addr:city": null, "source": null, "name:th": null, "osm_id": 4739057021, "osm_type": "nodes" }, "geometry": { "type": "Point", "coordinates": [ 103.3026903, 14.9269209 ] } },
{ "type": "Feature", "properties": { "name": "ลำปลายมาศ", "name:en": "Lam Plai Mat", "railway": "station", "ele": null, "operator:type": null, "layer": null, "addr:full": null, "addr:city": null, "source": null, "name:th": null, "osm_id": 5243054220, "osm_type": "nodes" }, "geometry": { "type": "Point", "coordinates": [ 102.8297065, 15.02451 ] } },
{ "type": "Feature", "properties": { "name": "ห้วยแถลง", "name:en": "Huai Thalaeng", "railway": "station", "ele": null, "operator:type": null, "layer": null, "addr:full": null, "addr:city": null, "source": null, "name:th": null, "osm_id": 6328479385, "osm_type": "nodes" }, "geometry": { "type": "Point", "coordinates": [ 102.6467614, 14.9993907 ] } },
{ "type": "Feature", "properties": { "name": "หนองมโนรมย์", "name:en": "Nong Manorom", "railway": "station", "ele": null, "operator:type": null, "layer": null, "addr:full": null, "addr:city": null, "source": null, "name:th": null, "osm_id": 8859340201, "osm_type": "nodes" }, "geometry": { "type": "Point", "coordinates": [ 102.3467351, 15.0131562 ] } },
{ "type": "Feature", "properties": { "name": "หินดาษ", "name:en": "Hin Dat", "railway": "station", "ele": null, "operator:type": null, "layer": null, "addr:full": null, "addr:city": null, "source": null, "name:th": null, "osm_id": 8859375025, "osm_type": "nodes" }, "geometry": { "type": "Point", "coordinates": [ 102.5656695, 15.0028698 ] } },
{ "type": "Feature", "properties": { "name": "หนองกระทิง", "name:en": "Nong Krathing", "railway": "station", "ele": null, "operator:type": null, "layer": null, "addr:full": null, "addr:city": null, "source": null, "name:th": null, "osm_id": 8859462340, "osm_type": "nodes" }, "geometry": { "type": "Point", "coordinates": [ 102.7559092, 15.0058898 ] } },
{ "type": "Feature", "properties": { "name": "จักราช", "name:en": "Chakkarat", "railway": "station", "ele": null, "operator:type": null, "layer": null, "addr:full": null, "addr:city": null, "source": null, "name:th": null, "osm_id": 8860689807, "osm_type": "nodes" }, "geometry": { "type": "Point", "coordinates": [ 102.4104258, 15.0127766 ] } },
{ "type": "Feature", "properties": { "name": "บ้านแสลงพัน", "name:en": "Ban Salaeng Phan", "railway": "station", "ele": null, "operator:type": null, "layer": null, "addr:full": null, "addr:city": null, "source": null, "name:th": null, "osm_id": 8860790672, "osm_type": "nodes" }, "geometry": { "type": "Point", "coordinates": [ 102.9919894, 15.0268075 ] } },
{ "type": "Feature", "properties": { "name": "บ้านหนองตาด", "name:en": "Ban Nong Tat", "railway": "station", "ele": null, "operator:type": null, "layer": null, "addr:full": null, "addr:city": null, "source": null, "name:th": null, "osm_id": 8860858574, "osm_type": "nodes" }, "geometry": { "type": "Point", "coordinates": [ 103.0211625, 15.0208755 ] } },
{ "type": "Feature", "properties": { "name": "อุบลราชธานี", "name:en": "Ubon Ratchathani", "railway": "station", "ele": null, "operator:type": null, "layer": null, "addr:full": null, "addr:city": null, "source": null, "name:th": "อุบลราชธานี", "osm_id": 324255698, "osm_type": "nodes" }, "geometry": { "type": "Point", "coordinates": [ 104.8585546, 15.2006718 ] } },
{ "type": "Feature", "properties": { "name": "ห้วยราช", "name:en": "Huai Rat", "railway": "station", "ele": null, "operator:type": null, "layer": null, "addr:full": null, "addr:city": null, "source": null, "name:th": null, "osm_id": 1831765444, "osm_type": "nodes" }, "geometry": { "type": "Point", "coordinates": [ 103.1900031, 14.9727432 ] } },
{ "type": "Feature", "properties": { "name": "บ้านคล้อ", "name:en": "Ban Khlo", "railway": "station", "ele": null, "operator:type": null, "layer": null, "addr:full": null, "addr:city": null, "source": "Bing", "name:th": null, "osm_id": 2136529156, "osm_type": "nodes" }, "geometry": { "type": "Point", "coordinates": [ 104.5042048, 15.1071517 ] } },
{ "type": "Feature", "properties": { "name": "บุรีรัมย์", "name:en": "Buri Ram", "railway": "station", "ele": null, "operator:type": null, "layer": null, "addr:full": null, "addr:city": null, "source": null, "name:th": null, "osm_id": 2389968745, "osm_type": "nodes" }, "geometry": { "type": "Point", "coordinates": [ 103.1079377, 15.0033141 ] } },
{ "type": "Feature", "properties": { "name": "สำโรงทาบ", "name:en": "Samrong Thap", "railway": "station", "ele": null, "operator:type": null, "layer": null, "addr:full": null, "addr:city": null, "source": null, "name:th": null, "osm_id": 3107810705, "osm_type": "nodes" }, "geometry": { "type": "Point", "coordinates": [ 103.9405674, 15.0209222 ] } },
{ "type": "Feature", "properties": { "name": "หนองเต็ง", "name:en": "Nong Teng", "railway": "station", "ele": null, "operator:type": null, "layer": null, "addr:full": null, "addr:city": null, "source": null, "name:th": null, "osm_id": 5243250020, "osm_type": "nodes" }, "geometry": { "type": "Point", "coordinates": [ 103.3630781, 14.9088171 ] } },
{ "type": "Feature", "properties": { "name": "ทะเมนชัย", "name:en": "Thamenchai", "railway": "station", "ele": null, "operator:type": null, "layer": null, "addr:full": null, "addr:city": null, "source": null, "name:th": null, "osm_id": 5838574785, "osm_type": "nodes" }, "geometry": { "type": "Point", "coordinates": [ 102.9139059, 15.0305257 ] } },
{ "type": "Feature", "properties": { "name": "บ้านพะเนา", "name:en": "Ban Phanao", "railway": "station", "ele": null, "operator:type": null, "layer": null, "addr:full": null, "addr:city": null, "source": null, "name:th": null, "osm_id": 8859210768, "osm_type": "nodes" }, "geometry": { "type": "Point", "coordinates": [ 102.1929714, 14.9858888 ] } },
{ "type": "Feature", "properties": { "name": "กันทรารมย์", "name:en": "Kanthararom", "railway": "station", "ele": null, "operator:type": null, "layer": null, "addr:full": null, "addr:city": null, "source": null, "name:th": null, "osm_id": 8862216704, "osm_type": "nodes" }, "geometry": { "type": "Point", "coordinates": [ 104.5783401, 15.1072927 ] } },
{ "type": "Feature", "properties": { "name": "บุ่งหวาย", "name:en": "Bung Wai", "railway": "station", "ele": null, "operator:type": null, "layer": null, "addr:full": null, "addr:city": null, "source": null, "name:th": null, "osm_id": 8862249279, "osm_type": "nodes" }, "geometry": { "type": "Point", "coordinates": [ 104.7895869, 15.1561825 ] } },
{ "type": "Feature", "properties": { "name": "ห้วยขยุง", "name:en": "Huai Khayung", "railway": "station", "ele": null, "operator:type": null, "layer": null, "addr:full": null, "addr:city": null, "source": null, "name:th": null, "osm_id": 8862249299, "osm_type": "nodes" }, "geometry": { "type": "Point", "coordinates": [ 104.6881416, 15.1098032 ] } },
{ "type": "Feature", "properties": { "name": "หนองแวง", "name:en": "Nong Waeng", "railway": "station", "ele": null, "operator:type": null, "layer": null, "addr:full": null, "addr:city": null, "source": null, "name:th": null, "osm_id": 8862266307, "osm_type": "nodes" }, "geometry": { "type": "Point", "coordinates": [ 104.4391457, 15.1070248 ] } },
{ "type": "Feature", "properties": { "name": "ห้วยทับทัน", "name:en": "Huai Thap Than", "railway": "station", "ele": null, "operator:type": null, "layer": null, "addr:full": null, "addr:city": null, "source": null, "name:th": null, "osm_id": 8862474536, "osm_type": "nodes" }, "geometry": { "type": "Point", "coordinates": [ 104.0300528, 15.0590847 ] } },
{ "type": "Feature", "properties": { "name": "กะโดนค้อ", "name:en": "Kadon Kho", "railway": "station", "ele": null, "operator:type": null, "layer": null, "addr:full": null, "addr:city": null, "source": null, "name:th": null, "osm_id": 8862585256, "osm_type": "nodes" }, "geometry": { "type": "Point", "coordinates": [ 103.7269244, 14.9219156 ] } },
{ "type": "Feature", "properties": { "name": "บุฤๅษี", "name:en": "Bu Ruesi", "railway": "station", "ele": null, "operator:type": null, "layer": null, "addr:full": null, "addr:city": null, "source": null, "name:th": null, "osm_id": 8862648561, "osm_type": "nodes" }, "geometry": { "type": "Point", "coordinates": [ 103.5763229, 14.8899487 ] } },
{ "type": "Feature", "properties": { "name": "ลำชี", "name:en": "Lam Chi", "railway": "station", "ele": null, "operator:type": null, "layer": null, "addr:full": null, "addr:city": null, "source": null, "name:th": null, "osm_id": 8862699589, "osm_type": "nodes" }, "geometry": { "type": "Point", "coordinates": [ 103.4228262, 14.8998501 ] } },
{ "type": "Feature", "properties": { "name": "เมืองที", "name:en": "Mueang Thi", "railway": "station", "ele": null, "operator:type": null, "layer": null, "addr:full": null, "addr:city": null, "source": null, "name:th": null, "osm_id": 8866451699, "osm_type": "nodes" }, "geometry": { "type": "Point", "coordinates": [ 103.6550328, 14.8937362 ] } },
{ "type": "Feature", "properties": { "name": "บ้านกะลัน", "name:en": "Ban Kalan", "railway": "station", "ele": null, "operator:type": null, "layer": null, "addr:full": null, "addr:city": null, "source": null, "name:th": null, "osm_id": 8926918785, "osm_type": "nodes" }, "geometry": { "type": "Point", "coordinates": [ 103.8533067, 14.9737514 ] } },
{ "type": "Feature", "properties": { "name": "บ้านเนียม", "name:en": "Ban Niam", "railway": "station", "ele": null, "operator:type": null, "layer": null, "addr:full": null, "addr:city": null, "source": null, "name:th": null, "osm_id": 8926971224, "osm_type": "nodes" }, "geometry": { "type": "Point", "coordinates": [ 104.2246212, 15.1259574 ] } },
{ "type": "Feature", "properties": { "name": "ชุมทางฉะเชิงเทรา", "name:en": "Chachoengsao Junction", "railway": "station", "ele": null, "operator:type": null, "layer": null, "addr:full": null, "addr:city": null, "source": null, "name:th": "ชุมทางฉะเชิงเทรา", "osm_id": 13279861391, "osm_type": "nodes" }, "geometry": { "type": "Point", "coordinates": [ 101.0590886, 13.6953962 ] } },
{ "type": "Feature", "properties": { "name": "บ้านหมอ", "name:en": "Ban Mo", "railway": "station", "ele": null, "operator:type": null, "layer": null, "addr:full": null, "addr:city": null, "source": null, "name:th": "บ้านหมอ", "osm_id": 259723385, "osm_type": "nodes" }, "geometry": { "type": "Point", "coordinates": [ 100.7264164, 14.6166606 ] } },
{ "type": "Feature", "properties": { "name": "หนองวิวัฒน์", "name:en": "Nong Wiwat", "railway": "station", "ele": null, "operator:type": null, "layer": null, "addr:full": null, "addr:city": null, "source": null, "name:th": "หนองวิวัฒน์", "osm_id": 259723387, "osm_type": "nodes" }, "geometry": { "type": "Point", "coordinates": [ 100.7271563, 14.5056014 ] } },
{ "type": "Feature", "properties": { "name": "ชุมทางแก่งคอย", "name:en": "Kaeng Khoi Junction", "railway": "station", "ele": null, "operator:type": null, "layer": null, "addr:full": null, "addr:city": null, "source": "GPS", "name:th": "ชุมทางแก่งคอย", "osm_id": 3442502719, "osm_type": "nodes" }, "geometry": { "type": "Point", "coordinates": [ 101.0053349, 14.5874804 ] } },
{ "type": "Feature", "properties": { "name": "บ้านป๊อกแป๊ก", "name:en": "Ban Pok Paek", "railway": "station", "ele": null, "operator:type": null, "layer": null, "addr:full": null, "addr:city": null, "source": null, "name:th": null, "osm_id": 5632696630, "osm_type": "nodes" }, "geometry": { "type": "Point", "coordinates": [ 100.8642978, 14.522363 ] } },
{ "type": "Feature", "properties": { "name": "หนองสีดา", "name:en": "Nong Sida", "railway": "station", "ele": null, "operator:type": null, "layer": null, "addr:full": null, "addr:city": null, "source": null, "name:th": null, "osm_id": 7018466486, "osm_type": "nodes" }, "geometry": { "type": "Point", "coordinates": [ 100.8247547, 14.5161305 ] } },
{ "type": "Feature", "properties": { "name": "ชุมทางหนองบัว", "name:en": "Nong Bua Junction", "railway": "station", "ele": null, "operator:type": null, "layer": null, "addr:full": null, "addr:city": null, "source": null, "name:th": null, "osm_id": 7896595825, "osm_type": "nodes" }, "geometry": { "type": "Point", "coordinates": [ 100.9627994, 14.5557708 ] } },
{ "type": "Feature", "properties": { "name": "โคกมะกอก", "name:en": "Khok Makok", "railway": "station", "ele": null, "operator:type": null, "layer": null, "addr:full": null, "addr:city": null, "source": null, "name:th": null, "osm_id": 3436696049, "osm_type": "nodes" }, "geometry": { "type": "Point", "coordinates": [ 101.4579158, 14.0649298 ] } },
{ "type": "Feature", "properties": { "name": "บ้านสร้าง", "name:en": "Ban Sang", "railway": "station", "ele": null, "operator:type": null, "layer": null, "addr:full": null, "addr:city": null, "source": null, "name:th": null, "osm_id": 3436733210, "osm_type": "nodes" }, "geometry": { "type": "Point", "coordinates": [ 101.2028807, 14.0151534 ] } },
{ "type": "Feature", "properties": { "name": "บ้านปากพลี", "name:en": "Ban Pak Phli", "railway": "station", "ele": null, "operator:type": null, "layer": null, "addr:full": null, "addr:city": null, "source": null, "name:th": null, "osm_id": 8792351366, "osm_type": "nodes" }, "geometry": { "type": "Point", "coordinates": [ 101.3153331, 14.0741571 ] } },
{ "type": "Feature", "properties": { "name": "บ้านดงบัง", "name:en": "Ban Dong Bang", "railway": "station", "ele": null, "operator:type": null, "layer": null, "addr:full": null, "addr:city": null, "source": null, "name:th": null, "osm_id": 8818037793, "osm_type": "nodes" }, "geometry": { "type": "Point", "coordinates": [ 101.5988489, 14.0404999 ] } },
{ "type": "Feature", "properties": { "name": "หนองสัง", "name:en": "Nong Sang", "railway": "station", "ele": null, "operator:type": null, "layer": null, "addr:full": null, "addr:city": null, "source": null, "name:th": null, "osm_id": 8829874926, "osm_type": "nodes" }, "geometry": { "type": "Point", "coordinates": [ 101.8253445, 13.9807677 ] } },
{ "type": "Feature", "properties": { "name": "ปราจีนบุรี", "name:en": "Prachin Buri", "railway": "station", "ele": null, "operator:type": null, "layer": null, "addr:full": null, "addr:city": null, "source": null, "name:th": null, "osm_id": 12161630661, "osm_type": "nodes" }, "geometry": { "type": "Point", "coordinates": [ 101.3736795, 14.0709368 ] } },
{ "type": "Feature", "properties": { "name": "ปางอโศก", "name:en": "Pang Asok", "railway": "station", "ele": null, "operator:type": null, "layer": null, "addr:full": null, "addr:city": null, "source": "GPS", "name:th": "ปางอโศก", "osm_id": 257164308, "osm_type": "nodes" }, "geometry": { "type": "Point", "coordinates": [ 101.2999403, 14.6534984 ] } },
{ "type": "Feature", "properties": { "name": "ภูเขาลาด", "name:en": "Phukhao Lat", "railway": "station", "ele": null, "operator:type": null, "layer": null, "addr:full": null, "addr:city": null, "source": "GPS", "name:th": "ภูเขาลาด", "osm_id": 357992316, "osm_type": "nodes" }, "geometry": { "type": "Point", "coordinates": [ 102.0237132, 14.9561351 ] } },
{ "type": "Feature", "properties": { "name": "โคกกรวด", "name:en": "Khok Kruat", "railway": "station", "ele": null, "operator:type": null, "layer": null, "addr:full": null, "addr:city": null, "source": "GPS", "name:th": "โคกกรวด", "osm_id": 357993406, "osm_type": "nodes" }, "geometry": { "type": "Point", "coordinates": [ 101.9588749, 14.9311964 ] } },
{ "type": "Feature", "properties": { "name": "กุดจิก", "name:en": "Kut Chik", "railway": "station", "ele": null, "operator:type": null, "layer": null, "addr:full": null, "addr:city": null, "source": "GPS", "name:th": "กุดจิก", "osm_id": 357993873, "osm_type": "nodes" }, "geometry": { "type": "Point", "coordinates": [ 101.8822018, 14.905555 ] } },
{ "type": "Feature", "properties": { "name": "สูงเนิน", "name:en": "Sung Noen", "railway": "station", "ele": null, "operator:type": null, "layer": null, "addr:full": null, "addr:city": null, "source": "GPS", "name:th": "สูงเนิน", "osm_id": 357993955, "osm_type": "nodes" }, "geometry": { "type": "Point", "coordinates": [ 101.8147138, 14.8999202 ] } },
{ "type": "Feature", "properties": { "name": "สีคิ้ว", "name:en": "Sikhio", "railway": "station", "ele": null, "operator:type": null, "layer": null, "addr:full": null, "addr:city": null, "source": "GPS;sign", "name:th": "สีคิ้ว", "osm_id": 357994059, "osm_type": "nodes" }, "geometry": { "type": "Point", "coordinates": [ 101.7213478, 14.8931154 ] } },
{ "type": "Feature", "properties": { "name": "คลองไผ่", "name:en": "Khlong Phai", "railway": "station", "ele": null, "operator:type": null, "layer": null, "addr:full": null, "addr:city": null, "source": "GPS", "name:th": "คลองไผ่", "osm_id": 357994207, "osm_type": "nodes" }, "geometry": { "type": "Point", "coordinates": [ 101.5710511, 14.8742742 ] } },
{ "type": "Feature", "properties": { "name": "หนองโดน", "name:en": "Nong Don", "railway": "station", "ele": null, "operator:type": null, "layer": null, "addr:full": null, "addr:city": null, "source": null, "name:th": "หนองโดน", "osm_id": 259723384, "osm_type": "nodes" }, "geometry": { "type": "Point", "coordinates": [ 100.7062069, 14.6834114 ] } },
{ "type": "Feature", "properties": { "name": "ท่าเรือ", "name:en": "Tha Rua", "railway": "station", "ele": null, "operator:type": null, "layer": null, "addr:full": null, "addr:city": null, "source": null, "name:th": "ท่าเรือ", "osm_id": 259723386, "osm_type": "nodes" }, "geometry": { "type": "Point", "coordinates": [ 100.7243967, 14.5624355 ] } },
{ "type": "Feature", "properties": { "name": "หนองกวย", "name:en": "Nong Kuai", "railway": "station", "ele": null, "operator:type": null, "layer": null, "addr:full": null, "addr:city": null, "source": null, "name:th": null, "osm_id": 7018483885, "osm_type": "nodes" }, "geometry": { "type": "Point", "coordinates": [ 100.7572108, 14.4737413 ] } },
{ "type": "Feature", "properties": { "name": "ชุมทางบ้านไผ่นาบุญ", "name:en": "Ban Phai Na Bun Junction", "railway": "station", "ele": null, "operator:type": null, "layer": null, "addr:full": null, "addr:city": null, "source": null, "name:th": "ชุมทางบ้านไผ่นาบุญ", "osm_id": 7309249212, "osm_type": "nodes" }, "geometry": { "type": "Point", "coordinates": [ 100.9830144, 14.5487424 ] } },
{ "type": "Feature", "properties": { "name": "บุใหญ่", "name:en": "Bu Yai", "railway": "station", "ele": null, "operator:type": null, "layer": null, "addr:full": null, "addr:city": null, "source": null, "name:th": null, "osm_id": 7896595826, "osm_type": "nodes" }, "geometry": { "type": "Point", "coordinates": [ 101.0062401, 14.4282723 ] } },
{ "type": "Feature", "properties": { "name": "โยทะกา", "name:en": "Yothaka", "railway": "station", "ele": null, "operator:type": null, "layer": null, "addr:full": null, "addr:city": null, "source": null, "name:th": null, "osm_id": 475004895, "osm_type": "nodes" }, "geometry": { "type": "Point", "coordinates": [ 101.1495678, 13.9708151 ] } },
{ "type": "Feature", "properties": { "name": "กบินทร์บุรี", "name:en": "Kabin Buri", "railway": "station", "ele": null, "operator:type": null, "layer": null, "addr:full": null, "addr:city": null, "source": null, "name:th": null, "osm_id": 3034006266, "osm_type": "nodes" }, "geometry": { "type": "Point", "coordinates": [ 101.7226862, 13.9895143 ] } },
{ "type": "Feature", "properties": { "name": "ประจันตคาม", "name:en": "Prachantakham", "railway": "station", "ele": null, "operator:type": null, "layer": null, "addr:full": null, "addr:city": null, "source": null, "name:th": null, "osm_id": 5819053337, "osm_type": "nodes" }, "geometry": { "type": "Point", "coordinates": [ 101.5186627, 14.0631483 ] } },
{ "type": "Feature", "properties": { "name": "บางน้ำเปรี้ยว", "name:en": "Bang Nam Priao", "railway": "station", "ele": null, "operator:type": null, "layer": null, "addr:full": null, "addr:city": null, "source": null, "name:th": null, "osm_id": 9218260609, "osm_type": "nodes" }, "geometry": { "type": "Point", "coordinates": [ 101.1019996, 13.8500565 ] } },
{ "type": "Feature", "properties": { "name": "บ้านใหม่สำโรง", "name:en": "Ban Mai Samrong", "railway": "station", "ele": null, "operator:type": null, "layer": null, "addr:full": null, "addr:city": null, "source": "GPS", "name:th": "บ้านใหม่สำโรง", "osm_id": 357994216, "osm_type": "nodes" }, "geometry": { "type": "Point", "coordinates": [ 101.6437321, 14.868326 ] } },
{ "type": "Feature", "properties": { "name": "ปากช่อง", "name:en": "Pak Chong", "railway": "station", "ele": null, "operator:type": null, "layer": null, "addr:full": null, "addr:city": null, "source": "GPS;sign", "name:th": "ปากช่อง", "osm_id": 506475301, "osm_type": "nodes" }, "geometry": { "type": "Point", "coordinates": [ 101.4105911, 14.7050481 ] } },
{ "type": "Feature", "properties": { "name": "นครราชสีมา", "name:en": "Nakhon Ratchasima", "railway": "station", "ele": null, "operator:type": null, "layer": null, "addr:full": null, "addr:city": null, "source": null, "name:th": "นครราชสีมา", "osm_id": 1384419468, "osm_type": "nodes" }, "geometry": { "type": "Point", "coordinates": [ 102.0788985, 14.9722695 ] } },
{ "type": "Feature", "properties": { "name": "ซับม่วง", "name:en": "Sap Muang", "railway": "station", "ele": null, "operator:type": null, "layer": null, "addr:full": null, "addr:city": null, "source": null, "name:th": null, "osm_id": 6328466890, "osm_type": "nodes" }, "geometry": { "type": "Point", "coordinates": [ 101.4555114, 14.7617422 ] } },
{ "type": "Feature", "properties": { "name": "กลางดง", "name:en": "Klang Dong", "railway": "station", "ele": null, "operator:type": null, "layer": null, "addr:full": null, "addr:city": null, "source": null, "name:th": null, "osm_id": 8280904879, "osm_type": "nodes" }, "geometry": { "type": "Point", "coordinates": [ 101.25232, 14.6479174 ] } },
{ "type": "Feature", "properties": { "name": "ลาดบัวขาว", "name:en": "Lat Bua Khao", "railway": "station", "ele": null, "operator:type": null, "layer": null, "addr:full": null, "addr:city": null, "source": null, "name:th": null, "osm_id": 8843999591, "osm_type": "nodes" }, "geometry": { "type": "Point", "coordinates": [ 101.5961409, 14.8613312 ] } },
{ "type": "Feature", "properties": { "name": "หนองน้ำขุ่น", "name:en": "Nong Nam Khun", "railway": "station", "ele": null, "operator:type": null, "layer": null, "addr:full": null, "addr:city": null, "source": null, "name:th": null, "osm_id": 8844014387, "osm_type": "nodes" }, "geometry": { "type": "Point", "coordinates": [ 101.6717591, 14.8818589 ] } },
{ "type": "Feature", "properties": { "name": "บ้านแก้ง", "name:en": "Ban Kaeng", "railway": "station", "ele": null, "operator:type": null, "layer": null, "addr:full": null, "addr:city": null, "source": null, "name:th": null, "osm_id": 5157438015, "osm_type": "nodes" }, "geometry": { "type": "Point", "coordinates": [ 101.9690793, 13.9172199 ] } },
{ "type": "Feature", "properties": { "name": "บ้านกลับ", "name:en": "Ban Klap", "railway": "station", "ele": null, "operator:type": null, "layer": null, "addr:full": null, "addr:city": null, "source": null, "name:th": "บ้านกลับ", "osm_id": 259723383, "osm_type": "nodes" }, "geometry": { "type": "Point", "coordinates": [ 100.6783748, 14.7207202 ] } },
{ "type": "Feature", "properties": { "name": "มาบพระจันทร์", "name:en": "Map Phra Chan", "railway": "station", "ele": null, "operator:type": null, "layer": null, "addr:full": null, "addr:city": null, "source": null, "name:th": "มาบพระจันทร์", "osm_id": 2068459292, "osm_type": "nodes" }, "geometry": { "type": "Point", "coordinates": [ 100.6320805, 14.4022844 ] } },
{ "type": "Feature", "properties": { "name": "ปาดังเบซาร์ (ไทย)", "name:en": "Padang Besar (Thai)", "railway": "station", "ele": null, "operator:type": null, "layer": null, "addr:full": null, "addr:city": null, "source": null, "name:th": "ปาดังเบซาร์ (ไทย)", "osm_id": 8258975420, "osm_type": "nodes" }, "geometry": { "type": "Point", "coordinates": [ 100.324497, 6.6688351 ] } },
{ "type": "Feature", "properties": { "name": "ชุมทางบางซื่อ", "name:en": "Bang Sue Junction", "railway": "station", "ele": null, "operator:type": null, "layer": null, "addr:full": null, "addr:city": null, "source": "GPS;sign", "name:th": "ชุมทางบางซื่อ", "osm_id": 1724588735, "osm_type": "nodes" }, "geometry": { "type": "Point", "coordinates": [ 100.5399615, 13.8041416 ] } },
{ "type": "Feature", "properties": { "name": "วัฒนานคร", "name:en": "Watthana Nakhon", "railway": "station", "ele": null, "operator:type": null, "layer": null, "addr:full": null, "addr:city": null, "source": null, "name:th": null, "osm_id": 5157438014, "osm_type": "nodes" }, "geometry": { "type": "Point", "coordinates": [ 102.3231926, 13.7412648 ] } },
{ "type": "Feature", "properties": { "name": "ลาดกระบัง", "name:en": "Lat Krabang", "railway": "station", "ele": null, "operator:type": null, "layer": null, "addr:full": null, "addr:city": null, "source": null, "name:th": "ลาดกระบัง", "osm_id": 1726307666, "osm_type": "nodes" }, "geometry": { "type": "Point", "coordinates": [ 100.7485537, 13.7275084 ] } },
{ "type": "Feature", "properties": { "name": "สุพรรณบุรี", "name:en": "Suphan Buri", "railway": "station", "ele": null, "operator:type": null, "layer": null, "addr:full": null, "addr:city": null, "source": "survey", "name:th": null, "osm_id": 946476017, "osm_type": "nodes" }, "geometry": { "type": "Point", "coordinates": [ 100.0950009, 14.465631 ] } },
{ "type": "Feature", "properties": { "name": "สุขุมวิท", "name:en": "Sukhumvit", "railway": "station", "ele": null, "operator:type": null, "layer": null, "addr:full": null, "addr:city": null, "source": null, "name:th": "สุขุมวิท", "osm_id": 5391691787, "osm_type": "nodes" }, "geometry": { "type": "Point", "coordinates": [ 100.5613401, 13.7373948 ] } },
{ "type": "Feature", "properties": { "name": "มักกะสัน", "name:en": "Makkasan", "railway": "station", "ele": null, "operator:type": null, "layer": null, "addr:full": null, "addr:city": null, "source": null, "name:th": "มักกะสัน", "osm_id": 6711023184, "osm_type": "nodes" }, "geometry": { "type": "Point", "coordinates": [ 100.5611427, 13.7509089 ] } },
{ "type": "Feature", "properties": { "name": "บ้านพลูตาหลวง", "name:en": "Ban Phlu Ta Luang", "railway": "station", "ele": null, "operator:type": null, "layer": null, "addr:full": null, "addr:city": "ตำบลพลูตาหลวง อำเภอสัตหีบ", "source": null, "name:th": null, "osm_id": 6813416103, "osm_type": "nodes" }, "geometry": { "type": "Point", "coordinates": [ 100.9722522, 12.7045627 ] } },
{ "type": "Feature", "properties": { "name": "ชุมทางเขาชีจรรย์", "name:en": "Khao Chi Chan Junction", "railway": "station", "ele": null, "operator:type": null, "layer": null, "addr:full": null, "addr:city": "ตำบลบางเสร่ อำเภอสัตหีบ", "source": null, "name:th": "ชุมทางเขาชีจรรย์", "osm_id": 6814271828, "osm_type": "nodes" }, "geometry": { "type": "Point", "coordinates": [ 100.9545837, 12.7336884 ] } },
{ "type": "Feature", "properties": { "name": "จุกเสม็ด", "name:en": "Chuk Samet", "railway": "station", "ele": null, "operator:type": null, "layer": null, "addr:full": null, "addr:city": null, "source": null, "name:th": "จุกเสม็ด", "osm_id": 9218260608, "osm_type": "nodes" }, "geometry": { "type": "Point", "coordinates": [ 100.9216077, 12.6247647 ] } },
{ "type": "Feature", "properties": { "name": "รามคำแหง", "name:en": "Ramkhamhaeng", "railway": "station", "ele": null, "operator:type": null, "layer": null, "addr:full": null, "addr:city": null, "source": "Ramkhamkhaeng", "name:th": "รามคำแหง", "osm_id": 6711009224, "osm_type": "nodes" }, "geometry": { "type": "Point", "coordinates": [ 100.6001541, 13.7429933 ] } },
{ "type": "Feature", "properties": { "name": "ชุมทางบัวใหญ่", "name:en": "Bua Yai Junction", "railway": "station", "ele": null, "operator:type": null, "layer": null, "addr:full": null, "addr:city": null, "source": "GPS;sign", "name:th": "ชุมทางบัวใหญ่", "osm_id": 9218290525, "osm_type": "nodes" }, "geometry": { "type": "Point", "coordinates": [ 102.4285161, 15.5875062 ] } },
{ "type": "Feature", "properties": { "name": "แม่น้ำ", "name:en": "Mae Nam", "railway": "station", "ele": null, "operator:type": null, "layer": null, "addr:full": null, "addr:city": null, "source": null, "name:th": "แม่น้ำ", "osm_id": 1692810681, "osm_type": "nodes" }, "geometry": { "type": "Point", "coordinates": [ 100.5538607, 13.7139129 ] } },
{ "type": "Feature", "properties": { "name": "จิตรลดา", "name:en": "Chitlada", "railway": "station", "ele": null, "operator:type": null, "layer": null, "addr:full": null, "addr:city": null, "source": null, "name:th": "จิตรลดา", "osm_id": 259723396, "osm_type": "nodes" }, "geometry": { "type": "Point", "coordinates": [ 100.5247073, 13.7665394 ] } },
{ "type": "Feature", "properties": { "name": "ชุมทางคลองสิบเก้า", "name:en": "Khlong Sip Kao Junction", "railway": "station", "ele": null, "operator:type": null, "layer": null, "addr:full": null, "addr:city": null, "source": null, "name:th": "ชุมทางคลองสิบเก้า", "osm_id": 9218260610, "osm_type": "nodes" }, "geometry": { "type": "Point", "coordinates": [ 101.1138118, 13.9072212 ] } },
{ "type": "Feature", "properties": { "name": "มวกเหล็ก", "name:en": "Muak Lek", "railway": "station", "ele": null, "operator:type": null, "layer": null, "addr:full": null, "addr:city": null, "source": "GPS;sign", "name:th": "มวกเหล็ก", "osm_id": 11808393633, "osm_type": "nodes" }, "geometry": { "type": "Point", "coordinates": [ 101.1994149, 14.6512518 ] } },
{ "type": "Feature", "properties": { "name": "ด่านพรมแดนบ้านคลองลึก", "name:en": "Ban Klong Luk Border", "railway": "station", "ele": null, "operator:type": null, "layer": null, "addr:full": null, "addr:city": null, "source": null, "name:th": "ด่านพรมแดนบ้านคลองลึก", "osm_id": 7472379054, "osm_type": "nodes" }, "geometry": { "type": "Point", "coordinates": [ 102.5484453, 13.662873 ] } },
{ "type": "Feature", "properties": { "name": "ชุมทางศรีราชา", "name:en": "Si Racha Junction", "railway": "station", "ele": null, "operator:type": null, "layer": null, "addr:full": null, "addr:city": null, "source": null, "name:th": "ชุมทางศรีราชา", "osm_id": 3397729425, "osm_type": "nodes" }, "geometry": { "type": "Point", "coordinates": [ 100.9459405, 13.1561998 ] } },
{ "type": "Feature", "properties": { "name": "บางพลัด", "name:en": "Bang Phlat", "railway": "station", "ele": null, "operator:type": null, "layer": null, "addr:full": null, "addr:city": null, "source": null, "name:th": "บางพลัด", "osm_id": 3801037852, "osm_type": "nodes" }, "geometry": { "type": "Point", "coordinates": [ 100.5048882, 13.7924113 ] } },
{ "type": "Feature", "properties": { "name": "Funicular Station 2", "name:en": null, "railway": "station", "ele": null, "operator:type": null, "layer": null, "addr:full": null, "addr:city": null, "source": null, "name:th": null, "osm_id": 13447234591, "osm_type": "nodes" }, "geometry": { "type": "Point", "coordinates": [ 102.2906613, 12.0176634 ] } },
{ "type": "Feature", "properties": { "name": "Funicular Station 3", "name:en": null, "railway": "station", "ele": null, "operator:type": null, "layer": null, "addr:full": null, "addr:city": null, "source": null, "name:th": null, "osm_id": 13447234592, "osm_type": "nodes" }, "geometry": { "type": "Point", "coordinates": [ 102.2912178, 12.0173466 ] } },
{ "type": "Feature", "properties": { "name": "ศาลายา", "name:en": "Sala Ya", "railway": "station", "ele": null, "operator:type": null, "layer": null, "addr:full": null, "addr:city": null, "source": null, "name:th": "ศาลายา", "osm_id": 249644272, "osm_type": "nodes" }, "geometry": { "type": "Point", "coordinates": [ 100.3243619, 13.8024806 ] } },
{ "type": "Feature", "properties": { "name": "ต้นสำโรง", "name:en": "Ton Samrong", "railway": "station", "ele": null, "operator:type": null, "layer": null, "addr:full": null, "addr:city": null, "source": null, "name:th": "ต้นสำโรง", "osm_id": 1201599831, "osm_type": "nodes" }, "geometry": { "type": "Point", "coordinates": [ 100.091305, 13.8255586 ] } },
{ "type": "Feature", "properties": { "name": "ศาลาธรรมสพน์", "name:en": "Sala Thammasop", "railway": "station", "ele": null, "operator:type": null, "layer": null, "addr:full": null, "addr:city": null, "source": null, "name:th": null, "osm_id": 2122824255, "osm_type": "nodes" }, "geometry": { "type": "Point", "coordinates": [ 100.3707398, 13.8008757 ] } },
{ "type": "Feature", "properties": { "name": "ท่าแฉลบ", "name:en": "Tha Chalaep", "railway": "station", "ele": null, "operator:type": null, "layer": null, "addr:full": null, "addr:city": null, "source": null, "name:th": null, "osm_id": 3144976437, "osm_type": "nodes" }, "geometry": { "type": "Point", "coordinates": [ 100.1317513, 13.8122395 ] } },
{ "type": "Feature", "properties": { "name": "นครชัยศรี", "name:en": "Nakhon Chai Si", "railway": "station", "ele": null, "operator:type": null, "layer": null, "addr:full": null, "addr:city": null, "source": null, "name:th": null, "osm_id": 3144976438, "osm_type": "nodes" }, "geometry": { "type": "Point", "coordinates": [ 100.176047, 13.8061763 ] } },
{ "type": "Feature", "properties": { "name": "วัดงิ้วราย", "name:en": "Wat Ngio Rai", "railway": "station", "ele": null, "operator:type": null, "layer": null, "addr:full": null, "addr:city": null, "source": null, "name:th": null, "osm_id": 3144976439, "osm_type": "nodes" }, "geometry": { "type": "Point", "coordinates": [ 100.2160471, 13.8079539 ] } },
{ "type": "Feature", "properties": { "name": "วัดสุวรรณ", "name:en": "Wat Suwan", "railway": "station", "ele": null, "operator:type": null, "layer": null, "addr:full": null, "addr:city": null, "source": null, "name:th": null, "osm_id": 3144976440, "osm_type": "nodes" }, "geometry": { "type": "Point", "coordinates": [ 100.2834246, 13.8056747 ] } },
{ "type": "Feature", "properties": { "name": "ธนบุรี", "name:en": "Thonburi", "railway": "station", "ele": null, "operator:type": null, "layer": null, "addr:full": null, "addr:city": null, "source": null, "name:th": "ธนบุรี", "osm_id": 7769630267, "osm_type": "nodes" }, "geometry": { "type": "Point", "coordinates": [ 100.4787465, 13.7605974 ] } },
{ "type": "Feature", "properties": { "name": "วัดสิงห์", "name:en": "Wat Sing", "railway": "station", "ele": null, "operator:type": null, "layer": null, "addr:full": null, "addr:city": null, "source": null, "name:th": "วัดสิงห์", "osm_id": 674670289, "osm_type": "nodes" }, "geometry": { "type": "Point", "coordinates": [ 100.4476577, 13.683249 ] } },
{ "type": "Feature", "properties": { "name": "มหาชัย", "name:en": "Maha Chai", "railway": "station", "ele": null, "operator:type": null, "layer": null, "addr:full": null, "addr:city": null, "source": null, "name:th": "มหาชัย", "osm_id": 674670262, "osm_type": "nodes" }, "geometry": { "type": "Point", "coordinates": [ 100.276623, 13.5462511 ] } },
{ "type": "Feature", "properties": { "name": "หัวหิน", "name:en": "Hua Hin", "railway": "station", "ele": null, "operator:type": null, "layer": null, "addr:full": null, "addr:city": null, "source": null, "name:th": "หัวหิน", "osm_id": 2415640455, "osm_type": "nodes" }, "geometry": { "type": "Point", "coordinates": [ 99.9551707, 12.5646241 ] } },
{ "type": "Feature", "properties": { "name": "หัวหวาย", "name:en": "Hua Wai", "railway": "station", "ele": null, "operator:type": null, "layer": null, "addr:full": null, "addr:city": null, "source": null, "name:th": null, "osm_id": 6342986693, "osm_type": "nodes" }, "geometry": { "type": "Point", "coordinates": [ 100.3127831, 15.3492674 ] } },
{ "type": "Feature", "properties": { "name": "บ้านโป่ง", "name:en": "Ban Pong", "railway": "station", "ele": null, "operator:type": null, "layer": null, "addr:full": null, "addr:city": null, "source": null, "name:th": "บ้านโป่ง", "osm_id": 2041271680, "osm_type": "nodes" }, "geometry": { "type": "Point", "coordinates": [ 99.8751458, 13.8097014 ] } },
{ "type": "Feature", "properties": { "name": "กรุงเทพ", "name:en": "Bangkok", "railway": "station", "ele": null, "operator:type": null, "layer": null, "addr:full": null, "addr:city": "แขวงรองเมือง", "source": "GPS;sign", "name:th": "กรุงเทพ", "osm_id": 7769630266, "osm_type": "nodes" }, "geometry": { "type": "Point", "coordinates": [ 100.5166499, 13.7393113 ] } },
{ "type": "Feature", "properties": { "name": "ศรีสะเกษ", "name:en": "Si Sa Ket", "railway": "station", "ele": null, "operator:type": null, "layer": null, "addr:full": null, "addr:city": null, "source": null, "name:th": "ศรีสะเกษ", "osm_id": 9218290523, "osm_type": "nodes" }, "geometry": { "type": "Point", "coordinates": [ 104.3273597, 15.1163243 ] } },
{ "type": "Feature", "properties": { "name": "เชียงรากน้อย", "name:en": "Chiang Rak Noi", "railway": "station", "ele": null, "operator:type": null, "layer": null, "addr:full": null, "addr:city": null, "source": null, "name:th": "เชียงรากน้อย", "osm_id": 259723390, "osm_type": "nodes" }, "geometry": { "type": "Point", "coordinates": [ 100.5820064, 14.1313359 ] } }
]
}
