{
"type": "FeatureCollection",
"name": "hotosm_tur_railways_points_geojson",
"features": [
{ "type": "Feature", "properties": { "name": "Sekidüzü", "name:en": null, "railway": "station", "ele": null, "operator:type": null, "layer": null, "addr:full": null, "addr:city": null, "source": null, "name:tr": null, "osm_id": 13544932208, "osm_type": "nodes" }, "geometry": { "type": "Point", "coordinates": [ 40.6786068, 37.1765458 ] } },
{ "type": "Feature", "properties": { "name": "Kağıthane", "name:en": null, "railway": "station", "ele": null, "operator:type": null, "layer": null, "addr:full": null, "addr:city": null, "source": null, "name:tr": null, "osm_id": 8853285393, "osm_type": "nodes" }, "geometry": { "type": "Point", "coordinates": [ 28.9765616, 41.080086 ] } },
{ "type": "Feature", "properties": { "name": "Yamanevler", "name:en": null, "railway": "station", "ele": null, "operator:type": null, "layer": null, "addr:full": null, "addr:city": null, "source": null, "name:tr": null, "osm_id": 5286349755, "osm_type": "nodes" }, "geometry": { "type": "Point", "coordinates": [ 29.1087471, 41.0242009 ] } },
{ "type": "Feature", "properties": { "name": "Konut Birlik", "name:en": null, "railway": "station", "ele": null, "operator:type": null, "layer": null, "addr:full": null, "addr:city": null, "source": null, "name:tr": null, "osm_id": 9665946450, "osm_type": "nodes" }, "geometry": { "type": "Point", "coordinates": [ 28.763349, 41.03461 ] } },
{ "type": "Feature", "properties": { "name": "Altınşehir", "name:en": null, "railway": "station", "ele": null, "operator:type": null, "layer": null, "addr:full": null, "addr:city": null, "source": null, "name:tr": null, "osm_id": 9665946451, "osm_type": "nodes" }, "geometry": { "type": "Point", "coordinates": [ 28.7477316, 41.0474135 ] } },
{ "type": "Feature", "properties": { "name": "Sinan", "name:en": null, "railway": "station", "ele": null, "operator:type": null, "layer": null, "addr:full": null, "addr:city": null, "source": null, "name:tr": null, "osm_id": 2639597696, "osm_type": "nodes" }, "geometry": { "type": "Point", "coordinates": [ 40.9761524, 37.8291837 ] } },
{ "type": "Feature", "properties": { "name": "Şenyurt", "name:en": null, "railway": "station", "ele": "474", "operator:type": null, "layer": null, "addr:full": null, "addr:city": null, "source": null, "name:tr": null, "osm_id": 130194329, "osm_type": "nodes" }, "geometry": { "type": "Point", "coordinates": [ 40.6453781, 37.0783818 ] } },
{ "type": "Feature", "properties": { "name": "Akşehir", "name:en": null, "railway": "station", "ele": "995", "operator:type": null, "layer": null, "addr:full": null, "addr:city": null, "source": null, "name:tr": null, "osm_id": 142421346, "osm_type": "nodes" }, "geometry": { "type": "Point", "coordinates": [ 31.4421545, 38.3699219 ] } },
{ "type": "Feature", "properties": { "name": "Başpınar", "name:en": null, "railway": "station", "ele": "900", "operator:type": null, "layer": null, "addr:full": null, "addr:city": null, "source": "Bing", "name:tr": null, "osm_id": 158529657, "osm_type": "nodes" }, "geometry": { "type": "Point", "coordinates": [ 37.3227422, 37.1691465 ] } },
{ "type": "Feature", "properties": { "name": "Sandıklı Istasyon", "name:en": null, "railway": "station", "ele": "1069", "operator:type": null, "layer": null, "addr:full": null, "addr:city": null, "source": "bing", "name:tr": null, "osm_id": 170748789, "osm_type": "nodes" }, "geometry": { "type": "Point", "coordinates": [ 30.2607982, 38.4584732 ] } },
{ "type": "Feature", "properties": { "name": "Selçuk", "name:en": null, "railway": "station", "ele": "20", "operator:type": null, "layer": null, "addr:full": null, "addr:city": null, "source": "bing", "name:tr": null, "osm_id": 212886999, "osm_type": "nodes" }, "geometry": { "type": "Point", "coordinates": [ 27.3729409, 37.9509376 ] } },
{ "type": "Feature", "properties": { "name": "Dazkırı", "name:en": null, "railway": "station", "ele": "871", "operator:type": null, "layer": null, "addr:full": null, "addr:city": null, "source": null, "name:tr": null, "osm_id": 204787245, "osm_type": "nodes" }, "geometry": { "type": "Point", "coordinates": [ 29.8623942, 37.9021127 ] } },
{ "type": "Feature", "properties": { "name": "Siteler", "name:en": null, "railway": "station", "ele": null, "operator:type": null, "layer": null, "addr:full": null, "addr:city": null, "source": null, "name:tr": null, "osm_id": 4304536085, "osm_type": "nodes" }, "geometry": { "type": "Point", "coordinates": [ 28.7965629, 41.0882324 ] } },
{ "type": "Feature", "properties": { "name": "Karaköy", "name:en": null, "railway": "station", "ele": null, "operator:type": null, "layer": null, "addr:full": null, "addr:city": null, "source": "Bing", "name:tr": null, "osm_id": 282824090, "osm_type": "nodes" }, "geometry": { "type": "Point", "coordinates": [ 30.0079158, 40.0004119 ] } },
{ "type": "Feature", "properties": { "name": "Çobanlar", "name:en": null, "railway": "station", "ele": "990", "operator:type": null, "layer": null, "addr:full": null, "addr:city": null, "source": null, "name:tr": null, "osm_id": 282815862, "osm_type": "nodes" }, "geometry": { "type": "Point", "coordinates": [ 30.73887, 38.6882335 ] } },
{ "type": "Feature", "properties": { "name": "Kızılca İstayonu", "name:en": null, "railway": "station", "ele": null, "operator:type": null, "layer": null, "addr:full": null, "addr:city": null, "source": null, "name:tr": null, "osm_id": 1841303619, "osm_type": "nodes" }, "geometry": { "type": "Point", "coordinates": [ 30.0450267, 38.8484927 ] } },
{ "type": "Feature", "properties": { "name": "Yazıhan", "name:en": null, "railway": "station", "ele": "801", "operator:type": null, "layer": null, "addr:full": null, "addr:city": null, "source": null, "name:tr": null, "osm_id": 303260292, "osm_type": "nodes" }, "geometry": { "type": "Point", "coordinates": [ 38.1816948, 38.5957628 ] } },
{ "type": "Feature", "properties": { "name": "Bahçetepe", "name:en": null, "railway": "station", "ele": "1410", "operator:type": null, "layer": null, "addr:full": null, "addr:city": null, "source": null, "name:tr": null, "osm_id": 12387684325, "osm_type": "nodes" }, "geometry": { "type": "Point", "coordinates": [ 42.0148623, 38.682433 ] } },
{ "type": "Feature", "properties": { "name": "Van İskele", "name:en": "Van Wharf", "railway": "station", "ele": null, "operator:type": null, "layer": null, "addr:full": null, "addr:city": null, "source": null, "name:tr": null, "osm_id": 602123192, "osm_type": "nodes" }, "geometry": { "type": "Point", "coordinates": [ 43.3084227, 38.5168926 ] } },
{ "type": "Feature", "properties": { "name": "Osmaniye", "name:en": null, "railway": "station", "ele": "115", "operator:type": null, "layer": null, "addr:full": null, "addr:city": null, "source": null, "name:tr": null, "osm_id": 125326513, "osm_type": "nodes" }, "geometry": { "type": "Point", "coordinates": [ 36.2370312, 37.0793973 ] } },
{ "type": "Feature", "properties": { "name": "Demetevler", "name:en": null, "railway": "station", "ele": null, "operator:type": null, "layer": null, "addr:full": null, "addr:city": null, "source": null, "name:tr": null, "osm_id": 670245629, "osm_type": "nodes" }, "geometry": { "type": "Point", "coordinates": [ 32.7935884, 39.9655407 ] } },
{ "type": "Feature", "properties": { "name": "Kabakçevliği", "name:en": null, "railway": "station", "ele": null, "operator:type": null, "layer": null, "addr:full": null, "addr:city": null, "source": null, "name:tr": null, "osm_id": 1805182557, "osm_type": "nodes" }, "geometry": { "type": "Point", "coordinates": [ 37.6625284, 39.2866245 ] } },
{ "type": "Feature", "properties": { "name": "Eskiköy", "name:en": null, "railway": "station", "ele": null, "operator:type": null, "layer": null, "addr:full": null, "addr:city": null, "source": null, "name:tr": null, "osm_id": 2633437752, "osm_type": "nodes" }, "geometry": { "type": "Point", "coordinates": [ 37.2881222, 39.4346192 ] } },
{ "type": "Feature", "properties": { "name": "Gayrettepe", "name:en": null, "railway": "station", "ele": null, "operator:type": null, "layer": null, "addr:full": null, "addr:city": null, "source": null, "name:tr": null, "osm_id": 670233794, "osm_type": "nodes" }, "geometry": { "type": "Point", "coordinates": [ 29.0111192, 41.0690337 ] } },
{ "type": "Feature", "properties": { "name": "Ataköy", "name:en": null, "railway": "station", "ele": null, "operator:type": null, "layer": null, "addr:full": null, "addr:city": null, "source": null, "name:tr": null, "osm_id": 6325698566, "osm_type": "nodes" }, "geometry": { "type": "Point", "coordinates": [ 28.8562265, 40.9802282 ] } },
{ "type": "Feature", "properties": { "name": "Çakmak", "name:en": null, "railway": "station", "ele": null, "operator:type": null, "layer": null, "addr:full": null, "addr:city": null, "source": null, "name:tr": null, "osm_id": 6004548611, "osm_type": "nodes" }, "geometry": { "type": "Point", "coordinates": [ 29.1186259, 41.0215971 ] } },
{ "type": "Feature", "properties": { "name": "Sumucak", "name:en": null, "railway": "station", "ele": "1021", "operator:type": null, "layer": null, "addr:full": null, "addr:city": null, "source": null, "name:tr": null, "osm_id": 963242112, "osm_type": "nodes" }, "geometry": { "type": "Point", "coordinates": [ 33.3212185, 40.8281836 ] } },
{ "type": "Feature", "properties": { "name": "Fevzipaşa", "name:en": null, "railway": "station", "ele": "508", "operator:type": null, "layer": null, "addr:full": null, "addr:city": null, "source": null, "name:tr": null, "osm_id": 969662630, "osm_type": "nodes" }, "geometry": { "type": "Point", "coordinates": [ 36.6386898, 37.0988378 ] } },
{ "type": "Feature", "properties": { "name": "Ulam", "name:en": null, "railway": "station", "ele": null, "operator:type": null, "layer": null, "addr:full": null, "addr:city": null, "source": null, "name:tr": null, "osm_id": 1018904198, "osm_type": "nodes" }, "geometry": { "type": "Point", "coordinates": [ 40.4722384, 37.8385355 ] } },
{ "type": "Feature", "properties": { "name": "Yıldızeli", "name:en": null, "railway": "station", "ele": null, "operator:type": null, "layer": null, "addr:full": null, "addr:city": null, "source": null, "name:tr": null, "osm_id": 1022214142, "osm_type": "nodes" }, "geometry": { "type": "Point", "coordinates": [ 36.5933112, 39.8671862 ] } },
{ "type": "Feature", "properties": { "name": "Polatlı", "name:en": null, "railway": "station", "ele": "876", "operator:type": null, "layer": null, "addr:full": null, "addr:city": null, "source": null, "name:tr": null, "osm_id": 1037720654, "osm_type": "nodes" }, "geometry": { "type": "Point", "coordinates": [ 32.1417303, 39.58567 ] } },
{ "type": "Feature", "properties": { "name": "Samsun", "name:en": null, "railway": "station", "ele": null, "operator:type": null, "layer": null, "addr:full": null, "addr:city": null, "source": null, "name:tr": null, "osm_id": 1023854236, "osm_type": "nodes" }, "geometry": { "type": "Point", "coordinates": [ 36.3432571, 41.2860867 ] } },
{ "type": "Feature", "properties": { "name": "Florya", "name:en": null, "railway": "station", "ele": null, "operator:type": null, "layer": null, "addr:full": null, "addr:city": null, "source": null, "name:tr": null, "osm_id": 1027924561, "osm_type": "nodes" }, "geometry": { "type": "Point", "coordinates": [ 28.7876122, 40.972897 ] } },
{ "type": "Feature", "properties": { "name": "Akçadağ", "name:en": null, "railway": "station", "ele": "946", "operator:type": null, "layer": null, "addr:full": null, "addr:city": null, "source": null, "name:tr": null, "osm_id": 1029552677, "osm_type": "nodes" }, "geometry": { "type": "Point", "coordinates": [ 38.0444592, 38.2908815 ] } },
{ "type": "Feature", "properties": { "name": "Sarıkamış", "name:en": null, "railway": "station", "ele": "2073", "operator:type": null, "layer": null, "addr:full": null, "addr:city": null, "source": null, "name:tr": null, "osm_id": 1030362574, "osm_type": "nodes" }, "geometry": { "type": "Point", "coordinates": [ 42.5769437, 40.33589 ] } },
{ "type": "Feature", "properties": { "name": "Burdur", "name:en": null, "railway": "station", "ele": "943", "operator:type": null, "layer": null, "addr:full": null, "addr:city": null, "source": null, "name:tr": null, "osm_id": 1030808774, "osm_type": "nodes" }, "geometry": { "type": "Point", "coordinates": [ 30.2818887, 37.7233217 ] } },
{ "type": "Feature", "properties": { "name": "Ortaklar", "name:en": null, "railway": "station", "ele": "61", "operator:type": null, "layer": null, "addr:full": null, "addr:city": null, "source": "bing", "name:tr": null, "osm_id": 1032704953, "osm_type": "nodes" }, "geometry": { "type": "Point", "coordinates": [ 27.5024801, 37.886357 ] } },
{ "type": "Feature", "properties": { "name": "Atça İstasyonu", "name:en": null, "railway": "station", "ele": "43", "operator:type": null, "layer": null, "addr:full": null, "addr:city": null, "source": "bing", "name:tr": null, "osm_id": 1033065320, "osm_type": "nodes" }, "geometry": { "type": "Point", "coordinates": [ 28.2119341, 37.8833746 ] } },
{ "type": "Feature", "properties": { "name": "Nazilli", "name:en": null, "railway": "station", "ele": "56", "operator:type": null, "layer": null, "addr:full": null, "addr:city": null, "source": null, "name:tr": null, "osm_id": 1033065838, "osm_type": "nodes" }, "geometry": { "type": "Point", "coordinates": [ 28.3270857, 37.9140609 ] } },
{ "type": "Feature", "properties": { "name": "Uşak Gar", "name:en": null, "railway": "station", "ele": "910", "operator:type": null, "layer": null, "addr:full": null, "addr:city": null, "source": null, "name:tr": null, "osm_id": 1033324723, "osm_type": "nodes" }, "geometry": { "type": "Point", "coordinates": [ 29.4074222, 38.6639088 ] } },
{ "type": "Feature", "properties": { "name": "İnay İstasyonu", "name:en": null, "railway": "station", "ele": "755", "operator:type": null, "layer": null, "addr:full": null, "addr:city": null, "source": null, "name:tr": "İnay Tren İstasyonu", "osm_id": 1033324775, "osm_type": "nodes" }, "geometry": { "type": "Point", "coordinates": [ 29.2267867, 38.4210349 ] } },
{ "type": "Feature", "properties": { "name": "Balıkesir", "name:en": null, "railway": "station", "ele": "131", "operator:type": null, "layer": null, "addr:full": null, "addr:city": null, "source": null, "name:tr": null, "osm_id": 1033938313, "osm_type": "nodes" }, "geometry": { "type": "Point", "coordinates": [ 27.8885353, 39.6469144 ] } },
{ "type": "Feature", "properties": { "name": "Kuşcenneti", "name:en": null, "railway": "station", "ele": "54", "operator:type": null, "layer": null, "addr:full": null, "addr:city": null, "source": null, "name:tr": null, "osm_id": 1033939388, "osm_type": "nodes" }, "geometry": { "type": "Point", "coordinates": [ 27.9801926, 40.3363628 ] } },
{ "type": "Feature", "properties": { "name": "Çaycuma", "name:en": null, "railway": "station", "ele": "22", "operator:type": null, "layer": null, "addr:full": null, "addr:city": null, "source": null, "name:tr": null, "osm_id": 1039187621, "osm_type": "nodes" }, "geometry": { "type": "Point", "coordinates": [ 32.095344, 41.4241877 ] } },
{ "type": "Feature", "properties": { "name": "Kayadibi", "name:en": null, "railway": "station", "ele": "157", "operator:type": null, "layer": null, "addr:full": null, "addr:city": null, "source": null, "name:tr": null, "osm_id": 1039318740, "osm_type": "nodes" }, "geometry": { "type": "Point", "coordinates": [ 32.2034478, 41.2352412 ] } },
{ "type": "Feature", "properties": { "name": "Topac", "name:en": null, "railway": "station", "ele": "1212", "operator:type": null, "layer": null, "addr:full": null, "addr:city": null, "source": null, "name:tr": null, "osm_id": 1056006985, "osm_type": "nodes" }, "geometry": { "type": "Point", "coordinates": [ 36.3070603, 39.3582027 ] } },
{ "type": "Feature", "properties": { "name": "Dumanlı", "name:en": null, "railway": "station", "ele": null, "operator:type": null, "layer": null, "addr:full": null, "addr:city": null, "source": null, "name:tr": null, "osm_id": 13542860427, "osm_type": "nodes" }, "geometry": { "type": "Point", "coordinates": [ 39.3770569, 39.6676956 ] } },
{ "type": "Feature", "properties": { "name": "Afyonkarahisar Şehir Garı", "name:en": null, "railway": "station", "ele": null, "operator:type": null, "layer": null, "addr:full": null, "addr:city": null, "source": "bing", "name:tr": null, "osm_id": 1016618867, "osm_type": "nodes" }, "geometry": { "type": "Point", "coordinates": [ 30.5355037, 38.7670863 ] } },
{ "type": "Feature", "properties": { "name": "Bismil", "name:en": null, "railway": "station", "ele": "525", "operator:type": null, "layer": null, "addr:full": null, "addr:city": "Diyarbakır", "source": null, "name:tr": null, "osm_id": 1018997848, "osm_type": "nodes" }, "geometry": { "type": "Point", "coordinates": [ 40.6619924, 37.8527687 ] } },
{ "type": "Feature", "properties": { "name": "Tanyeri", "name:en": null, "railway": "station", "ele": "1194", "operator:type": null, "layer": null, "addr:full": null, "addr:city": null, "source": null, "name:tr": null, "osm_id": 1019524713, "osm_type": "nodes" }, "geometry": { "type": "Point", "coordinates": [ 39.8281647, 39.609816 ] } },
{ "type": "Feature", "properties": { "name": "Yahşihan", "name:en": null, "railway": "station", "ele": "680", "operator:type": null, "layer": null, "addr:full": null, "addr:city": null, "source": null, "name:tr": null, "osm_id": 1038522591, "osm_type": "nodes" }, "geometry": { "type": "Point", "coordinates": [ 33.4471096, 39.845575 ] } },
{ "type": "Feature", "properties": { "name": "Himmetdede", "name:en": null, "railway": "station", "ele": "1222", "operator:type": null, "layer": null, "addr:full": null, "addr:city": null, "source": null, "name:tr": null, "osm_id": 1203605825, "osm_type": "nodes" }, "geometry": { "type": "Point", "coordinates": [ 35.0838423, 38.9085916 ] } },
{ "type": "Feature", "properties": { "name": "Avşar", "name:en": null, "railway": "station", "ele": "1327", "operator:type": null, "layer": null, "addr:full": null, "addr:city": null, "source": null, "name:tr": null, "osm_id": 1208397892, "osm_type": "nodes" }, "geometry": { "type": "Point", "coordinates": [ 37.7317494, 39.3301249 ] } },
{ "type": "Feature", "properties": { "name": "Özgüneş", "name:en": null, "railway": "station", "ele": null, "operator:type": null, "layer": null, "addr:full": null, "addr:city": null, "source": null, "name:tr": null, "osm_id": 1339958347, "osm_type": "nodes" }, "geometry": { "type": "Point", "coordinates": [ 32.6492715, 39.9517529 ] } },
{ "type": "Feature", "properties": { "name": "Dibekli", "name:en": null, "railway": "station", "ele": null, "operator:type": null, "layer": null, "addr:full": null, "addr:city": null, "source": null, "name:tr": null, "osm_id": 153208097, "osm_type": "nodes" }, "geometry": { "type": "Point", "coordinates": [ 43.8166037, 38.6579125 ] } },
{ "type": "Feature", "properties": { "name": "Söylemez", "name:en": null, "railway": "station", "ele": null, "operator:type": null, "layer": null, "addr:full": null, "addr:city": null, "source": null, "name:tr": null, "osm_id": 3043451473, "osm_type": "nodes" }, "geometry": { "type": "Point", "coordinates": [ 43.5680135, 38.6051096 ] } },
{ "type": "Feature", "properties": { "name": "Pınarlı", "name:en": null, "railway": "station", "ele": "744", "operator:type": null, "layer": null, "addr:full": null, "addr:city": null, "source": null, "name:tr": null, "osm_id": 1433310422, "osm_type": "nodes" }, "geometry": { "type": "Point", "coordinates": [ 38.7750834, 38.4724929 ] } },
{ "type": "Feature", "properties": { "name": "Hekimhan", "name:en": null, "railway": "station", "ele": "1050", "operator:type": null, "layer": null, "addr:full": null, "addr:city": null, "source": "bing", "name:tr": null, "osm_id": 1433312576, "osm_type": "nodes" }, "geometry": { "type": "Point", "coordinates": [ 37.9277742, 38.810719 ] } },
{ "type": "Feature", "properties": { "name": "Sarıdemir", "name:en": null, "railway": "station", "ele": null, "operator:type": null, "layer": null, "addr:full": null, "addr:city": null, "source": null, "name:tr": null, "osm_id": 1544857237, "osm_type": "nodes" }, "geometry": { "type": "Point", "coordinates": [ 36.8286714, 39.5306449 ] } },
{ "type": "Feature", "properties": { "name": "Bozüyük", "name:en": null, "railway": "station", "ele": null, "operator:type": null, "layer": null, "addr:full": null, "addr:city": null, "source": null, "name:tr": null, "osm_id": 1634040345, "osm_type": "nodes" }, "geometry": { "type": "Point", "coordinates": [ 30.0372781, 39.9042599 ] } },
{ "type": "Feature", "properties": { "name": "Evciler", "name:en": null, "railway": "station", "ele": "847", "operator:type": null, "layer": null, "addr:full": null, "addr:city": null, "source": null, "name:tr": null, "osm_id": 1688809279, "osm_type": "nodes" }, "geometry": { "type": "Point", "coordinates": [ 29.921358, 38.0270542 ] } },
{ "type": "Feature", "properties": { "name": "Gümüşgün", "name:en": null, "railway": "station", "ele": "943", "operator:type": null, "layer": null, "addr:full": null, "addr:city": null, "source": null, "name:tr": null, "osm_id": 1677624022, "osm_type": "nodes" }, "geometry": { "type": "Point", "coordinates": [ 30.4123556, 37.8935442 ] } },
{ "type": "Feature", "properties": { "name": "Biçerova", "name:en": null, "railway": "station", "ele": "13", "operator:type": null, "layer": null, "addr:full": null, "addr:city": null, "source": null, "name:tr": null, "osm_id": 1697786687, "osm_type": "nodes" }, "geometry": { "type": "Point", "coordinates": [ 26.9612753, 38.7493538 ] } },
{ "type": "Feature", "properties": { "name": "Boğazköy", "name:en": null, "railway": "station", "ele": null, "operator:type": null, "layer": null, "addr:full": null, "addr:city": null, "source": "bing", "name:tr": null, "osm_id": 1807867563, "osm_type": "nodes" }, "geometry": { "type": "Point", "coordinates": [ 35.7736246, 40.7331737 ] } },
{ "type": "Feature", "properties": { "name": "Kadınhanı", "name:en": null, "railway": "station", "ele": "1030", "operator:type": null, "layer": null, "addr:full": null, "addr:city": null, "source": null, "name:tr": null, "osm_id": 1811249593, "osm_type": "nodes" }, "geometry": { "type": "Point", "coordinates": [ 32.1831361, 38.3172143 ] } },
{ "type": "Feature", "properties": { "name": "Güzelbeyli", "name:en": null, "railway": "station", "ele": null, "operator:type": null, "layer": null, "addr:full": null, "addr:city": null, "source": "bing", "name:tr": null, "osm_id": 1805904000, "osm_type": "nodes" }, "geometry": { "type": "Point", "coordinates": [ 36.0060654, 40.1490268 ] } },
{ "type": "Feature", "properties": { "name": "Çukurbük", "name:en": null, "railway": "station", "ele": null, "operator:type": null, "layer": null, "addr:full": null, "addr:city": null, "source": null, "name:tr": null, "osm_id": 1807561185, "osm_type": "nodes" }, "geometry": { "type": "Point", "coordinates": [ 36.1626902, 41.0839154 ] } },
{ "type": "Feature", "properties": { "name": "Kızoğlu", "name:en": null, "railway": "station", "ele": null, "operator:type": null, "layer": null, "addr:full": null, "addr:city": null, "source": null, "name:tr": null, "osm_id": 1807927452, "osm_type": "nodes" }, "geometry": { "type": "Point", "coordinates": [ 35.8831409, 40.4929554 ] } },
{ "type": "Feature", "properties": { "name": "Dümbelek", "name:en": null, "railway": "station", "ele": "680", "operator:type": null, "layer": null, "addr:full": null, "addr:city": null, "source": null, "name:tr": null, "osm_id": 1811447239, "osm_type": "nodes" }, "geometry": { "type": "Point", "coordinates": [ 33.5294084, 40.2854641 ] } },
{ "type": "Feature", "properties": { "name": "Tecer", "name:en": null, "railway": "station", "ele": "1400", "operator:type": null, "layer": null, "addr:full": null, "addr:city": null, "source": null, "name:tr": null, "osm_id": 1818639872, "osm_type": "nodes" }, "geometry": { "type": "Point", "coordinates": [ 37.0923895, 39.406735 ] } },
{ "type": "Feature", "properties": { "name": "Sıcaksu", "name:en": null, "railway": "station", "ele": "1560", "operator:type": null, "layer": null, "addr:full": null, "addr:city": null, "source": "bing", "name:tr": null, "osm_id": 1832450993, "osm_type": "nodes" }, "geometry": { "type": "Point", "coordinates": [ 42.1436158, 38.6503976 ] } },
{ "type": "Feature", "properties": { "name": "Alayunt", "name:en": null, "railway": "station", "ele": "934", "operator:type": null, "layer": null, "addr:full": null, "addr:city": null, "source": "bing", "name:tr": null, "osm_id": 1844213207, "osm_type": "nodes" }, "geometry": { "type": "Point", "coordinates": [ 30.1055086, 39.395442 ] } },
{ "type": "Feature", "properties": { "name": "Çöğürler", "name:en": null, "railway": "station", "ele": "1026", "operator:type": null, "layer": null, "addr:full": null, "addr:city": null, "source": "bing", "name:tr": null, "osm_id": 1844214777, "osm_type": "nodes" }, "geometry": { "type": "Point", "coordinates": [ 30.1785217, 39.2679422 ] } },
{ "type": "Feature", "properties": { "name": "Ilgın", "name:en": null, "railway": "station", "ele": "1029", "operator:type": null, "layer": null, "addr:full": null, "addr:city": null, "source": null, "name:tr": null, "osm_id": 1847251719, "osm_type": "nodes" }, "geometry": { "type": "Point", "coordinates": [ 31.9102341, 38.2906898 ] } },
{ "type": "Feature", "properties": { "name": "Gezin", "name:en": null, "railway": "station", "ele": "1227", "operator:type": null, "layer": null, "addr:full": null, "addr:city": null, "source": null, "name:tr": null, "osm_id": 1849880459, "osm_type": "nodes" }, "geometry": { "type": "Point", "coordinates": [ 39.5197097, 38.4950813 ] } },
{ "type": "Feature", "properties": { "name": "Meydan", "name:en": null, "railway": "station", "ele": "1061", "operator:type": null, "layer": null, "addr:full": null, "addr:city": null, "source": null, "name:tr": null, "osm_id": 1866950347, "osm_type": "nodes" }, "geometry": { "type": "Point", "coordinates": [ 32.5466225, 38.19944 ] } },
{ "type": "Feature", "properties": { "name": "Köprüören", "name:en": null, "railway": "station", "ele": "1035", "operator:type": null, "layer": null, "addr:full": null, "addr:city": null, "source": "bing", "name:tr": null, "osm_id": 1868728280, "osm_type": "nodes" }, "geometry": { "type": "Point", "coordinates": [ 29.7565059, 39.4919091 ] } },
{ "type": "Feature", "properties": { "name": "Ildızım", "name:en": null, "railway": "station", "ele": "1053", "operator:type": null, "layer": null, "addr:full": null, "addr:city": null, "source": null, "name:tr": null, "osm_id": 1874203950, "osm_type": "nodes" }, "geometry": { "type": "Point", "coordinates": [ 33.4571794, 40.7137625 ] } },
{ "type": "Feature", "properties": { "name": "Çimenova", "name:en": null, "railway": "station", "ele": null, "operator:type": null, "layer": null, "addr:full": null, "addr:city": null, "source": null, "name:tr": null, "osm_id": 859885516, "osm_type": "nodes" }, "geometry": { "type": "Point", "coordinates": [ 44.0908153, 38.5811268 ] } },
{ "type": "Feature", "properties": { "name": "Çaybağı", "name:en": null, "railway": "station", "ele": null, "operator:type": null, "layer": null, "addr:full": null, "addr:city": null, "source": null, "name:tr": null, "osm_id": 3043451548, "osm_type": "nodes" }, "geometry": { "type": "Point", "coordinates": [ 44.1683034, 38.5173358 ] } },
{ "type": "Feature", "properties": { "name": "Beyhan", "name:en": null, "railway": "station", "ele": "892", "operator:type": null, "layer": null, "addr:full": null, "addr:city": null, "source": "bing", "name:tr": null, "osm_id": 1927013931, "osm_type": "nodes" }, "geometry": { "type": "Point", "coordinates": [ 40.1193345, 38.7329894 ] } },
{ "type": "Feature", "properties": { "name": "Gülsuyu", "name:en": null, "railway": "station", "ele": null, "operator:type": null, "layer": null, "addr:full": null, "addr:city": null, "source": null, "name:tr": null, "osm_id": 7736966922, "osm_type": "nodes" }, "geometry": { "type": "Point", "coordinates": [ 29.1547148, 40.9238717 ] } },
{ "type": "Feature", "properties": { "name": "Yolçatı", "name:en": null, "railway": "station", "ele": "1264", "operator:type": null, "layer": null, "addr:full": null, "addr:city": null, "source": null, "name:tr": null, "osm_id": 2014151828, "osm_type": "nodes" }, "geometry": { "type": "Point", "coordinates": [ 39.0358283, 38.542109 ] } },
{ "type": "Feature", "properties": { "name": "Rahova", "name:en": null, "railway": "station", "ele": "1769", "operator:type": null, "layer": null, "addr:full": null, "addr:city": null, "source": "bing", "name:tr": null, "osm_id": 2064789384, "osm_type": "nodes" }, "geometry": { "type": "Point", "coordinates": [ 42.2087698, 38.5048124 ] } },
{ "type": "Feature", "properties": { "name": "Çavuşcugöl", "name:en": null, "railway": "station", "ele": "1032", "operator:type": null, "layer": null, "addr:full": null, "addr:city": null, "source": null, "name:tr": null, "osm_id": 2069723681, "osm_type": "nodes" }, "geometry": { "type": "Point", "coordinates": [ 31.846447, 38.3794458 ] } },
{ "type": "Feature", "properties": { "name": "Karaçuha", "name:en": null, "railway": "station", "ele": null, "operator:type": null, "layer": null, "addr:full": null, "addr:city": null, "source": null, "name:tr": null, "osm_id": 2090688163, "osm_type": "nodes" }, "geometry": { "type": "Point", "coordinates": [ 42.0044885, 40.0242348 ] } },
{ "type": "Feature", "properties": { "name": "Sütlaç", "name:en": null, "railway": "station", "ele": "855", "operator:type": null, "layer": null, "addr:full": null, "addr:city": null, "source": null, "name:tr": null, "osm_id": 2191160969, "osm_type": "nodes" }, "geometry": { "type": "Point", "coordinates": [ 29.9908932, 38.1291253 ] } },
{ "type": "Feature", "properties": { "name": "Dumlupınar", "name:en": null, "railway": "station", "ele": "1222", "operator:type": null, "layer": null, "addr:full": null, "addr:city": null, "source": null, "name:tr": null, "osm_id": 2201574181, "osm_type": "nodes" }, "geometry": { "type": "Point", "coordinates": [ 29.985265, 38.8478635 ] } },
{ "type": "Feature", "properties": { "name": "Yeşilyenice", "name:en": null, "railway": "station", "ele": "123", "operator:type": null, "layer": null, "addr:full": null, "addr:city": null, "source": null, "name:tr": null, "osm_id": 2205115409, "osm_type": "nodes" }, "geometry": { "type": "Point", "coordinates": [ 32.3188801, 41.2054905 ] } },
{ "type": "Feature", "properties": { "name": "Geyik", "name:en": null, "railway": "station", "ele": "705", "operator:type": null, "layer": null, "addr:full": null, "addr:city": null, "source": null, "name:tr": null, "osm_id": 2275058706, "osm_type": "nodes" }, "geometry": { "type": "Point", "coordinates": [ 39.9362234, 38.1439696 ] } },
{ "type": "Feature", "properties": { "name": "Güllübağ", "name:en": null, "railway": "station", "ele": "932", "operator:type": null, "layer": null, "addr:full": null, "addr:city": null, "source": null, "name:tr": null, "osm_id": 2313668703, "osm_type": "nodes" }, "geometry": { "type": "Point", "coordinates": [ 38.7420918, 39.5076422 ] } },
{ "type": "Feature", "properties": { "name": "Ekinova", "name:en": null, "railway": "station", "ele": "1049", "operator:type": null, "layer": null, "addr:full": null, "addr:city": null, "source": "bing", "name:tr": null, "osm_id": 2441229024, "osm_type": "nodes" }, "geometry": { "type": "Point", "coordinates": [ 30.1871289, 38.3060806 ] } },
{ "type": "Feature", "properties": { "name": "Şehreküstü", "name:en": null, "railway": "station", "ele": null, "operator:type": null, "layer": null, "addr:full": null, "addr:city": null, "source": null, "name:tr": null, "osm_id": 5315476920, "osm_type": "nodes" }, "geometry": { "type": "Point", "coordinates": [ 29.0629698, 40.1884695 ] } },
{ "type": "Feature", "properties": { "name": "İncirlik", "name:en": "Incirlik", "railway": "station", "ele": null, "operator:type": null, "layer": null, "addr:full": null, "addr:city": null, "source": null, "name:tr": null, "osm_id": 2544618727, "osm_type": "nodes" }, "geometry": { "type": "Point", "coordinates": [ 35.4350652, 36.9839488 ] } },
{ "type": "Feature", "properties": { "name": "Çatalağzı", "name:en": null, "railway": "station", "ele": "10", "operator:type": null, "layer": null, "addr:full": null, "addr:city": null, "source": null, "name:tr": null, "osm_id": 2627312112, "osm_type": "nodes" }, "geometry": { "type": "Point", "coordinates": [ 31.8745578, 41.4991429 ] } },
{ "type": "Feature", "properties": { "name": "Yeşilkavak", "name:en": null, "railway": "station", "ele": "700", "operator:type": null, "layer": null, "addr:full": null, "addr:city": null, "source": null, "name:tr": null, "osm_id": 2629881426, "osm_type": "nodes" }, "geometry": { "type": "Point", "coordinates": [ 28.257756, 38.4637762 ] } },
{ "type": "Feature", "properties": { "name": "Kırkağaç", "name:en": null, "railway": "station", "ele": "165", "operator:type": null, "layer": null, "addr:full": null, "addr:city": null, "source": null, "name:tr": null, "osm_id": 2631291504, "osm_type": "nodes" }, "geometry": { "type": "Point", "coordinates": [ 27.6859781, 39.1155007 ] } },
{ "type": "Feature", "properties": { "name": "Soma", "name:en": null, "railway": "station", "ele": "135", "operator:type": null, "layer": null, "addr:full": null, "addr:city": null, "source": null, "name:tr": null, "osm_id": 2631293916, "osm_type": "nodes" }, "geometry": { "type": "Point", "coordinates": [ 27.6241754, 39.1987193 ] } },
{ "type": "Feature", "properties": { "name": "Kurt", "name:en": null, "railway": "station", "ele": "1214", "operator:type": null, "layer": null, "addr:full": null, "addr:city": null, "source": null, "name:tr": null, "osm_id": 2635328399, "osm_type": "nodes" }, "geometry": { "type": "Point", "coordinates": [ 41.2704005, 38.8347095 ] } },
{ "type": "Feature", "properties": { "name": "Şehitlik", "name:en": null, "railway": "station", "ele": "28", "operator:type": null, "layer": null, "addr:full": null, "addr:city": null, "source": null, "name:tr": null, "osm_id": 2639617180, "osm_type": "nodes" }, "geometry": { "type": "Point", "coordinates": [ 35.2440353, 36.9979434 ] } },
{ "type": "Feature", "properties": { "name": "Alifuatpaşa", "name:en": null, "railway": "station", "ele": "72", "operator:type": null, "layer": null, "addr:full": null, "addr:city": null, "source": "Bing", "name:tr": null, "osm_id": 2698765850, "osm_type": "nodes" }, "geometry": { "type": "Point", "coordinates": [ 30.2932463, 40.5348702 ] } },
{ "type": "Feature", "properties": { "name": "Yenidoğan", "name:en": null, "railway": "station", "ele": "820", "operator:type": null, "layer": null, "addr:full": null, "addr:city": null, "source": null, "name:tr": null, "osm_id": 2627515614, "osm_type": "nodes" }, "geometry": { "type": "Point", "coordinates": [ 32.2497475, 39.6903197 ] } },
{ "type": "Feature", "properties": { "name": "Çöltepe", "name:en": null, "railway": "station", "ele": "513", "operator:type": null, "layer": null, "addr:full": null, "addr:city": null, "source": null, "name:tr": null, "osm_id": 2639593297, "osm_type": "nodes" }, "geometry": { "type": "Point", "coordinates": [ 40.8026637, 37.8484549 ] } },
{ "type": "Feature", "properties": { "name": "Taşkent", "name:en": null, "railway": "station", "ele": "25", "operator:type": null, "layer": null, "addr:full": null, "addr:city": "Mersin", "source": null, "name:tr": null, "osm_id": 2639613936, "osm_type": "nodes" }, "geometry": { "type": "Point", "coordinates": [ 34.774575, 36.864873 ] } },
{ "type": "Feature", "properties": { "name": "Yenikangal", "name:en": null, "railway": "station", "ele": "1516", "operator:type": null, "layer": null, "addr:full": null, "addr:city": null, "source": null, "name:tr": null, "osm_id": 2676982620, "osm_type": "nodes" }, "geometry": { "type": "Point", "coordinates": [ 37.3895087, 39.2447695 ] } },
{ "type": "Feature", "properties": { "name": "Kandilli", "name:en": null, "railway": "station", "ele": "1710", "operator:type": null, "layer": null, "addr:full": null, "addr:city": null, "source": null, "name:tr": null, "osm_id": 2691626332, "osm_type": "nodes" }, "geometry": { "type": "Point", "coordinates": [ 40.8402687, 39.9107049 ] } },
{ "type": "Feature", "properties": { "name": "Sapanca", "name:en": null, "railway": "station", "ele": "37", "operator:type": null, "layer": null, "addr:full": null, "addr:city": null, "source": null, "name:tr": null, "osm_id": 2694271807, "osm_type": "nodes" }, "geometry": { "type": "Point", "coordinates": [ 30.273417, 40.6930585 ] } },
{ "type": "Feature", "properties": { "name": "Elmali", "name:en": null, "railway": "station", "ele": "1100", "operator:type": null, "layer": null, "addr:full": null, "addr:city": null, "source": null, "name:tr": null, "osm_id": 2705902010, "osm_type": "nodes" }, "geometry": { "type": "Point", "coordinates": [ 37.732192, 38.0172952 ] } },
{ "type": "Feature", "properties": { "name": "İnönü", "name:en": null, "railway": "station", "ele": "836", "operator:type": null, "layer": null, "addr:full": null, "addr:city": null, "source": null, "name:tr": null, "osm_id": 2706780621, "osm_type": "nodes" }, "geometry": { "type": "Point", "coordinates": [ 30.1412032, 39.8438015 ] } },
{ "type": "Feature", "properties": { "name": "Çukurhisar", "name:en": null, "railway": "station", "ele": "812", "operator:type": null, "layer": null, "addr:full": null, "addr:city": null, "source": null, "name:tr": null, "osm_id": 2707000941, "osm_type": "nodes" }, "geometry": { "type": "Point", "coordinates": [ 30.3049444, 39.8236282 ] } },
{ "type": "Feature", "properties": { "name": "Eskişehir", "name:en": null, "railway": "station", "ele": "792", "operator:type": null, "layer": null, "addr:full": null, "addr:city": null, "source": "Bing", "name:tr": null, "osm_id": 2707315513, "osm_type": "nodes" }, "geometry": { "type": "Point", "coordinates": [ 30.504966, 39.7796173 ] } },
{ "type": "Feature", "properties": { "name": "Kadili", "name:en": null, "railway": "station", "ele": "1223", "operator:type": null, "layer": null, "addr:full": null, "addr:city": null, "source": null, "name:tr": null, "osm_id": 2705905300, "osm_type": "nodes" }, "geometry": { "type": "Point", "coordinates": [ 37.8061423, 38.0238355 ] } },
{ "type": "Feature", "properties": { "name": "Eskipazar", "name:en": null, "railway": "station", "ele": "702", "operator:type": null, "layer": null, "addr:full": null, "addr:city": null, "source": null, "name:tr": null, "osm_id": 2711318024, "osm_type": "nodes" }, "geometry": { "type": "Point", "coordinates": [ 32.5335032, 40.9567583 ] } },
{ "type": "Feature", "properties": { "name": "Ulukışla", "name:en": null, "railway": "station", "ele": "1427", "operator:type": null, "layer": null, "addr:full": null, "addr:city": null, "source": "Bing", "name:tr": null, "osm_id": 2718931904, "osm_type": "nodes" }, "geometry": { "type": "Point", "coordinates": [ 34.4803603, 37.5457083 ] } },
{ "type": "Feature", "properties": { "name": "Porsuk", "name:en": null, "railway": "station", "ele": "889", "operator:type": null, "layer": null, "addr:full": null, "addr:city": null, "source": null, "name:tr": null, "osm_id": 2711412140, "osm_type": "nodes" }, "geometry": { "type": "Point", "coordinates": [ 30.2767531, 39.5986666 ] } },
{ "type": "Feature", "properties": { "name": "Adana", "name:en": null, "railway": "station", "ele": "29", "operator:type": null, "layer": null, "addr:full": null, "addr:city": null, "source": null, "name:tr": null, "osm_id": 2726063373, "osm_type": "nodes" }, "geometry": { "type": "Point", "coordinates": [ 35.318984, 37.0040436 ] } },
{ "type": "Feature", "properties": { "name": "Kocatepe Istasyon", "name:en": null, "railway": "station", "ele": null, "operator:type": null, "layer": null, "addr:full": null, "addr:city": null, "source": null, "name:tr": null, "osm_id": 1807218433, "osm_type": "nodes" }, "geometry": { "type": "Point", "coordinates": [ 30.3234441, 38.6721505 ] } },
{ "type": "Feature", "properties": { "name": "Gökçedağ İstasyonu", "name:en": null, "railway": "station", "ele": null, "operator:type": null, "layer": null, "addr:full": null, "addr:city": null, "source": null, "name:tr": null, "osm_id": 2848543145, "osm_type": "nodes" }, "geometry": { "type": "Point", "coordinates": [ 28.979722, 39.6118679 ] } },
{ "type": "Feature", "properties": { "name": "Kazlıçeşme", "name:en": null, "railway": "station", "ele": "0", "operator:type": null, "layer": null, "addr:full": null, "addr:city": null, "source": null, "name:tr": null, "osm_id": 3305442183, "osm_type": "nodes" }, "geometry": { "type": "Point", "coordinates": [ 28.9168903, 40.9926732 ] } },
{ "type": "Feature", "properties": { "name": "Kemaliyeçaltı", "name:en": null, "railway": "station", "ele": "860", "operator:type": null, "layer": null, "addr:full": null, "addr:city": null, "source": null, "name:tr": null, "osm_id": 2686656046, "osm_type": "nodes" }, "geometry": { "type": "Point", "coordinates": [ 38.3470544, 39.3678849 ] } },
{ "type": "Feature", "properties": { "name": "Vezneciler-İstanbul Üniversitesi", "name:en": null, "railway": "station", "ele": null, "operator:type": null, "layer": null, "addr:full": null, "addr:city": null, "source": null, "name:tr": null, "osm_id": 3892496903, "osm_type": "nodes" }, "geometry": { "type": "Point", "coordinates": [ 28.9597006, 41.0122525 ] } },
{ "type": "Feature", "properties": { "name": "Bozanönü", "name:en": null, "railway": "station", "ele": null, "operator:type": null, "layer": null, "addr:full": null, "addr:city": null, "source": null, "name:tr": null, "osm_id": 1035593588, "osm_type": "nodes" }, "geometry": { "type": "Point", "coordinates": [ 30.5459029, 37.8834483 ] } },
{ "type": "Feature", "properties": { "name": "Hasanbey", "name:en": null, "railway": "station", "ele": "781", "operator:type": null, "layer": null, "addr:full": null, "addr:city": null, "source": null, "name:tr": null, "osm_id": 4319806492, "osm_type": "nodes" }, "geometry": { "type": "Point", "coordinates": [ 30.6112456, 39.7930908 ] } },
{ "type": "Feature", "properties": { "name": "Sindirler", "name:en": null, "railway": "station", "ele": "316", "operator:type": null, "layer": null, "addr:full": null, "addr:city": null, "source": null, "name:tr": null, "osm_id": 4394454078, "osm_type": "nodes" }, "geometry": { "type": "Point", "coordinates": [ 28.7474512, 39.6111857 ] } },
{ "type": "Feature", "properties": { "name": "Dada", "name:en": null, "railway": "station", "ele": "422", "operator:type": null, "layer": null, "addr:full": null, "addr:city": null, "source": null, "name:tr": null, "osm_id": 4394455302, "osm_type": "nodes" }, "geometry": { "type": "Point", "coordinates": [ 28.3710426, 39.5680412 ] } },
{ "type": "Feature", "properties": { "name": "Mezitler", "name:en": null, "railway": "station", "ele": "232", "operator:type": null, "layer": null, "addr:full": null, "addr:city": null, "source": null, "name:tr": null, "osm_id": 4394456238, "osm_type": "nodes" }, "geometry": { "type": "Point", "coordinates": [ 28.3084743, 39.5493127 ] } },
{ "type": "Feature", "properties": { "name": "Aliağa", "name:en": null, "railway": "station", "ele": "37", "operator:type": null, "layer": null, "addr:full": null, "addr:city": null, "source": null, "name:tr": null, "osm_id": 4556804484, "osm_type": "nodes" }, "geometry": { "type": "Point", "coordinates": [ 26.9669803, 38.7889142 ] } },
{ "type": "Feature", "properties": { "name": "Mekece", "name:en": null, "railway": "station", "ele": "87", "operator:type": null, "layer": null, "addr:full": null, "addr:city": null, "source": "Bing", "name:tr": null, "osm_id": 4935284080, "osm_type": "nodes" }, "geometry": { "type": "Point", "coordinates": [ 30.0519499, 40.4506895 ] } },
{ "type": "Feature", "properties": { "name": "Konya", "name:en": null, "railway": "station", "ele": "1023", "operator:type": null, "layer": null, "addr:full": null, "addr:city": null, "source": null, "name:tr": null, "osm_id": 5014804022, "osm_type": "nodes" }, "geometry": { "type": "Point", "coordinates": [ 32.4758962, 37.8653357 ] } },
{ "type": "Feature", "properties": { "name": "Kısıklı", "name:en": null, "railway": "station", "ele": null, "operator:type": null, "layer": null, "addr:full": null, "addr:city": null, "source": null, "name:tr": null, "osm_id": 5286349759, "osm_type": "nodes" }, "geometry": { "type": "Point", "coordinates": [ 29.0620794, 41.0221852 ] } },
{ "type": "Feature", "properties": { "name": "Altunizade", "name:en": null, "railway": "station", "ele": null, "operator:type": null, "layer": null, "addr:full": null, "addr:city": null, "source": null, "name:tr": null, "osm_id": 5286349760, "osm_type": "nodes" }, "geometry": { "type": "Point", "coordinates": [ 29.0483118, 41.021911 ] } },
{ "type": "Feature", "properties": { "name": "Bağlarbaşı", "name:en": null, "railway": "station", "ele": null, "operator:type": null, "layer": null, "addr:full": null, "addr:city": null, "source": null, "name:tr": null, "osm_id": 5286349761, "osm_type": "nodes" }, "geometry": { "type": "Point", "coordinates": [ 29.0368747, 41.0214561 ] } },
{ "type": "Feature", "properties": { "name": "Şemikler", "name:en": null, "railway": "station", "ele": null, "operator:type": null, "layer": null, "addr:full": null, "addr:city": null, "source": null, "name:tr": null, "osm_id": 268753721, "osm_type": "nodes" }, "geometry": { "type": "Point", "coordinates": [ 27.0899422, 38.4748854 ] } },
{ "type": "Feature", "properties": { "name": "Altınşehir", "name:en": null, "railway": "station", "ele": null, "operator:type": null, "layer": null, "addr:full": null, "addr:city": null, "source": null, "name:tr": null, "osm_id": 6004548609, "osm_type": "nodes" }, "geometry": { "type": "Point", "coordinates": [ 29.1400344, 41.0166656 ] } },
{ "type": "Feature", "properties": { "name": "Ihlamurkuyu", "name:en": null, "railway": "station", "ele": null, "operator:type": null, "layer": null, "addr:full": null, "addr:city": null, "source": null, "name:tr": null, "osm_id": 6004548610, "osm_type": "nodes" }, "geometry": { "type": "Point", "coordinates": [ 29.1306269, 41.0197808 ] } },
{ "type": "Feature", "properties": { "name": "Dudullu", "name:en": null, "railway": "station", "ele": null, "operator:type": null, "layer": null, "addr:full": null, "addr:city": null, "source": null, "name:tr": null, "osm_id": 6004548607, "osm_type": "nodes" }, "geometry": { "type": "Point", "coordinates": [ 29.1631878, 41.0153698 ] } },
{ "type": "Feature", "properties": { "name": "İmam Hatip Lisesi", "name:en": null, "railway": "station", "ele": null, "operator:type": null, "layer": null, "addr:full": null, "addr:city": null, "source": null, "name:tr": null, "osm_id": 6004548608, "osm_type": "nodes" }, "geometry": { "type": "Point", "coordinates": [ 29.1517449, 41.0160466 ] } },
{ "type": "Feature", "properties": { "name": "Diyarbakır", "name:en": null, "railway": "station", "ele": "648", "operator:type": null, "layer": null, "addr:full": null, "addr:city": null, "source": null, "name:tr": null, "osm_id": 6128179234, "osm_type": "nodes" }, "geometry": { "type": "Point", "coordinates": [ 40.2157446, 37.9136473 ] } },
{ "type": "Feature", "properties": { "name": "Fatih Sultan Mehmet", "name:en": null, "railway": "station", "ele": null, "operator:type": null, "layer": null, "addr:full": null, "addr:city": null, "source": null, "name:tr": null, "osm_id": 5316997737, "osm_type": "nodes" }, "geometry": { "type": "Point", "coordinates": [ 28.9755017, 40.211521 ] } },
{ "type": "Feature", "properties": { "name": "Macunköy", "name:en": null, "railway": "station", "ele": null, "operator:type": null, "layer": null, "addr:full": null, "addr:city": null, "source": null, "name:tr": null, "osm_id": 413398214, "osm_type": "nodes" }, "geometry": { "type": "Point", "coordinates": [ 32.7666244, 39.9718746 ] } },
{ "type": "Feature", "properties": { "name": "Yenimahalle", "name:en": null, "railway": "station", "ele": null, "operator:type": null, "layer": null, "addr:full": null, "addr:city": null, "source": null, "name:tr": null, "osm_id": 610320358, "osm_type": "nodes" }, "geometry": { "type": "Point", "coordinates": [ 32.8045448, 39.9619089 ] } },
{ "type": "Feature", "properties": { "name": "Mavişehir", "name:en": null, "railway": "station", "ele": null, "operator:type": null, "layer": null, "addr:full": null, "addr:city": null, "source": null, "name:tr": null, "osm_id": 663657266, "osm_type": "nodes" }, "geometry": { "type": "Point", "coordinates": [ 27.08298, 38.482221 ] } },
{ "type": "Feature", "properties": { "name": "Ulus", "name:en": null, "railway": "station", "ele": null, "operator:type": null, "layer": null, "addr:full": null, "addr:city": null, "source": null, "name:tr": null, "osm_id": 670243519, "osm_type": "nodes" }, "geometry": { "type": "Point", "coordinates": [ 32.8506708, 39.9392197 ] } },
{ "type": "Feature", "properties": { "name": "Bahçelievler", "name:en": null, "railway": "station", "ele": null, "operator:type": null, "layer": null, "addr:full": null, "addr:city": null, "source": null, "name:tr": null, "osm_id": 1437395978, "osm_type": "nodes" }, "geometry": { "type": "Point", "coordinates": [ 32.8199646, 39.9311256 ] } },
{ "type": "Feature", "properties": { "name": "Beşevler", "name:en": null, "railway": "station", "ele": null, "operator:type": null, "layer": null, "addr:full": null, "addr:city": null, "source": null, "name:tr": null, "osm_id": 1437395982, "osm_type": "nodes" }, "geometry": { "type": "Point", "coordinates": [ 32.8288782, 39.9326548 ] } },
{ "type": "Feature", "properties": { "name": "Maltepe", "name:en": null, "railway": "station", "ele": null, "operator:type": null, "layer": null, "addr:full": null, "addr:city": null, "source": null, "name:tr": null, "osm_id": 1988218793, "osm_type": "nodes" }, "geometry": { "type": "Point", "coordinates": [ 29.139504, 40.9358681 ] } },
{ "type": "Feature", "properties": { "name": "Küçükyalı", "name:en": null, "railway": "station", "ele": null, "operator:type": null, "layer": null, "addr:full": null, "addr:city": null, "source": null, "name:tr": null, "osm_id": 1988218799, "osm_type": "nodes" }, "geometry": { "type": "Point", "coordinates": [ 29.1219958, 40.9489271 ] } },
{ "type": "Feature", "properties": { "name": "İstanbul Yolu", "name:en": null, "railway": "station", "ele": null, "operator:type": null, "layer": null, "addr:full": null, "addr:city": null, "source": null, "name:tr": null, "osm_id": 2588336399, "osm_type": "nodes" }, "geometry": { "type": "Point", "coordinates": [ 32.6627671, 39.9796442 ] } },
{ "type": "Feature", "properties": { "name": "Botanik", "name:en": null, "railway": "station", "ele": null, "operator:type": null, "layer": null, "addr:full": null, "addr:city": null, "source": null, "name:tr": null, "osm_id": 2588377342, "osm_type": "nodes" }, "geometry": { "type": "Point", "coordinates": [ 32.6941504, 39.9807579 ] } },
{ "type": "Feature", "properties": { "name": "Ümitköy", "name:en": null, "railway": "station", "ele": null, "operator:type": null, "layer": null, "addr:full": null, "addr:city": null, "source": "local", "name:tr": null, "osm_id": 2715588436, "osm_type": "nodes" }, "geometry": { "type": "Point", "coordinates": [ 32.7078663, 39.9053491 ] } },
{ "type": "Feature", "properties": { "name": "Beytepe", "name:en": null, "railway": "station", "ele": null, "operator:type": null, "layer": null, "addr:full": null, "addr:city": null, "source": "local", "name:tr": null, "osm_id": 2715588455, "osm_type": "nodes" }, "geometry": { "type": "Point", "coordinates": [ 32.7332714, 39.9062214 ] } },
{ "type": "Feature", "properties": { "name": "Koru", "name:en": null, "railway": "station", "ele": null, "operator:type": null, "layer": null, "addr:full": null, "addr:city": null, "source": "local", "name:tr": null, "osm_id": 2715588478, "osm_type": "nodes" }, "geometry": { "type": "Point", "coordinates": [ 32.6863129, 39.886843 ] } },
{ "type": "Feature", "properties": { "name": "Tarım Bakanlığı-Danıştay", "name:en": null, "railway": "station", "ele": null, "operator:type": null, "layer": null, "addr:full": null, "addr:city": null, "source": "local", "name:tr": null, "osm_id": 2715588517, "osm_type": "nodes" }, "geometry": { "type": "Point", "coordinates": [ 32.750084, 39.9069407 ] } },
{ "type": "Feature", "properties": { "name": "Kurtuluş", "name:en": null, "railway": "station", "ele": null, "operator:type": null, "layer": null, "addr:full": null, "addr:city": null, "source": null, "name:tr": null, "osm_id": 2722447845, "osm_type": "nodes" }, "geometry": { "type": "Point", "coordinates": [ 32.8684395, 39.9283131 ] } },
{ "type": "Feature", "properties": { "name": "Ziya Gökalp", "name:en": null, "railway": "station", "ele": null, "operator:type": null, "layer": null, "addr:full": null, "addr:city": null, "source": null, "name:tr": null, "osm_id": 3219831111, "osm_type": "nodes" }, "geometry": { "type": "Point", "coordinates": [ 28.7864545, 41.0745493 ] } },
{ "type": "Feature", "properties": { "name": "Başak Konutları", "name:en": null, "railway": "station", "ele": null, "operator:type": null, "layer": null, "addr:full": null, "addr:city": null, "source": null, "name:tr": null, "osm_id": 3243585071, "osm_type": "nodes" }, "geometry": { "type": "Point", "coordinates": [ 28.7913461, 41.0978061 ] } },
{ "type": "Feature", "properties": { "name": "Turgut Özal", "name:en": null, "railway": "station", "ele": null, "operator:type": null, "layer": null, "addr:full": null, "addr:city": null, "source": null, "name:tr": null, "osm_id": 4304536080, "osm_type": "nodes" }, "geometry": { "type": "Point", "coordinates": [ 28.7975395, 41.0812047 ] } },
{ "type": "Feature", "properties": { "name": "Demirtepe", "name:en": null, "railway": "station", "ele": null, "operator:type": null, "layer": null, "addr:full": null, "addr:city": null, "source": null, "name:tr": null, "osm_id": 4347223415, "osm_type": "nodes" }, "geometry": { "type": "Point", "coordinates": [ 32.8476875, 39.9257178 ] } },
{ "type": "Feature", "properties": { "name": "Maltepe", "name:en": null, "railway": "station", "ele": null, "operator:type": null, "layer": null, "addr:full": null, "addr:city": null, "source": null, "name:tr": null, "osm_id": 4544835059, "osm_type": "nodes" }, "geometry": { "type": "Point", "coordinates": [ 32.8426667, 39.9323856 ] } },
{ "type": "Feature", "properties": { "name": "Çayırova", "name:en": null, "railway": "station", "ele": null, "operator:type": null, "layer": null, "addr:full": null, "addr:city": null, "source": null, "name:tr": null, "osm_id": 5085864847, "osm_type": "nodes" }, "geometry": { "type": "Point", "coordinates": [ 29.3473731, 40.8105337 ] } },
{ "type": "Feature", "properties": { "name": "Arabayatağı / Yavuz Selim", "name:en": null, "railway": "station", "ele": null, "operator:type": null, "layer": null, "addr:full": null, "addr:city": null, "source": null, "name:tr": null, "osm_id": 5315425255, "osm_type": "nodes" }, "geometry": { "type": "Point", "coordinates": [ 29.1169104, 40.1915399 ] } },
{ "type": "Feature", "properties": { "name": "Merinos", "name:en": null, "railway": "station", "ele": null, "operator:type": null, "layer": null, "addr:full": null, "addr:city": null, "source": null, "name:tr": null, "osm_id": 5315476895, "osm_type": "nodes" }, "geometry": { "type": "Point", "coordinates": [ 29.0493737, 40.197713 ] } },
{ "type": "Feature", "properties": { "name": "Kültürpark", "name:en": null, "railway": "station", "ele": null, "operator:type": null, "layer": null, "addr:full": null, "addr:city": null, "source": null, "name:tr": null, "osm_id": 5315484816, "osm_type": "nodes" }, "geometry": { "type": "Point", "coordinates": [ 29.0406498, 40.2003138 ] } },
{ "type": "Feature", "properties": { "name": "Mesa", "name:en": null, "railway": "station", "ele": null, "operator:type": null, "layer": null, "addr:full": null, "addr:city": null, "source": null, "name:tr": null, "osm_id": 5322442817, "osm_type": "nodes" }, "geometry": { "type": "Point", "coordinates": [ 32.7030788, 39.9716935 ] } },
{ "type": "Feature", "properties": { "name": "Fatih", "name:en": null, "railway": "station", "ele": null, "operator:type": null, "layer": null, "addr:full": null, "addr:city": null, "source": null, "name:tr": null, "osm_id": 5377335269, "osm_type": "nodes" }, "geometry": { "type": "Point", "coordinates": [ 32.5853008, 39.9840727 ] } },
{ "type": "Feature", "properties": { "name": "GOP", "name:en": null, "railway": "station", "ele": null, "operator:type": null, "layer": null, "addr:full": null, "addr:city": null, "source": null, "name:tr": null, "osm_id": 5377342267, "osm_type": "nodes" }, "geometry": { "type": "Point", "coordinates": [ 32.5743392, 39.9855529 ] } },
{ "type": "Feature", "properties": { "name": "Poligon", "name:en": null, "railway": "station", "ele": null, "operator:type": null, "layer": null, "addr:full": null, "addr:city": null, "source": null, "name:tr": null, "osm_id": 5388472385, "osm_type": "nodes" }, "geometry": { "type": "Point", "coordinates": [ 27.0848255, 38.3932553 ] } },
{ "type": "Feature", "properties": { "name": "Göztepe", "name:en": null, "railway": "station", "ele": null, "operator:type": null, "layer": null, "addr:full": null, "addr:city": null, "source": null, "name:tr": null, "osm_id": 5388472386, "osm_type": "nodes" }, "geometry": { "type": "Point", "coordinates": [ 27.0944594, 38.3959884 ] } },
{ "type": "Feature", "properties": { "name": "Hatay", "name:en": null, "railway": "station", "ele": null, "operator:type": null, "layer": null, "addr:full": null, "addr:city": null, "source": null, "name:tr": null, "osm_id": 5388472387, "osm_type": "nodes" }, "geometry": { "type": "Point", "coordinates": [ 27.1028227, 38.4015299 ] } },
{ "type": "Feature", "properties": { "name": "Konak", "name:en": null, "railway": "station", "ele": null, "operator:type": null, "layer": null, "addr:full": null, "addr:city": "Izmir", "source": null, "name:tr": null, "osm_id": 5388472390, "osm_type": "nodes" }, "geometry": { "type": "Point", "coordinates": [ 27.1280578, 38.4170329 ] } },
{ "type": "Feature", "properties": { "name": "Çankaya", "name:en": null, "railway": "station", "ele": null, "operator:type": null, "layer": null, "addr:full": null, "addr:city": null, "source": null, "name:tr": null, "osm_id": 5388472391, "osm_type": "nodes" }, "geometry": { "type": "Point", "coordinates": [ 27.135996, 38.4224884 ] } },
{ "type": "Feature", "properties": { "name": "Halkapınar", "name:en": null, "railway": "station", "ele": null, "operator:type": null, "layer": null, "addr:full": null, "addr:city": null, "source": null, "name:tr": null, "osm_id": 5388472394, "osm_type": "nodes" }, "geometry": { "type": "Point", "coordinates": [ 27.168873, 38.4348272 ] } },
{ "type": "Feature", "properties": { "name": "Bölge", "name:en": null, "railway": "station", "ele": null, "operator:type": null, "layer": null, "addr:full": null, "addr:city": null, "source": null, "name:tr": null, "osm_id": 5388472397, "osm_type": "nodes" }, "geometry": { "type": "Point", "coordinates": [ 27.2013535, 38.4549611 ] } },
{ "type": "Feature", "properties": { "name": "Evka 3", "name:en": null, "railway": "station", "ele": null, "operator:type": null, "layer": null, "addr:full": null, "addr:city": null, "source": null, "name:tr": null, "osm_id": 5388472400, "osm_type": "nodes" }, "geometry": { "type": "Point", "coordinates": [ 27.2285906, 38.4651437 ] } },
{ "type": "Feature", "properties": { "name": "Mustafa Kemal", "name:en": null, "railway": "station", "ele": null, "operator:type": null, "layer": null, "addr:full": null, "addr:city": null, "source": null, "name:tr": null, "osm_id": 6328169450, "osm_type": "nodes" }, "geometry": { "type": "Point", "coordinates": [ 28.7738899, 41.0061764 ] } },
{ "type": "Feature", "properties": { "name": "Yıldız", "name:en": null, "railway": "station", "ele": null, "operator:type": null, "layer": null, "addr:full": null, "addr:city": null, "source": null, "name:tr": null, "osm_id": 6507293770, "osm_type": "nodes" }, "geometry": { "type": "Point", "coordinates": [ 29.009666, 41.054072 ] } },
{ "type": "Feature", "properties": { "name": "Alibeyköy", "name:en": null, "railway": "station", "ele": null, "operator:type": null, "layer": null, "addr:full": null, "addr:city": null, "source": null, "name:tr": null, "osm_id": 6507303853, "osm_type": "nodes" }, "geometry": { "type": "Point", "coordinates": [ 28.949577, 41.0791413 ] } },
{ "type": "Feature", "properties": { "name": "Kağıthane", "name:en": null, "railway": "station", "ele": null, "operator:type": null, "layer": null, "addr:full": null, "addr:city": null, "source": null, "name:tr": null, "osm_id": 6507303868, "osm_type": "nodes" }, "geometry": { "type": "Point", "coordinates": [ 28.9731198, 41.0796544 ] } },
{ "type": "Feature", "properties": { "name": "Karadeniz Mahallesi", "name:en": null, "railway": "station", "ele": null, "operator:type": null, "layer": null, "addr:full": null, "addr:city": null, "source": null, "name:tr": null, "osm_id": 6507323102, "osm_type": "nodes" }, "geometry": { "type": "Point", "coordinates": [ 28.8750965, 41.081247 ] } },
{ "type": "Feature", "properties": { "name": "Çırçır", "name:en": null, "railway": "station", "ele": null, "operator:type": null, "layer": null, "addr:full": null, "addr:city": null, "source": null, "name:tr": null, "osm_id": 6507323105, "osm_type": "nodes" }, "geometry": { "type": "Point", "coordinates": [ 28.9363025, 41.0801289 ] } },
{ "type": "Feature", "properties": { "name": "Yeşilpınar", "name:en": null, "railway": "station", "ele": null, "operator:type": null, "layer": null, "addr:full": null, "addr:city": null, "source": null, "name:tr": null, "osm_id": 6507323107, "osm_type": "nodes" }, "geometry": { "type": "Point", "coordinates": [ 28.9182892, 41.0822903 ] } },
{ "type": "Feature", "properties": { "name": "Yenimahalle", "name:en": null, "railway": "station", "ele": null, "operator:type": null, "layer": null, "addr:full": null, "addr:city": null, "source": null, "name:tr": null, "osm_id": 6507323109, "osm_type": "nodes" }, "geometry": { "type": "Point", "coordinates": [ 28.8927638, 41.0838895 ] } },
{ "type": "Feature", "properties": { "name": "Huzur", "name:en": null, "railway": "station", "ele": null, "operator:type": null, "layer": null, "addr:full": null, "addr:city": null, "source": null, "name:tr": null, "osm_id": 6513129456, "osm_type": "nodes" }, "geometry": { "type": "Point", "coordinates": [ 29.1595862, 41.022602 ] } },
{ "type": "Feature", "properties": { "name": "15 Temmuz Kızılay Millî İrade", "name:en": null, "railway": "station", "ele": null, "operator:type": null, "layer": null, "addr:full": null, "addr:city": null, "source": null, "name:tr": null, "osm_id": 6554580491, "osm_type": "nodes" }, "geometry": { "type": "Point", "coordinates": [ 32.8539508, 39.920537 ] } },
{ "type": "Feature", "properties": { "name": "Kirazlı", "name:en": null, "railway": "station", "ele": null, "operator:type": null, "layer": null, "addr:full": null, "addr:city": null, "source": null, "name:tr": null, "osm_id": 6763426868, "osm_type": "nodes" }, "geometry": { "type": "Point", "coordinates": [ 28.8422874, 41.0318236 ] } },
{ "type": "Feature", "properties": { "name": "Bakırköy-İncirli", "name:en": null, "railway": "station", "ele": null, "operator:type": null, "layer": null, "addr:full": null, "addr:city": null, "source": null, "name:tr": null, "osm_id": 6763426870, "osm_type": "nodes" }, "geometry": { "type": "Point", "coordinates": [ 28.8753616, 40.9966207 ] } },
{ "type": "Feature", "properties": { "name": "Üçyüzlü", "name:en": null, "railway": "station", "ele": null, "operator:type": null, "layer": null, "addr:full": null, "addr:city": null, "source": null, "name:tr": null, "osm_id": 7722103244, "osm_type": "nodes" }, "geometry": { "type": "Point", "coordinates": [ 28.8706993, 41.0367017 ] } },
{ "type": "Feature", "properties": { "name": "Menderes", "name:en": null, "railway": "station", "ele": null, "operator:type": null, "layer": null, "addr:full": null, "addr:city": null, "source": null, "name:tr": null, "osm_id": 7722103245, "osm_type": "nodes" }, "geometry": { "type": "Point", "coordinates": [ 28.8784952, 41.0427411 ] } },
{ "type": "Feature", "properties": { "name": "Göztepe", "name:en": null, "railway": "station", "ele": null, "operator:type": null, "layer": null, "addr:full": null, "addr:city": null, "source": null, "name:tr": null, "osm_id": 7726686093, "osm_type": "nodes" }, "geometry": { "type": "Point", "coordinates": [ 28.8479795, 41.056831 ] } },
{ "type": "Feature", "properties": { "name": "Bornova", "name:en": null, "railway": "station", "ele": null, "operator:type": null, "layer": null, "addr:full": null, "addr:city": null, "source": null, "name:tr": null, "osm_id": 7729209122, "osm_type": "nodes" }, "geometry": { "type": "Point", "coordinates": [ 27.2126033, 38.4583873 ] } },
{ "type": "Feature", "properties": { "name": "Soğanlık", "name:en": null, "railway": "station", "ele": null, "operator:type": null, "layer": null, "addr:full": null, "addr:city": null, "source": null, "name:tr": null, "osm_id": 7736966926, "osm_type": "nodes" }, "geometry": { "type": "Point", "coordinates": [ 29.1924269, 40.9132162 ] } },
{ "type": "Feature", "properties": { "name": "Molla Gürani", "name:en": null, "railway": "station", "ele": null, "operator:type": null, "layer": null, "addr:full": null, "addr:city": null, "source": null, "name:tr": null, "osm_id": 7974014819, "osm_type": "nodes" }, "geometry": { "type": "Point", "coordinates": [ 28.8479604, 41.0259439 ] } },
{ "type": "Feature", "properties": { "name": "İlkyuva", "name:en": null, "railway": "station", "ele": null, "operator:type": null, "layer": null, "addr:full": null, "addr:city": null, "source": null, "name:tr": null, "osm_id": 7974014821, "osm_type": "nodes" }, "geometry": { "type": "Point", "coordinates": [ 28.8655579, 41.0116361 ] } },
{ "type": "Feature", "properties": { "name": "Haznedar", "name:en": null, "railway": "station", "ele": null, "operator:type": null, "layer": null, "addr:full": null, "addr:city": null, "source": null, "name:tr": null, "osm_id": 7974014822, "osm_type": "nodes" }, "geometry": { "type": "Point", "coordinates": [ 28.8716807, 41.0046217 ] } },
{ "type": "Feature", "properties": { "name": "Bakırköy Sahil", "name:en": null, "railway": "station", "ele": null, "operator:type": null, "layer": null, "addr:full": null, "addr:city": null, "source": null, "name:tr": null, "osm_id": 7974014825, "osm_type": "nodes" }, "geometry": { "type": "Point", "coordinates": [ 28.8680322, 40.9736492 ] } },
{ "type": "Feature", "properties": { "name": "Fahrettin Altay", "name:en": null, "railway": "station", "ele": null, "operator:type": null, "layer": null, "addr:full": null, "addr:city": null, "source": null, "name:tr": null, "osm_id": 8021899044, "osm_type": "nodes" }, "geometry": { "type": "Point", "coordinates": [ 27.0699404, 38.3969831 ] } },
{ "type": "Feature", "properties": { "name": "Semt Garajı", "name:en": null, "railway": "station", "ele": null, "operator:type": null, "layer": null, "addr:full": null, "addr:city": null, "source": null, "name:tr": null, "osm_id": 8078673975, "osm_type": "nodes" }, "geometry": { "type": "Point", "coordinates": [ 27.1366311, 38.3570041 ] } },
{ "type": "Feature", "properties": { "name": "Harikalar Diyarı", "name:en": null, "railway": "station", "ele": null, "operator:type": null, "layer": null, "addr:full": null, "addr:city": null, "source": null, "name:tr": null, "osm_id": 8100473444, "osm_type": "nodes" }, "geometry": { "type": "Point", "coordinates": [ 32.5984079, 39.9822637 ] } },
{ "type": "Feature", "properties": { "name": "Devlet Mahallesi/1910 Ankaragücü", "name:en": null, "railway": "station", "ele": null, "operator:type": null, "layer": null, "addr:full": null, "addr:city": null, "source": null, "name:tr": null, "osm_id": 8100504872, "osm_type": "nodes" }, "geometry": { "type": "Point", "coordinates": [ 32.6132533, 39.9815285 ] } },
{ "type": "Feature", "properties": { "name": "Eryaman 1-2", "name:en": null, "railway": "station", "ele": null, "operator:type": null, "layer": null, "addr:full": null, "addr:city": null, "source": null, "name:tr": null, "osm_id": 8100531118, "osm_type": "nodes" }, "geometry": { "type": "Point", "coordinates": [ 32.6478121, 39.9805004 ] } },
{ "type": "Feature", "properties": { "name": "Atatürk Mahallesi", "name:en": null, "railway": "station", "ele": null, "operator:type": null, "layer": null, "addr:full": null, "addr:city": null, "source": null, "name:tr": null, "osm_id": 8768427075, "osm_type": "nodes" }, "geometry": { "type": "Point", "coordinates": [ 28.7987338, 41.0522224 ] } },
{ "type": "Feature", "properties": { "name": "15 Temmuz", "name:en": null, "railway": "station", "ele": null, "operator:type": null, "layer": null, "addr:full": null, "addr:city": null, "source": null, "name:tr": null, "osm_id": 8768427079, "osm_type": "nodes" }, "geometry": { "type": "Point", "coordinates": [ 28.814003, 41.036891 ] } },
{ "type": "Feature", "properties": { "name": "Çobançeşme", "name:en": null, "railway": "station", "ele": null, "operator:type": null, "layer": null, "addr:full": null, "addr:city": null, "source": null, "name:tr": null, "osm_id": 8768427083, "osm_type": "nodes" }, "geometry": { "type": "Point", "coordinates": [ 28.8226129, 40.9997399 ] } },
{ "type": "Feature", "properties": { "name": "Yenibosna", "name:en": null, "railway": "station", "ele": null, "operator:type": null, "layer": null, "addr:full": null, "addr:city": null, "source": null, "name:tr": null, "osm_id": 8768427084, "osm_type": "nodes" }, "geometry": { "type": "Point", "coordinates": [ 28.8379196, 40.9894427 ] } },
{ "type": "Feature", "properties": { "name": "ASKİ", "name:en": null, "railway": "station", "ele": null, "operator:type": null, "layer": null, "addr:full": null, "addr:city": null, "source": null, "name:tr": null, "osm_id": 9261381510, "osm_type": "nodes" }, "geometry": { "type": "Point", "coordinates": [ 32.8504836, 39.9477975 ] } },
{ "type": "Feature", "properties": { "name": "Dışkapı", "name:en": null, "railway": "station", "ele": null, "operator:type": null, "layer": null, "addr:full": null, "addr:city": null, "source": null, "name:tr": null, "osm_id": 9261381511, "osm_type": "nodes" }, "geometry": { "type": "Point", "coordinates": [ 32.8586755, 39.9554587 ] } },
{ "type": "Feature", "properties": { "name": "Meteoroloji", "name:en": null, "railway": "station", "ele": null, "operator:type": null, "layer": null, "addr:full": null, "addr:city": null, "source": null, "name:tr": null, "osm_id": 9261381512, "osm_type": "nodes" }, "geometry": { "type": "Point", "coordinates": [ 32.8639206, 39.9663951 ] } },
{ "type": "Feature", "properties": { "name": "Belediye", "name:en": null, "railway": "station", "ele": null, "operator:type": null, "layer": null, "addr:full": null, "addr:city": null, "source": null, "name:tr": null, "osm_id": 9261381513, "osm_type": "nodes" }, "geometry": { "type": "Point", "coordinates": [ 32.8682013, 39.9779993 ] } },
{ "type": "Feature", "properties": { "name": "Mecidiye", "name:en": null, "railway": "station", "ele": null, "operator:type": null, "layer": null, "addr:full": null, "addr:city": null, "source": null, "name:tr": null, "osm_id": 9261381514, "osm_type": "nodes" }, "geometry": { "type": "Point", "coordinates": [ 32.8752968, 39.9837526 ] } },
{ "type": "Feature", "properties": { "name": "Kuyubaşı", "name:en": null, "railway": "station", "ele": null, "operator:type": null, "layer": null, "addr:full": null, "addr:city": null, "source": null, "name:tr": null, "osm_id": 9261381515, "osm_type": "nodes" }, "geometry": { "type": "Point", "coordinates": [ 32.8753538, 39.9903649 ] } },
{ "type": "Feature", "properties": { "name": "Dutluk", "name:en": null, "railway": "station", "ele": null, "operator:type": null, "layer": null, "addr:full": null, "addr:city": null, "source": null, "name:tr": null, "osm_id": 9261381516, "osm_type": "nodes" }, "geometry": { "type": "Point", "coordinates": [ 32.8703472, 39.9997261 ] } },
{ "type": "Feature", "properties": { "name": "Gar", "name:en": null, "railway": "station", "ele": null, "operator:type": null, "layer": null, "addr:full": null, "addr:city": null, "source": "https://www.ankara.bel.tr/files/2022/06/19/250f120d8dc39dcf35f9a7cce4bf7e69.jpeg", "name:tr": null, "osm_id": 9836027180, "osm_type": "nodes" }, "geometry": { "type": "Point", "coordinates": [ 32.8425824, 39.9339453 ] } },
{ "type": "Feature", "properties": { "name": "OSB-3", "name:en": null, "railway": "station", "ele": null, "operator:type": null, "layer": null, "addr:full": null, "addr:city": null, "source": null, "name:tr": null, "osm_id": 10159892612, "osm_type": "nodes" }, "geometry": { "type": "Point", "coordinates": [ 37.3418599, 37.1640624 ] } },
{ "type": "Feature", "properties": { "name": "OSB-4", "name:en": null, "railway": "station", "ele": null, "operator:type": null, "layer": null, "addr:full": null, "addr:city": null, "source": null, "name:tr": null, "osm_id": 10159892615, "osm_type": "nodes" }, "geometry": { "type": "Point", "coordinates": [ 37.3522396, 37.1638147 ] } },
{ "type": "Feature", "properties": { "name": "Dülük", "name:en": null, "railway": "station", "ele": null, "operator:type": null, "layer": null, "addr:full": null, "addr:city": null, "source": null, "name:tr": null, "osm_id": 10159892616, "osm_type": "nodes" }, "geometry": { "type": "Point", "coordinates": [ 37.363697, 37.1497696 ] } },
{ "type": "Feature", "properties": { "name": "Fıstıklık", "name:en": null, "railway": "station", "ele": null, "operator:type": null, "layer": null, "addr:full": null, "addr:city": null, "source": null, "name:tr": null, "osm_id": 10159892642, "osm_type": "nodes" }, "geometry": { "type": "Point", "coordinates": [ 37.3807415, 37.1121226 ] } },
{ "type": "Feature", "properties": { "name": "Selimiye", "name:en": null, "railway": "station", "ele": null, "operator:type": null, "layer": null, "addr:full": null, "addr:city": null, "source": null, "name:tr": null, "osm_id": 10160022330, "osm_type": "nodes" }, "geometry": { "type": "Point", "coordinates": [ 37.3724634, 37.0993122 ] } },
{ "type": "Feature", "properties": { "name": "Göllüce", "name:en": null, "railway": "station", "ele": null, "operator:type": null, "layer": null, "addr:full": null, "addr:city": null, "source": null, "name:tr": null, "osm_id": 10160022350, "osm_type": "nodes" }, "geometry": { "type": "Point", "coordinates": [ 37.4054153, 37.0743002 ] } },
{ "type": "Feature", "properties": { "name": "Seyrantepe", "name:en": null, "railway": "station", "ele": null, "operator:type": null, "layer": null, "addr:full": null, "addr:city": null, "source": null, "name:tr": null, "osm_id": 10160022352, "osm_type": "nodes" }, "geometry": { "type": "Point", "coordinates": [ 37.4248192, 37.0761985 ] } },
{ "type": "Feature", "properties": { "name": "Mustafa Yavuz", "name:en": null, "railway": "station", "ele": null, "operator:type": null, "layer": null, "addr:full": null, "addr:city": null, "source": null, "name:tr": null, "osm_id": 10160022355, "osm_type": "nodes" }, "geometry": { "type": "Point", "coordinates": [ 37.430798, 37.0709408 ] } },
{ "type": "Feature", "properties": { "name": "Stadyum", "name:en": null, "railway": "station", "ele": null, "operator:type": null, "layer": null, "addr:full": null, "addr:city": null, "source": null, "name:tr": null, "osm_id": 10167187177, "osm_type": "nodes" }, "geometry": { "type": "Point", "coordinates": [ 37.3817472, 37.1268546 ] } },
{ "type": "Feature", "properties": { "name": "Balçova", "name:en": null, "railway": "station", "ele": null, "operator:type": null, "layer": null, "addr:full": null, "addr:city": null, "source": null, "name:tr": null, "osm_id": 11475911509, "osm_type": "nodes" }, "geometry": { "type": "Point", "coordinates": [ 27.0569428, 38.3957233 ] } },
{ "type": "Feature", "properties": { "name": "Çağdaş", "name:en": null, "railway": "station", "ele": null, "operator:type": null, "layer": null, "addr:full": null, "addr:city": null, "source": null, "name:tr": null, "osm_id": 11475911510, "osm_type": "nodes" }, "geometry": { "type": "Point", "coordinates": [ 27.0454287, 38.3945413 ] } },
{ "type": "Feature", "properties": { "name": "Güzel Sanatlar Fakültesi", "name:en": null, "railway": "station", "ele": null, "operator:type": null, "layer": null, "addr:full": null, "addr:city": null, "source": null, "name:tr": null, "osm_id": 11475911512, "osm_type": "nodes" }, "geometry": { "type": "Point", "coordinates": [ 27.0234927, 38.3925017 ] } },
{ "type": "Feature", "properties": { "name": "Narlıdere İtfaiye", "name:en": null, "railway": "station", "ele": null, "operator:type": null, "layer": null, "addr:full": null, "addr:city": null, "source": null, "name:tr": null, "osm_id": 11475911513, "osm_type": "nodes" }, "geometry": { "type": "Point", "coordinates": [ 27.0149809, 38.3937252 ] } },
{ "type": "Feature", "properties": { "name": "Saimekadın", "name:en": null, "railway": "station", "ele": null, "operator:type": null, "layer": null, "addr:full": null, "addr:city": null, "source": null, "name:tr": null, "osm_id": 6942688151, "osm_type": "nodes" }, "geometry": { "type": "Point", "coordinates": [ 32.8947918, 39.9375596 ] } },
{ "type": "Feature", "properties": { "name": "Demirlibahçe", "name:en": null, "railway": "station", "ele": null, "operator:type": null, "layer": null, "addr:full": null, "addr:city": null, "source": null, "name:tr": null, "osm_id": 6942688150, "osm_type": "nodes" }, "geometry": { "type": "Point", "coordinates": [ 32.8831855, 39.9400682 ] } },
{ "type": "Feature", "properties": { "name": "Cebeci", "name:en": null, "railway": "station", "ele": null, "operator:type": null, "layer": null, "addr:full": null, "addr:city": null, "source": null, "name:tr": null, "osm_id": 6942688149, "osm_type": "nodes" }, "geometry": { "type": "Point", "coordinates": [ 32.875965, 39.9332701 ] } },
{ "type": "Feature", "properties": { "name": "Üreğil", "name:en": null, "railway": "station", "ele": null, "operator:type": null, "layer": null, "addr:full": null, "addr:city": null, "source": null, "name:tr": null, "osm_id": 6942688154, "osm_type": "nodes" }, "geometry": { "type": "Point", "coordinates": [ 32.9321733, 39.9225045 ] } },
{ "type": "Feature", "properties": { "name": "Mamak", "name:en": null, "railway": "station", "ele": null, "operator:type": null, "layer": null, "addr:full": null, "addr:city": null, "source": null, "name:tr": null, "osm_id": 6942688152, "osm_type": "nodes" }, "geometry": { "type": "Point", "coordinates": [ 32.9116115, 39.9313985 ] } },
{ "type": "Feature", "properties": { "name": "Bağderesi", "name:en": null, "railway": "station", "ele": null, "operator:type": null, "layer": null, "addr:full": null, "addr:city": null, "source": null, "name:tr": null, "osm_id": 6942688153, "osm_type": "nodes" }, "geometry": { "type": "Point", "coordinates": [ 32.9229894, 39.9260014 ] } },
{ "type": "Feature", "properties": { "name": "Eryaman", "name:en": null, "railway": "station", "ele": "842", "operator:type": null, "layer": null, "addr:full": null, "addr:city": null, "source": null, "name:tr": null, "osm_id": 6982425707, "osm_type": "nodes" }, "geometry": { "type": "Point", "coordinates": [ 32.6302888, 39.9557565 ] } },
{ "type": "Feature", "properties": { "name": "Hava", "name:en": null, "railway": "station", "ele": null, "operator:type": null, "layer": null, "addr:full": null, "addr:city": null, "source": null, "name:tr": null, "osm_id": 6981627664, "osm_type": "nodes" }, "geometry": { "type": "Point", "coordinates": [ 32.6883198, 39.9420923 ] } },
{ "type": "Feature", "properties": { "name": "Yenikapı", "name:en": null, "railway": "station", "ele": null, "operator:type": null, "layer": "-2", "addr:full": null, "addr:city": null, "source": null, "name:tr": null, "osm_id": 7722103255, "osm_type": "nodes" }, "geometry": { "type": "Point", "coordinates": [ 28.9505178, 41.0057787 ] } },
{ "type": "Feature", "properties": { "name": "Üsküdar", "name:en": null, "railway": "station", "ele": null, "operator:type": null, "layer": null, "addr:full": null, "addr:city": null, "source": null, "name:tr": null, "osm_id": 7680399992, "osm_type": "nodes" }, "geometry": { "type": "Point", "coordinates": [ 29.0127634, 41.0253395 ] } },
{ "type": "Feature", "properties": { "name": "Hastane Adliye", "name:en": null, "railway": "station", "ele": null, "operator:type": null, "layer": null, "addr:full": null, "addr:city": null, "source": null, "name:tr": null, "osm_id": 7713018888, "osm_type": "nodes" }, "geometry": { "type": "Point", "coordinates": [ 29.1783001, 40.9163935 ] } },
{ "type": "Feature", "properties": { "name": "Zeytinburnu", "name:en": null, "railway": "station", "ele": null, "operator:type": null, "layer": null, "addr:full": null, "addr:city": null, "source": null, "name:tr": null, "osm_id": 7722103257, "osm_type": "nodes" }, "geometry": { "type": "Point", "coordinates": [ 28.8899747, 41.0017169 ] } },
{ "type": "Feature", "properties": { "name": "Taksim", "name:en": null, "railway": "station", "ele": null, "operator:type": null, "layer": null, "addr:full": null, "addr:city": null, "source": null, "name:tr": null, "osm_id": 7721147949, "osm_type": "nodes" }, "geometry": { "type": "Point", "coordinates": [ 28.985549, 41.0380506 ] } },
{ "type": "Feature", "properties": { "name": "Şişli", "name:en": null, "railway": "station", "ele": null, "operator:type": null, "layer": null, "addr:full": null, "addr:city": null, "source": null, "name:tr": null, "osm_id": 7721147954, "osm_type": "nodes" }, "geometry": { "type": "Point", "coordinates": [ 28.9927696, 41.0645059 ] } },
{ "type": "Feature", "properties": { "name": "Ege Üniversitesi", "name:en": null, "railway": "station", "ele": null, "operator:type": null, "layer": null, "addr:full": null, "addr:city": null, "source": null, "name:tr": null, "osm_id": 7729209135, "osm_type": "nodes" }, "geometry": { "type": "Point", "coordinates": [ 27.2288236, 38.4596934 ] } },
{ "type": "Feature", "properties": { "name": "İçerenköy", "name:en": null, "railway": "station", "ele": null, "operator:type": null, "layer": null, "addr:full": null, "addr:city": null, "source": null, "name:tr": null, "osm_id": 6932391800, "osm_type": "nodes" }, "geometry": { "type": "Point", "coordinates": [ 29.1262074, 40.9789595 ] } },
{ "type": "Feature", "properties": { "name": "Kalın", "name:en": null, "railway": "station", "ele": "1259", "operator:type": null, "layer": null, "addr:full": null, "addr:city": null, "source": null, "name:tr": null, "osm_id": 7933809115, "osm_type": "nodes" }, "geometry": { "type": "Point", "coordinates": [ 36.7585604, 39.6913978 ] } },
{ "type": "Feature", "properties": { "name": "Lale", "name:en": null, "railway": "station", "ele": null, "operator:type": null, "layer": null, "addr:full": null, "addr:city": null, "source": null, "name:tr": null, "osm_id": 8004018093, "osm_type": "nodes" }, "geometry": { "type": "Point", "coordinates": [ 32.5986952, 39.9614599 ] } },
{ "type": "Feature", "properties": { "name": "Koşu", "name:en": "Koşu", "railway": "station", "ele": "9", "operator:type": null, "layer": null, "addr:full": null, "addr:city": null, "source": null, "name:tr": "Koşu", "osm_id": 8016975985, "osm_type": "nodes" }, "geometry": { "type": "Point", "coordinates": [ 27.1474332, 38.3833544 ] } },
{ "type": "Feature", "properties": { "name": "Sincan", "name:en": null, "railway": "station", "ele": null, "operator:type": null, "layer": null, "addr:full": null, "addr:city": null, "source": null, "name:tr": null, "osm_id": 8004018090, "osm_type": "nodes" }, "geometry": { "type": "Point", "coordinates": [ 32.5839944, 39.9645375 ] } },
{ "type": "Feature", "properties": { "name": "Elvankent", "name:en": null, "railway": "station", "ele": null, "operator:type": null, "layer": null, "addr:full": null, "addr:city": null, "source": null, "name:tr": null, "osm_id": 8004018096, "osm_type": "nodes" }, "geometry": { "type": "Point", "coordinates": [ 32.612193, 39.958563 ] } },
{ "type": "Feature", "properties": { "name": "Mecidiyeköy", "name:en": null, "railway": "station", "ele": null, "operator:type": null, "layer": null, "addr:full": null, "addr:city": null, "source": null, "name:tr": null, "osm_id": 8050455173, "osm_type": "nodes" }, "geometry": { "type": "Point", "coordinates": [ 28.9955189, 41.0651758 ] } },
{ "type": "Feature", "properties": { "name": "Cevizli", "name:en": null, "railway": "station", "ele": null, "operator:type": null, "layer": null, "addr:full": null, "addr:city": null, "source": null, "name:tr": null, "osm_id": 282909973, "osm_type": "nodes" }, "geometry": { "type": "Point", "coordinates": [ 29.1559855, 40.9100807 ] } },
{ "type": "Feature", "properties": { "name": "Karşıyaka", "name:en": null, "railway": "station", "ele": "2", "operator:type": null, "layer": null, "addr:full": null, "addr:city": null, "source": null, "name:tr": null, "osm_id": 8428053114, "osm_type": "nodes" }, "geometry": { "type": "Point", "coordinates": [ 27.1151324, 38.4579013 ] } },
{ "type": "Feature", "properties": { "name": "Ayvaz", "name:en": null, "railway": "station", "ele": "1563", "operator:type": null, "layer": null, "addr:full": null, "addr:city": null, "source": "GNS", "name:tr": null, "osm_id": 1426057756, "osm_type": "nodes" }, "geometry": { "type": "Point", "coordinates": [ 37.3105215, 39.4368694 ] } },
{ "type": "Feature", "properties": { "name": "İhsaniye", "name:en": null, "railway": "station", "ele": null, "operator:type": null, "layer": null, "addr:full": null, "addr:city": null, "source": null, "name:tr": null, "osm_id": 8872506293, "osm_type": "nodes" }, "geometry": { "type": "Point", "coordinates": [ 28.8089418, 41.242904 ] } },
{ "type": "Feature", "properties": { "name": "MODOKO-KEYAP", "name:en": null, "railway": "station", "ele": null, "operator:type": null, "layer": null, "addr:full": null, "addr:city": null, "source": null, "name:tr": null, "osm_id": 6932388157, "osm_type": "nodes" }, "geometry": { "type": "Point", "coordinates": [ 29.1620118, 41.0074042 ] } },
{ "type": "Feature", "properties": { "name": "OSB-Törekent", "name:en": null, "railway": "station", "ele": null, "operator:type": null, "layer": null, "addr:full": null, "addr:city": null, "source": null, "name:tr": null, "osm_id": 5377342886, "osm_type": "nodes" }, "geometry": { "type": "Point", "coordinates": [ 32.5587016, 39.9876684 ] } },
{ "type": "Feature", "properties": { "name": "Çorum", "name:en": null, "railway": "station", "ele": null, "operator:type": null, "layer": null, "addr:full": null, "addr:city": null, "source": null, "name:tr": null, "osm_id": 13017874758, "osm_type": "nodes" }, "geometry": { "type": "Point", "coordinates": [ 34.9036389, 40.516866 ] } },
{ "type": "Feature", "properties": { "name": "Ataköy", "name:en": null, "railway": "station", "ele": null, "operator:type": null, "layer": null, "addr:full": null, "addr:city": null, "source": null, "name:tr": null, "osm_id": 8768427085, "osm_type": "nodes" }, "geometry": { "type": "Point", "coordinates": [ 28.8562809, 40.9799289 ] } },
{ "type": "Feature", "properties": { "name": "Σουφλί", "name:en": "Soufli", "railway": "station", "ele": null, "operator:type": null, "layer": null, "addr:full": null, "addr:city": null, "source": null, "name:tr": "Sofulu", "osm_id": 9727693118, "osm_type": "nodes" }, "geometry": { "type": "Point", "coordinates": [ 26.3015525, 41.1878631 ] } },
{ "type": "Feature", "properties": { "name": "İkitelli Sanayi", "name:en": null, "railway": "station", "ele": null, "operator:type": null, "layer": null, "addr:full": null, "addr:city": null, "source": null, "name:tr": null, "osm_id": 3243585073, "osm_type": "nodes" }, "geometry": { "type": "Point", "coordinates": [ 28.803895, 41.0711324 ] } },
{ "type": "Feature", "properties": { "name": "Özgürlük Meydanı", "name:en": null, "railway": "station", "ele": null, "operator:type": null, "layer": null, "addr:full": null, "addr:city": null, "source": null, "name:tr": null, "osm_id": 7974014824, "osm_type": "nodes" }, "geometry": { "type": "Point", "coordinates": [ 28.8740542, 40.981628 ] } },
{ "type": "Feature", "properties": { "name": "Սիս", "name:en": "Sis", "railway": "station", "ele": null, "operator:type": null, "layer": null, "addr:full": null, "addr:city": null, "source": null, "name:tr": null, "osm_id": 11368513439, "osm_type": "nodes" }, "geometry": { "type": "Point", "coordinates": [ 44.3888714, 40.0633208 ] } },
{ "type": "Feature", "properties": { "name": "Pamukova", "name:en": null, "railway": "station", "ele": "80", "operator:type": null, "layer": null, "addr:full": null, "addr:city": null, "source": null, "name:tr": null, "osm_id": 1392072230, "osm_type": "nodes" }, "geometry": { "type": "Point", "coordinates": [ 30.1722114, 40.5025789 ] } },
{ "type": "Feature", "properties": { "name": "Sivas", "name:en": null, "railway": "station", "ele": "1265", "operator:type": null, "layer": null, "addr:full": null, "addr:city": null, "source": null, "name:tr": null, "osm_id": 10820137957, "osm_type": "nodes" }, "geometry": { "type": "Point", "coordinates": [ 37.0070026, 39.739207 ] } },
{ "type": "Feature", "properties": { "name": "Kartal", "name:en": null, "railway": "station", "ele": null, "operator:type": null, "layer": null, "addr:full": null, "addr:city": null, "source": null, "name:tr": null, "osm_id": 1988218796, "osm_type": "nodes" }, "geometry": { "type": "Point", "coordinates": [ 29.2113435, 40.9065852 ] } },
{ "type": "Feature", "properties": { "name": "İnkılap", "name:en": null, "railway": "station", "ele": null, "operator:type": null, "layer": null, "addr:full": null, "addr:city": null, "source": null, "name:tr": null, "osm_id": 8077616543, "osm_type": "nodes" }, "geometry": { "type": "Point", "coordinates": [ 27.1415242, 38.368868 ] } },
{ "type": "Feature", "properties": { "name": "Edirne", "name:en": null, "railway": "station", "ele": "36", "operator:type": null, "layer": null, "addr:full": null, "addr:city": null, "source": null, "name:tr": null, "osm_id": 11132878357, "osm_type": "nodes" }, "geometry": { "type": "Point", "coordinates": [ 26.5805143, 41.6552066 ] } },
{ "type": "Feature", "properties": { "name": "Sungurlu", "name:en": null, "railway": "station", "ele": null, "operator:type": null, "layer": null, "addr:full": null, "addr:city": null, "source": null, "name:tr": null, "osm_id": 12538984421, "osm_type": "nodes" }, "geometry": { "type": "Point", "coordinates": [ 34.3529005, 40.145346 ] } },
{ "type": "Feature", "properties": { "name": "Delice", "name:en": null, "railway": "station", "ele": null, "operator:type": null, "layer": null, "addr:full": null, "addr:city": null, "source": null, "name:tr": null, "osm_id": 13011493552, "osm_type": "nodes" }, "geometry": { "type": "Point", "coordinates": [ 34.0318482, 39.9325171 ] } },
{ "type": "Feature", "properties": { "name": "Sungurlu", "name:en": null, "railway": "station", "ele": null, "operator:type": null, "layer": null, "addr:full": null, "addr:city": null, "source": null, "name:tr": null, "osm_id": 13011507239, "osm_type": "nodes" }, "geometry": { "type": "Point", "coordinates": [ 34.352913, 40.1452442 ] } },
{ "type": "Feature", "properties": { "name": "Mimar Sinan", "name:en": null, "railway": "station", "ele": null, "operator:type": null, "layer": null, "addr:full": null, "addr:city": null, "source": null, "name:tr": null, "osm_id": 8768427080, "osm_type": "nodes" }, "geometry": { "type": "Point", "coordinates": [ 28.8165787, 41.0250887 ] } },
{ "type": "Feature", "properties": { "name": "Doğu Sanayi", "name:en": null, "railway": "station", "ele": null, "operator:type": null, "layer": null, "addr:full": null, "addr:city": null, "source": null, "name:tr": null, "osm_id": 8768427081, "osm_type": "nodes" }, "geometry": { "type": "Point", "coordinates": [ 28.8179193, 41.0149413 ] } },
{ "type": "Feature", "properties": { "name": "القديمة- تل زيوان", "name:en": null, "railway": "station", "ele": null, "operator:type": null, "layer": null, "addr:full": null, "addr:city": null, "source": null, "name:tr": null, "osm_id": 4577413033, "osm_type": "nodes" }, "geometry": { "type": "Point", "coordinates": [ 41.2496016, 37.0726724 ] } },
{ "type": "Feature", "properties": { "name": "Şirinyer", "name:en": null, "railway": "station", "ele": null, "operator:type": null, "layer": null, "addr:full": null, "addr:city": null, "source": null, "name:tr": null, "osm_id": 8119562132, "osm_type": "nodes" }, "geometry": { "type": "Point", "coordinates": [ 27.1493502, 38.3913995 ] } },
{ "type": "Feature", "properties": { "name": "Osmangazi", "name:en": null, "railway": "station", "ele": null, "operator:type": null, "layer": null, "addr:full": null, "addr:city": null, "source": null, "name:tr": null, "osm_id": 5085891619, "osm_type": "nodes" }, "geometry": { "type": "Point", "coordinates": [ 29.3801162, 40.7992416 ] } },
{ "type": "Feature", "properties": { "name": "Yüzüncüyıl", "name:en": null, "railway": "station", "ele": null, "operator:type": null, "layer": null, "addr:full": null, "addr:city": null, "source": null, "name:tr": null, "osm_id": 5317020135, "osm_type": "nodes" }, "geometry": { "type": "Point", "coordinates": [ 28.899866, 40.2202053 ] } },
{ "type": "Feature", "properties": { "name": "Otosansit", "name:en": null, "railway": "station", "ele": null, "operator:type": null, "layer": null, "addr:full": null, "addr:city": null, "source": null, "name:tr": null, "osm_id": 5315407514, "osm_type": "nodes" }, "geometry": { "type": "Point", "coordinates": [ 29.167411, 40.1967204 ] } },
{ "type": "Feature", "properties": { "name": "Սովետական", "name:en": "Sovetakan", "railway": "station", "ele": null, "operator:type": null, "layer": null, "addr:full": null, "addr:city": null, "source": null, "name:tr": null, "osm_id": 10782858978, "osm_type": "nodes" }, "geometry": { "type": "Point", "coordinates": [ 44.152731, 40.1154733 ] } },
{ "type": "Feature", "properties": { "name": "Արագած", "name:en": "Aragats", "railway": "station", "ele": null, "operator:type": null, "layer": null, "addr:full": null, "addr:city": null, "source": null, "name:tr": null, "osm_id": 10778863050, "osm_type": "nodes" }, "geometry": { "type": "Point", "coordinates": [ 43.6648211, 40.3256282 ] } },
{ "type": "Feature", "properties": { "name": "Horozköy", "name:en": null, "railway": "station", "ele": "48", "operator:type": null, "layer": null, "addr:full": null, "addr:city": null, "source": null, "name:tr": null, "osm_id": 11242318472, "osm_type": "nodes" }, "geometry": { "type": "Point", "coordinates": [ 27.4031801, 38.6266873 ] } },
{ "type": "Feature", "properties": { "name": "Malatya", "name:en": null, "railway": "station", "ele": "915", "operator:type": null, "layer": null, "addr:full": null, "addr:city": null, "source": null, "name:tr": null, "osm_id": 11309220632, "osm_type": "nodes" }, "geometry": { "type": "Point", "coordinates": [ 38.2832453, 38.3525196 ] } },
{ "type": "Feature", "properties": { "name": "Şarkışla", "name:en": null, "railway": "station", "ele": "1229", "operator:type": null, "layer": null, "addr:full": null, "addr:city": null, "source": null, "name:tr": null, "osm_id": 11309220631, "osm_type": "nodes" }, "geometry": { "type": "Point", "coordinates": [ 36.4031578, 39.3640928 ] } },
{ "type": "Feature", "properties": { "name": "Elmadağ", "name:en": null, "railway": "station", "ele": null, "operator:type": null, "layer": null, "addr:full": null, "addr:city": null, "source": null, "name:tr": null, "osm_id": 11309220660, "osm_type": "nodes" }, "geometry": { "type": "Point", "coordinates": [ 33.2277062, 39.9241149 ] } },
{ "type": "Feature", "properties": { "name": "Buca Koop.", "name:en": null, "railway": "station", "ele": null, "operator:type": null, "layer": null, "addr:full": null, "addr:city": null, "source": null, "name:tr": null, "osm_id": 8119505129, "osm_type": "nodes" }, "geometry": { "type": "Point", "coordinates": [ 27.1825297, 38.3708585 ] } },
{ "type": "Feature", "properties": { "name": "General Asım Gündüz", "name:en": null, "railway": "station", "ele": null, "operator:type": null, "layer": null, "addr:full": null, "addr:city": null, "source": null, "name:tr": null, "osm_id": 11470587868, "osm_type": "nodes" }, "geometry": { "type": "Point", "coordinates": [ 27.1319267, 38.3971749 ] } },
{ "type": "Feature", "properties": { "name": "Başak", "name:en": null, "railway": "station", "ele": null, "operator:type": null, "layer": null, "addr:full": null, "addr:city": null, "source": null, "name:tr": null, "osm_id": 6328169453, "osm_type": "nodes" }, "geometry": { "type": "Point", "coordinates": [ 29.1774971, 40.890264 ] } },
{ "type": "Feature", "properties": { "name": "Güzelyalı", "name:en": null, "railway": "station", "ele": null, "operator:type": null, "layer": null, "addr:full": null, "addr:city": null, "source": null, "name:tr": null, "osm_id": 5084119890, "osm_type": "nodes" }, "geometry": { "type": "Point", "coordinates": [ 29.2836051, 40.8568284 ] } },
{ "type": "Feature", "properties": { "name": "Kemalpaşa", "name:en": null, "railway": "station", "ele": "220", "operator:type": null, "layer": null, "addr:full": null, "addr:city": null, "source": null, "name:tr": null, "osm_id": 11632512029, "osm_type": "nodes" }, "geometry": { "type": "Point", "coordinates": [ 27.4002143, 38.4694649 ] } },
{ "type": "Feature", "properties": { "name": "Altınşehir", "name:en": null, "railway": "station", "ele": null, "operator:type": null, "layer": null, "addr:full": null, "addr:city": null, "source": null, "name:tr": null, "osm_id": 5317033353, "osm_type": "nodes" }, "geometry": { "type": "Point", "coordinates": [ 28.934079, 40.2148075 ] } },
{ "type": "Feature", "properties": { "name": "Nilüfer", "name:en": null, "railway": "station", "ele": null, "operator:type": null, "layer": null, "addr:full": null, "addr:city": null, "source": null, "name:tr": null, "osm_id": 5316997750, "osm_type": "nodes" }, "geometry": { "type": "Point", "coordinates": [ 28.9881295, 40.2118754 ] } },
{ "type": "Feature", "properties": { "name": "Şirinevler", "name:en": null, "railway": "station", "ele": null, "operator:type": null, "layer": null, "addr:full": null, "addr:city": null, "source": null, "name:tr": null, "osm_id": 5315407499, "osm_type": "nodes" }, "geometry": { "type": "Point", "coordinates": [ 29.1550112, 40.1945732 ] } },
{ "type": "Feature", "properties": { "name": "Küçük Sanayi", "name:en": null, "railway": "station", "ele": null, "operator:type": null, "layer": null, "addr:full": null, "addr:city": null, "source": null, "name:tr": null, "osm_id": 5317041681, "osm_type": "nodes" }, "geometry": { "type": "Point", "coordinates": [ 28.9415857, 40.2120183 ] } },
{ "type": "Feature", "properties": { "name": "Cumaovası", "name:en": null, "railway": "station", "ele": "103", "operator:type": null, "layer": null, "addr:full": null, "addr:city": null, "source": null, "name:tr": null, "osm_id": 11675949251, "osm_type": "nodes" }, "geometry": { "type": "Point", "coordinates": [ 27.1629949, 38.2640451 ] } },
{ "type": "Feature", "properties": { "name": "Adnan Menderes Havalimanı", "name:en": null, "railway": "station", "ele": "126", "operator:type": null, "layer": null, "addr:full": null, "addr:city": null, "source": null, "name:tr": null, "osm_id": 11675949250, "osm_type": "nodes" }, "geometry": { "type": "Point", "coordinates": [ 27.1478659, 38.2912987 ] } },
{ "type": "Feature", "properties": { "name": "Tuzla", "name:en": null, "railway": "station", "ele": null, "operator:type": null, "layer": null, "addr:full": null, "addr:city": null, "source": null, "name:tr": null, "osm_id": 5084154170, "osm_type": "nodes" }, "geometry": { "type": "Point", "coordinates": [ 29.3224266, 40.8299498 ] } },
{ "type": "Feature", "properties": { "name": "Aydıntepe", "name:en": null, "railway": "station", "ele": null, "operator:type": null, "layer": null, "addr:full": null, "addr:city": null, "source": null, "name:tr": null, "osm_id": 5084128493, "osm_type": "nodes" }, "geometry": { "type": "Point", "coordinates": [ 29.2931959, 40.8522949 ] } },
{ "type": "Feature", "properties": { "name": "İçmeler", "name:en": null, "railway": "station", "ele": null, "operator:type": null, "layer": null, "addr:full": null, "addr:city": null, "source": null, "name:tr": null, "osm_id": 5084138614, "osm_type": "nodes" }, "geometry": { "type": "Point", "coordinates": [ 29.3000382, 40.8456867 ] } },
{ "type": "Feature", "properties": { "name": "Արտաշատ", "name:en": "Artashat", "railway": "station", "ele": null, "operator:type": null, "layer": null, "addr:full": null, "addr:city": null, "source": null, "name:tr": null, "osm_id": 10780676055, "osm_type": "nodes" }, "geometry": { "type": "Point", "coordinates": [ 44.5541729, 39.9614313 ] } },
{ "type": "Feature", "properties": { "name": "Batıkent", "name:en": null, "railway": "station", "ele": null, "operator:type": null, "layer": null, "addr:full": null, "addr:city": null, "source": null, "name:tr": null, "osm_id": 5388669628, "osm_type": "nodes" }, "geometry": { "type": "Point", "coordinates": [ 32.7267398, 39.9681734 ] } },
{ "type": "Feature", "properties": { "name": "Türkyurdu", "name:en": null, "railway": "station", "ele": null, "operator:type": null, "layer": null, "addr:full": null, "addr:city": null, "source": null, "name:tr": null, "osm_id": 2732425626, "osm_type": "nodes" }, "geometry": { "type": "Point", "coordinates": [ 37.6419127, 37.0120829 ] } },
{ "type": "Feature", "properties": { "name": "Արարատ", "name:en": "Ararat", "railway": "station", "ele": null, "operator:type": null, "layer": null, "addr:full": null, "addr:city": null, "source": null, "name:tr": null, "osm_id": 3065361683, "osm_type": "nodes" }, "geometry": { "type": "Point", "coordinates": [ 44.7052108, 39.8405503 ] } },
{ "type": "Feature", "properties": { "name": "Bandırma Şehir", "name:en": null, "railway": "station", "ele": null, "operator:type": null, "layer": null, "addr:full": null, "addr:city": null, "source": null, "name:tr": null, "osm_id": 13066777935, "osm_type": "nodes" }, "geometry": { "type": "Point", "coordinates": [ 27.9655346, 40.3521098 ] } },
{ "type": "Feature", "properties": { "name": "Tersane", "name:en": null, "railway": "station", "ele": null, "operator:type": null, "layer": null, "addr:full": null, "addr:city": null, "source": null, "name:tr": null, "osm_id": 5084106192, "osm_type": "nodes" }, "geometry": { "type": "Point", "coordinates": [ 29.2732939, 40.8611643 ] } },
{ "type": "Feature", "properties": { "name": "Cankurtaran", "name:en": null, "railway": "station", "ele": null, "operator:type": null, "layer": null, "addr:full": null, "addr:city": null, "source": null, "name:tr": null, "osm_id": 11228793732, "osm_type": "nodes" }, "geometry": { "type": "Point", "coordinates": [ 28.9830122, 41.0055376 ] } },
{ "type": "Feature", "properties": { "name": "Yedikule", "name:en": null, "railway": "station", "ele": null, "operator:type": null, "layer": null, "addr:full": null, "addr:city": null, "source": null, "name:tr": null, "osm_id": 12660716153, "osm_type": "nodes" }, "geometry": { "type": "Point", "coordinates": [ 28.9269188, 40.9935264 ] } },
{ "type": "Feature", "properties": { "name": "Zeytinli", "name:en": null, "railway": "station", "ele": null, "operator:type": null, "layer": null, "addr:full": null, "addr:city": null, "source": null, "name:tr": null, "osm_id": 2639615510, "osm_type": "nodes" }, "geometry": { "type": "Point", "coordinates": [ 35.1423719, 36.989159 ] } },
{ "type": "Feature", "properties": { "name": "Bursa Hızlı Tren Garı", "name:en": null, "railway": "station", "ele": null, "operator:type": null, "layer": null, "addr:full": null, "addr:city": null, "source": null, "name:tr": null, "osm_id": 12523026533, "osm_type": "nodes" }, "geometry": { "type": "Point", "coordinates": [ 28.9233437, 40.2736681 ] } },
{ "type": "Feature", "properties": { "name": "Delice", "name:en": null, "railway": "station", "ele": null, "operator:type": null, "layer": null, "addr:full": null, "addr:city": null, "source": null, "name:tr": null, "osm_id": 12538984911, "osm_type": "nodes" }, "geometry": { "type": "Point", "coordinates": [ 34.0317322, 39.932548 ] } },
{ "type": "Feature", "properties": { "name": "Yeşilhisar", "name:en": null, "railway": "station", "ele": "1140", "operator:type": null, "layer": null, "addr:full": null, "addr:city": null, "source": "Maxar Premium-Luftbilder (Beta)", "name:tr": null, "osm_id": 12576453390, "osm_type": "nodes" }, "geometry": { "type": "Point", "coordinates": [ 35.0843743, 38.3653065 ] } },
{ "type": "Feature", "properties": { "name": "Niğde", "name:en": "Niğde", "railway": "station", "ele": "1217", "operator:type": null, "layer": null, "addr:full": null, "addr:city": null, "source": null, "name:tr": null, "osm_id": 12576453391, "osm_type": "nodes" }, "geometry": { "type": "Point", "coordinates": [ 34.6850014, 37.9654114 ] } },
{ "type": "Feature", "properties": { "name": "Kocamustafapaşa", "name:en": null, "railway": "station", "ele": null, "operator:type": null, "layer": null, "addr:full": null, "addr:city": null, "source": null, "name:tr": null, "osm_id": 12660716198, "osm_type": "nodes" }, "geometry": { "type": "Point", "coordinates": [ 28.9331768, 40.9999287 ] } },
{ "type": "Feature", "properties": { "name": "Cerrahpaşa", "name:en": null, "railway": "station", "ele": null, "operator:type": null, "layer": null, "addr:full": null, "addr:city": null, "source": null, "name:tr": null, "osm_id": 12660718806, "osm_type": "nodes" }, "geometry": { "type": "Point", "coordinates": [ 28.9402407, 41.0028107 ] } },
{ "type": "Feature", "properties": { "name": "Buca Belediyesi", "name:en": null, "railway": "station", "ele": null, "operator:type": null, "layer": null, "addr:full": null, "addr:city": null, "source": null, "name:tr": null, "osm_id": 8120942750, "osm_type": "nodes" }, "geometry": { "type": "Point", "coordinates": [ 27.1617635, 38.387704 ] } },
{ "type": "Feature", "properties": { "name": "Atalar", "name:en": null, "railway": "station", "ele": null, "operator:type": null, "layer": null, "addr:full": null, "addr:city": null, "source": null, "name:tr": null, "osm_id": 282909259, "osm_type": "nodes" }, "geometry": { "type": "Point", "coordinates": [ 29.1691914, 40.8987868 ] } },
{ "type": "Feature", "properties": { "name": "Bergama", "name:en": null, "railway": "station", "ele": null, "operator:type": null, "layer": null, "addr:full": null, "addr:city": null, "source": null, "name:tr": null, "osm_id": 11931710023, "osm_type": "nodes" }, "geometry": { "type": "Point", "coordinates": [ 27.2024303, 39.1013583 ] } },
{ "type": "Feature", "properties": { "name": "Bozköy", "name:en": null, "railway": "station", "ele": null, "operator:type": null, "layer": null, "addr:full": null, "addr:city": null, "source": null, "name:tr": null, "osm_id": 11931710026, "osm_type": "nodes" }, "geometry": { "type": "Point", "coordinates": [ 27.1092951, 39.0510006 ] } },
{ "type": "Feature", "properties": { "name": "Yenikent", "name:en": null, "railway": "station", "ele": null, "operator:type": null, "layer": null, "addr:full": null, "addr:city": null, "source": null, "name:tr": null, "osm_id": 11932766836, "osm_type": "nodes" }, "geometry": { "type": "Point", "coordinates": [ 27.0704444, 39.0103555 ] } },
{ "type": "Feature", "properties": { "name": "Yenişakran", "name:en": null, "railway": "station", "ele": null, "operator:type": null, "layer": null, "addr:full": null, "addr:city": null, "source": null, "name:tr": null, "osm_id": 11932795670, "osm_type": "nodes" }, "geometry": { "type": "Point", "coordinates": [ 27.0852114, 38.8837042 ] } },
{ "type": "Feature", "properties": { "name": "Fulya", "name:en": null, "railway": "station", "ele": null, "operator:type": null, "layer": null, "addr:full": null, "addr:city": null, "source": null, "name:tr": null, "osm_id": 6507303869, "osm_type": "nodes" }, "geometry": { "type": "Point", "coordinates": [ 29.0069778, 41.0623115 ] } },
{ "type": "Feature", "properties": { "name": "Toplu Konutlar", "name:en": null, "railway": "station", "ele": null, "operator:type": null, "layer": null, "addr:full": null, "addr:city": null, "source": null, "name:tr": null, "osm_id": 6917432760, "osm_type": "nodes" }, "geometry": { "type": "Point", "coordinates": [ 28.7678634, 41.1076913 ] } },
{ "type": "Feature", "properties": { "name": "Terazidere", "name:en": null, "railway": "station", "ele": null, "operator:type": null, "layer": null, "addr:full": null, "addr:city": null, "source": null, "name:tr": null, "osm_id": 7722103256, "osm_type": "nodes" }, "geometry": { "type": "Point", "coordinates": [ 28.8978698, 41.0304621 ] } },
{ "type": "Feature", "properties": { "name": "Umurlu", "name:en": null, "railway": "station", "ele": null, "operator:type": null, "layer": null, "addr:full": null, "addr:city": null, "source": null, "name:tr": null, "osm_id": 12909877407, "osm_type": "nodes" }, "geometry": { "type": "Point", "coordinates": [ 27.9551947, 37.85283 ] } },
{ "type": "Feature", "properties": { "name": "Aydın", "name:en": null, "railway": "station", "ele": null, "operator:type": null, "layer": null, "addr:full": null, "addr:city": null, "source": null, "name:tr": null, "osm_id": 12909877408, "osm_type": "nodes" }, "geometry": { "type": "Point", "coordinates": [ 27.8420095, 37.8482363 ] } },
{ "type": "Feature", "properties": { "name": "Germencik", "name:en": null, "railway": "station", "ele": null, "operator:type": null, "layer": null, "addr:full": null, "addr:city": null, "source": null, "name:tr": null, "osm_id": 12909877437, "osm_type": "nodes" }, "geometry": { "type": "Point", "coordinates": [ 27.5957528, 37.8732323 ] } },
{ "type": "Feature", "properties": { "name": "Çevik Bir Meydanı", "name:en": null, "railway": "station", "ele": null, "operator:type": null, "layer": null, "addr:full": null, "addr:city": null, "source": null, "name:tr": null, "osm_id": 8952215875, "osm_type": "nodes" }, "geometry": { "type": "Point", "coordinates": [ 27.1707917, 38.3830308 ] } },
{ "type": "Feature", "properties": { "name": "Ataköy-Şirinevler", "name:en": null, "railway": "station", "ele": null, "operator:type": null, "layer": null, "addr:full": null, "addr:city": null, "source": null, "name:tr": null, "osm_id": 7722103260, "osm_type": "nodes" }, "geometry": { "type": "Point", "coordinates": [ 28.8457709, 40.9913785 ] } },
{ "type": "Feature", "properties": { "name": "Söğütözü", "name:en": null, "railway": "station", "ele": null, "operator:type": null, "layer": null, "addr:full": null, "addr:city": null, "source": "local", "name:tr": null, "osm_id": 8231524680, "osm_type": "nodes" }, "geometry": { "type": "Point", "coordinates": [ 32.8081227, 39.910638 ] } },
{ "type": "Feature", "properties": { "name": "Çayyolu", "name:en": null, "railway": "station", "ele": null, "operator:type": null, "layer": null, "addr:full": null, "addr:city": null, "source": "local", "name:tr": null, "osm_id": 7481815085, "osm_type": "nodes" }, "geometry": { "type": "Point", "coordinates": [ 32.6910711, 39.8978291 ] } },
{ "type": "Feature", "properties": { "name": "ODTÜ", "name:en": null, "railway": "station", "ele": null, "operator:type": null, "layer": null, "addr:full": null, "addr:city": null, "source": null, "name:tr": null, "osm_id": 2715588508, "osm_type": "nodes" }, "geometry": { "type": "Point", "coordinates": [ 32.7845691, 39.9083599 ] } },
{ "type": "Feature", "properties": { "name": "Sıhhiye", "name:en": null, "railway": "station", "ele": null, "operator:type": null, "layer": null, "addr:full": null, "addr:city": null, "source": null, "name:tr": null, "osm_id": 670243216, "osm_type": "nodes" }, "geometry": { "type": "Point", "coordinates": [ 32.8550777, 39.9281643 ] } },
{ "type": "Feature", "properties": { "name": "Argıthan", "name:en": null, "railway": "station", "ele": "1086", "operator:type": null, "layer": null, "addr:full": null, "addr:city": "KONYA", "source": "İşyeri Personeli", "name:tr": null, "osm_id": 2069722229, "osm_type": "nodes" }, "geometry": { "type": "Point", "coordinates": [ 31.7184534, 38.3096742 ] } },
{ "type": "Feature", "properties": { "name": "Belevi", "name:en": null, "railway": "station", "ele": null, "operator:type": null, "layer": null, "addr:full": null, "addr:city": null, "source": null, "name:tr": null, "osm_id": 8440806257, "osm_type": "nodes" }, "geometry": { "type": "Point", "coordinates": [ 27.4331644, 38.0307899 ] } },
{ "type": "Feature", "properties": { "name": "Çatalca", "name:en": null, "railway": "station", "ele": null, "operator:type": null, "layer": null, "addr:full": null, "addr:city": null, "source": null, "name:tr": null, "osm_id": 2625916043, "osm_type": "nodes" }, "geometry": { "type": "Point", "coordinates": [ 28.480199, 41.1505914 ] } },
{ "type": "Feature", "properties": { "name": "Yolçatı", "name:en": null, "railway": "station", "ele": null, "operator:type": null, "layer": null, "addr:full": null, "addr:city": null, "source": null, "name:tr": null, "osm_id": 1457024310, "osm_type": "nodes" }, "geometry": { "type": "Point", "coordinates": [ 37.842656, 36.9888887 ] } },
{ "type": "Feature", "properties": { "name": "ميدان إكبس", "name:en": null, "railway": "station", "ele": null, "operator:type": null, "layer": null, "addr:full": null, "addr:city": "ميدان إكبس", "source": null, "name:tr": "Meydanekbez", "osm_id": 2035519544, "osm_type": "nodes" }, "geometry": { "type": "Point", "coordinates": [ 36.6745674, 36.8209313 ] } },
{ "type": "Feature", "properties": { "name": "Darıca", "name:en": null, "railway": "station", "ele": null, "operator:type": null, "layer": null, "addr:full": null, "addr:city": null, "source": null, "name:tr": null, "osm_id": 5085899451, "osm_type": "nodes" }, "geometry": { "type": "Point", "coordinates": [ 29.3919092, 40.7914044 ] } },
{ "type": "Feature", "properties": { "name": "Esenler", "name:en": null, "railway": "station", "ele": null, "operator:type": null, "layer": null, "addr:full": null, "addr:city": null, "source": null, "name:tr": null, "osm_id": 7722103246, "osm_type": "nodes" }, "geometry": { "type": "Point", "coordinates": [ 28.8885873, 41.0375744 ] } },
{ "type": "Feature", "properties": { "name": "Yenimahale", "name:en": null, "railway": "station", "ele": null, "operator:type": null, "layer": null, "addr:full": null, "addr:city": null, "source": null, "name:tr": null, "osm_id": 1184766559, "osm_type": "nodes" }, "geometry": { "type": "Point", "coordinates": [ 28.8810529, 40.9817256 ] } },
{ "type": "Feature", "properties": { "name": "Yeşilyurt", "name:en": null, "railway": "station", "ele": null, "operator:type": null, "layer": null, "addr:full": null, "addr:city": null, "source": null, "name:tr": null, "osm_id": 1184766586, "osm_type": "nodes" }, "geometry": { "type": "Point", "coordinates": [ 28.8373253, 40.9654468 ] } },
{ "type": "Feature", "properties": { "name": "Osmangazi", "name:en": null, "railway": "station", "ele": null, "operator:type": null, "layer": null, "addr:full": null, "addr:city": null, "source": null, "name:tr": null, "osm_id": 5315476918, "osm_type": "nodes" }, "geometry": { "type": "Point", "coordinates": [ 29.056507, 40.1960658 ] } },
{ "type": "Feature", "properties": { "name": "Çorlu", "name:en": null, "railway": "station", "ele": null, "operator:type": null, "layer": null, "addr:full": null, "addr:city": null, "source": null, "name:tr": null, "osm_id": 1906693567, "osm_type": "nodes" }, "geometry": { "type": "Point", "coordinates": [ 27.7790864, 41.1776908 ] } },
{ "type": "Feature", "properties": { "name": "Başkimse İstasyonu", "name:en": null, "railway": "station", "ele": null, "operator:type": null, "layer": null, "addr:full": null, "addr:city": null, "source": "bing", "name:tr": null, "osm_id": 1841500458, "osm_type": "nodes" }, "geometry": { "type": "Point", "coordinates": [ 30.1885168, 38.8612506 ] } },
{ "type": "Feature", "properties": { "name": "Florya Akvaryum", "name:en": null, "railway": "station", "ele": null, "operator:type": null, "layer": null, "addr:full": null, "addr:city": null, "source": null, "name:tr": null, "osm_id": 6328169449, "osm_type": "nodes" }, "geometry": { "type": "Point", "coordinates": [ 28.7969885, 40.9678261 ] } },
{ "type": "Feature", "properties": { "name": "İhsaniye", "name:en": null, "railway": "station", "ele": null, "operator:type": null, "layer": null, "addr:full": null, "addr:city": null, "source": null, "name:tr": null, "osm_id": 5316452957, "osm_type": "nodes" }, "geometry": { "type": "Point", "coordinates": [ 28.9938993, 40.2230789 ] } },
{ "type": "Feature", "properties": { "name": "Korupark", "name:en": null, "railway": "station", "ele": null, "operator:type": null, "layer": null, "addr:full": null, "addr:city": null, "source": null, "name:tr": null, "osm_id": 5316433984, "osm_type": "nodes" }, "geometry": { "type": "Point", "coordinates": [ 28.9571983, 40.2507123 ] } },
{ "type": "Feature", "properties": { "name": "Yeşilhüyük Istasyonu", "name:en": null, "railway": "station", "ele": null, "operator:type": null, "layer": null, "addr:full": null, "addr:city": null, "source": null, "name:tr": null, "osm_id": 2191160978, "osm_type": "nodes" }, "geometry": { "type": "Point", "coordinates": [ 30.0403696, 38.137287 ] } },
{ "type": "Feature", "properties": { "name": "Pendik", "name:en": null, "railway": "station", "ele": null, "operator:type": null, "layer": null, "addr:full": null, "addr:city": null, "source": null, "name:tr": null, "osm_id": 4439882732, "osm_type": "nodes" }, "geometry": { "type": "Point", "coordinates": [ 29.238581, 40.8886547 ] } },
{ "type": "Feature", "properties": { "name": "Esenkent", "name:en": null, "railway": "station", "ele": null, "operator:type": null, "layer": null, "addr:full": null, "addr:city": null, "source": null, "name:tr": null, "osm_id": 7736966924, "osm_type": "nodes" }, "geometry": { "type": "Point", "coordinates": [ 29.1664075, 40.920837 ] } },
{ "type": "Feature", "properties": { "name": "Mevlana", "name:en": null, "railway": "station", "ele": null, "operator:type": null, "layer": null, "addr:full": null, "addr:city": null, "source": null, "name:tr": null, "osm_id": 6932388177, "osm_type": "nodes" }, "geometry": { "type": "Point", "coordinates": [ 29.1533813, 40.9921566 ] } },
{ "type": "Feature", "properties": { "name": "Emin Ali Paşa", "name:en": null, "railway": "station", "ele": null, "operator:type": null, "layer": null, "addr:full": null, "addr:city": null, "source": null, "name:tr": null, "osm_id": 6934009766, "osm_type": "nodes" }, "geometry": { "type": "Point", "coordinates": [ 29.093549, 40.9606909 ] } },
{ "type": "Feature", "properties": { "name": "Ayşekadın", "name:en": null, "railway": "station", "ele": null, "operator:type": null, "layer": null, "addr:full": null, "addr:city": null, "source": null, "name:tr": null, "osm_id": 6934009752, "osm_type": "nodes" }, "geometry": { "type": "Point", "coordinates": [ 29.0867801, 40.9668107 ] } },
{ "type": "Feature", "properties": { "name": "Çorlu", "name:en": null, "railway": "station", "ele": null, "operator:type": null, "layer": null, "addr:full": null, "addr:city": null, "source": null, "name:tr": null, "osm_id": 13140863306, "osm_type": "nodes" }, "geometry": { "type": "Point", "coordinates": [ 27.7784023, 41.1777435 ] } },
{ "type": "Feature", "properties": { "name": "Beylerbeyi", "name:en": null, "railway": "station", "ele": null, "operator:type": null, "layer": null, "addr:full": null, "addr:city": null, "source": null, "name:tr": null, "osm_id": 10159892635, "osm_type": "nodes" }, "geometry": { "type": "Point", "coordinates": [ 37.3847552, 37.1198821 ] } },
{ "type": "Feature", "properties": { "name": "Profilo", "name:en": null, "railway": "station", "ele": null, "operator:type": null, "layer": null, "addr:full": null, "addr:city": null, "source": null, "name:tr": null, "osm_id": 13001225115, "osm_type": "nodes" }, "geometry": { "type": "Point", "coordinates": [ 27.9740972, 41.2801408 ] } },
{ "type": "Feature", "properties": { "name": "Taksim", "name:en": null, "railway": "station", "ele": null, "operator:type": null, "layer": null, "addr:full": null, "addr:city": null, "source": null, "name:tr": null, "osm_id": 9164730780, "osm_type": "nodes" }, "geometry": { "type": "Point", "coordinates": [ 28.9866305, 41.0367764 ] } },
{ "type": "Feature", "properties": { "name": "Sanayi", "name:en": null, "railway": "station", "ele": null, "operator:type": null, "layer": null, "addr:full": null, "addr:city": null, "source": null, "name:tr": null, "osm_id": 2171927596, "osm_type": "nodes" }, "geometry": { "type": "Point", "coordinates": [ 29.0051754, 41.0942135 ] } },
{ "type": "Feature", "properties": { "name": "Levent", "name:en": null, "railway": "station", "ele": null, "operator:type": null, "layer": null, "addr:full": null, "addr:city": null, "source": null, "name:tr": null, "osm_id": 3755456221, "osm_type": "nodes" }, "geometry": { "type": "Point", "coordinates": [ 29.0144803, 41.0758404 ] } },
{ "type": "Feature", "properties": { "name": "Haliç", "name:en": null, "railway": "station", "ele": null, "operator:type": null, "layer": null, "addr:full": null, "addr:city": null, "source": null, "name:tr": null, "osm_id": 7721147946, "osm_type": "nodes" }, "geometry": { "type": "Point", "coordinates": [ 28.9666792, 41.02269 ] } },
{ "type": "Feature", "properties": { "name": "Şişhane", "name:en": null, "railway": "station", "ele": null, "operator:type": null, "layer": "-2", "addr:full": null, "addr:city": null, "source": null, "name:tr": null, "osm_id": 7721147948, "osm_type": "nodes" }, "geometry": { "type": "Point", "coordinates": [ 28.9727191, 41.0282743 ] } },
{ "type": "Feature", "properties": { "name": "Darüşşafaka", "name:en": null, "railway": "station", "ele": null, "operator:type": null, "layer": null, "addr:full": null, "addr:city": null, "source": null, "name:tr": null, "osm_id": 7725394070, "osm_type": "nodes" }, "geometry": { "type": "Point", "coordinates": [ 29.0250803, 41.1292759 ] } },
{ "type": "Feature", "properties": { "name": "Hacıosman", "name:en": null, "railway": "station", "ele": null, "operator:type": null, "layer": null, "addr:full": null, "addr:city": null, "source": null, "name:tr": null, "osm_id": 7725394072, "osm_type": "nodes" }, "geometry": { "type": "Point", "coordinates": [ 29.0304548, 41.1397645 ] } },
{ "type": "Feature", "properties": { "name": "Çekmeköy", "name:en": null, "railway": "station", "ele": null, "operator:type": null, "layer": null, "addr:full": null, "addr:city": null, "source": null, "name:tr": null, "osm_id": 6004548605, "osm_type": "nodes" }, "geometry": { "type": "Point", "coordinates": [ 29.1895134, 41.0145289 ] } },
{ "type": "Feature", "properties": { "name": "Necip Fazıl", "name:en": null, "railway": "station", "ele": null, "operator:type": null, "layer": null, "addr:full": null, "addr:city": null, "source": null, "name:tr": null, "osm_id": 6004548606, "osm_type": "nodes" }, "geometry": { "type": "Point", "coordinates": [ 29.1794304, 41.0160135 ] } },
{ "type": "Feature", "properties": { "name": "Samandıra Merkez", "name:en": null, "railway": "station", "ele": null, "operator:type": null, "layer": null, "addr:full": null, "addr:city": null, "source": null, "name:tr": null, "osm_id": 6932303066, "osm_type": "nodes" }, "geometry": { "type": "Point", "coordinates": [ 29.2314094, 40.9836831 ] } },
{ "type": "Feature", "properties": { "name": "Sancaktepe", "name:en": null, "railway": "station", "ele": null, "operator:type": null, "layer": null, "addr:full": null, "addr:city": null, "source": null, "name:tr": null, "osm_id": 6932303073, "osm_type": "nodes" }, "geometry": { "type": "Point", "coordinates": [ 29.2290134, 40.9920567 ] } },
{ "type": "Feature", "properties": { "name": "Meclis", "name:en": null, "railway": "station", "ele": null, "operator:type": null, "layer": null, "addr:full": null, "addr:city": null, "source": null, "name:tr": null, "osm_id": 6932313803, "osm_type": "nodes" }, "geometry": { "type": "Point", "coordinates": [ 29.198884, 41.0096577 ] } },
{ "type": "Feature", "properties": { "name": "Ümraniye", "name:en": null, "railway": "station", "ele": null, "operator:type": null, "layer": null, "addr:full": null, "addr:city": null, "source": null, "name:tr": null, "osm_id": 7592073076, "osm_type": "nodes" }, "geometry": { "type": "Point", "coordinates": [ 29.0847972, 41.024613 ] } },
{ "type": "Feature", "properties": { "name": "Atatürk Oto Sanayi", "name:en": null, "railway": "station", "ele": null, "operator:type": null, "layer": null, "addr:full": null, "addr:city": null, "source": null, "name:tr": null, "osm_id": 2239404700, "osm_type": "nodes" }, "geometry": { "type": "Point", "coordinates": [ 29.0241763, 41.1180498 ] } },
{ "type": "Feature", "properties": { "name": "Etiler", "name:en": null, "railway": "station", "ele": null, "operator:type": null, "layer": null, "addr:full": null, "addr:city": null, "source": null, "name:tr": null, "osm_id": 3937514082, "osm_type": "nodes" }, "geometry": { "type": "Point", "coordinates": [ 29.0375989, 41.0824567 ] } },
{ "type": "Feature", "properties": { "name": "Levent", "name:en": null, "railway": "station", "ele": null, "operator:type": null, "layer": null, "addr:full": null, "addr:city": null, "source": null, "name:tr": null, "osm_id": 5218796192, "osm_type": "nodes" }, "geometry": { "type": "Point", "coordinates": [ 29.0137913, 41.0768932 ] } },
{ "type": "Feature", "properties": { "name": "Osmanbey", "name:en": null, "railway": "station", "ele": null, "operator:type": null, "layer": null, "addr:full": null, "addr:city": null, "source": null, "name:tr": null, "osm_id": 7721147951, "osm_type": "nodes" }, "geometry": { "type": "Point", "coordinates": [ 28.9874046, 41.0527755 ] } },
{ "type": "Feature", "properties": { "name": "Fıstıkağacı", "name:en": null, "railway": "station", "ele": null, "operator:type": null, "layer": null, "addr:full": null, "addr:city": null, "source": null, "name:tr": null, "osm_id": 2370143084, "osm_type": "nodes" }, "geometry": { "type": "Point", "coordinates": [ 29.0283579, 41.0281537 ] } },
{ "type": "Feature", "properties": { "name": "Bulgurlu", "name:en": null, "railway": "station", "ele": null, "operator:type": null, "layer": null, "addr:full": null, "addr:city": null, "source": null, "name:tr": null, "osm_id": 10060861945, "osm_type": "nodes" }, "geometry": { "type": "Point", "coordinates": [ 29.0762576, 41.0162865 ] } },
{ "type": "Feature", "properties": { "name": "Sarıgazi", "name:en": null, "railway": "station", "ele": null, "operator:type": null, "layer": null, "addr:full": null, "addr:city": null, "source": null, "name:tr": null, "osm_id": 11492185746, "osm_type": "nodes" }, "geometry": { "type": "Point", "coordinates": [ 29.2126756, 41.0100295 ] } },
{ "type": "Feature", "properties": { "name": "Konak", "name:en": null, "railway": "station", "ele": null, "operator:type": null, "layer": null, "addr:full": null, "addr:city": null, "source": null, "name:tr": null, "osm_id": 9125877667, "osm_type": "nodes" }, "geometry": { "type": "Point", "coordinates": [ 39.5664832, 38.6342712 ] } },
{ "type": "Feature", "properties": { "name": "Oymapınar", "name:en": null, "railway": "station", "ele": null, "operator:type": null, "layer": null, "addr:full": null, "addr:city": null, "source": null, "name:tr": null, "osm_id": 9144161088, "osm_type": "nodes" }, "geometry": { "type": "Point", "coordinates": [ 40.9671978, 38.8634675 ] } },
{ "type": "Feature", "properties": { "name": "رازی", "name:en": "Razi", "railway": "station", "ele": null, "operator:type": null, "layer": null, "addr:full": null, "addr:city": null, "source": null, "name:tr": null, "osm_id": 8413080917, "osm_type": "nodes" }, "geometry": { "type": "Point", "coordinates": [ 44.3441566, 38.4930212 ] } },
{ "type": "Feature", "properties": { "name": "Çizmeburun", "name:en": null, "railway": "station", "ele": null, "operator:type": null, "layer": null, "addr:full": null, "addr:city": null, "source": null, "name:tr": null, "osm_id": 12387684326, "osm_type": "nodes" }, "geometry": { "type": "Point", "coordinates": [ 41.6259813, 38.718947 ] } },
{ "type": "Feature", "properties": { "name": "Yıldıztepe", "name:en": null, "railway": "station", "ele": null, "operator:type": null, "layer": null, "addr:full": null, "addr:city": null, "source": null, "name:tr": null, "osm_id": 7974014820, "osm_type": "nodes" }, "geometry": { "type": "Point", "coordinates": [ 28.8577509, 41.0194161 ] } },
{ "type": "Feature", "properties": { "name": "Sirkeci", "name:en": "Sirkeci Marmaray Underground Station", "railway": "station", "ele": "-60", "operator:type": null, "layer": null, "addr:full": null, "addr:city": null, "source": null, "name:tr": "Sirkeci Marmaray İstasyonu", "osm_id": 6395978813, "osm_type": "nodes" }, "geometry": { "type": "Point", "coordinates": [ 28.9771437, 41.0136066 ] } },
{ "type": "Feature", "properties": { "name": "Farabi Devlet Hastanesi", "name:en": null, "railway": "station", "ele": null, "operator:type": null, "layer": null, "addr:full": null, "addr:city": null, "source": null, "name:tr": null, "osm_id": 11591633643, "osm_type": "nodes" }, "geometry": { "type": "Point", "coordinates": [ 29.4035745, 40.7742388 ] } },
{ "type": "Feature", "properties": { "name": "Gebze Gar", "name:en": null, "railway": "station", "ele": null, "operator:type": null, "layer": null, "addr:full": null, "addr:city": null, "source": null, "name:tr": null, "osm_id": 11591633644, "osm_type": "nodes" }, "geometry": { "type": "Point", "coordinates": [ 29.410777, 40.7830415 ] } },
{ "type": "Feature", "properties": { "name": "Akse Sapağı", "name:en": null, "railway": "station", "ele": null, "operator:type": null, "layer": null, "addr:full": null, "addr:city": null, "source": null, "name:tr": null, "osm_id": 11591633648, "osm_type": "nodes" }, "geometry": { "type": "Point", "coordinates": [ 29.4314045, 40.8079141 ] } },
{ "type": "Feature", "properties": { "name": "OSB", "name:en": null, "railway": "station", "ele": null, "operator:type": null, "layer": null, "addr:full": null, "addr:city": null, "source": null, "name:tr": null, "osm_id": 11591633651, "osm_type": "nodes" }, "geometry": { "type": "Point", "coordinates": [ 29.4316666, 40.8390543 ] } },
{ "type": "Feature", "properties": { "name": "Seyrantepe", "name:en": null, "railway": "station", "ele": null, "operator:type": null, "layer": null, "addr:full": null, "addr:city": null, "source": null, "name:tr": null, "osm_id": 6398327971, "osm_type": "nodes" }, "geometry": { "type": "Point", "coordinates": [ 28.9947104, 41.1030755 ] } },
{ "type": "Feature", "properties": { "name": "Vadi İstanbul", "name:en": "Vadistanbul", "railway": "station", "ele": null, "operator:type": null, "layer": null, "addr:full": null, "addr:city": null, "source": null, "name:tr": null, "osm_id": 6251280785, "osm_type": "nodes" }, "geometry": { "type": "Point", "coordinates": [ 28.9884311, 41.1075562 ] } },
{ "type": "Feature", "properties": { "name": "Nurtepe", "name:en": null, "railway": "station", "ele": null, "operator:type": null, "layer": null, "addr:full": null, "addr:city": null, "source": null, "name:tr": null, "osm_id": 6507303852, "osm_type": "nodes" }, "geometry": { "type": "Point", "coordinates": [ 28.9634762, 41.0798589 ] } },
{ "type": "Feature", "properties": { "name": "Paşa Çiftliği", "name:en": null, "railway": "station", "ele": null, "operator:type": null, "layer": null, "addr:full": null, "addr:city": null, "source": null, "name:tr": null, "osm_id": 5315511279, "osm_type": "nodes" }, "geometry": { "type": "Point", "coordinates": [ 29.0251815, 40.2095106 ] } },
{ "type": "Feature", "properties": { "name": "Küçükçekmece", "name:en": null, "railway": "station", "ele": null, "operator:type": null, "layer": null, "addr:full": null, "addr:city": null, "source": null, "name:tr": null, "osm_id": 6328169451, "osm_type": "nodes" }, "geometry": { "type": "Point", "coordinates": [ 28.7729647, 40.9885202 ] } },
{ "type": "Feature", "properties": { "name": "Bahçeşehir", "name:en": null, "railway": "station", "ele": null, "operator:type": null, "layer": null, "addr:full": null, "addr:city": null, "source": null, "name:tr": null, "osm_id": 9665946456, "osm_type": "nodes" }, "geometry": { "type": "Point", "coordinates": [ 28.6788126, 41.0843995 ] } },
{ "type": "Feature", "properties": { "name": "Nispetiye", "name:en": null, "railway": "station", "ele": null, "operator:type": null, "layer": null, "addr:full": null, "addr:city": "İstanbul", "source": null, "name:tr": null, "osm_id": 3937514080, "osm_type": "nodes" }, "geometry": { "type": "Point", "coordinates": [ 29.0240046, 41.0773859 ] } },
{ "type": "Feature", "properties": { "name": "Yuva", "name:en": null, "railway": "station", "ele": null, "operator:type": null, "layer": null, "addr:full": null, "addr:city": null, "source": null, "name:tr": null, "osm_id": 1027876435, "osm_type": "nodes" }, "geometry": { "type": "Point", "coordinates": [ 37.6858966, 36.9847 ] } },
{ "type": "Feature", "properties": { "name": "Geçit/Balat", "name:en": null, "railway": "station", "ele": null, "operator:type": null, "layer": null, "addr:full": null, "addr:city": null, "source": null, "name:tr": null, "osm_id": 11773405295, "osm_type": "nodes" }, "geometry": { "type": "Point", "coordinates": [ 28.9482624, 40.2673754 ] } },
{ "type": "Feature", "properties": { "name": "Çorum", "name:en": null, "railway": "station", "ele": null, "operator:type": null, "layer": null, "addr:full": null, "addr:city": null, "source": null, "name:tr": null, "osm_id": 13039115881, "osm_type": "nodes" }, "geometry": { "type": "Point", "coordinates": [ 34.9034438, 40.5168647 ] } },
{ "type": "Feature", "properties": { "name": "Derbent", "name:en": null, "railway": "station", "ele": null, "operator:type": null, "layer": null, "addr:full": null, "addr:city": null, "source": null, "name:tr": null, "osm_id": 13040894854, "osm_type": "nodes" }, "geometry": { "type": "Point", "coordinates": [ 29.6416343, 38.6706734 ] } },
{ "type": "Feature", "properties": { "name": "Kayışdağı", "name:en": null, "railway": "station", "ele": null, "operator:type": null, "layer": null, "addr:full": null, "addr:city": null, "source": null, "name:tr": null, "osm_id": 6932391790, "osm_type": "nodes" }, "geometry": { "type": "Point", "coordinates": [ 29.1377413, 40.9846866 ] } },
{ "type": "Feature", "properties": { "name": "Menteşe", "name:en": null, "railway": "station", "ele": null, "operator:type": null, "layer": null, "addr:full": null, "addr:city": null, "source": null, "name:tr": null, "osm_id": 1805749145, "osm_type": "nodes" }, "geometry": { "type": "Point", "coordinates": [ 36.7244884, 39.789624 ] } },
{ "type": "Feature", "properties": { "name": "Topulyurdu", "name:en": null, "railway": "station", "ele": null, "operator:type": null, "layer": null, "addr:full": null, "addr:city": null, "source": null, "name:tr": null, "osm_id": 13270281157, "osm_type": "nodes" }, "geometry": { "type": "Point", "coordinates": [ 36.3019301, 39.9561377 ] } },
{ "type": "Feature", "properties": { "name": "Subaşı", "name:en": null, "railway": "station", "ele": null, "operator:type": null, "layer": null, "addr:full": null, "addr:city": null, "source": null, "name:tr": null, "osm_id": 1022220160, "osm_type": "nodes" }, "geometry": { "type": "Point", "coordinates": [ 36.4204722, 39.8923595 ] } },
{ "type": "Feature", "properties": { "name": "Ulusulu", "name:en": null, "railway": "station", "ele": null, "operator:type": null, "layer": null, "addr:full": null, "addr:city": null, "source": null, "name:tr": null, "osm_id": 2700446830, "osm_type": "nodes" }, "geometry": { "type": "Point", "coordinates": [ 36.1714429, 40.1536703 ] } },
{ "type": "Feature", "properties": { "name": "Turhal", "name:en": null, "railway": "station", "ele": null, "operator:type": null, "layer": null, "addr:full": null, "addr:city": null, "source": null, "name:tr": null, "osm_id": 8188450834, "osm_type": "nodes" }, "geometry": { "type": "Point", "coordinates": [ 36.078043, 40.3895887 ] } },
{ "type": "Feature", "properties": { "name": null, "name:en": null, "railway": "station", "ele": null, "operator:type": null, "layer": null, "addr:full": null, "addr:city": null, "source": null, "name:tr": null, "osm_id": 10799787870, "osm_type": "nodes" }, "geometry": { "type": "Point", "coordinates": [ 28.9404771, 41.0416076 ] } },
{ "type": "Feature", "properties": { "name": "Darıca Cumhuriyet Meydanı", "name:en": null, "railway": "station", "ele": null, "operator:type": null, "layer": null, "addr:full": null, "addr:city": null, "source": null, "name:tr": null, "osm_id": 11591633642, "osm_type": "nodes" }, "geometry": { "type": "Point", "coordinates": [ 29.3884724, 40.7612553 ] } },
{ "type": "Feature", "properties": { "name": "Fatih Devlet Hastanesi", "name:en": null, "railway": "station", "ele": null, "operator:type": null, "layer": null, "addr:full": null, "addr:city": null, "source": null, "name:tr": null, "osm_id": 11591633645, "osm_type": "nodes" }, "geometry": { "type": "Point", "coordinates": [ 29.4216678, 40.7904089 ] } },
{ "type": "Feature", "properties": { "name": "Gebze Kent Meydanı", "name:en": null, "railway": "station", "ele": null, "operator:type": null, "layer": null, "addr:full": null, "addr:city": null, "source": null, "name:tr": null, "osm_id": 11591633646, "osm_type": "nodes" }, "geometry": { "type": "Point", "coordinates": [ 29.4322828, 40.7980109 ] } },
{ "type": "Feature", "properties": { "name": "Mutlukent", "name:en": null, "railway": "station", "ele": null, "operator:type": null, "layer": null, "addr:full": null, "addr:city": null, "source": null, "name:tr": null, "osm_id": 11591633650, "osm_type": "nodes" }, "geometry": { "type": "Point", "coordinates": [ 29.417388, 40.8271902 ] } },
{ "type": "Feature", "properties": { "name": "Piyadeler", "name:en": null, "railway": "station", "ele": null, "operator:type": null, "layer": null, "addr:full": null, "addr:city": null, "source": null, "name:tr": null, "osm_id": 2629885702, "osm_type": "nodes" }, "geometry": { "type": "Point", "coordinates": [ 28.4329616, 38.4000315 ] } },
{ "type": "Feature", "properties": { "name": "Karacailyas", "name:en": null, "railway": "station", "ele": null, "operator:type": null, "layer": null, "addr:full": null, "addr:city": "Mersin", "source": null, "name:tr": null, "osm_id": 2639607450, "osm_type": "nodes" }, "geometry": { "type": "Point", "coordinates": [ 34.7088149, 36.8459782 ] } },
{ "type": "Feature", "properties": { "name": "Darıca Sahil", "name:en": null, "railway": "station", "ele": null, "operator:type": null, "layer": null, "addr:full": null, "addr:city": null, "source": null, "name:tr": null, "osm_id": 11591633641, "osm_type": "nodes" }, "geometry": { "type": "Point", "coordinates": [ 29.376327, 40.7573319 ] } },
{ "type": "Feature", "properties": { "name": "Elifoğlu", "name:en": null, "railway": "station", "ele": null, "operator:type": null, "layer": null, "addr:full": null, "addr:city": null, "source": null, "name:tr": null, "osm_id": 1028215425, "osm_type": "nodes" }, "geometry": { "type": "Point", "coordinates": [ 37.985223, 36.9425966 ] } },
{ "type": "Feature", "properties": { "name": "Kızılca", "name:en": null, "railway": "station", "ele": null, "operator:type": null, "layer": null, "addr:full": null, "addr:city": null, "source": "bing", "name:tr": null, "osm_id": 1807927361, "osm_type": "nodes" }, "geometry": { "type": "Point", "coordinates": [ 35.7604328, 40.5161168 ] } },
{ "type": "Feature", "properties": { "name": "Suluova", "name:en": null, "railway": "station", "ele": null, "operator:type": null, "layer": null, "addr:full": null, "addr:city": null, "source": null, "name:tr": null, "osm_id": 13285269717, "osm_type": "nodes" }, "geometry": { "type": "Point", "coordinates": [ 35.6585138, 40.8150012 ] } },
{ "type": "Feature", "properties": { "name": "Samurçay", "name:en": null, "railway": "station", "ele": null, "operator:type": null, "layer": null, "addr:full": null, "addr:city": null, "source": null, "name:tr": null, "osm_id": 2700438701, "osm_type": "nodes" }, "geometry": { "type": "Point", "coordinates": [ 36.0223691, 40.4636665 ] } },
{ "type": "Feature", "properties": { "name": "Kayabaşı", "name:en": null, "railway": "station", "ele": null, "operator:type": null, "layer": null, "addr:full": null, "addr:city": null, "source": null, "name:tr": null, "osm_id": 2700434686, "osm_type": "nodes" }, "geometry": { "type": "Point", "coordinates": [ 35.7562963, 40.5724409 ] } },
{ "type": "Feature", "properties": { "name": "Amasya", "name:en": null, "railway": "station", "ele": null, "operator:type": null, "layer": null, "addr:full": null, "addr:city": null, "source": null, "name:tr": null, "osm_id": 1807927360, "osm_type": "nodes" }, "geometry": { "type": "Point", "coordinates": [ 35.8141012, 40.6546255 ] } },
{ "type": "Feature", "properties": { "name": "Artova", "name:en": null, "railway": "station", "ele": null, "operator:type": null, "layer": null, "addr:full": null, "addr:city": null, "source": null, "name:tr": null, "osm_id": 1805807412, "osm_type": "nodes" }, "geometry": { "type": "Point", "coordinates": [ 36.3007892, 40.114067 ] } },
{ "type": "Feature", "properties": { "name": "Gediz", "name:en": null, "railway": "station", "ele": null, "operator:type": null, "layer": null, "addr:full": null, "addr:city": null, "source": null, "name:tr": null, "osm_id": 13062345274, "osm_type": "nodes" }, "geometry": { "type": "Point", "coordinates": [ 27.1492824, 38.3605451 ] } },
{ "type": "Feature", "properties": { "name": "Havza", "name:en": null, "railway": "station", "ele": null, "operator:type": null, "layer": null, "addr:full": null, "addr:city": null, "source": null, "name:tr": null, "osm_id": 8634566619, "osm_type": "nodes" }, "geometry": { "type": "Point", "coordinates": [ 35.6671033, 40.9657067 ] } },
{ "type": "Feature", "properties": { "name": "Ladik", "name:en": null, "railway": "station", "ele": null, "operator:type": null, "layer": null, "addr:full": null, "addr:city": null, "source": null, "name:tr": null, "osm_id": 2632430068, "osm_type": "nodes" }, "geometry": { "type": "Point", "coordinates": [ 35.871989, 41.0192745 ] } },
{ "type": "Feature", "properties": { "name": "Yıldızeli YHT", "name:en": null, "railway": "station", "ele": null, "operator:type": null, "layer": null, "addr:full": null, "addr:city": null, "source": null, "name:tr": null, "osm_id": 10858007732, "osm_type": "nodes" }, "geometry": { "type": "Point", "coordinates": [ 36.5623214, 39.8589175 ] } },
{ "type": "Feature", "properties": { "name": "Akdağmadeni YHT", "name:en": null, "railway": "station", "ele": null, "operator:type": null, "layer": null, "addr:full": null, "addr:city": null, "source": null, "name:tr": null, "osm_id": 9048288995, "osm_type": "nodes" }, "geometry": { "type": "Point", "coordinates": [ 35.8920926, 39.7821471 ] } },
{ "type": "Feature", "properties": { "name": "Kavak", "name:en": null, "railway": "station", "ele": null, "operator:type": null, "layer": null, "addr:full": null, "addr:city": null, "source": "bing", "name:tr": null, "osm_id": 1807556051, "osm_type": "nodes" }, "geometry": { "type": "Point", "coordinates": [ 36.026884, 41.0685369 ] } },
{ "type": "Feature", "properties": { "name": "Meşelidüz", "name:en": null, "railway": "station", "ele": null, "operator:type": null, "layer": null, "addr:full": null, "addr:city": null, "source": null, "name:tr": null, "osm_id": 2632443677, "osm_type": "nodes" }, "geometry": { "type": "Point", "coordinates": [ 36.2115834, 41.1933791 ] } },
{ "type": "Feature", "properties": { "name": "AŞTİ", "name:en": null, "railway": "station", "ele": null, "operator:type": null, "layer": null, "addr:full": null, "addr:city": null, "source": null, "name:tr": null, "osm_id": 2722494903, "osm_type": "nodes" }, "geometry": { "type": "Point", "coordinates": [ 32.8143741, 39.9182467 ] } },
{ "type": "Feature", "properties": { "name": "Anadolu/Anıtkabir", "name:en": null, "railway": "station", "ele": null, "operator:type": null, "layer": null, "addr:full": null, "addr:city": null, "source": null, "name:tr": null, "osm_id": 2400068302, "osm_type": "nodes" }, "geometry": { "type": "Point", "coordinates": [ 32.8373663, 39.9347287 ] } },
{ "type": "Feature", "properties": { "name": "Emek", "name:en": null, "railway": "station", "ele": null, "operator:type": null, "layer": null, "addr:full": null, "addr:city": null, "source": null, "name:tr": null, "osm_id": 670252468, "osm_type": "nodes" }, "geometry": { "type": "Point", "coordinates": [ 32.8148986, 39.9232031 ] } },
{ "type": "Feature", "properties": { "name": "Yıldırım / Davutdede", "name:en": null, "railway": "station", "ele": null, "operator:type": null, "layer": null, "addr:full": null, "addr:city": null, "source": null, "name:tr": null, "osm_id": 5315444458, "osm_type": "nodes" }, "geometry": { "type": "Point", "coordinates": [ 29.0874597, 40.1916229 ] } },
{ "type": "Feature", "properties": { "name": "Demirtaşpaşa / Abdal", "name:en": null, "railway": "station", "ele": null, "operator:type": null, "layer": null, "addr:full": null, "addr:city": null, "source": null, "name:tr": null, "osm_id": 5315478129, "osm_type": "nodes" }, "geometry": { "type": "Point", "coordinates": [ 29.069088, 40.1873374 ] } },
{ "type": "Feature", "properties": { "name": "Bursa Teknik Üniversitesi / Mimar Sinan", "name:en": null, "railway": "station", "ele": null, "operator:type": null, "layer": null, "addr:full": null, "addr:city": null, "source": null, "name:tr": null, "osm_id": 5315407482, "osm_type": "nodes" }, "geometry": { "type": "Point", "coordinates": [ 29.132266, 40.1915593 ] } },
{ "type": "Feature", "properties": { "name": "Hacivat / Esenevler", "name:en": null, "railway": "station", "ele": null, "operator:type": null, "layer": null, "addr:full": null, "addr:city": null, "source": null, "name:tr": null, "osm_id": 5315407491, "osm_type": "nodes" }, "geometry": { "type": "Point", "coordinates": [ 29.141635, 40.1921925 ] } },
{ "type": "Feature", "properties": { "name": "Cumalıkızık / Değirmenönü", "name:en": null, "railway": "station", "ele": null, "operator:type": null, "layer": null, "addr:full": null, "addr:city": null, "source": null, "name:tr": null, "osm_id": 5315410731, "osm_type": "nodes" }, "geometry": { "type": "Point", "coordinates": [ 29.1749547, 40.1978861 ] } },
{ "type": "Feature", "properties": { "name": "Emirler", "name:en": null, "railway": "station", "ele": "863", "operator:type": null, "layer": null, "addr:full": null, "addr:city": null, "source": null, "name:tr": null, "osm_id": 13096553867, "osm_type": "nodes" }, "geometry": { "type": "Point", "coordinates": [ 29.3623508, 39.4925647 ] } },
{ "type": "Feature", "properties": { "name": "Kayseri YHT", "name:en": null, "railway": "station", "ele": null, "operator:type": null, "layer": null, "addr:full": null, "addr:city": null, "source": null, "name:tr": null, "osm_id": 10715896199, "osm_type": "nodes" }, "geometry": { "type": "Point", "coordinates": [ 35.4293391, 38.7809641 ] } },
{ "type": "Feature", "properties": { "name": "Gazi", "name:en": null, "railway": "station", "ele": null, "operator:type": null, "layer": null, "addr:full": null, "addr:city": null, "source": null, "name:tr": null, "osm_id": 6080817083, "osm_type": "nodes" }, "geometry": { "type": "Point", "coordinates": [ 32.7963138, 39.9403072 ] } },
{ "type": "Feature", "properties": { "name": "Yenişehir", "name:en": null, "railway": "station", "ele": null, "operator:type": null, "layer": null, "addr:full": null, "addr:city": null, "source": null, "name:tr": null, "osm_id": 6942688137, "osm_type": "nodes" }, "geometry": { "type": "Point", "coordinates": [ 32.857846, 39.9291091 ] } },
{ "type": "Feature", "properties": { "name": "Köstence", "name:en": null, "railway": "station", "ele": null, "operator:type": null, "layer": null, "addr:full": null, "addr:city": null, "source": null, "name:tr": null, "osm_id": 6942688155, "osm_type": "nodes" }, "geometry": { "type": "Point", "coordinates": [ 32.9500583, 39.9168514 ] } },
{ "type": "Feature", "properties": { "name": "Behiçbey", "name:en": null, "railway": "station", "ele": null, "operator:type": null, "layer": null, "addr:full": null, "addr:city": null, "source": null, "name:tr": null, "osm_id": 6981627652, "osm_type": "nodes" }, "geometry": { "type": "Point", "coordinates": [ 32.7501306, 39.9314992 ] } },
{ "type": "Feature", "properties": { "name": "Yıldırım", "name:en": null, "railway": "station", "ele": null, "operator:type": null, "layer": null, "addr:full": null, "addr:city": null, "source": null, "name:tr": null, "osm_id": 6981627663, "osm_type": "nodes" }, "geometry": { "type": "Point", "coordinates": [ 32.7045927, 39.9323547 ] } },
{ "type": "Feature", "properties": { "name": "Boğaziçi Üniversitesi/Hisarüstü", "name:en": null, "railway": "station", "ele": null, "operator:type": null, "layer": null, "addr:full": null, "addr:city": null, "source": null, "name:tr": null, "osm_id": 7723416062, "osm_type": "nodes" }, "geometry": { "type": "Point", "coordinates": [ 29.0456413, 41.0851345 ] } },
{ "type": "Feature", "properties": { "name": "Ziya Gökalp (Yeni Sanayi)", "name:en": null, "railway": "station", "ele": null, "operator:type": null, "layer": null, "addr:full": null, "addr:city": null, "source": null, "name:tr": null, "osm_id": 13270950268, "osm_type": "nodes" }, "geometry": { "type": "Point", "coordinates": [ 35.433783, 38.7394047 ] } },
{ "type": "Feature", "properties": { "name": "Boğazköprü", "name:en": null, "railway": "station", "ele": null, "operator:type": null, "layer": null, "addr:full": null, "addr:city": null, "source": null, "name:tr": null, "osm_id": 13271001915, "osm_type": "nodes" }, "geometry": { "type": "Point", "coordinates": [ 35.3177981, 38.7534885 ] } },
{ "type": "Feature", "properties": { "name": "Andaval", "name:en": null, "railway": "station", "ele": null, "operator:type": null, "layer": null, "addr:full": null, "addr:city": null, "source": null, "name:tr": null, "osm_id": 13348039398, "osm_type": "nodes" }, "geometry": { "type": "Point", "coordinates": [ 34.7669505, 38.0557071 ] } },
{ "type": "Feature", "properties": { "name": "Հայկաշեն", "name:en": "Haykashen", "railway": "station", "ele": null, "operator:type": null, "layer": null, "addr:full": null, "addr:city": null, "source": null, "name:tr": null, "osm_id": 11368513440, "osm_type": "nodes" }, "geometry": { "type": "Point", "coordinates": [ 44.3089053, 40.0681871 ] } },
{ "type": "Feature", "properties": { "name": "Seyrantepe", "name:en": null, "railway": "station", "ele": null, "operator:type": null, "layer": null, "addr:full": null, "addr:city": null, "source": null, "name:tr": null, "osm_id": 2171927595, "osm_type": "nodes" }, "geometry": { "type": "Point", "coordinates": [ 28.9957261, 41.1011898 ] } },
{ "type": "Feature", "properties": { "name": "Şehir Hastanesi", "name:en": null, "railway": "station", "ele": null, "operator:type": null, "layer": "-1", "addr:full": null, "addr:city": null, "source": null, "name:tr": null, "osm_id": 12065100846, "osm_type": "nodes" }, "geometry": { "type": "Point", "coordinates": [ 28.9123961, 40.2679921 ] } },
{ "type": "Feature", "properties": { "name": "Yerköy", "name:en": "Yerköy", "railway": "station", "ele": null, "operator:type": null, "layer": null, "addr:full": null, "addr:city": null, "source": "bing", "name:tr": null, "osm_id": 1825492023, "osm_type": "nodes" }, "geometry": { "type": "Point", "coordinates": [ 34.4710047, 39.63841 ] } },
{ "type": "Feature", "properties": { "name": "Sorgun YHT", "name:en": "Sorgun YHT", "railway": "station", "ele": null, "operator:type": null, "layer": null, "addr:full": null, "addr:city": null, "source": null, "name:tr": null, "osm_id": 10820061374, "osm_type": "nodes" }, "geometry": { "type": "Point", "coordinates": [ 35.158587, 39.8266852 ] } },
{ "type": "Feature", "properties": { "name": "İTÜ-Ayazağa", "name:en": null, "railway": "station", "ele": null, "operator:type": null, "layer": null, "addr:full": null, "addr:city": null, "source": null, "name:tr": null, "osm_id": 7725394066, "osm_type": "nodes" }, "geometry": { "type": "Point", "coordinates": [ 29.0209695, 41.1080715 ] } },
{ "type": "Feature", "properties": { "name": "Gürsu Hızlı Tren İstasyonu", "name:en": null, "railway": "station", "ele": null, "operator:type": null, "layer": null, "addr:full": null, "addr:city": null, "source": null, "name:tr": null, "osm_id": 11953547054, "osm_type": "nodes" }, "geometry": { "type": "Point", "coordinates": [ 29.2009848, 40.2563556 ] } },
{ "type": "Feature", "properties": { "name": "Yenişehir Hızlı Tren İstasyonu", "name:en": null, "railway": "station", "ele": null, "operator:type": null, "layer": null, "addr:full": null, "addr:city": null, "source": null, "name:tr": null, "osm_id": 11953552077, "osm_type": "nodes" }, "geometry": { "type": "Point", "coordinates": [ 29.6566808, 40.2493162 ] } },
{ "type": "Feature", "properties": { "name": "Osmaneli Hızlı Tren İstasyonu", "name:en": null, "railway": "station", "ele": null, "operator:type": null, "layer": null, "addr:full": null, "addr:city": null, "source": null, "name:tr": null, "osm_id": 11953552080, "osm_type": "nodes" }, "geometry": { "type": "Point", "coordinates": [ 29.9594094, 40.37273 ] } },
{ "type": "Feature", "properties": { "name": "Yenişehir Havalimanı Hızlı Tren İstasyonu", "name:en": null, "railway": "station", "ele": null, "operator:type": null, "layer": null, "addr:full": null, "addr:city": null, "source": null, "name:tr": null, "osm_id": 13360210320, "osm_type": "nodes" }, "geometry": { "type": "Point", "coordinates": [ 29.5496221, 40.2626697 ] } },
{ "type": "Feature", "properties": { "name": "Gürsu", "name:en": null, "railway": "station", "ele": null, "operator:type": null, "layer": null, "addr:full": null, "addr:city": null, "source": null, "name:tr": null, "osm_id": 5315410742, "osm_type": "nodes" }, "geometry": { "type": "Point", "coordinates": [ 29.1904244, 40.1992393 ] } },
{ "type": "Feature", "properties": { "name": "Kestel", "name:en": null, "railway": "station", "ele": null, "operator:type": null, "layer": null, "addr:full": null, "addr:city": null, "source": null, "name:tr": null, "osm_id": 5315410781, "osm_type": "nodes" }, "geometry": { "type": "Point", "coordinates": [ 29.2069636, 40.2026251 ] } },
{ "type": "Feature", "properties": { "name": "Gökdere", "name:en": null, "railway": "station", "ele": null, "operator:type": null, "layer": null, "addr:full": null, "addr:city": null, "source": null, "name:tr": null, "osm_id": 5315446884, "osm_type": "nodes" }, "geometry": { "type": "Point", "coordinates": [ 29.0786017, 40.1885955 ] } },
{ "type": "Feature", "properties": { "name": "Duaçınarı", "name:en": null, "railway": "station", "ele": null, "operator:type": null, "layer": null, "addr:full": null, "addr:city": null, "source": null, "name:tr": null, "osm_id": 7726391260, "osm_type": "nodes" }, "geometry": { "type": "Point", "coordinates": [ 29.0992347, 40.1915637 ] } },
{ "type": "Feature", "properties": { "name": "4. Levent", "name:en": null, "railway": "station", "ele": null, "operator:type": null, "layer": null, "addr:full": null, "addr:city": null, "source": null, "name:tr": null, "osm_id": 7725394063, "osm_type": "nodes" }, "geometry": { "type": "Point", "coordinates": [ 29.0071653, 41.086111 ] } },
{ "type": "Feature", "properties": { "name": "Tayyakadın", "name:en": null, "railway": "station", "ele": "66", "operator:type": null, "layer": null, "addr:full": null, "addr:city": null, "source": null, "name:tr": null, "osm_id": 13206521717, "osm_type": "nodes" }, "geometry": { "type": "Point", "coordinates": [ 26.6533439, 41.5968187 ] } },
{ "type": "Feature", "properties": { "name": "Alpullu", "name:en": null, "railway": "station", "ele": "34", "operator:type": null, "layer": null, "addr:full": null, "addr:city": null, "source": null, "name:tr": null, "osm_id": 11132878358, "osm_type": "nodes" }, "geometry": { "type": "Point", "coordinates": [ 27.1423137, 41.3664626 ] } },
{ "type": "Feature", "properties": { "name": "Lüleburgaz", "name:en": null, "railway": "station", "ele": "48", "operator:type": null, "layer": null, "addr:full": null, "addr:city": null, "source": null, "name:tr": null, "osm_id": 2502544119, "osm_type": "nodes" }, "geometry": { "type": "Point", "coordinates": [ 27.3318476, 41.3554105 ] } },
{ "type": "Feature", "properties": { "name": "Kabakça", "name:en": null, "railway": "station", "ele": "60", "operator:type": null, "layer": null, "addr:full": null, "addr:city": null, "source": null, "name:tr": null, "osm_id": 2625912908, "osm_type": "nodes" }, "geometry": { "type": "Point", "coordinates": [ 28.3647008, 41.215506 ] } },
{ "type": "Feature", "properties": { "name": "Yenikapı", "name:en": null, "railway": "station", "ele": "-20", "operator:type": null, "layer": null, "addr:full": null, "addr:city": null, "source": null, "name:tr": null, "osm_id": 12660718807, "osm_type": "nodes" }, "geometry": { "type": "Point", "coordinates": [ 28.9524013, 41.004765 ] } },
{ "type": "Feature", "properties": { "name": "Üsküdar", "name:en": null, "railway": "station", "ele": "-56", "operator:type": null, "layer": null, "addr:full": null, "addr:city": null, "source": null, "name:tr": null, "osm_id": 5442551070, "osm_type": "nodes" }, "geometry": { "type": "Point", "coordinates": [ 29.0131466, 41.0256394 ] } },
{ "type": "Feature", "properties": { "name": "Derince", "name:en": null, "railway": "station", "ele": "7", "operator:type": null, "layer": null, "addr:full": null, "addr:city": "Kocaeli", "source": null, "name:tr": null, "osm_id": 10820574849, "osm_type": "nodes" }, "geometry": { "type": "Point", "coordinates": [ 29.8340705, 40.7544957 ] } },
{ "type": "Feature", "properties": { "name": "Muratlı", "name:en": null, "railway": "station", "ele": "82", "operator:type": null, "layer": null, "addr:full": null, "addr:city": null, "source": null, "name:tr": null, "osm_id": 2255041702, "osm_type": "nodes" }, "geometry": { "type": "Point", "coordinates": [ 27.5002504, 41.1699287 ] } },
{ "type": "Feature", "properties": { "name": "Çayırdere", "name:en": null, "railway": "station", "ele": "226", "operator:type": null, "layer": null, "addr:full": null, "addr:city": null, "source": null, "name:tr": null, "osm_id": 2623370290, "osm_type": "nodes" }, "geometry": { "type": "Point", "coordinates": [ 28.1217427, 41.2599697 ] } },
{ "type": "Feature", "properties": { "name": "Halkalı", "name:en": null, "railway": "station", "ele": "2", "operator:type": null, "layer": null, "addr:full": null, "addr:city": null, "source": null, "name:tr": null, "osm_id": 2253949587, "osm_type": "nodes" }, "geometry": { "type": "Point", "coordinates": [ 28.7665286, 41.0183702 ] } },
{ "type": "Feature", "properties": { "name": "Sirkeci", "name:en": null, "railway": "station", "ele": "-56", "operator:type": null, "layer": "1", "addr:full": null, "addr:city": null, "source": null, "name:tr": null, "osm_id": 12660718814, "osm_type": "nodes" }, "geometry": { "type": "Point", "coordinates": [ 28.977962, 41.0150174 ] } },
{ "type": "Feature", "properties": { "name": "Ayrılık Çeşmesi", "name:en": null, "railway": "station", "ele": "-20", "operator:type": null, "layer": null, "addr:full": null, "addr:city": null, "source": null, "name:tr": null, "osm_id": 1898304351, "osm_type": "nodes" }, "geometry": { "type": "Point", "coordinates": [ 29.0302593, 41.0001678 ] } },
{ "type": "Feature", "properties": { "name": "Bilecik", "name:en": null, "railway": "station", "ele": "295", "operator:type": null, "layer": null, "addr:full": null, "addr:city": null, "source": null, "name:tr": null, "osm_id": 2857536506, "osm_type": "nodes" }, "geometry": { "type": "Point", "coordinates": [ 30.0005384, 40.1153928 ] } },
{ "type": "Feature", "properties": { "name": "Ankara", "name:en": null, "railway": "station", "ele": "851", "operator:type": null, "layer": null, "addr:full": null, "addr:city": null, "source": null, "name:tr": null, "osm_id": 9747501490, "osm_type": "nodes" }, "geometry": { "type": "Point", "coordinates": [ 32.8434244, 39.9359609 ] } },
{ "type": "Feature", "properties": { "name": "Abalar", "name:en": null, "railway": "station", "ele": "69", "operator:type": null, "layer": null, "addr:full": null, "addr:city": null, "source": null, "name:tr": null, "osm_id": 2560606964, "osm_type": "nodes" }, "geometry": { "type": "Point", "coordinates": [ 26.7313754, 41.5200864 ] } },
{ "type": "Feature", "properties": { "name": "Kırcasalih", "name:en": null, "railway": "station", "ele": "43", "operator:type": null, "layer": null, "addr:full": null, "addr:city": null, "source": null, "name:tr": null, "osm_id": 12228171643, "osm_type": "nodes" }, "geometry": { "type": "Point", "coordinates": [ 26.8144035, 41.4211608 ] } },
{ "type": "Feature", "properties": { "name": "Uzunköprü", "name:en": null, "railway": "station", "ele": "35", "operator:type": null, "layer": null, "addr:full": null, "addr:city": null, "source": null, "name:tr": null, "osm_id": 1830006084, "osm_type": "nodes" }, "geometry": { "type": "Point", "coordinates": [ 26.6896238, 41.2960052 ] } },
{ "type": "Feature", "properties": { "name": "Sinekli", "name:en": null, "railway": "station", "ele": "221", "operator:type": null, "layer": null, "addr:full": null, "addr:city": null, "source": null, "name:tr": null, "osm_id": 287816799, "osm_type": "nodes" }, "geometry": { "type": "Point", "coordinates": [ 28.1923087, 41.2310387 ] } },
{ "type": "Feature", "properties": { "name": "Gebze", "name:en": null, "railway": "station", "ele": "69.2", "operator:type": null, "layer": null, "addr:full": null, "addr:city": null, "source": null, "name:tr": null, "osm_id": 6764109168, "osm_type": "nodes" }, "geometry": { "type": "Point", "coordinates": [ 29.4107806, 40.7838682 ] } },
{ "type": "Feature", "properties": { "name": "Pamukova YHT", "name:en": null, "railway": "station", "ele": "80", "operator:type": null, "layer": null, "addr:full": null, "addr:city": null, "source": null, "name:tr": null, "osm_id": 12736098197, "osm_type": "nodes" }, "geometry": { "type": "Point", "coordinates": [ 30.186889, 40.4981889 ] } },
{ "type": "Feature", "properties": { "name": "Kayaş", "name:en": null, "railway": "station", "ele": "936", "operator:type": null, "layer": null, "addr:full": null, "addr:city": null, "source": null, "name:tr": null, "osm_id": 2626019497, "osm_type": "nodes" }, "geometry": { "type": "Point", "coordinates": [ 32.9656817, 39.9135134 ] } },
{ "type": "Feature", "properties": { "name": "Kırıkkale", "name:en": null, "railway": "station", "ele": "705", "operator:type": null, "layer": null, "addr:full": null, "addr:city": null, "source": null, "name:tr": null, "osm_id": 11309220599, "osm_type": "nodes" }, "geometry": { "type": "Point", "coordinates": [ 33.5032757, 39.8371465 ] } },
{ "type": "Feature", "properties": { "name": "İzzettin", "name:en": null, "railway": "station", "ele": "948", "operator:type": null, "layer": null, "addr:full": null, "addr:city": null, "source": null, "name:tr": null, "osm_id": 13369738280, "osm_type": "nodes" }, "geometry": { "type": "Point", "coordinates": [ 33.8387491, 39.9103592 ] } },
{ "type": "Feature", "properties": { "name": "Polatlı YHT Garı", "name:en": null, "railway": "station", "ele": "874", "operator:type": null, "layer": null, "addr:full": null, "addr:city": null, "source": null, "name:tr": null, "osm_id": 10134127154, "osm_type": "nodes" }, "geometry": { "type": "Point", "coordinates": [ 32.1814606, 39.5801804 ] } },
{ "type": "Feature", "properties": { "name": "Elmadağ YHT", "name:en": null, "railway": "station", "ele": "1093", "operator:type": null, "layer": null, "addr:full": null, "addr:city": null, "source": null, "name:tr": null, "osm_id": 11056845810, "osm_type": "nodes" }, "geometry": { "type": "Point", "coordinates": [ 33.2042196, 39.9484468 ] } },
{ "type": "Feature", "properties": { "name": "Yağlı", "name:en": null, "railway": "station", "ele": "815", "operator:type": null, "layer": null, "addr:full": null, "addr:city": null, "source": null, "name:tr": null, "osm_id": 13371885220, "osm_type": "nodes" }, "geometry": { "type": "Point", "coordinates": [ 33.8924037, 39.9041584 ] } },
{ "type": "Feature", "properties": { "name": "Çerikli", "name:en": null, "railway": "station", "ele": "680", "operator:type": null, "layer": null, "addr:full": null, "addr:city": null, "source": null, "name:tr": null, "osm_id": 1038144963, "osm_type": "nodes" }, "geometry": { "type": "Point", "coordinates": [ 34.000113, 39.8910965 ] } },
{ "type": "Feature", "properties": { "name": "Sekili", "name:en": null, "railway": "station", "ele": "704", "operator:type": null, "layer": null, "addr:full": null, "addr:city": null, "source": null, "name:tr": null, "osm_id": 1038144898, "osm_type": "nodes" }, "geometry": { "type": "Point", "coordinates": [ 34.2546362, 39.7362036 ] } },
{ "type": "Feature", "properties": { "name": "Yerköy YHT", "name:en": "Yerköy", "railway": "station", "ele": "764", "operator:type": null, "layer": null, "addr:full": null, "addr:city": null, "source": null, "name:tr": null, "osm_id": 9093354809, "osm_type": "nodes" }, "geometry": { "type": "Point", "coordinates": [ 34.4657364, 39.6871011 ] } },
{ "type": "Feature", "properties": { "name": "Karaosman", "name:en": null, "railway": "station", "ele": "973", "operator:type": null, "layer": null, "addr:full": null, "addr:city": null, "source": null, "name:tr": null, "osm_id": 2679015726, "osm_type": "nodes" }, "geometry": { "type": "Point", "coordinates": [ 34.5794271, 39.5757036 ] } },
{ "type": "Feature", "properties": { "name": "Şefaatli", "name:en": null, "railway": "station", "ele": "908", "operator:type": null, "layer": null, "addr:full": null, "addr:city": null, "source": null, "name:tr": null, "osm_id": 2319789289, "osm_type": "nodes" }, "geometry": { "type": "Point", "coordinates": [ 34.7496903, 39.498544 ] } },
{ "type": "Feature", "properties": { "name": "Sarıkent", "name:en": null, "railway": "station", "ele": "942", "operator:type": null, "layer": null, "addr:full": null, "addr:city": null, "source": null, "name:tr": null, "osm_id": 2320732874, "osm_type": "nodes" }, "geometry": { "type": "Point", "coordinates": [ 34.7793274, 39.3777222 ] } },
{ "type": "Feature", "properties": { "name": "Yenifakılı", "name:en": null, "railway": "station", "ele": "1008", "operator:type": null, "layer": null, "addr:full": null, "addr:city": null, "source": null, "name:tr": null, "osm_id": 2679017576, "osm_type": "nodes" }, "geometry": { "type": "Point", "coordinates": [ 35.0024411, 39.2127747 ] } },
{ "type": "Feature", "properties": { "name": "Kalkancık", "name:en": null, "railway": "station", "ele": "1110", "operator:type": null, "layer": null, "addr:full": null, "addr:city": null, "source": null, "name:tr": null, "osm_id": 2679020381, "osm_type": "nodes" }, "geometry": { "type": "Point", "coordinates": [ 35.1417072, 38.8846984 ] } },
{ "type": "Feature", "properties": { "name": "Boğazköprü", "name:en": null, "railway": "station", "ele": "1037", "operator:type": null, "layer": null, "addr:full": null, "addr:city": null, "source": null, "name:tr": null, "osm_id": 12576453388, "osm_type": "nodes" }, "geometry": { "type": "Point", "coordinates": [ 35.32218, 38.7552442 ] } },
{ "type": "Feature", "properties": { "name": "İncesu", "name:en": null, "railway": "station", "ele": "1071", "operator:type": null, "layer": null, "addr:full": null, "addr:city": null, "source": null, "name:tr": null, "osm_id": 2716065683, "osm_type": "nodes" }, "geometry": { "type": "Point", "coordinates": [ 35.1964899, 38.6288106 ] } },
{ "type": "Feature", "properties": { "name": "Hüyük", "name:en": null, "railway": "station", "ele": "1359", "operator:type": null, "layer": null, "addr:full": null, "addr:city": null, "source": null, "name:tr": null, "osm_id": 2459294203, "osm_type": "nodes" }, "geometry": { "type": "Point", "coordinates": [ 34.9133194, 38.1592286 ] } },
{ "type": "Feature", "properties": { "name": "Bereket", "name:en": null, "railway": "station", "ele": "1081", "operator:type": null, "layer": null, "addr:full": null, "addr:city": null, "source": "Bing", "name:tr": null, "osm_id": 13351322432, "osm_type": "nodes" }, "geometry": { "type": "Point", "coordinates": [ 34.5292101, 37.7570655 ] } },
{ "type": "Feature", "properties": { "name": "Bozüyük YHT", "name:en": null, "railway": "station", "ele": "741", "operator:type": null, "layer": null, "addr:full": null, "addr:city": null, "source": null, "name:tr": null, "osm_id": 2857538264, "osm_type": "nodes" }, "geometry": { "type": "Point", "coordinates": [ 30.042665, 39.8805264 ] } },
{ "type": "Feature", "properties": { "name": "Yeniyapan", "name:en": null, "railway": "station", "ele": "668", "operator:type": null, "layer": null, "addr:full": null, "addr:city": null, "source": null, "name:tr": null, "osm_id": 11309220597, "osm_type": "nodes" }, "geometry": { "type": "Point", "coordinates": [ 34.092508, 39.8174254 ] } },
{ "type": "Feature", "properties": { "name": "Tatbekirli", "name:en": null, "railway": "station", "ele": "738", "operator:type": null, "layer": null, "addr:full": null, "addr:city": null, "source": null, "name:tr": null, "osm_id": 13370346104, "osm_type": "nodes" }, "geometry": { "type": "Point", "coordinates": [ 34.4022369, 39.6860591 ] } },
{ "type": "Feature", "properties": { "name": "Caferli", "name:en": null, "railway": "station", "ele": "875", "operator:type": null, "layer": null, "addr:full": null, "addr:city": null, "source": null, "name:tr": null, "osm_id": 2679015583, "osm_type": "nodes" }, "geometry": { "type": "Point", "coordinates": [ 34.6980409, 39.5495474 ] } },
{ "type": "Feature", "properties": { "name": "Kanlıca", "name:en": null, "railway": "station", "ele": "973", "operator:type": null, "layer": null, "addr:full": null, "addr:city": null, "source": null, "name:tr": null, "osm_id": 2679016922, "osm_type": "nodes" }, "geometry": { "type": "Point", "coordinates": [ 34.8825399, 39.2831821 ] } },
{ "type": "Feature", "properties": { "name": "Beydeğirmeni", "name:en": null, "railway": "station", "ele": "1022", "operator:type": null, "layer": null, "addr:full": null, "addr:city": null, "source": null, "name:tr": null, "osm_id": 1803640762, "osm_type": "nodes" }, "geometry": { "type": "Point", "coordinates": [ 35.2040991, 38.8345649 ] } },
{ "type": "Feature", "properties": { "name": "Kayseri", "name:en": null, "railway": "station", "ele": "1050", "operator:type": null, "layer": null, "addr:full": null, "addr:city": null, "source": null, "name:tr": null, "osm_id": 11309230921, "osm_type": "nodes" }, "geometry": { "type": "Point", "coordinates": [ 35.4777239, 38.7306752 ] } },
{ "type": "Feature", "properties": { "name": "Başköy", "name:en": null, "railway": "station", "ele": "1125", "operator:type": null, "layer": null, "addr:full": null, "addr:city": null, "source": null, "name:tr": null, "osm_id": 13345351413, "osm_type": "nodes" }, "geometry": { "type": "Point", "coordinates": [ 35.1504419, 38.4845294 ] } },
{ "type": "Feature", "properties": { "name": "Bor", "name:en": null, "railway": "station", "ele": "1134", "operator:type": null, "layer": null, "addr:full": null, "addr:city": null, "source": null, "name:tr": null, "osm_id": 2718797605, "osm_type": "nodes" }, "geometry": { "type": "Point", "coordinates": [ 34.5625033, 37.8876069 ] } },
{ "type": "Feature", "properties": { "name": "Karalar", "name:en": null, "railway": "station", "ele": "1304", "operator:type": null, "layer": null, "addr:full": null, "addr:city": null, "source": null, "name:tr": null, "osm_id": 3051784418, "osm_type": "nodes" }, "geometry": { "type": "Point", "coordinates": [ 34.4841811, 37.6339696 ] } },
{ "type": "Feature", "properties": { "name": "Bozkanat", "name:en": null, "railway": "station", "ele": null, "operator:type": null, "layer": null, "addr:full": null, "addr:city": null, "source": null, "name:tr": null, "osm_id": 12387720331, "osm_type": "nodes" }, "geometry": { "type": "Point", "coordinates": [ 40.8880993, 38.8665541 ] } },
{ "type": "Feature", "properties": { "name": "Uyanık", "name:en": null, "railway": "station", "ele": null, "operator:type": null, "layer": null, "addr:full": null, "addr:city": null, "source": null, "name:tr": null, "osm_id": 12387720333, "osm_type": "nodes" }, "geometry": { "type": "Point", "coordinates": [ 40.8666563, 38.8691429 ] } },
{ "type": "Feature", "properties": { "name": "Bandırma Şehir", "name:en": null, "railway": "station", "ele": "0", "operator:type": null, "layer": null, "addr:full": null, "addr:city": null, "source": null, "name:tr": null, "osm_id": 10576917342, "osm_type": "nodes" }, "geometry": { "type": "Point", "coordinates": [ 27.9654772, 40.3521349 ] } },
{ "type": "Feature", "properties": { "name": "Saltukova", "name:en": null, "railway": "station", "ele": "11", "operator:type": null, "layer": null, "addr:full": null, "addr:city": null, "source": null, "name:tr": null, "osm_id": 2627429880, "osm_type": "nodes" }, "geometry": { "type": "Point", "coordinates": [ 32.0931171, 41.5190312 ] } },
{ "type": "Feature", "properties": { "name": "Aksakal", "name:en": null, "railway": "station", "ele": "71", "operator:type": null, "layer": null, "addr:full": null, "addr:city": null, "source": null, "name:tr": null, "osm_id": 2036394530, "osm_type": "nodes" }, "geometry": { "type": "Point", "coordinates": [ 28.0889395, 40.143747 ] } },
{ "type": "Feature", "properties": { "name": "Yeniköy", "name:en": null, "railway": "station", "ele": "233", "operator:type": null, "layer": null, "addr:full": null, "addr:city": null, "source": null, "name:tr": null, "osm_id": 1909766490, "osm_type": "nodes" }, "geometry": { "type": "Point", "coordinates": [ 28.0046732, 39.7784143 ] } },
{ "type": "Feature", "properties": { "name": "Sığırcı", "name:en": null, "railway": "station", "ele": "27", "operator:type": null, "layer": null, "addr:full": null, "addr:city": null, "source": null, "name:tr": null, "osm_id": 9196517648, "osm_type": "nodes" }, "geometry": { "type": "Point", "coordinates": [ 28.0515431, 40.2699471 ] } },
{ "type": "Feature", "properties": { "name": "Okçugöl", "name:en": null, "railway": "station", "ele": "32", "operator:type": null, "layer": null, "addr:full": null, "addr:city": null, "source": null, "name:tr": null, "osm_id": 11553493315, "osm_type": "nodes" }, "geometry": { "type": "Point", "coordinates": [ 28.1614941, 40.0624836 ] } },
{ "type": "Feature", "properties": { "name": "Susurluk İstasyonu", "name:en": "Susurluk train station", "railway": "station", "ele": "38", "operator:type": null, "layer": null, "addr:full": null, "addr:city": null, "source": null, "name:tr": null, "osm_id": 12367201824, "osm_type": "nodes" }, "geometry": { "type": "Point", "coordinates": [ 28.1528886, 39.9256134 ] } },
{ "type": "Feature", "properties": { "name": "Savaştepe", "name:en": null, "railway": "station", "ele": "259", "operator:type": null, "layer": null, "addr:full": null, "addr:city": null, "source": null, "name:tr": null, "osm_id": 1036369880, "osm_type": "nodes" }, "geometry": { "type": "Point", "coordinates": [ 27.6501908, 39.382701 ] } },
{ "type": "Feature", "properties": { "name": "Soğucak", "name:en": null, "railway": "station", "ele": "421", "operator:type": null, "layer": null, "addr:full": null, "addr:city": null, "source": null, "name:tr": null, "osm_id": 3050696577, "osm_type": "nodes" }, "geometry": { "type": "Point", "coordinates": [ 27.6726655, 39.5139616 ] } },
{ "type": "Feature", "properties": { "name": "Çalıköy", "name:en": null, "railway": "station", "ele": "306", "operator:type": null, "layer": null, "addr:full": null, "addr:city": null, "source": null, "name:tr": null, "osm_id": 2631296012, "osm_type": "nodes" }, "geometry": { "type": "Point", "coordinates": [ 27.6397538, 39.439382 ] } },
{ "type": "Feature", "properties": { "name": "Çukurhüseyin", "name:en": null, "railway": "station", "ele": "156", "operator:type": null, "layer": null, "addr:full": null, "addr:city": null, "source": null, "name:tr": null, "osm_id": 2631297461, "osm_type": "nodes" }, "geometry": { "type": "Point", "coordinates": [ 27.7586007, 39.5729016 ] } },
{ "type": "Feature", "properties": { "name": "Gökköy", "name:en": null, "railway": "station", "ele": "196", "operator:type": null, "layer": null, "addr:full": null, "addr:city": null, "source": null, "name:tr": null, "osm_id": 4045268405, "osm_type": "nodes" }, "geometry": { "type": "Point", "coordinates": [ 27.8260519, 39.5944163 ] } },
{ "type": "Feature", "properties": { "name": "Saruhanlı", "name:en": null, "railway": "station", "ele": "43", "operator:type": null, "layer": null, "addr:full": null, "addr:city": null, "source": null, "name:tr": null, "osm_id": 2631286464, "osm_type": "nodes" }, "geometry": { "type": "Point", "coordinates": [ 27.577392, 38.7327408 ] } },
{ "type": "Feature", "properties": { "name": "Urganlı", "name:en": null, "railway": "station", "ele": "71", "operator:type": null, "layer": null, "addr:full": null, "addr:city": null, "source": null, "name:tr": null, "osm_id": 2629874907, "osm_type": "nodes" }, "geometry": { "type": "Point", "coordinates": [ 27.838314, 38.5181276 ] } },
{ "type": "Feature", "properties": { "name": "Süleymanlı", "name:en": null, "railway": "station", "ele": "107", "operator:type": null, "layer": null, "addr:full": null, "addr:city": null, "source": null, "name:tr": null, "osm_id": 13372514394, "osm_type": "nodes" }, "geometry": { "type": "Point", "coordinates": [ 27.7799271, 38.9629606 ] } },
{ "type": "Feature", "properties": { "name": "Akhisar", "name:en": null, "railway": "station", "ele": "101", "operator:type": null, "layer": null, "addr:full": null, "addr:city": null, "source": null, "name:tr": null, "osm_id": 8765021384, "osm_type": "nodes" }, "geometry": { "type": "Point", "coordinates": [ 27.7905314, 38.9080572 ] } },
{ "type": "Feature", "properties": { "name": "Kapaklı", "name:en": null, "railway": "station", "ele": "90", "operator:type": null, "layer": null, "addr:full": null, "addr:city": null, "source": null, "name:tr": null, "osm_id": 2631289794, "osm_type": "nodes" }, "geometry": { "type": "Point", "coordinates": [ 27.7441226, 38.8720545 ] } },
{ "type": "Feature", "properties": { "name": "Hacırahmanlı", "name:en": null, "railway": "station", "ele": "50", "operator:type": null, "layer": null, "addr:full": null, "addr:city": null, "source": null, "name:tr": null, "osm_id": 2631287259, "osm_type": "nodes" }, "geometry": { "type": "Point", "coordinates": [ 27.6070859, 38.747723 ] } },
{ "type": "Feature", "properties": { "name": "Karaağaçlı", "name:en": null, "railway": "station", "ele": "35", "operator:type": null, "layer": null, "addr:full": null, "addr:city": null, "source": null, "name:tr": null, "osm_id": 2631285877, "osm_type": "nodes" }, "geometry": { "type": "Point", "coordinates": [ 27.5272796, 38.6846513 ] } },
{ "type": "Feature", "properties": { "name": "Turgutlu Gar", "name:en": null, "railway": "station", "ele": "69", "operator:type": null, "layer": null, "addr:full": null, "addr:city": "Manisa", "source": null, "name:tr": null, "osm_id": 2502946371, "osm_type": "nodes" }, "geometry": { "type": "Point", "coordinates": [ 27.7071726, 38.5099987 ] } },
{ "type": "Feature", "properties": { "name": "Ahmetli Tren İstasyonu", "name:en": null, "railway": "station", "ele": "85", "operator:type": null, "layer": null, "addr:full": null, "addr:city": null, "source": null, "name:tr": null, "osm_id": 2629875444, "osm_type": "nodes" }, "geometry": { "type": "Point", "coordinates": [ 27.9359393, 38.5162225 ] } },
{ "type": "Feature", "properties": { "name": "Salihli", "name:en": null, "railway": "station", "ele": "125", "operator:type": null, "layer": null, "addr:full": null, "addr:city": null, "source": null, "name:tr": null, "osm_id": 2629880622, "osm_type": "nodes" }, "geometry": { "type": "Point", "coordinates": [ 28.1309024, 38.4830061 ] } },
{ "type": "Feature", "properties": { "name": "Kavaklıdere", "name:en": null, "railway": "station", "ele": "153", "operator:type": null, "layer": null, "addr:full": null, "addr:city": null, "source": null, "name:tr": null, "osm_id": 12347968178, "osm_type": "nodes" }, "geometry": { "type": "Point", "coordinates": [ 28.3588878, 38.4286456 ] } },
{ "type": "Feature", "properties": { "name": "Alaşehir İstasyonu", "name:en": null, "railway": "station", "ele": "189", "operator:type": null, "layer": null, "addr:full": null, "addr:city": null, "source": "bing", "name:tr": null, "osm_id": 1870300033, "osm_type": "nodes" }, "geometry": { "type": "Point", "coordinates": [ 28.5150652, 38.3577385 ] } },
{ "type": "Feature", "properties": { "name": "Şirinyer", "name:en": null, "railway": "station", "ele": "52", "operator:type": null, "layer": null, "addr:full": null, "addr:city": null, "source": null, "name:tr": null, "osm_id": 8050924818, "osm_type": "nodes" }, "geometry": { "type": "Point", "coordinates": [ 27.1472515, 38.3919529 ] } },
{ "type": "Feature", "properties": { "name": "Gaziemir", "name:en": null, "railway": "station", "ele": "126", "operator:type": null, "layer": null, "addr:full": null, "addr:city": null, "source": null, "name:tr": null, "osm_id": 3309385594, "osm_type": "nodes" }, "geometry": { "type": "Point", "coordinates": [ 27.1399665, 38.3262756 ] } },
{ "type": "Feature", "properties": { "name": "Sarnıç", "name:en": null, "railway": "station", "ele": "132", "operator:type": null, "layer": null, "addr:full": null, "addr:city": null, "source": null, "name:tr": null, "osm_id": 8050994350, "osm_type": "nodes" }, "geometry": { "type": "Point", "coordinates": [ 27.1446187, 38.3120737 ] } },
{ "type": "Feature", "properties": { "name": "Sağlık", "name:en": null, "railway": "station", "ele": "18", "operator:type": null, "layer": null, "addr:full": null, "addr:city": null, "source": null, "name:tr": null, "osm_id": 2733584895, "osm_type": "nodes" }, "geometry": { "type": "Point", "coordinates": [ 27.4004884, 38.0850886 ] } },
{ "type": "Feature", "properties": { "name": "Develi", "name:en": null, "railway": "station", "ele": "66", "operator:type": null, "layer": null, "addr:full": null, "addr:city": null, "source": null, "name:tr": null, "osm_id": 8094704070, "osm_type": "nodes" }, "geometry": { "type": "Point", "coordinates": [ 27.1666792, 38.2033132 ] } },
{ "type": "Feature", "properties": { "name": "Tekeli", "name:en": null, "railway": "station", "ele": "62", "operator:type": null, "layer": null, "addr:full": null, "addr:city": null, "source": null, "name:tr": null, "osm_id": 8087609727, "osm_type": "nodes" }, "geometry": { "type": "Point", "coordinates": [ 27.1856672, 38.1810224 ] } },
{ "type": "Feature", "properties": { "name": "Kuşçuburun", "name:en": null, "railway": "station", "ele": "60", "operator:type": null, "layer": null, "addr:full": null, "addr:city": null, "source": null, "name:tr": null, "osm_id": 8425813600, "osm_type": "nodes" }, "geometry": { "type": "Point", "coordinates": [ 27.3093365, 38.2091397 ] } },
{ "type": "Feature", "properties": { "name": "Pancar", "name:en": null, "railway": "station", "ele": "53", "operator:type": null, "layer": null, "addr:full": null, "addr:city": null, "source": null, "name:tr": null, "osm_id": 11675949249, "osm_type": "nodes" }, "geometry": { "type": "Point", "coordinates": [ 27.2395725, 38.1975049 ] } },
{ "type": "Feature", "properties": { "name": "Arıkbaşı", "name:en": null, "railway": "station", "ele": "42", "operator:type": null, "layer": null, "addr:full": null, "addr:city": null, "source": null, "name:tr": null, "osm_id": 1033126614, "osm_type": "nodes" }, "geometry": { "type": "Point", "coordinates": [ 27.4962239, 38.1778789 ] } },
{ "type": "Feature", "properties": { "name": "Torbalı", "name:en": null, "railway": "station", "ele": "44", "operator:type": null, "layer": null, "addr:full": null, "addr:city": null, "source": null, "name:tr": null, "osm_id": 13373760390, "osm_type": "nodes" }, "geometry": { "type": "Point", "coordinates": [ 27.347338, 38.1701193 ] } },
{ "type": "Feature", "properties": { "name": "Konaklar", "name:en": null, "railway": "station", "ele": "344", "operator:type": null, "layer": null, "addr:full": null, "addr:city": null, "source": null, "name:tr": null, "osm_id": 13362326355, "osm_type": "nodes" }, "geometry": { "type": "Point", "coordinates": [ 28.7110739, 38.3571011 ] } },
{ "type": "Feature", "properties": { "name": "Güneyköy", "name:en": null, "railway": "station", "ele": "819", "operator:type": null, "layer": null, "addr:full": null, "addr:city": null, "source": null, "name:tr": null, "osm_id": 2630078685, "osm_type": "nodes" }, "geometry": { "type": "Point", "coordinates": [ 28.8626647, 38.3841121 ] } },
{ "type": "Feature", "properties": { "name": "Eşme İstasyonu", "name:en": null, "railway": "station", "ele": "823", "operator:type": null, "layer": null, "addr:full": null, "addr:city": null, "source": null, "name:tr": "Eşme Tren İstasyonu", "osm_id": 1033323504, "osm_type": "nodes" }, "geometry": { "type": "Point", "coordinates": [ 28.9689603, 38.3983765 ] } },
{ "type": "Feature", "properties": { "name": "Bayındır", "name:en": null, "railway": "station", "ele": "60", "operator:type": null, "layer": null, "addr:full": null, "addr:city": null, "source": null, "name:tr": null, "osm_id": 12887415750, "osm_type": "nodes" }, "geometry": { "type": "Point", "coordinates": [ 27.6495581, 38.2128197 ] } },
{ "type": "Feature", "properties": { "name": "Ahmetler", "name:en": null, "railway": "station", "ele": "718", "operator:type": null, "layer": null, "addr:full": null, "addr:city": null, "source": null, "name:tr": "Ahmetler Tren İstasyonu", "osm_id": 2630084631, "osm_type": "nodes" }, "geometry": { "type": "Point", "coordinates": [ 29.1032999, 38.3903132 ] } },
{ "type": "Feature", "properties": { "name": "Çatal", "name:en": null, "railway": "station", "ele": "61", "operator:type": null, "layer": null, "addr:full": null, "addr:city": null, "source": null, "name:tr": null, "osm_id": 12887415752, "osm_type": "nodes" }, "geometry": { "type": "Point", "coordinates": [ 27.7208343, 38.1724198 ] } },
{ "type": "Feature", "properties": { "name": "Banaz İstasyonu", "name:en": null, "railway": "station", "ele": "910", "operator:type": null, "layer": null, "addr:full": null, "addr:city": null, "source": null, "name:tr": null, "osm_id": 2201637031, "osm_type": "nodes" }, "geometry": { "type": "Point", "coordinates": [ 29.7533111, 38.735612 ] } },
{ "type": "Feature", "properties": { "name": "Oturak İstasyonu", "name:en": null, "railway": "station", "ele": "1038", "operator:type": null, "layer": null, "addr:full": null, "addr:city": null, "source": null, "name:tr": null, "osm_id": 2201574186, "osm_type": "nodes" }, "geometry": { "type": "Point", "coordinates": [ 29.9026188, 38.8398745 ] } },
{ "type": "Feature", "properties": { "name": "Muradiye", "name:en": null, "railway": "station", "ele": "34", "operator:type": null, "layer": null, "addr:full": null, "addr:city": null, "source": null, "name:tr": null, "osm_id": 2629175958, "osm_type": "nodes" }, "geometry": { "type": "Point", "coordinates": [ 27.328427, 38.6511748 ] } },
{ "type": "Feature", "properties": { "name": "Ödemiş", "name:en": null, "railway": "station", "ele": "123", "operator:type": null, "layer": null, "addr:full": null, "addr:city": null, "source": null, "name:tr": null, "osm_id": 12887415753, "osm_type": "nodes" }, "geometry": { "type": "Point", "coordinates": [ 27.965566, 38.2220533 ] } },
{ "type": "Feature", "properties": { "name": "Ayvacık", "name:en": null, "railway": "station", "ele": "20", "operator:type": null, "layer": null, "addr:full": null, "addr:city": null, "source": null, "name:tr": null, "osm_id": 3050697993, "osm_type": "nodes" }, "geometry": { "type": "Point", "coordinates": [ 27.2119241, 38.6358928 ] } },
{ "type": "Feature", "properties": { "name": "Emiralem", "name:en": null, "railway": "station", "ele": "23", "operator:type": null, "layer": null, "addr:full": null, "addr:city": null, "source": null, "name:tr": null, "osm_id": 2629175271, "osm_type": "nodes" }, "geometry": { "type": "Point", "coordinates": [ 27.1481943, 38.6244851 ] } },
{ "type": "Feature", "properties": { "name": "Menemen", "name:en": null, "railway": "station", "ele": "24", "operator:type": null, "layer": null, "addr:full": null, "addr:city": null, "source": null, "name:tr": null, "osm_id": 12344626530, "osm_type": "nodes" }, "geometry": { "type": "Point", "coordinates": [ 27.076721, 38.6031664 ] } },
{ "type": "Feature", "properties": { "name": "Ödemiş Şehir", "name:en": null, "railway": "station", "ele": "132", "operator:type": null, "layer": null, "addr:full": null, "addr:city": null, "source": null, "name:tr": null, "osm_id": 12887415754, "osm_type": "nodes" }, "geometry": { "type": "Point", "coordinates": [ 27.9771538, 38.2272054 ] } },
{ "type": "Feature", "properties": { "name": "Ulukent", "name:en": null, "railway": "station", "ele": "7", "operator:type": null, "layer": null, "addr:full": null, "addr:city": null, "source": null, "name:tr": null, "osm_id": 737949225, "osm_type": "nodes" }, "geometry": { "type": "Point", "coordinates": [ 27.0354657, 38.5478512 ] } },
{ "type": "Feature", "properties": { "name": "Germencik", "name:en": null, "railway": "station", "ele": "65.3", "operator:type": null, "layer": null, "addr:full": null, "addr:city": null, "source": "bing", "name:tr": null, "osm_id": 2407158710, "osm_type": "nodes" }, "geometry": { "type": "Point", "coordinates": [ 27.5950542, 37.8733069 ] } },
{ "type": "Feature", "properties": { "name": "Tepeköy", "name:en": null, "railway": "station", "ele": "33", "operator:type": null, "layer": null, "addr:full": null, "addr:city": null, "source": null, "name:tr": null, "osm_id": 1678629843, "osm_type": "nodes" }, "geometry": { "type": "Point", "coordinates": [ 27.3615279, 38.147035 ] } },
{ "type": "Feature", "properties": { "name": "Halkapınar", "name:en": null, "railway": "station", "ele": "2", "operator:type": null, "layer": null, "addr:full": null, "addr:city": null, "source": null, "name:tr": null, "osm_id": 2067210172, "osm_type": "nodes" }, "geometry": { "type": "Point", "coordinates": [ 27.16885, 38.4352171 ] } },
{ "type": "Feature", "properties": { "name": "Tire İstasyonu", "name:en": null, "railway": "station", "ele": "94", "operator:type": null, "layer": null, "addr:full": null, "addr:city": null, "source": null, "name:tr": null, "osm_id": 12887415751, "osm_type": "nodes" }, "geometry": { "type": "Point", "coordinates": [ 27.7278025, 38.0924932 ] } },
{ "type": "Feature", "properties": { "name": "Alsancak Gar", "name:en": null, "railway": "station", "ele": "2", "operator:type": null, "layer": null, "addr:full": null, "addr:city": null, "source": null, "name:tr": null, "osm_id": 11675949253, "osm_type": "nodes" }, "geometry": { "type": "Point", "coordinates": [ 27.1481153, 38.4386339 ] } },
{ "type": "Feature", "properties": { "name": "Söke İstasyonu", "name:en": null, "railway": "station", "ele": "38", "operator:type": null, "layer": null, "addr:full": null, "addr:city": null, "source": null, "name:tr": null, "osm_id": 1032782424, "osm_type": "nodes" }, "geometry": { "type": "Point", "coordinates": [ 27.4098054, 37.7552313 ] } },
{ "type": "Feature", "properties": { "name": "Sarıoğlan", "name:en": null, "railway": "station", "ele": "1146", "operator:type": null, "layer": null, "addr:full": null, "addr:city": null, "source": "bing", "name:tr": null, "osm_id": 1878229658, "osm_type": "nodes" }, "geometry": { "type": "Point", "coordinates": [ 35.9642322, 39.0806419 ] } },
{ "type": "Feature", "properties": { "name": "Hanlı", "name:en": null, "railway": "station", "ele": "1331", "operator:type": null, "layer": null, "addr:full": null, "addr:city": null, "source": null, "name:tr": null, "osm_id": 13297057668, "osm_type": "nodes" }, "geometry": { "type": "Point", "coordinates": [ 36.6305436, 39.4555977 ] } },
{ "type": "Feature", "properties": { "name": "İncirliova", "name:en": null, "railway": "station", "ele": "46.84", "operator:type": null, "layer": null, "addr:full": null, "addr:city": null, "source": "bing", "name:tr": null, "osm_id": 1033065811, "osm_type": "nodes" }, "geometry": { "type": "Point", "coordinates": [ 27.7250479, 37.8538377 ] } },
{ "type": "Feature", "properties": { "name": "Köşk", "name:en": null, "railway": "station", "ele": "71", "operator:type": null, "layer": null, "addr:full": null, "addr:city": null, "source": null, "name:tr": null, "osm_id": 1033065520, "osm_type": "nodes" }, "geometry": { "type": "Point", "coordinates": [ 28.0514779, 37.8515466 ] } },
{ "type": "Feature", "properties": { "name": "Umurlu", "name:en": null, "railway": "station", "ele": "56.4", "operator:type": null, "layer": null, "addr:full": null, "addr:city": null, "source": null, "name:tr": null, "osm_id": 1963402574, "osm_type": "nodes" }, "geometry": { "type": "Point", "coordinates": [ 27.9552472, 37.8527742 ] } },
{ "type": "Feature", "properties": { "name": "Sultanhisar", "name:en": null, "railway": "station", "ele": "35", "operator:type": null, "layer": null, "addr:full": null, "addr:city": null, "source": "bing", "name:tr": null, "osm_id": 1033065918, "osm_type": "nodes" }, "geometry": { "type": "Point", "coordinates": [ 28.1557307, 37.8873183 ] } },
{ "type": "Feature", "properties": { "name": "Kuyucak", "name:en": null, "railway": "station", "ele": "56", "operator:type": null, "layer": null, "addr:full": null, "addr:city": null, "source": null, "name:tr": null, "osm_id": 2407825483, "osm_type": "nodes" }, "geometry": { "type": "Point", "coordinates": [ 28.4594821, 37.9096934 ] } },
{ "type": "Feature", "properties": { "name": "Buharkent", "name:en": null, "railway": "station", "ele": "90", "operator:type": null, "layer": null, "addr:full": null, "addr:city": null, "source": null, "name:tr": null, "osm_id": 1811163401, "osm_type": "nodes" }, "geometry": { "type": "Point", "coordinates": [ 28.7385258, 37.9526579 ] } },
{ "type": "Feature", "properties": { "name": "Sarayköy Istasyonu", "name:en": null, "railway": "station", "ele": "169", "operator:type": null, "layer": null, "addr:full": null, "addr:city": null, "source": null, "name:tr": null, "osm_id": 1032704993, "osm_type": "nodes" }, "geometry": { "type": "Point", "coordinates": [ 28.9259687, 37.9139646 ] } },
{ "type": "Feature", "properties": { "name": "Çetinkaya", "name:en": null, "railway": "station", "ele": "1413", "operator:type": null, "layer": null, "addr:full": null, "addr:city": null, "source": null, "name:tr": null, "osm_id": 1208398419, "osm_type": "nodes" }, "geometry": { "type": "Point", "coordinates": [ 37.6078524, 39.2490563 ] } },
{ "type": "Feature", "properties": { "name": "Sarımsaklı", "name:en": null, "railway": "station", "ele": "1172", "operator:type": null, "layer": null, "addr:full": null, "addr:city": null, "source": null, "name:tr": null, "osm_id": 2679028128, "osm_type": "nodes" }, "geometry": { "type": "Point", "coordinates": [ 35.7159065, 38.8943599 ] } },
{ "type": "Feature", "properties": { "name": "Tuzhisar", "name:en": null, "railway": "station", "ele": "1253", "operator:type": null, "layer": null, "addr:full": null, "addr:city": null, "source": null, "name:tr": null, "osm_id": 2679027156, "osm_type": "nodes" }, "geometry": { "type": "Point", "coordinates": [ 35.8466234, 38.9429966 ] } },
{ "type": "Feature", "properties": { "name": "Karaözü", "name:en": null, "railway": "station", "ele": "1131", "operator:type": null, "layer": null, "addr:full": null, "addr:city": null, "source": null, "name:tr": null, "osm_id": 2679025074, "osm_type": "nodes" }, "geometry": { "type": "Point", "coordinates": [ 35.9541124, 39.1820887 ] } },
{ "type": "Feature", "properties": { "name": "İhsanlı", "name:en": null, "railway": "station", "ele": "1294", "operator:type": null, "layer": null, "addr:full": null, "addr:city": null, "source": null, "name:tr": null, "osm_id": 1022808796, "osm_type": "nodes" }, "geometry": { "type": "Point", "coordinates": [ 36.2356457, 39.286086 ] } },
{ "type": "Feature", "properties": { "name": "Bostankaya", "name:en": null, "railway": "station", "ele": "1355", "operator:type": null, "layer": null, "addr:full": null, "addr:city": null, "source": null, "name:tr": null, "osm_id": 1020960459, "osm_type": "nodes" }, "geometry": { "type": "Point", "coordinates": [ 37.0089066, 39.512037 ] } },
{ "type": "Feature", "properties": { "name": "Sarıdemir", "name:en": null, "railway": "station", "ele": "1386", "operator:type": null, "layer": null, "addr:full": null, "addr:city": null, "source": null, "name:tr": null, "osm_id": 13125673028, "osm_type": "nodes" }, "geometry": { "type": "Point", "coordinates": [ 36.8285819, 39.5306379 ] } },
{ "type": "Feature", "properties": { "name": "Horsunlu Istasyon", "name:en": null, "railway": "station", "ele": "90", "operator:type": null, "layer": null, "addr:full": null, "addr:city": null, "source": null, "name:tr": null, "osm_id": 1671168620, "osm_type": "nodes" }, "geometry": { "type": "Point", "coordinates": [ 28.5913502, 37.9147873 ] } },
{ "type": "Feature", "properties": { "name": "Goncalı", "name:en": null, "railway": "station", "ele": "206", "operator:type": null, "layer": null, "addr:full": null, "addr:city": null, "source": "bing", "name:tr": null, "osm_id": 1030923375, "osm_type": "nodes" }, "geometry": { "type": "Point", "coordinates": [ 29.1166376, 37.8479861 ] } },
{ "type": "Feature", "properties": { "name": "Gömeç", "name:en": null, "railway": "station", "ele": "1092", "operator:type": null, "layer": null, "addr:full": null, "addr:city": null, "source": null, "name:tr": null, "osm_id": 13338125400, "osm_type": "nodes" }, "geometry": { "type": "Point", "coordinates": [ 35.6471601, 38.8355273 ] } },
{ "type": "Feature", "properties": { "name": "Yeniçubuk", "name:en": null, "railway": "station", "ele": "1154", "operator:type": null, "layer": null, "addr:full": null, "addr:city": null, "source": null, "name:tr": null, "osm_id": 1022765315, "osm_type": "nodes" }, "geometry": { "type": "Point", "coordinates": [ 36.0928602, 39.2095301 ] } },
{ "type": "Feature", "properties": { "name": "Gücük", "name:en": null, "railway": "station", "ele": "1336", "operator:type": null, "layer": null, "addr:full": null, "addr:city": null, "source": null, "name:tr": null, "osm_id": 2679029399, "osm_type": "nodes" }, "geometry": { "type": "Point", "coordinates": [ 36.5600435, 39.4288168 ] } },
{ "type": "Feature", "properties": { "name": "Bedirli", "name:en": null, "railway": "station", "ele": "1250", "operator:type": null, "layer": null, "addr:full": null, "addr:city": null, "source": null, "name:tr": null, "osm_id": 1022802015, "osm_type": "nodes" }, "geometry": { "type": "Point", "coordinates": [ 36.6194845, 39.5806164 ] } },
{ "type": "Feature", "properties": { "name": "Nergiz", "name:en": null, "railway": "station", "ele": "4", "operator:type": null, "layer": null, "addr:full": null, "addr:city": null, "source": null, "name:tr": null, "osm_id": 4556769263, "osm_type": "nodes" }, "geometry": { "type": "Point", "coordinates": [ 27.1046651, 38.4595882 ] } },
{ "type": "Feature", "properties": { "name": "Stadyum", "name:en": null, "railway": "station", "ele": "2", "operator:type": null, "layer": null, "addr:full": null, "addr:city": null, "source": null, "name:tr": null, "osm_id": 5388472395, "osm_type": "nodes" }, "geometry": { "type": "Point", "coordinates": [ 27.1806848, 38.4423871 ] } },
{ "type": "Feature", "properties": { "name": "Bayraklı", "name:en": null, "railway": "station", "ele": "1", "operator:type": null, "layer": null, "addr:full": null, "addr:city": null, "source": null, "name:tr": null, "osm_id": 1976917814, "osm_type": "nodes" }, "geometry": { "type": "Point", "coordinates": [ 27.1644029, 38.4639144 ] } },
{ "type": "Feature", "properties": { "name": "Taşlıdere", "name:en": null, "railway": "station", "ele": "1318", "operator:type": null, "layer": null, "addr:full": null, "addr:city": null, "source": null, "name:tr": null, "osm_id": 2633458528, "osm_type": "nodes" }, "geometry": { "type": "Point", "coordinates": [ 37.0131318, 39.6312078 ] } },
{ "type": "Feature", "properties": { "name": "Demirköprü", "name:en": null, "railway": "station", "ele": "4", "operator:type": null, "layer": null, "addr:full": null, "addr:city": null, "source": null, "name:tr": null, "osm_id": 590521315, "osm_type": "nodes" }, "geometry": { "type": "Point", "coordinates": [ 27.0964325, 38.4680354 ] } },
{ "type": "Feature", "properties": { "name": "Turan", "name:en": null, "railway": "station", "ele": "1", "operator:type": null, "layer": null, "addr:full": null, "addr:city": "İzmir", "source": null, "name:tr": null, "osm_id": 1976917822, "osm_type": "nodes" }, "geometry": { "type": "Point", "coordinates": [ 27.1494095, 38.4668902 ] } },
{ "type": "Feature", "properties": { "name": "Sanayi", "name:en": null, "railway": "station", "ele": "2", "operator:type": null, "layer": null, "addr:full": null, "addr:city": null, "source": null, "name:tr": null, "osm_id": 5388472396, "osm_type": "nodes" }, "geometry": { "type": "Point", "coordinates": [ 27.1903907, 38.4483025 ] } },
{ "type": "Feature", "properties": { "name": "Ulaş", "name:en": "Ulaş", "railway": "station", "ele": "1374", "operator:type": null, "layer": null, "addr:full": null, "addr:city": null, "source": null, "name:tr": null, "osm_id": 1021731954, "osm_type": "nodes" }, "geometry": { "type": "Point", "coordinates": [ 37.0353878, 39.4431937 ] } },
{ "type": "Feature", "properties": { "name": "Naldöken", "name:en": null, "railway": "station", "ele": "3", "operator:type": null, "layer": null, "addr:full": null, "addr:city": null, "source": null, "name:tr": null, "osm_id": 1976917817, "osm_type": "nodes" }, "geometry": { "type": "Point", "coordinates": [ 27.1284533, 38.4645638 ] } },
{ "type": "Feature", "properties": { "name": "Karasar", "name:en": null, "railway": "station", "ele": "1452", "operator:type": null, "layer": null, "addr:full": null, "addr:city": null, "source": null, "name:tr": null, "osm_id": 2633436374, "osm_type": "nodes" }, "geometry": { "type": "Point", "coordinates": [ 37.1916279, 39.4126775 ] } },
{ "type": "Feature", "properties": { "name": "Karagöl", "name:en": null, "railway": "station", "ele": "1717", "operator:type": null, "layer": null, "addr:full": null, "addr:city": null, "source": "GNS", "name:tr": null, "osm_id": 1426057762, "osm_type": "nodes" }, "geometry": { "type": "Point", "coordinates": [ 37.3628936, 39.4212681 ] } },
{ "type": "Feature", "properties": { "name": "Bozarmut", "name:en": null, "railway": "station", "ele": "1533", "operator:type": null, "layer": null, "addr:full": null, "addr:city": null, "source": null, "name:tr": null, "osm_id": 2633427933, "osm_type": "nodes" }, "geometry": { "type": "Point", "coordinates": [ 37.3920262, 39.3260082 ] } },
{ "type": "Feature", "properties": { "name": "Kangal", "name:en": null, "railway": "station", "ele": "1475", "operator:type": null, "layer": null, "addr:full": null, "addr:city": null, "source": "bing", "name:tr": null, "osm_id": 1818128276, "osm_type": "nodes" }, "geometry": { "type": "Point", "coordinates": [ 37.4508649, 39.2760303 ] } },
{ "type": "Feature", "properties": { "name": "Güneş", "name:en": null, "railway": "station", "ele": "1214", "operator:type": null, "layer": null, "addr:full": null, "addr:city": null, "source": null, "name:tr": null, "osm_id": 2726740663, "osm_type": "nodes" }, "geometry": { "type": "Point", "coordinates": [ 37.8613816, 39.3739053 ] } },
{ "type": "Feature", "properties": { "name": "Göçentaşı", "name:en": null, "railway": "station", "ele": "1112", "operator:type": null, "layer": null, "addr:full": null, "addr:city": null, "source": null, "name:tr": null, "osm_id": 1211778407, "osm_type": "nodes" }, "geometry": { "type": "Point", "coordinates": [ 37.9083879, 39.4076525 ] } },
{ "type": "Feature", "properties": { "name": "Cürek", "name:en": null, "railway": "station", "ele": "1052", "operator:type": null, "layer": null, "addr:full": null, "addr:city": null, "source": null, "name:tr": null, "osm_id": 2755862129, "osm_type": "nodes" }, "geometry": { "type": "Point", "coordinates": [ 38.035577, 39.4446881 ] } },
{ "type": "Feature", "properties": { "name": "Divriği", "name:en": null, "railway": "station", "ele": "979", "operator:type": null, "layer": null, "addr:full": null, "addr:city": null, "source": null, "name:tr": null, "osm_id": 1211647863, "osm_type": "nodes" }, "geometry": { "type": "Point", "coordinates": [ 38.1141305, 39.3840272 ] } },
{ "type": "Feature", "properties": { "name": "Bağıştaş", "name:en": null, "railway": "station", "ele": "895", "operator:type": null, "layer": null, "addr:full": null, "addr:city": null, "source": null, "name:tr": null, "osm_id": 3063529081, "osm_type": "nodes" }, "geometry": { "type": "Point", "coordinates": [ 38.4671471, 39.4404763 ] } },
{ "type": "Feature", "properties": { "name": "İliç", "name:en": null, "railway": "station", "ele": "915", "operator:type": null, "layer": null, "addr:full": null, "addr:city": null, "source": null, "name:tr": null, "osm_id": 3063572644, "osm_type": "nodes" }, "geometry": { "type": "Point", "coordinates": [ 38.5565288, 39.4721719 ] } },
{ "type": "Feature", "properties": { "name": "Eriç", "name:en": null, "railway": "station", "ele": "989", "operator:type": null, "layer": null, "addr:full": null, "addr:city": null, "source": null, "name:tr": null, "osm_id": 2632458725, "osm_type": "nodes" }, "geometry": { "type": "Point", "coordinates": [ 38.8685412, 39.5720918 ] } },
{ "type": "Feature", "properties": { "name": "Kemah", "name:en": null, "railway": "station", "ele": "1039", "operator:type": null, "layer": null, "addr:full": null, "addr:city": null, "source": null, "name:tr": null, "osm_id": 1030362885, "osm_type": "nodes" }, "geometry": { "type": "Point", "coordinates": [ 39.0336886, 39.6036254 ] } },
{ "type": "Feature", "properties": { "name": "Erzincan", "name:en": null, "railway": "station", "ele": "1185", "operator:type": null, "layer": null, "addr:full": null, "addr:city": null, "source": null, "name:tr": null, "osm_id": 1019524264, "osm_type": "nodes" }, "geometry": { "type": "Point", "coordinates": [ 39.4931041, 39.7336676 ] } },
{ "type": "Feature", "properties": { "name": "Demirkapı", "name:en": null, "railway": "station", "ele": "1092", "operator:type": null, "layer": null, "addr:full": null, "addr:city": null, "source": null, "name:tr": null, "osm_id": 2691613017, "osm_type": "nodes" }, "geometry": { "type": "Point", "coordinates": [ 40.1628233, 39.5790226 ] } },
{ "type": "Feature", "properties": { "name": "Şefkat", "name:en": null, "railway": "station", "ele": "1382", "operator:type": null, "layer": null, "addr:full": null, "addr:city": null, "source": "bing", "name:tr": null, "osm_id": 370992697, "osm_type": "nodes" }, "geometry": { "type": "Point", "coordinates": [ 38.8994605, 38.5735158 ] } },
{ "type": "Feature", "properties": { "name": "Mercan", "name:en": null, "railway": "station", "ele": "1390", "operator:type": null, "layer": null, "addr:full": null, "addr:city": null, "source": null, "name:tr": null, "osm_id": 1804303985, "osm_type": "nodes" }, "geometry": { "type": "Point", "coordinates": [ 40.2576871, 39.7489532 ] } },
{ "type": "Feature", "properties": { "name": "Palandöken", "name:en": null, "railway": "station", "ele": "1766", "operator:type": null, "layer": null, "addr:full": null, "addr:city": null, "source": null, "name:tr": null, "osm_id": 2784870836, "osm_type": "nodes" }, "geometry": { "type": "Point", "coordinates": [ 41.1714826, 39.9318929 ] } },
{ "type": "Feature", "properties": { "name": "Balışıh", "name:en": null, "railway": "station", "ele": "859", "operator:type": null, "layer": null, "addr:full": null, "addr:city": null, "source": null, "name:tr": null, "osm_id": 1038519101, "osm_type": "nodes" }, "geometry": { "type": "Point", "coordinates": [ 33.7205598, 39.9086866 ] } },
{ "type": "Feature", "properties": { "name": "Ilıca (Aziziye)", "name:en": null, "railway": "station", "ele": "1757", "operator:type": null, "layer": null, "addr:full": null, "addr:city": null, "source": null, "name:tr": null, "osm_id": 13236848823, "osm_type": "nodes" }, "geometry": { "type": "Point", "coordinates": [ 41.1033317, 39.9510547 ] } },
{ "type": "Feature", "properties": { "name": "Erzurum", "name:en": null, "railway": "station", "ele": "1852", "operator:type": null, "layer": null, "addr:full": null, "addr:city": null, "source": null, "name:tr": null, "osm_id": 13239613528, "osm_type": "nodes" }, "geometry": { "type": "Point", "coordinates": [ 41.2685269, 39.915615 ] } },
{ "type": "Feature", "properties": { "name": "Uzunahmet", "name:en": null, "railway": "station", "ele": "1861", "operator:type": null, "layer": null, "addr:full": null, "addr:city": null, "source": null, "name:tr": null, "osm_id": 1851530432, "osm_type": "nodes" }, "geometry": { "type": "Point", "coordinates": [ 41.4333847, 39.9613071 ] } },
{ "type": "Feature", "properties": { "name": "Köprüköy", "name:en": null, "railway": "station", "ele": "1607", "operator:type": null, "layer": null, "addr:full": null, "addr:city": null, "source": null, "name:tr": null, "osm_id": 2691629710, "osm_type": "nodes" }, "geometry": { "type": "Point", "coordinates": [ 41.8681882, 39.9684663 ] } },
{ "type": "Feature", "properties": { "name": "Topdağı", "name:en": null, "railway": "station", "ele": "1941", "operator:type": null, "layer": null, "addr:full": null, "addr:city": null, "source": null, "name:tr": null, "osm_id": 1804718827, "osm_type": "nodes" }, "geometry": { "type": "Point", "coordinates": [ 42.3023736, 40.3112428 ] } },
{ "type": "Feature", "properties": { "name": "Battalgazi", "name:en": null, "railway": "station", "ele": "343", "operator:type": null, "layer": null, "addr:full": null, "addr:city": null, "source": null, "name:tr": null, "osm_id": 2705917179, "osm_type": "nodes" }, "geometry": { "type": "Point", "coordinates": [ 38.3698881, 38.4335031 ] } },
{ "type": "Feature", "properties": { "name": "Yazlak", "name:en": null, "railway": "station", "ele": "944", "operator:type": null, "layer": null, "addr:full": null, "addr:city": null, "source": null, "name:tr": null, "osm_id": 2925922183, "osm_type": "nodes" }, "geometry": { "type": "Point", "coordinates": [ 38.1762373, 38.3307415 ] } },
{ "type": "Feature", "properties": { "name": "Pazarcık", "name:en": null, "railway": "station", "ele": "783", "operator:type": null, "layer": null, "addr:full": null, "addr:city": null, "source": null, "name:tr": null, "osm_id": 12692905025, "osm_type": "nodes" }, "geometry": { "type": "Point", "coordinates": [ 37.2899692, 37.4908476 ] } },
{ "type": "Feature", "properties": { "name": "Çelik", "name:en": null, "railway": "station", "ele": "856", "operator:type": null, "layer": null, "addr:full": null, "addr:city": null, "source": null, "name:tr": null, "osm_id": 1117003097, "osm_type": "nodes" }, "geometry": { "type": "Point", "coordinates": [ 37.508949, 37.7005632 ] } },
{ "type": "Feature", "properties": { "name": "Gölbaşı", "name:en": null, "railway": "station", "ele": "867", "operator:type": null, "layer": null, "addr:full": null, "addr:city": null, "source": "bing", "name:tr": null, "osm_id": 1806876783, "osm_type": "nodes" }, "geometry": { "type": "Point", "coordinates": [ 37.6352393, 37.7885454 ] } },
{ "type": "Feature", "properties": { "name": "Kumlu", "name:en": null, "railway": "station", "ele": "827", "operator:type": null, "layer": null, "addr:full": null, "addr:city": null, "source": "bing", "name:tr": null, "osm_id": 1806877056, "osm_type": "nodes" }, "geometry": { "type": "Point", "coordinates": [ 37.6929846, 37.864263 ] } },
{ "type": "Feature", "properties": { "name": "Fırat", "name:en": null, "railway": "station", "ele": "977", "operator:type": null, "layer": null, "addr:full": null, "addr:city": null, "source": null, "name:tr": null, "osm_id": 2474813423, "osm_type": "nodes" }, "geometry": { "type": "Point", "coordinates": [ 38.5122528, 38.4408898 ] } },
{ "type": "Feature", "properties": { "name": "Baskil", "name:en": null, "railway": "station", "ele": "1240", "operator:type": null, "layer": null, "addr:full": null, "addr:city": null, "source": "bing", "name:tr": null, "osm_id": 2435856875, "osm_type": "nodes" }, "geometry": { "type": "Point", "coordinates": [ 38.8262323, 38.5651599 ] } },
{ "type": "Feature", "properties": { "name": "Kuşsarayı", "name:en": null, "railway": "station", "ele": "854", "operator:type": null, "layer": null, "addr:full": null, "addr:city": null, "source": null, "name:tr": null, "osm_id": 1433310152, "osm_type": "nodes" }, "geometry": { "type": "Point", "coordinates": [ 38.6810729, 38.4528439 ] } },
{ "type": "Feature", "properties": { "name": "Kapıdere", "name:en": null, "railway": "station", "ele": "1057", "operator:type": null, "layer": null, "addr:full": null, "addr:city": null, "source": null, "name:tr": null, "osm_id": 2705895896, "osm_type": "nodes" }, "geometry": { "type": "Point", "coordinates": [ 37.6708734, 37.9710863 ] } },
{ "type": "Feature", "properties": { "name": "Suçatı", "name:en": null, "railway": "station", "ele": "983", "operator:type": null, "layer": null, "addr:full": null, "addr:city": null, "source": null, "name:tr": null, "osm_id": 1029553728, "osm_type": "nodes" }, "geometry": { "type": "Point", "coordinates": [ 37.9780345, 38.1866836 ] } },
{ "type": "Feature", "properties": { "name": "Uluova", "name:en": null, "railway": "station", "ele": "1002", "operator:type": null, "layer": null, "addr:full": null, "addr:city": null, "source": null, "name:tr": null, "osm_id": 2779545007, "osm_type": "nodes" }, "geometry": { "type": "Point", "coordinates": [ 39.2004568, 38.4924525 ] } },
{ "type": "Feature", "properties": { "name": "Kürk", "name:en": null, "railway": "station", "ele": "1236", "operator:type": null, "layer": null, "addr:full": null, "addr:city": null, "source": null, "name:tr": null, "osm_id": 2705954244, "osm_type": "nodes" }, "geometry": { "type": "Point", "coordinates": [ 39.2742822, 38.4609986 ] } },
{ "type": "Feature", "properties": { "name": "Maden", "name:en": null, "railway": "station", "ele": "959", "operator:type": null, "layer": null, "addr:full": null, "addr:city": null, "source": "bing", "name:tr": null, "osm_id": 1806453441, "osm_type": "nodes" }, "geometry": { "type": "Point", "coordinates": [ 39.66905, 38.4012965 ] } },
{ "type": "Feature", "properties": { "name": "Ergani", "name:en": null, "railway": "station", "ele": "810", "operator:type": null, "layer": null, "addr:full": null, "addr:city": null, "source": "bing", "name:tr": null, "osm_id": 1829725374, "osm_type": "nodes" }, "geometry": { "type": "Point", "coordinates": [ 39.755019, 38.2329371 ] } },
{ "type": "Feature", "properties": { "name": "Sallar", "name:en": null, "railway": "station", "ele": "928", "operator:type": null, "layer": null, "addr:full": null, "addr:city": null, "source": null, "name:tr": null, "osm_id": 1829841726, "osm_type": "nodes" }, "geometry": { "type": "Point", "coordinates": [ 39.6783468, 38.2754806 ] } },
{ "type": "Feature", "properties": { "name": "Mandıra", "name:en": null, "railway": "station", "ele": null, "operator:type": null, "layer": null, "addr:full": null, "addr:city": null, "source": null, "name:tr": null, "osm_id": 13376850652, "osm_type": "nodes" }, "geometry": { "type": "Point", "coordinates": [ 27.0797739, 41.3584823 ] } },
{ "type": "Feature", "properties": { "name": "Leylek", "name:en": null, "railway": "station", "ele": "710", "operator:type": null, "layer": null, "addr:full": null, "addr:city": null, "source": null, "name:tr": null, "osm_id": 2784067271, "osm_type": "nodes" }, "geometry": { "type": "Point", "coordinates": [ 40.0829014, 38.0218995 ] } },
{ "type": "Feature", "properties": { "name": "Kurtalan", "name:en": null, "railway": "station", "ele": "670", "operator:type": null, "layer": null, "addr:full": null, "addr:city": null, "source": null, "name:tr": null, "osm_id": 12285428116, "osm_type": "nodes" }, "geometry": { "type": "Point", "coordinates": [ 41.6973637, 37.9284229 ] } },
{ "type": "Feature", "properties": { "name": "Yurt", "name:en": null, "railway": "station", "ele": "858", "operator:type": null, "layer": null, "addr:full": null, "addr:city": null, "source": null, "name:tr": null, "osm_id": 2635340741, "osm_type": "nodes" }, "geometry": { "type": "Point", "coordinates": [ 39.3567214, 38.6362824 ] } },
{ "type": "Feature", "properties": { "name": "Muratbağı", "name:en": null, "railway": "station", "ele": "827", "operator:type": null, "layer": null, "addr:full": null, "addr:city": null, "source": "bing", "name:tr": null, "osm_id": 1849701875, "osm_type": "nodes" }, "geometry": { "type": "Point", "coordinates": [ 39.7789027, 38.6531264 ] } },
{ "type": "Feature", "properties": { "name": "Genç", "name:en": null, "railway": "station", "ele": "977", "operator:type": null, "layer": null, "addr:full": null, "addr:city": null, "source": null, "name:tr": null, "osm_id": 11309220598, "osm_type": "nodes" }, "geometry": { "type": "Point", "coordinates": [ 40.5576394, 38.7518473 ] } },
{ "type": "Feature", "properties": { "name": "Muş Garı", "name:en": "Muş", "railway": "station", "ele": "1251", "operator:type": null, "layer": null, "addr:full": null, "addr:city": null, "source": null, "name:tr": "Muş Garı", "osm_id": 1550726413, "osm_type": "nodes" }, "geometry": { "type": "Point", "coordinates": [ 41.5110508, 38.7616405 ] } },
{ "type": "Feature", "properties": { "name": "Mahmutlar", "name:en": null, "railway": "station", "ele": "764", "operator:type": null, "layer": null, "addr:full": null, "addr:city": null, "source": null, "name:tr": null, "osm_id": 1038519200, "osm_type": "nodes" }, "geometry": { "type": "Point", "coordinates": [ 33.6069723, 39.8592214 ] } },
{ "type": "Feature", "properties": { "name": "Beşiri", "name:en": null, "railway": "station", "ele": "537", "operator:type": null, "layer": null, "addr:full": null, "addr:city": null, "source": null, "name:tr": null, "osm_id": 2195395254, "osm_type": "nodes" }, "geometry": { "type": "Point", "coordinates": [ 41.3314384, 37.9643114 ] } },
{ "type": "Feature", "properties": { "name": "Elazığ", "name:en": null, "railway": "station", "ele": "1000", "operator:type": null, "layer": null, "addr:full": null, "addr:city": null, "source": null, "name:tr": null, "osm_id": 1018799487, "osm_type": "nodes" }, "geometry": { "type": "Point", "coordinates": [ 39.2227818, 38.6648383 ] } },
{ "type": "Feature", "properties": { "name": "Çağlar", "name:en": null, "railway": "station", "ele": "826", "operator:type": null, "layer": null, "addr:full": null, "addr:city": null, "source": null, "name:tr": null, "osm_id": 2057459653, "osm_type": "nodes" }, "geometry": { "type": "Point", "coordinates": [ 39.3633105, 38.5879589 ] } },
{ "type": "Feature", "properties": { "name": "Palu", "name:en": null, "railway": "station", "ele": "844", "operator:type": null, "layer": null, "addr:full": null, "addr:city": null, "source": null, "name:tr": null, "osm_id": 1017553575, "osm_type": "nodes" }, "geometry": { "type": "Point", "coordinates": [ 39.927005, 38.6908394 ] } },
{ "type": "Feature", "properties": { "name": "Yeni Suveren", "name:en": null, "railway": "station", "ele": "950", "operator:type": null, "layer": null, "addr:full": null, "addr:city": null, "source": null, "name:tr": null, "osm_id": 13180535524, "osm_type": "nodes" }, "geometry": { "type": "Point", "coordinates": [ 40.3270109, 38.7192261 ] } },
{ "type": "Feature", "properties": { "name": "Dilek", "name:en": null, "railway": "station", "ele": "751", "operator:type": null, "layer": null, "addr:full": null, "addr:city": null, "source": null, "name:tr": null, "osm_id": 2683736626, "osm_type": "nodes" }, "geometry": { "type": "Point", "coordinates": [ 38.2582073, 38.4449554 ] } },
{ "type": "Feature", "properties": { "name": "Kesikköprü", "name:en": null, "railway": "station", "ele": "934", "operator:type": null, "layer": null, "addr:full": null, "addr:city": null, "source": null, "name:tr": null, "osm_id": 2784882168, "osm_type": "nodes" }, "geometry": { "type": "Point", "coordinates": [ 38.0111531, 38.711595 ] } },
{ "type": "Feature", "properties": { "name": "Ulugüney", "name:en": null, "railway": "station", "ele": "1252", "operator:type": null, "layer": null, "addr:full": null, "addr:city": null, "source": null, "name:tr": null, "osm_id": 1207395188, "osm_type": "nodes" }, "geometry": { "type": "Point", "coordinates": [ 37.8300988, 38.9903261 ] } },
{ "type": "Feature", "properties": { "name": "Çumra", "name:en": null, "railway": "station", "ele": "1014", "operator:type": null, "layer": null, "addr:full": null, "addr:city": null, "source": null, "name:tr": null, "osm_id": 2028035074, "osm_type": "nodes" }, "geometry": { "type": "Point", "coordinates": [ 32.7845981, 37.5720111 ] } },
{ "type": "Feature", "properties": { "name": "Karaman", "name:en": null, "railway": "station", "ele": "1024", "operator:type": null, "layer": null, "addr:full": null, "addr:city": null, "source": "bing", "name:tr": null, "osm_id": 1861513015, "osm_type": "nodes" }, "geometry": { "type": "Point", "coordinates": [ 33.2150688, 37.1936571 ] } },
{ "type": "Feature", "properties": { "name": "Böğecik", "name:en": null, "railway": "station", "ele": "1038", "operator:type": null, "layer": null, "addr:full": null, "addr:city": null, "source": null, "name:tr": null, "osm_id": 130028657, "osm_type": "nodes" }, "geometry": { "type": "Point", "coordinates": [ 33.8776181, 37.4552124 ] } },
{ "type": "Feature", "properties": { "name": "Gümüş", "name:en": null, "railway": "station", "ele": "1296", "operator:type": null, "layer": null, "addr:full": null, "addr:city": null, "source": "Bing", "name:tr": null, "osm_id": 2719418720, "osm_type": "nodes" }, "geometry": { "type": "Point", "coordinates": [ 34.6211201, 37.5147947 ] } },
{ "type": "Feature", "properties": { "name": "Çiftehan", "name:en": null, "railway": "station", "ele": "948", "operator:type": null, "layer": null, "addr:full": null, "addr:city": null, "source": "Bing", "name:tr": null, "osm_id": 2719449995, "osm_type": "nodes" }, "geometry": { "type": "Point", "coordinates": [ 34.7736825, 37.5116673 ] } },
{ "type": "Feature", "properties": { "name": "Hacıkırı", "name:en": null, "railway": "station", "ele": "589", "operator:type": null, "layer": null, "addr:full": null, "addr:city": null, "source": null, "name:tr": null, "osm_id": 2187061286, "osm_type": "nodes" }, "geometry": { "type": "Point", "coordinates": [ 34.9808425, 37.2521654 ] } },
{ "type": "Feature", "properties": { "name": "Tırmıl", "name:en": null, "railway": "station", "ele": "21", "operator:type": null, "layer": null, "addr:full": null, "addr:city": null, "source": null, "name:tr": null, "osm_id": 2639608173, "osm_type": "nodes" }, "geometry": { "type": "Point", "coordinates": [ 34.6883791, 36.8377524 ] } },
{ "type": "Feature", "properties": { "name": "Sirkeli", "name:en": null, "railway": "station", "ele": "29", "operator:type": null, "layer": null, "addr:full": null, "addr:city": null, "source": null, "name:tr": null, "osm_id": 13378050813, "osm_type": "nodes" }, "geometry": { "type": "Point", "coordinates": [ 35.7429936, 37.0016461 ] } },
{ "type": "Feature", "properties": { "name": "Karabasamak", "name:en": null, "railway": "station", "ele": "8", "operator:type": null, "layer": null, "addr:full": null, "addr:city": null, "source": null, "name:tr": null, "osm_id": 2839342782, "osm_type": "nodes" }, "geometry": { "type": "Point", "coordinates": [ 36.141953, 36.880256 ] } },
{ "type": "Feature", "properties": { "name": "Tatvan", "name:en": null, "railway": "station", "ele": "1611", "operator:type": null, "layer": null, "addr:full": null, "addr:city": null, "source": null, "name:tr": null, "osm_id": 1413662974, "osm_type": "nodes" }, "geometry": { "type": "Point", "coordinates": [ 42.2758544, 38.508744 ] } },
{ "type": "Feature", "properties": { "name": "Sarsap", "name:en": null, "railway": "station", "ele": "793", "operator:type": null, "layer": null, "addr:full": null, "addr:city": null, "source": null, "name:tr": null, "osm_id": 3063493588, "osm_type": "nodes" }, "geometry": { "type": "Point", "coordinates": [ 38.134813, 38.6682925 ] } },
{ "type": "Feature", "properties": { "name": "Hasançelebi", "name:en": null, "railway": "station", "ele": "1164", "operator:type": null, "layer": null, "addr:full": null, "addr:city": null, "source": null, "name:tr": null, "osm_id": 3063500757, "osm_type": "nodes" }, "geometry": { "type": "Point", "coordinates": [ 37.880391, 38.927902 ] } },
{ "type": "Feature", "properties": { "name": "Akgedik", "name:en": null, "railway": "station", "ele": "1477", "operator:type": null, "layer": null, "addr:full": null, "addr:city": null, "source": null, "name:tr": null, "osm_id": 2683739237, "osm_type": "nodes" }, "geometry": { "type": "Point", "coordinates": [ 37.7173672, 39.0494568 ] } },
{ "type": "Feature", "properties": { "name": "Demiriz", "name:en": null, "railway": "station", "ele": "1492", "operator:type": null, "layer": null, "addr:full": null, "addr:city": null, "source": "bing", "name:tr": null, "osm_id": 1817844381, "osm_type": "nodes" }, "geometry": { "type": "Point", "coordinates": [ 37.6931585, 39.1601465 ] } },
{ "type": "Feature", "properties": { "name": "Kaşınhan", "name:en": null, "railway": "station", "ele": "1016", "operator:type": null, "layer": null, "addr:full": null, "addr:city": null, "source": null, "name:tr": null, "osm_id": 2643812281, "osm_type": "nodes" }, "geometry": { "type": "Point", "coordinates": [ 32.5684579, 37.7032 ] } },
{ "type": "Feature", "properties": { "name": "Arıkören", "name:en": null, "railway": "station", "ele": "1021", "operator:type": null, "layer": null, "addr:full": null, "addr:city": null, "source": null, "name:tr": null, "osm_id": 521150853, "osm_type": "nodes" }, "geometry": { "type": "Point", "coordinates": [ 32.9280828, 37.4607025 ] } },
{ "type": "Feature", "properties": { "name": "Sudurağı", "name:en": null, "railway": "station", "ele": "1020", "operator:type": null, "layer": null, "addr:full": null, "addr:city": null, "source": null, "name:tr": null, "osm_id": 2643801218, "osm_type": "nodes" }, "geometry": { "type": "Point", "coordinates": [ 33.3750987, 37.2716469 ] } },
{ "type": "Feature", "properties": { "name": "Ereğli", "name:en": null, "railway": "station", "ele": "1054", "operator:type": null, "layer": null, "addr:full": null, "addr:city": null, "source": null, "name:tr": null, "osm_id": 2643792763, "osm_type": "nodes" }, "geometry": { "type": "Point", "coordinates": [ 34.0569987, 37.5058085 ] } },
{ "type": "Feature", "properties": { "name": "Ayrancı", "name:en": null, "railway": "station", "ele": "1119", "operator:type": null, "layer": null, "addr:full": null, "addr:city": null, "source": "bing", "name:tr": null, "osm_id": 4929219587, "osm_type": "nodes" }, "geometry": { "type": "Point", "coordinates": [ 33.6662614, 37.3710613 ] } },
{ "type": "Feature", "properties": { "name": "Pozantı", "name:en": null, "railway": "station", "ele": "778", "operator:type": null, "layer": null, "addr:full": null, "addr:city": null, "source": "Bing", "name:tr": null, "osm_id": 2719965350, "osm_type": "nodes" }, "geometry": { "type": "Point", "coordinates": [ 34.8731665, 37.4229083 ] } },
{ "type": "Feature", "properties": { "name": "Belemedik", "name:en": null, "railway": "station", "ele": "705", "operator:type": null, "layer": null, "addr:full": null, "addr:city": null, "source": null, "name:tr": null, "osm_id": 442532879, "osm_type": "nodes" }, "geometry": { "type": "Point", "coordinates": [ 34.9107819, 37.3553067 ] } },
{ "type": "Feature", "properties": { "name": "Karaisalıbucağı", "name:en": null, "railway": "station", "ele": "393", "operator:type": null, "layer": null, "addr:full": null, "addr:city": null, "source": null, "name:tr": null, "osm_id": 1014378262, "osm_type": "nodes" }, "geometry": { "type": "Point", "coordinates": [ 34.9392812, 37.1913626 ] } },
{ "type": "Feature", "properties": { "name": "Durak", "name:en": null, "railway": "station", "ele": "148", "operator:type": null, "layer": null, "addr:full": null, "addr:city": null, "source": null, "name:tr": null, "osm_id": 440894064, "osm_type": "nodes" }, "geometry": { "type": "Point", "coordinates": [ 35.0019238, 37.1198583 ] } },
{ "type": "Feature", "properties": { "name": "Yenice", "name:en": null, "railway": "station", "ele": "34", "operator:type": null, "layer": null, "addr:full": null, "addr:city": null, "source": null, "name:tr": null, "osm_id": 2639614523, "osm_type": "nodes" }, "geometry": { "type": "Point", "coordinates": [ 35.055408, 36.9747788 ] } },
{ "type": "Feature", "properties": { "name": "Tarsus", "name:en": null, "railway": "station", "ele": "21", "operator:type": null, "layer": null, "addr:full": null, "addr:city": null, "source": null, "name:tr": null, "osm_id": 2639614349, "osm_type": "nodes" }, "geometry": { "type": "Point", "coordinates": [ 34.8856366, 36.9207134 ] } },
{ "type": "Feature", "properties": { "name": "Günyazı", "name:en": null, "railway": "station", "ele": "35", "operator:type": null, "layer": null, "addr:full": null, "addr:city": null, "source": null, "name:tr": null, "osm_id": 13142527107, "osm_type": "nodes" }, "geometry": { "type": "Point", "coordinates": [ 35.9514444, 37.0574062 ] } },
{ "type": "Feature", "properties": { "name": "Toprakkale", "name:en": null, "railway": "station", "ele": "65", "operator:type": null, "layer": null, "addr:full": null, "addr:city": null, "source": null, "name:tr": null, "osm_id": 1026579716, "osm_type": "nodes" }, "geometry": { "type": "Point", "coordinates": [ 36.1455542, 37.0666416 ] } },
{ "type": "Feature", "properties": { "name": "Dörtyol", "name:en": null, "railway": "station", "ele": "23", "operator:type": null, "layer": null, "addr:full": null, "addr:city": null, "source": null, "name:tr": null, "osm_id": 13147171949, "osm_type": "nodes" }, "geometry": { "type": "Point", "coordinates": [ 36.1956148, 36.8239831 ] } },
{ "type": "Feature", "properties": { "name": "Çadırkaya", "name:en": null, "railway": "station", "ele": "1461", "operator:type": null, "layer": null, "addr:full": null, "addr:city": null, "source": "bing", "name:tr": null, "osm_id": 1804305830, "osm_type": "nodes" }, "geometry": { "type": "Point", "coordinates": [ 40.1845301, 39.8303787 ] } },
{ "type": "Feature", "properties": { "name": "Erbaş", "name:en": null, "railway": "station", "ele": "1461", "operator:type": null, "layer": null, "addr:full": null, "addr:city": null, "source": null, "name:tr": null, "osm_id": 2691621936, "osm_type": "nodes" }, "geometry": { "type": "Point", "coordinates": [ 40.2038158, 39.914999 ] } },
{ "type": "Feature", "properties": { "name": "Karasu", "name:en": null, "railway": "station", "ele": "1543", "operator:type": null, "layer": null, "addr:full": null, "addr:city": null, "source": "bing", "name:tr": null, "osm_id": 1804254612, "osm_type": "nodes" }, "geometry": { "type": "Point", "coordinates": [ 40.3501311, 39.9325676 ] } },
{ "type": "Feature", "properties": { "name": "Aşkale", "name:en": null, "railway": "station", "ele": "1669", "operator:type": null, "layer": null, "addr:full": null, "addr:city": null, "source": "bing", "name:tr": null, "osm_id": 2044818133, "osm_type": "nodes" }, "geometry": { "type": "Point", "coordinates": [ 40.6826834, 39.9218496 ] } },
{ "type": "Feature", "properties": { "name": "Hasankale", "name:en": null, "railway": "station", "ele": "1461", "operator:type": null, "layer": null, "addr:full": null, "addr:city": null, "source": null, "name:tr": null, "osm_id": 2691631732, "osm_type": "nodes" }, "geometry": { "type": "Point", "coordinates": [ 41.6812712, 39.9767923 ] } },
{ "type": "Feature", "properties": { "name": "Horasan", "name:en": null, "railway": "station", "ele": "1558", "operator:type": null, "layer": null, "addr:full": null, "addr:city": null, "source": null, "name:tr": null, "osm_id": 2691634203, "osm_type": "nodes" }, "geometry": { "type": "Point", "coordinates": [ 42.1624501, 40.0407979 ] } },
{ "type": "Feature", "properties": { "name": "Süngütaşı", "name:en": null, "railway": "station", "ele": "1773", "operator:type": null, "layer": null, "addr:full": null, "addr:city": null, "source": null, "name:tr": null, "osm_id": 2691635589, "osm_type": "nodes" }, "geometry": { "type": "Point", "coordinates": [ 42.2505426, 40.2148879 ] } },
{ "type": "Feature", "properties": { "name": "Kırıkkale YHT", "name:en": null, "railway": "station", "ele": null, "operator:type": null, "layer": null, "addr:full": null, "addr:city": null, "source": null, "name:tr": null, "osm_id": 10856605757, "osm_type": "nodes" }, "geometry": { "type": "Point", "coordinates": [ 33.5359081, 39.8676282 ] } },
{ "type": "Feature", "properties": { "name": "Selim", "name:en": null, "railway": "station", "ele": "1867", "operator:type": null, "layer": null, "addr:full": null, "addr:city": null, "source": null, "name:tr": null, "osm_id": 2784864445, "osm_type": "nodes" }, "geometry": { "type": "Point", "coordinates": [ 42.8041106, 40.4335708 ] } },
{ "type": "Feature", "properties": { "name": "Ömerli", "name:en": null, "railway": "station", "ele": null, "operator:type": null, "layer": null, "addr:full": null, "addr:city": null, "source": null, "name:tr": null, "osm_id": 13140866846, "osm_type": "nodes" }, "geometry": { "type": "Point", "coordinates": [ 28.6414161, 41.1172857 ] } },
{ "type": "Feature", "properties": { "name": "Yenikapı", "name:en": null, "railway": "station", "ele": null, "operator:type": null, "layer": null, "addr:full": null, "addr:city": null, "source": null, "name:tr": null, "osm_id": 7597279541, "osm_type": "nodes" }, "geometry": { "type": "Point", "coordinates": [ 28.9514872, 41.0056529 ] } },
{ "type": "Feature", "properties": { "name": "Beyoğlu", "name:en": null, "railway": "station", "ele": "468", "operator:type": null, "layer": null, "addr:full": null, "addr:city": null, "source": null, "name:tr": null, "osm_id": 13381705406, "osm_type": "nodes" }, "geometry": { "type": "Point", "coordinates": [ 36.791577, 37.2887341 ] } },
{ "type": "Feature", "properties": { "name": "Türkoğlu", "name:en": null, "railway": "station", "ele": "459", "operator:type": null, "layer": null, "addr:full": null, "addr:city": null, "source": "bing", "name:tr": null, "osm_id": 2779902461, "osm_type": "nodes" }, "geometry": { "type": "Point", "coordinates": [ 36.862, 37.3754351 ] } },
{ "type": "Feature", "properties": { "name": "Kahramanmaraş", "name:en": null, "railway": "station", "ele": "472", "operator:type": null, "layer": null, "addr:full": null, "addr:city": null, "source": null, "name:tr": null, "osm_id": 13150054609, "osm_type": "nodes" }, "geometry": { "type": "Point", "coordinates": [ 36.9307209, 37.5639971 ] } },
{ "type": "Feature", "properties": { "name": "Yenikapı", "name:en": null, "railway": "station", "ele": null, "operator:type": null, "layer": null, "addr:full": null, "addr:city": null, "source": null, "name:tr": null, "osm_id": 2511296163, "osm_type": "nodes" }, "geometry": { "type": "Point", "coordinates": [ 28.9515608, 41.0051614 ] } },
{ "type": "Feature", "properties": { "name": "Metrokent", "name:en": null, "railway": "station", "ele": null, "operator:type": null, "layer": null, "addr:full": null, "addr:city": null, "source": null, "name:tr": null, "osm_id": 3243585072, "osm_type": "nodes" }, "geometry": { "type": "Point", "coordinates": [ 28.8014943, 41.1081483 ] } },
{ "type": "Feature", "properties": { "name": "GTÜ-Fatih", "name:en": null, "railway": "station", "ele": null, "operator:type": null, "layer": null, "addr:full": null, "addr:city": null, "source": null, "name:tr": null, "osm_id": 5085864850, "osm_type": "nodes" }, "geometry": { "type": "Point", "coordinates": [ 29.3640227, 40.8076023 ] } },
{ "type": "Feature", "properties": { "name": "29 Ekim Cumhuriyet", "name:en": null, "railway": "station", "ele": null, "operator:type": null, "layer": null, "addr:full": null, "addr:city": null, "source": null, "name:tr": null, "osm_id": 8768427082, "osm_type": "nodes" }, "geometry": { "type": "Point", "coordinates": [ 28.8186101, 41.0061738 ] } },
{ "type": "Feature", "properties": { "name": "Giyimkent-Tekstilkent", "name:en": null, "railway": "station", "ele": null, "operator:type": null, "layer": null, "addr:full": null, "addr:city": null, "source": null, "name:tr": null, "osm_id": 6507323101, "osm_type": "nodes" }, "geometry": { "type": "Point", "coordinates": [ 28.8667756, 41.0712858 ] } },
{ "type": "Feature", "properties": { "name": "İsdemir", "name:en": null, "railway": "station", "ele": "30", "operator:type": null, "layer": null, "addr:full": null, "addr:city": null, "source": null, "name:tr": null, "osm_id": 13147602619, "osm_type": "nodes" }, "geometry": { "type": "Point", "coordinates": [ 36.2135802, 36.7239166 ] } },
{ "type": "Feature", "properties": { "name": "Mamure", "name:en": null, "railway": "station", "ele": "122", "operator:type": null, "layer": null, "addr:full": null, "addr:city": null, "source": null, "name:tr": null, "osm_id": 13381634256, "osm_type": "nodes" }, "geometry": { "type": "Point", "coordinates": [ 36.3183048, 37.1368104 ] } },
{ "type": "Feature", "properties": { "name": "Ayran", "name:en": null, "railway": "station", "ele": "740", "operator:type": null, "layer": null, "addr:full": null, "addr:city": null, "source": null, "name:tr": null, "osm_id": 13381649733, "osm_type": "nodes" }, "geometry": { "type": "Point", "coordinates": [ 36.6196607, 37.1835067 ] } },
{ "type": "Feature", "properties": { "name": "İslahiye", "name:en": null, "railway": "station", "ele": "493", "operator:type": null, "layer": null, "addr:full": null, "addr:city": null, "source": null, "name:tr": null, "osm_id": 13381681917, "osm_type": "nodes" }, "geometry": { "type": "Point", "coordinates": [ 36.6366559, 37.0306836 ] } },
{ "type": "Feature", "properties": { "name": "Narlı", "name:en": null, "railway": "station", "ele": "568", "operator:type": null, "layer": null, "addr:full": null, "addr:city": null, "source": null, "name:tr": null, "osm_id": 2785467907, "osm_type": "nodes" }, "geometry": { "type": "Point", "coordinates": [ 37.1395463, 37.3958406 ] } },
{ "type": "Feature", "properties": { "name": "Gaziantep Gar", "name:en": null, "railway": "station", "ele": "811", "operator:type": null, "layer": null, "addr:full": null, "addr:city": null, "source": null, "name:tr": null, "osm_id": 10160022343, "osm_type": "nodes" }, "geometry": { "type": "Point", "coordinates": [ 37.3828069, 37.073781 ] } },
{ "type": "Feature", "properties": { "name": "Fevzi Çakmak - Hastane", "name:en": null, "railway": "station", "ele": null, "operator:type": null, "layer": null, "addr:full": null, "addr:city": null, "source": null, "name:tr": null, "osm_id": 6312448729, "osm_type": "nodes" }, "geometry": { "type": "Point", "coordinates": [ 29.2624462, 40.8888001 ] } },
{ "type": "Feature", "properties": { "name": "Doğukapı", "name:en": null, "railway": "station", "ele": null, "operator:type": null, "layer": null, "addr:full": null, "addr:city": null, "source": null, "name:tr": null, "osm_id": 13382347659, "osm_type": "nodes" }, "geometry": { "type": "Point", "coordinates": [ 43.7381696, 40.7296214 ] } },
{ "type": "Feature", "properties": { "name": "Çobanbey", "name:en": null, "railway": "station", "ele": "511", "operator:type": null, "layer": null, "addr:full": null, "addr:city": null, "source": null, "name:tr": null, "osm_id": 1069777998, "osm_type": "nodes" }, "geometry": { "type": "Point", "coordinates": [ 37.4762835, 36.6361926 ] } },
{ "type": "Feature", "properties": { "name": "Ceyhan", "name:en": null, "railway": "station", "ele": "31", "operator:type": null, "layer": null, "addr:full": null, "addr:city": null, "source": null, "name:tr": null, "osm_id": 13142516199, "osm_type": "nodes" }, "geometry": { "type": "Point", "coordinates": [ 35.8172751, 37.0180605 ] } },
{ "type": "Feature", "properties": { "name": "Akçakale", "name:en": null, "railway": "station", "ele": "354", "operator:type": null, "layer": null, "addr:full": null, "addr:city": null, "source": null, "name:tr": null, "osm_id": 2106364149, "osm_type": "nodes" }, "geometry": { "type": "Point", "coordinates": [ 38.9498622, 36.7051843 ] } },
{ "type": "Feature", "properties": { "name": "Toprakkale", "name:en": null, "railway": "station", "ele": null, "operator:type": null, "layer": null, "addr:full": null, "addr:city": null, "source": null, "name:tr": null, "osm_id": 13142562856, "osm_type": "nodes" }, "geometry": { "type": "Point", "coordinates": [ 36.1455025, 37.0666092 ] } },
{ "type": "Feature", "properties": { "name": "Erzin", "name:en": null, "railway": "station", "ele": "52", "operator:type": null, "layer": null, "addr:full": null, "addr:city": null, "source": null, "name:tr": null, "osm_id": 13142574206, "osm_type": "nodes" }, "geometry": { "type": "Point", "coordinates": [ 36.1302382, 36.9746038 ] } },
{ "type": "Feature", "properties": { "name": "Yeşildağ", "name:en": null, "railway": "station", "ele": "329", "operator:type": null, "layer": null, "addr:full": null, "addr:city": null, "source": null, "name:tr": null, "osm_id": 1028216257, "osm_type": "nodes" }, "geometry": { "type": "Point", "coordinates": [ 37.9551546, 37.0070335 ] } },
{ "type": "Feature", "properties": { "name": "Akdoğan", "name:en": null, "railway": "station", "ele": "410", "operator:type": null, "layer": null, "addr:full": null, "addr:city": null, "source": null, "name:tr": null, "osm_id": 2106364144, "osm_type": "nodes" }, "geometry": { "type": "Point", "coordinates": [ 40.4067662, 37.0126333 ] } },
{ "type": "Feature", "properties": { "name": "Mardin İstasyonu", "name:en": null, "railway": "station", "ele": "677", "operator:type": null, "layer": null, "addr:full": null, "addr:city": null, "source": null, "name:tr": null, "osm_id": 1831989082, "osm_type": "nodes" }, "geometry": { "type": "Point", "coordinates": [ 40.7084506, 37.2846729 ] } },
{ "type": "Feature", "properties": { "name": "Nusaybin", "name:en": null, "railway": "station", "ele": "508", "operator:type": null, "layer": null, "addr:full": null, "addr:city": null, "source": null, "name:tr": null, "osm_id": 1101841150, "osm_type": "nodes" }, "geometry": { "type": "Point", "coordinates": [ 41.2281406, 37.0758079 ] } },
{ "type": "Feature", "properties": { "name": "Kaklık", "name:en": null, "railway": "station", "ele": "542", "operator:type": null, "layer": null, "addr:full": null, "addr:city": null, "source": null, "name:tr": null, "osm_id": 2290672906, "osm_type": "nodes" }, "geometry": { "type": "Point", "coordinates": [ 29.4147139, 37.8271545 ] } },
{ "type": "Feature", "properties": { "name": "Çardak", "name:en": null, "railway": "station", "ele": "851", "operator:type": null, "layer": null, "addr:full": null, "addr:city": null, "source": null, "name:tr": null, "osm_id": 166012795, "osm_type": "nodes" }, "geometry": { "type": "Point", "coordinates": [ 29.6789423, 37.821539 ] } },
{ "type": "Feature", "properties": { "name": "Ankara YHT Garı", "name:en": "Ankara YHT", "railway": "station", "ele": "851", "operator:type": null, "layer": null, "addr:full": null, "addr:city": null, "source": null, "name:tr": null, "osm_id": 11056845809, "osm_type": "nodes" }, "geometry": { "type": "Point", "coordinates": [ 32.843351, 39.9349345 ] } },
{ "type": "Feature", "properties": { "name": "Basmane", "name:en": "Basmane railway station", "railway": "station", "ele": "4", "operator:type": null, "layer": null, "addr:full": null, "addr:city": null, "source": null, "name:tr": null, "osm_id": 8072437221, "osm_type": "nodes" }, "geometry": { "type": "Point", "coordinates": [ 27.1439012, 38.4224462 ] } },
{ "type": "Feature", "properties": { "name": "Denizli", "name:en": null, "railway": "station", "ele": "355", "operator:type": null, "layer": null, "addr:full": null, "addr:city": null, "source": null, "name:tr": null, "osm_id": 1033799242, "osm_type": "nodes" }, "geometry": { "type": "Point", "coordinates": [ 29.0909657, 37.7869799 ] } },
{ "type": "Feature", "properties": { "name": "Batman", "name:en": null, "railway": "station", "ele": "544", "operator:type": null, "layer": null, "addr:full": null, "addr:city": "Batman", "source": null, "name:tr": null, "osm_id": 1018999007, "osm_type": "nodes" }, "geometry": { "type": "Point", "coordinates": [ 41.1226819, 37.8785813 ] } },
{ "type": "Feature", "properties": { "name": "Aydın", "name:en": null, "railway": "station", "ele": "64", "operator:type": null, "layer": null, "addr:full": null, "addr:city": null, "source": null, "name:tr": null, "osm_id": 1033065272, "osm_type": "nodes" }, "geometry": { "type": "Point", "coordinates": [ 27.8420086, 37.8482859 ] } },
{ "type": "Feature", "properties": { "name": "Kılıçlar", "name:en": null, "railway": "station", "ele": "792", "operator:type": null, "layer": null, "addr:full": null, "addr:city": null, "source": null, "name:tr": null, "osm_id": 2626037720, "osm_type": "nodes" }, "geometry": { "type": "Point", "coordinates": [ 33.3216201, 39.8992167 ] } },
{ "type": "Feature", "properties": { "name": "Kurbağalı", "name:en": null, "railway": "station", "ele": "940", "operator:type": null, "layer": null, "addr:full": null, "addr:city": null, "source": null, "name:tr": null, "osm_id": 13371861687, "osm_type": "nodes" }, "geometry": { "type": "Point", "coordinates": [ 33.2952198, 39.9419051 ] } },
{ "type": "Feature", "properties": { "name": "Lalahan", "name:en": null, "railway": "station", "ele": "1035", "operator:type": null, "layer": null, "addr:full": null, "addr:city": null, "source": null, "name:tr": null, "osm_id": 2626026172, "osm_type": "nodes" }, "geometry": { "type": "Point", "coordinates": [ 33.1171313, 39.9706342 ] } },
{ "type": "Feature", "properties": { "name": "Lalabel", "name:en": null, "railway": "station", "ele": "1188", "operator:type": null, "layer": null, "addr:full": null, "addr:city": null, "source": null, "name:tr": null, "osm_id": 12012657166, "osm_type": "nodes" }, "geometry": { "type": "Point", "coordinates": [ 33.1874151, 39.957941 ] } },
{ "type": "Feature", "properties": { "name": "Alibey", "name:en": null, "railway": "station", "ele": "605", "operator:type": null, "layer": null, "addr:full": null, "addr:city": null, "source": null, "name:tr": null, "osm_id": 2438905434, "osm_type": "nodes" }, "geometry": { "type": "Point", "coordinates": [ 33.5677973, 40.1943274 ] } },
{ "type": "Feature", "properties": { "name": "Kalecik", "name:en": null, "railway": "station", "ele": "735", "operator:type": null, "layer": null, "addr:full": null, "addr:city": null, "source": "bing", "name:tr": null, "osm_id": 1811029435, "osm_type": "nodes" }, "geometry": { "type": "Point", "coordinates": [ 33.4450431, 40.0763983 ] } },
{ "type": "Feature", "properties": { "name": "Çağlayan", "name:en": null, "railway": "station", "ele": null, "operator:type": null, "layer": null, "addr:full": null, "addr:city": null, "source": null, "name:tr": null, "osm_id": 6507340892, "osm_type": "nodes" }, "geometry": { "type": "Point", "coordinates": [ 28.9805133, 41.0707068 ] } },
{ "type": "Feature", "properties": { "name": "Demirciören", "name:en": null, "railway": "station", "ele": "1016", "operator:type": null, "layer": null, "addr:full": null, "addr:city": null, "source": "bing", "name:tr": null, "osm_id": 1868890037, "osm_type": "nodes" }, "geometry": { "type": "Point", "coordinates": [ 29.8627636, 39.4608574 ] } },
{ "type": "Feature", "properties": { "name": "Irmak", "name:en": null, "railway": "station", "ele": "679", "operator:type": null, "layer": null, "addr:full": null, "addr:city": null, "source": null, "name:tr": null, "osm_id": 7933918564, "osm_type": "nodes" }, "geometry": { "type": "Point", "coordinates": [ 33.3932861, 39.9346958 ] } },
{ "type": "Feature", "properties": { "name": "Sarayönü", "name:en": null, "railway": "station", "ele": "1067", "operator:type": null, "layer": null, "addr:full": null, "addr:city": null, "source": null, "name:tr": null, "osm_id": 2396457923, "osm_type": "nodes" }, "geometry": { "type": "Point", "coordinates": [ 32.4040067, 38.25588 ] } },
{ "type": "Feature", "properties": { "name": "Sultandağı", "name:en": null, "railway": "station", "ele": "972", "operator:type": null, "layer": null, "addr:full": null, "addr:city": null, "source": "bing", "name:tr": null, "osm_id": 12347968181, "osm_type": "nodes" }, "geometry": { "type": "Point", "coordinates": [ 31.2682411, 38.5479273 ] } },
{ "type": "Feature", "properties": { "name": "Çay", "name:en": null, "railway": "station", "ele": "974", "operator:type": null, "layer": null, "addr:full": null, "addr:city": null, "source": null, "name:tr": null, "osm_id": 1891195203, "osm_type": "nodes" }, "geometry": { "type": "Point", "coordinates": [ 31.0355492, 38.6283416 ] } },
{ "type": "Feature", "properties": { "name": "Seyitömer", "name:en": null, "railway": "station", "ele": "1142", "operator:type": null, "layer": null, "addr:full": null, "addr:city": null, "source": null, "name:tr": null, "osm_id": 13391047355, "osm_type": "nodes" }, "geometry": { "type": "Point", "coordinates": [ 29.8730926, 39.578454 ] } },
{ "type": "Feature", "properties": { "name": "Çandır", "name:en": null, "railway": "station", "ele": "105", "operator:type": null, "layer": null, "addr:full": null, "addr:city": null, "source": null, "name:tr": null, "osm_id": 1909769310, "osm_type": "nodes" }, "geometry": { "type": "Point", "coordinates": [ 28.0486299, 39.6099656 ] } },
{ "type": "Feature", "properties": { "name": "Gazellidere", "name:en": null, "railway": "station", "ele": "540", "operator:type": null, "layer": null, "addr:full": null, "addr:city": null, "source": null, "name:tr": null, "osm_id": 4394451678, "osm_type": "nodes" }, "geometry": { "type": "Point", "coordinates": [ 28.4692829, 39.5449446 ] } },
{ "type": "Feature", "properties": { "name": "Dursunbey", "name:en": null, "railway": "station", "ele": "408", "operator:type": null, "layer": null, "addr:full": null, "addr:city": null, "source": "bing", "name:tr": null, "osm_id": 1626731519, "osm_type": "nodes" }, "geometry": { "type": "Point", "coordinates": [ 28.6529869, 39.5472927 ] } },
{ "type": "Feature", "properties": { "name": "Gökçedağ İstasyonu", "name:en": null, "railway": "station", "ele": "361", "operator:type": null, "layer": null, "addr:full": null, "addr:city": null, "source": null, "name:tr": null, "osm_id": 13096455567, "osm_type": "nodes" }, "geometry": { "type": "Point", "coordinates": [ 28.9797061, 39.6119319 ] } },
{ "type": "Feature", "properties": { "name": "Tavşanlı", "name:en": "Tavşanlı", "railway": "station", "ele": "863", "operator:type": null, "layer": null, "addr:full": null, "addr:city": null, "source": null, "name:tr": null, "osm_id": 1628535479, "osm_type": "nodes" }, "geometry": { "type": "Point", "coordinates": [ 29.4863407, 39.5402183 ] } },
{ "type": "Feature", "properties": { "name": "Nusrat", "name:en": null, "railway": "station", "ele": "110", "operator:type": null, "layer": null, "addr:full": null, "addr:city": null, "source": null, "name:tr": null, "osm_id": 4394457197, "osm_type": "nodes" }, "geometry": { "type": "Point", "coordinates": [ 28.1625983, 39.6158162 ] } },
{ "type": "Feature", "properties": { "name": "Piribeyler İstasyonu", "name:en": null, "railway": "station", "ele": "311", "operator:type": null, "layer": null, "addr:full": null, "addr:city": null, "source": "bing", "name:tr": null, "osm_id": 1626984771, "osm_type": "nodes" }, "geometry": { "type": "Point", "coordinates": [ 28.7958968, 39.6274582 ] } },
{ "type": "Feature", "properties": { "name": "Balıköy", "name:en": null, "railway": "station", "ele": "432", "operator:type": null, "layer": null, "addr:full": null, "addr:city": null, "source": null, "name:tr": null, "osm_id": 4394447169, "osm_type": "nodes" }, "geometry": { "type": "Point", "coordinates": [ 29.0951005, 39.5240739 ] } },
{ "type": "Feature", "properties": { "name": "Değirmisaz Istasyonu", "name:en": null, "railway": "station", "ele": "521", "operator:type": null, "layer": null, "addr:full": null, "addr:city": null, "source": null, "name:tr": null, "osm_id": 4394446381, "osm_type": "nodes" }, "geometry": { "type": "Point", "coordinates": [ 29.1976367, 39.4895889 ] } },
{ "type": "Feature", "properties": { "name": "Demirli", "name:en": null, "railway": "station", "ele": "676", "operator:type": null, "layer": null, "addr:full": null, "addr:city": null, "source": null, "name:tr": null, "osm_id": 4394446357, "osm_type": "nodes" }, "geometry": { "type": "Point", "coordinates": [ 29.301472, 39.5030844 ] } },
{ "type": "Feature", "properties": { "name": "Azot", "name:en": null, "railway": "station", "ele": "923", "operator:type": null, "layer": null, "addr:full": null, "addr:city": null, "source": null, "name:tr": null, "osm_id": 12144121424, "osm_type": "nodes" }, "geometry": { "type": "Point", "coordinates": [ 30.0202905, 39.4534308 ] } },
{ "type": "Feature", "properties": { "name": "Kütahya", "name:en": null, "railway": "station", "ele": "933", "operator:type": null, "layer": null, "addr:full": null, "addr:city": "Kütahya", "source": null, "name:tr": null, "osm_id": 1035063304, "osm_type": "nodes" }, "geometry": { "type": "Point", "coordinates": [ 30.0010125, 39.4205642 ] } },
{ "type": "Feature", "properties": { "name": "Sabuncupınar", "name:en": null, "railway": "station", "ele": "952", "operator:type": null, "layer": null, "addr:full": null, "addr:city": null, "source": null, "name:tr": null, "osm_id": 2712964634, "osm_type": "nodes" }, "geometry": { "type": "Point", "coordinates": [ 30.1908682, 39.563121 ] } },
{ "type": "Feature", "properties": { "name": "Gazlıgöl", "name:en": null, "railway": "station", "ele": "1047", "operator:type": null, "layer": null, "addr:full": null, "addr:city": null, "source": null, "name:tr": null, "osm_id": 2713013256, "osm_type": "nodes" }, "geometry": { "type": "Point", "coordinates": [ 30.5007014, 38.9319316 ] } },
{ "type": "Feature", "properties": { "name": "Tinaztepe", "name:en": null, "railway": "station", "ele": "1087", "operator:type": null, "layer": null, "addr:full": null, "addr:city": null, "source": "bing", "name:tr": null, "osm_id": 1841395601, "osm_type": "nodes" }, "geometry": { "type": "Point", "coordinates": [ 30.3849256, 38.7452278 ] } },
{ "type": "Feature", "properties": { "name": "Enveriye", "name:en": null, "railway": "station", "ele": "790", "operator:type": null, "layer": null, "addr:full": null, "addr:city": null, "source": null, "name:tr": null, "osm_id": 13365924590, "osm_type": "nodes" }, "geometry": { "type": "Point", "coordinates": [ 30.4848155, 39.7735169 ] } },
{ "type": "Feature", "properties": { "name": "Gökçekısık", "name:en": null, "railway": "station", "ele": "828", "operator:type": null, "layer": null, "addr:full": null, "addr:city": null, "source": null, "name:tr": null, "osm_id": 2711401351, "osm_type": "nodes" }, "geometry": { "type": "Point", "coordinates": [ 30.3871155, 39.6537684 ] } },
{ "type": "Feature", "properties": { "name": "Döğer", "name:en": null, "railway": "station", "ele": "1123", "operator:type": null, "layer": null, "addr:full": null, "addr:city": null, "source": null, "name:tr": null, "osm_id": 1843521618, "osm_type": "nodes" }, "geometry": { "type": "Point", "coordinates": [ 30.3804783, 39.131689 ] } },
{ "type": "Feature", "properties": { "name": "Değirmenözü", "name:en": null, "railway": "station", "ele": "1081", "operator:type": null, "layer": null, "addr:full": null, "addr:city": null, "source": null, "name:tr": null, "osm_id": 2713003987, "osm_type": "nodes" }, "geometry": { "type": "Point", "coordinates": [ 30.2940369, 39.2064093 ] } },
{ "type": "Feature", "properties": { "name": "İhsaniye", "name:en": null, "railway": "station", "ele": "1093", "operator:type": null, "layer": null, "addr:full": null, "addr:city": null, "source": null, "name:tr": null, "osm_id": 2713010662, "osm_type": "nodes" }, "geometry": { "type": "Point", "coordinates": [ 30.4031955, 39.0134902 ] } },
{ "type": "Feature", "properties": { "name": "Yıldırım Kemal İstasyonu", "name:en": null, "railway": "station", "ele": "1152", "operator:type": null, "layer": null, "addr:full": null, "addr:city": null, "source": "bing", "name:tr": null, "osm_id": 1841303621, "osm_type": "nodes" }, "geometry": { "type": "Point", "coordinates": [ 30.12473, 38.8776101 ] } },
{ "type": "Feature", "properties": { "name": "Balmahmut İstasyonu", "name:en": null, "railway": "station", "ele": "1061", "operator:type": null, "layer": null, "addr:full": null, "addr:city": null, "source": null, "name:tr": null, "osm_id": 1991061657, "osm_type": "nodes" }, "geometry": { "type": "Point", "coordinates": [ 30.3435535, 38.809467 ] } },
{ "type": "Feature", "properties": { "name": "Kocatepe Istasyon", "name:en": null, "railway": "station", "ele": "1293", "operator:type": null, "layer": null, "addr:full": null, "addr:city": null, "source": null, "name:tr": null, "osm_id": 12999694104, "osm_type": "nodes" }, "geometry": { "type": "Point", "coordinates": [ 30.3232715, 38.6723161 ] } },
{ "type": "Feature", "properties": { "name": "Çiğiltepe Istasyon", "name:en": null, "railway": "station", "ele": "1193", "operator:type": null, "layer": null, "addr:full": null, "addr:city": null, "source": "bing", "name:tr": null, "osm_id": 2834285349, "osm_type": "nodes" }, "geometry": { "type": "Point", "coordinates": [ 30.2668479, 38.5975805 ] } },
{ "type": "Feature", "properties": { "name": "Kızılinler", "name:en": null, "railway": "station", "ele": "817", "operator:type": null, "layer": null, "addr:full": null, "addr:city": null, "source": "Bing", "name:tr": null, "osm_id": 2707110470, "osm_type": "nodes" }, "geometry": { "type": "Point", "coordinates": [ 30.4168755, 39.7041145 ] } },
{ "type": "Feature", "properties": { "name": "Uluköy", "name:en": null, "railway": "station", "ele": "1001", "operator:type": null, "layer": null, "addr:full": null, "addr:city": null, "source": null, "name:tr": null, "osm_id": 2712964885, "osm_type": "nodes" }, "geometry": { "type": "Point", "coordinates": [ 30.156483, 39.4853497 ] } },
{ "type": "Feature", "properties": { "name": "OSTİM", "name:en": null, "railway": "station", "ele": null, "operator:type": null, "layer": null, "addr:full": null, "addr:city": null, "source": null, "name:tr": null, "osm_id": 670246271, "osm_type": "nodes" }, "geometry": { "type": "Point", "coordinates": [ 32.7449331, 39.9702293 ] } },
{ "type": "Feature", "properties": { "name": "Isparta", "name:en": null, "railway": "station", "ele": "1024", "operator:type": null, "layer": null, "addr:full": null, "addr:city": null, "source": null, "name:tr": null, "osm_id": 1035592982, "osm_type": "nodes" }, "geometry": { "type": "Point", "coordinates": [ 30.5630475, 37.7719211 ] } },
{ "type": "Feature", "properties": { "name": "Keçiborlu", "name:en": null, "railway": "station", "ele": "1010", "operator:type": null, "layer": null, "addr:full": null, "addr:city": null, "source": null, "name:tr": null, "osm_id": 2654287366, "osm_type": "nodes" }, "geometry": { "type": "Point", "coordinates": [ 30.3070421, 37.9477345 ] } },
{ "type": "Feature", "properties": { "name": "Karakuyu", "name:en": null, "railway": "station", "ele": "1016", "operator:type": null, "layer": null, "addr:full": null, "addr:city": null, "source": "bing", "name:tr": null, "osm_id": 12999694156, "osm_type": "nodes" }, "geometry": { "type": "Point", "coordinates": [ 30.2088806, 38.0775295 ] } },
{ "type": "Feature", "properties": { "name": "Dinar", "name:en": null, "railway": "station", "ele": "866", "operator:type": null, "layer": null, "addr:full": null, "addr:city": null, "source": "bing", "name:tr": null, "osm_id": 2191227870, "osm_type": "nodes" }, "geometry": { "type": "Point", "coordinates": [ 30.1563634, 38.0655907 ] } },
{ "type": "Feature", "properties": { "name": "Payas", "name:en": null, "railway": "station", "ele": "11", "operator:type": null, "layer": null, "addr:full": null, "addr:city": null, "source": null, "name:tr": null, "osm_id": 13147533958, "osm_type": "nodes" }, "geometry": { "type": "Point", "coordinates": [ 36.2093457, 36.7669311 ] } },
{ "type": "Feature", "properties": { "name": "Tuzla (Kayseri)", "name:en": null, "railway": "station", "ele": null, "operator:type": null, "layer": null, "addr:full": null, "addr:city": null, "source": null, "name:tr": null, "osm_id": 2679028082, "osm_type": "nodes" }, "geometry": { "type": "Point", "coordinates": [ 35.8988395, 39.0017518 ] } },
{ "type": "Feature", "properties": { "name": "Selçuklu YHT", "name:en": null, "railway": "station", "ele": null, "operator:type": null, "layer": null, "addr:full": null, "addr:city": null, "source": null, "name:tr": null, "osm_id": 11034131794, "osm_type": "nodes" }, "geometry": { "type": "Point", "coordinates": [ 32.4981516, 37.898243 ] } },
{ "type": "Feature", "properties": { "name": "Մասիս", "name:en": "Masis", "railway": "station", "ele": null, "operator:type": null, "layer": null, "addr:full": null, "addr:city": null, "source": null, "name:tr": null, "osm_id": 9570630662, "osm_type": "nodes" }, "geometry": { "type": "Point", "coordinates": [ 44.410643, 40.0621718 ] } },
{ "type": "Feature", "properties": { "name": "Sarıseki", "name:en": null, "railway": "station", "ele": "3", "operator:type": null, "layer": null, "addr:full": null, "addr:city": null, "source": null, "name:tr": null, "osm_id": 13149530362, "osm_type": "nodes" }, "geometry": { "type": "Point", "coordinates": [ 36.2136553, 36.6686886 ] } },
{ "type": "Feature", "properties": { "name": "Tüney", "name:en": null, "railway": "station", "ele": "720", "operator:type": null, "layer": null, "addr:full": null, "addr:city": null, "source": null, "name:tr": null, "osm_id": 1811110475, "osm_type": "nodes" }, "geometry": { "type": "Point", "coordinates": [ 33.5284878, 40.3545584 ] } },
{ "type": "Feature", "properties": { "name": "Köprüağzı", "name:en": null, "railway": "station", "ele": "496", "operator:type": null, "layer": null, "addr:full": null, "addr:city": null, "source": "bing", "name:tr": null, "osm_id": 13150129314, "osm_type": "nodes" }, "geometry": { "type": "Point", "coordinates": [ 37.0003319, 37.3613722 ] } },
{ "type": "Feature", "properties": { "name": "Gümüşdüven", "name:en": null, "railway": "station", "ele": "838", "operator:type": null, "layer": null, "addr:full": null, "addr:city": null, "source": "Satılmış Kelel - thanks for the photo", "name:tr": null, "osm_id": 2389665217, "osm_type": "nodes" }, "geometry": { "type": "Point", "coordinates": [ 33.5323509, 40.6905412 ] } },
{ "type": "Feature", "properties": { "name": "Hacıbayram", "name:en": null, "railway": "station", "ele": null, "operator:type": null, "layer": null, "addr:full": null, "addr:city": null, "source": null, "name:tr": null, "osm_id": 1807826065, "osm_type": "nodes" }, "geometry": { "type": "Point", "coordinates": [ 35.6330755, 40.852295 ] } },
{ "type": "Feature", "properties": { "name": "Göllüce", "name:en": null, "railway": "station", "ele": "1192", "operator:type": null, "layer": null, "addr:full": null, "addr:city": null, "source": "bing", "name:tr": null, "osm_id": 1874204778, "osm_type": "nodes" }, "geometry": { "type": "Point", "coordinates": [ 33.4095022, 40.8077114 ] } },
{ "type": "Feature", "properties": { "name": "Eryaman 5", "name:en": null, "railway": "station", "ele": null, "operator:type": null, "layer": null, "addr:full": null, "addr:city": null, "source": null, "name:tr": null, "osm_id": 2588336393, "osm_type": "nodes" }, "geometry": { "type": "Point", "coordinates": [ 32.6274057, 39.981109 ] } },
{ "type": "Feature", "properties": { "name": "Atkaracalar", "name:en": null, "railway": "station", "ele": "1152", "operator:type": null, "layer": null, "addr:full": null, "addr:city": null, "source": null, "name:tr": null, "osm_id": 2232271626, "osm_type": "nodes" }, "geometry": { "type": "Point", "coordinates": [ 33.0829926, 40.7980871 ] } },
{ "type": "Feature", "properties": { "name": "Çerkeş", "name:en": null, "railway": "station", "ele": "1119", "operator:type": null, "layer": null, "addr:full": null, "addr:city": null, "source": null, "name:tr": null, "osm_id": 947975087, "osm_type": "nodes" }, "geometry": { "type": "Point", "coordinates": [ 32.8844422, 40.8113941 ] } },
{ "type": "Feature", "properties": { "name": "Kurtçimeni", "name:en": null, "railway": "station", "ele": "1091", "operator:type": null, "layer": null, "addr:full": null, "addr:city": null, "source": null, "name:tr": null, "osm_id": 1810970676, "osm_type": "nodes" }, "geometry": { "type": "Point", "coordinates": [ 32.7594775, 40.8410407 ] } },
{ "type": "Feature", "properties": { "name": "İsmetpaşa", "name:en": null, "railway": "station", "ele": "986", "operator:type": null, "layer": null, "addr:full": null, "addr:city": null, "source": "bing", "name:tr": null, "osm_id": 1952707128, "osm_type": "nodes" }, "geometry": { "type": "Point", "coordinates": [ 32.6273732, 40.8688661 ] } },
{ "type": "Feature", "properties": { "name": "Çankırı", "name:en": null, "railway": "station", "ele": "723", "operator:type": null, "layer": null, "addr:full": null, "addr:city": null, "source": null, "name:tr": null, "osm_id": 2627502412, "osm_type": "nodes" }, "geometry": { "type": "Point", "coordinates": [ 33.6140865, 40.5963342 ] } },
{ "type": "Feature", "properties": { "name": "Atatürk Kültür Merkezi", "name:en": null, "railway": "station", "ele": null, "operator:type": null, "layer": null, "addr:full": null, "addr:city": null, "source": null, "name:tr": null, "osm_id": 412341361, "osm_type": "nodes" }, "geometry": { "type": "Point", "coordinates": [ 32.8451553, 39.9435727 ] } },
{ "type": "Feature", "properties": { "name": "MTA", "name:en": null, "railway": "station", "ele": null, "operator:type": null, "layer": null, "addr:full": null, "addr:city": null, "source": "local", "name:tr": null, "osm_id": 2715588472, "osm_type": "nodes" }, "geometry": { "type": "Point", "coordinates": [ 32.7963315, 39.9088993 ] } },
{ "type": "Feature", "properties": { "name": "Pınarbaşı", "name:en": null, "railway": "station", "ele": "1006", "operator:type": null, "layer": null, "addr:full": null, "addr:city": null, "source": null, "name:tr": null, "osm_id": 13154813552, "osm_type": "nodes" }, "geometry": { "type": "Point", "coordinates": [ 32.6049151, 38.0372312 ] } },
{ "type": "Feature", "properties": { "name": "Nizip", "name:en": null, "railway": "station", "ele": "460", "operator:type": null, "layer": null, "addr:full": null, "addr:city": null, "source": null, "name:tr": null, "osm_id": 2732614877, "osm_type": "nodes" }, "geometry": { "type": "Point", "coordinates": [ 37.7889478, 37.0012502 ] } },
{ "type": "Feature", "properties": { "name": "Kurtuluş", "name:en": null, "railway": "station", "ele": null, "operator:type": null, "layer": null, "addr:full": null, "addr:city": null, "source": null, "name:tr": null, "osm_id": 6942688138, "osm_type": "nodes" }, "geometry": { "type": "Point", "coordinates": [ 32.8678929, 39.9288155 ] } },
{ "type": "Feature", "properties": { "name": "Gazi Mahallesi", "name:en": null, "railway": "station", "ele": null, "operator:type": null, "layer": null, "addr:full": null, "addr:city": null, "source": null, "name:tr": null, "osm_id": 6981627649, "osm_type": "nodes" }, "geometry": { "type": "Point", "coordinates": [ 32.8125362, 39.9440165 ] } },
{ "type": "Feature", "properties": { "name": "Motor", "name:en": null, "railway": "station", "ele": null, "operator:type": null, "layer": null, "addr:full": null, "addr:city": null, "source": null, "name:tr": null, "osm_id": 6981627650, "osm_type": "nodes" }, "geometry": { "type": "Point", "coordinates": [ 32.7784715, 39.9342115 ] } },
{ "type": "Feature", "properties": { "name": "Hipodrom", "name:en": null, "railway": "station", "ele": null, "operator:type": null, "layer": null, "addr:full": null, "addr:city": null, "source": null, "name:tr": null, "osm_id": 7528826155, "osm_type": "nodes" }, "geometry": { "type": "Point", "coordinates": [ 32.8260009, 39.9449971 ] } },
{ "type": "Feature", "properties": { "name": "Şerbettar", "name:en": null, "railway": "station", "ele": null, "operator:type": null, "layer": null, "addr:full": null, "addr:city": null, "source": null, "name:tr": null, "osm_id": 12228171642, "osm_type": "nodes" }, "geometry": { "type": "Point", "coordinates": [ 26.7628358, 41.4714115 ] } },
{ "type": "Feature", "properties": { "name": "Bahçıvanova", "name:en": null, "railway": "station", "ele": null, "operator:type": null, "layer": null, "addr:full": null, "addr:city": null, "source": null, "name:tr": null, "osm_id": 12228171644, "osm_type": "nodes" }, "geometry": { "type": "Point", "coordinates": [ 26.8223776, 41.4122948 ] } },
{ "type": "Feature", "properties": { "name": "Sazlımalkoç", "name:en": null, "railway": "station", "ele": null, "operator:type": null, "layer": null, "addr:full": null, "addr:city": null, "source": null, "name:tr": null, "osm_id": 12228171645, "osm_type": "nodes" }, "geometry": { "type": "Point", "coordinates": [ 26.8803088, 41.3593835 ] } },
{ "type": "Feature", "properties": { "name": "Bahçelievler", "name:en": null, "railway": "station", "ele": null, "operator:type": null, "layer": null, "addr:full": null, "addr:city": null, "source": null, "name:tr": null, "osm_id": 7722103259, "osm_type": "nodes" }, "geometry": { "type": "Point", "coordinates": [ 28.8633136, 40.9954814 ] } },
{ "type": "Feature", "properties": { "name": "Bozdemir", "name:en": null, "railway": "station", "ele": null, "operator:type": null, "layer": null, "addr:full": null, "addr:city": null, "source": null, "name:tr": null, "osm_id": 13171455282, "osm_type": "nodes" }, "geometry": { "type": "Point", "coordinates": [ 40.3088957, 37.8362965 ] } },
{ "type": "Feature", "properties": { "name": "Haydarlı", "name:en": null, "railway": "station", "ele": "783", "operator:type": null, "layer": null, "addr:full": null, "addr:city": null, "source": null, "name:tr": null, "osm_id": 13154916640, "osm_type": "nodes" }, "geometry": { "type": "Point", "coordinates": [ 37.4542337, 37.5793216 ] } },
{ "type": "Feature", "properties": { "name": "Ataevler / 23 Nisan", "name:en": null, "railway": "station", "ele": null, "operator:type": null, "layer": null, "addr:full": null, "addr:city": null, "source": null, "name:tr": null, "osm_id": 5317041669, "osm_type": "nodes" }, "geometry": { "type": "Point", "coordinates": [ 28.9499322, 40.2125595 ] } },
{ "type": "Feature", "properties": { "name": "Batıkent / 19 Mayıs", "name:en": null, "railway": "station", "ele": null, "operator:type": null, "layer": null, "addr:full": null, "addr:city": null, "source": null, "name:tr": null, "osm_id": 5317020148, "osm_type": "nodes" }, "geometry": { "type": "Point", "coordinates": [ 28.8911674, 40.2204724 ] } },
{ "type": "Feature", "properties": { "name": "Karaman / Hürriyet", "name:en": null, "railway": "station", "ele": null, "operator:type": null, "layer": null, "addr:full": null, "addr:city": null, "source": null, "name:tr": null, "osm_id": 5316422506, "osm_type": "nodes" }, "geometry": { "type": "Point", "coordinates": [ 29.000591, 40.2165679 ] } },
{ "type": "Feature", "properties": { "name": "Beşevler / Barış", "name:en": null, "railway": "station", "ele": null, "operator:type": null, "layer": null, "addr:full": null, "addr:city": null, "source": null, "name:tr": null, "osm_id": 5316997726, "osm_type": "nodes" }, "geometry": { "type": "Point", "coordinates": [ 28.9661488, 40.2130163 ] } },
{ "type": "Feature", "properties": { "name": "Ertuğrul / Dörtçelik Çocuk Hastanesi", "name:en": null, "railway": "station", "ele": null, "operator:type": null, "layer": null, "addr:full": null, "addr:city": null, "source": null, "name:tr": null, "osm_id": 5317028674, "osm_type": "nodes" }, "geometry": { "type": "Point", "coordinates": [ 28.9219286, 40.2193984 ] } },
{ "type": "Feature", "properties": { "name": "Özlüce / 29 Ekim", "name:en": null, "railway": "station", "ele": null, "operator:type": null, "layer": null, "addr:full": null, "addr:city": null, "source": null, "name:tr": null, "osm_id": 5317023689, "osm_type": "nodes" }, "geometry": { "type": "Point", "coordinates": [ 28.9112869, 40.2199002 ] } },
{ "type": "Feature", "properties": { "name": "Uludağ Üniversitesi", "name:en": null, "railway": "station", "ele": null, "operator:type": null, "layer": null, "addr:full": null, "addr:city": null, "source": null, "name:tr": null, "osm_id": 5317020169, "osm_type": "nodes" }, "geometry": { "type": "Point", "coordinates": [ 28.8700453, 40.218146 ] } },
{ "type": "Feature", "properties": { "name": "Bursa Organize Sanayi Bölgesi / Akpınar", "name:en": null, "railway": "station", "ele": null, "operator:type": null, "layer": null, "addr:full": null, "addr:city": null, "source": null, "name:tr": null, "osm_id": 5316437013, "osm_type": "nodes" }, "geometry": { "type": "Point", "coordinates": [ 28.9670044, 40.2434211 ] } },
{ "type": "Feature", "properties": { "name": "Hamitler / Fethiye", "name:en": null, "railway": "station", "ele": null, "operator:type": null, "layer": null, "addr:full": null, "addr:city": null, "source": null, "name:tr": null, "osm_id": 5316451309, "osm_type": "nodes" }, "geometry": { "type": "Point", "coordinates": [ 28.9755365, 40.2369491 ] } },
{ "type": "Feature", "properties": { "name": "Bağlarbaşı / Esentepe", "name:en": null, "railway": "station", "ele": null, "operator:type": null, "layer": null, "addr:full": null, "addr:city": null, "source": null, "name:tr": null, "osm_id": 5316452966, "osm_type": "nodes" }, "geometry": { "type": "Point", "coordinates": [ 28.9865249, 40.229165 ] } },
{ "type": "Feature", "properties": { "name": "Kemer", "name:en": null, "railway": "station", "ele": "13", "operator:type": null, "layer": null, "addr:full": null, "addr:city": null, "source": null, "name:tr": null, "osm_id": 8071796885, "osm_type": "nodes" }, "geometry": { "type": "Point", "coordinates": [ 27.1562701, 38.4218006 ] } },
{ "type": "Feature", "properties": { "name": "Hilal", "name:en": null, "railway": "station", "ele": "13", "operator:type": null, "layer": null, "addr:full": null, "addr:city": null, "source": null, "name:tr": null, "osm_id": 8078790237, "osm_type": "nodes" }, "geometry": { "type": "Point", "coordinates": [ 27.1543579, 38.4260489 ] } },
{ "type": "Feature", "properties": { "name": "Koçkale", "name:en": null, "railway": "station", "ele": null, "operator:type": null, "layer": null, "addr:full": null, "addr:city": null, "source": null, "name:tr": null, "osm_id": 13180360334, "osm_type": "nodes" }, "geometry": { "type": "Point", "coordinates": [ 39.4842582, 38.6012012 ] } },
{ "type": "Feature", "properties": { "name": "Esenkent", "name:en": null, "railway": "station", "ele": "762", "operator:type": null, "layer": null, "addr:full": null, "addr:city": null, "source": null, "name:tr": null, "osm_id": 2627509575, "osm_type": "nodes" }, "geometry": { "type": "Point", "coordinates": [ 32.4678529, 39.8925764 ] } },
{ "type": "Feature", "properties": { "name": "Yakapınar", "name:en": "Yakapınar", "railway": "station", "ele": "54", "operator:type": null, "layer": null, "addr:full": null, "addr:city": null, "source": null, "name:tr": null, "osm_id": 2733353000, "osm_type": "nodes" }, "geometry": { "type": "Point", "coordinates": [ 35.6124661, 36.9676655 ] } },
{ "type": "Feature", "properties": { "name": "Kurşunlu", "name:en": null, "railway": "station", "ele": null, "operator:type": null, "layer": null, "addr:full": null, "addr:city": null, "source": null, "name:tr": null, "osm_id": 13397730241, "osm_type": "nodes" }, "geometry": { "type": "Point", "coordinates": [ 33.2501093, 40.8460038 ] } },
{ "type": "Feature", "properties": { "name": "Fuar İzmir", "name:en": null, "railway": "station", "ele": null, "operator:type": null, "layer": null, "addr:full": null, "addr:city": null, "source": null, "name:tr": null, "osm_id": 13062345273, "osm_type": "nodes" }, "geometry": { "type": "Point", "coordinates": [ 27.1239493, 38.3476495 ] } },
{ "type": "Feature", "properties": { "name": "Özden", "name:en": null, "railway": "station", "ele": "1293", "operator:type": null, "layer": null, "addr:full": null, "addr:city": null, "source": null, "name:tr": null, "osm_id": 13183502188, "osm_type": "nodes" }, "geometry": { "type": "Point", "coordinates": [ 41.8056576, 38.7083662 ] } },
{ "type": "Feature", "properties": { "name": "Malıköy", "name:en": null, "railway": "station", "ele": "737", "operator:type": null, "layer": null, "addr:full": null, "addr:city": null, "source": null, "name:tr": null, "osm_id": 2627512379, "osm_type": "nodes" }, "geometry": { "type": "Point", "coordinates": [ 32.3866617, 39.7843157 ] } },
{ "type": "Feature", "properties": { "name": "Kapıköy", "name:en": null, "railway": "station", "ele": "2058", "operator:type": null, "layer": null, "addr:full": null, "addr:city": null, "source": null, "name:tr": null, "osm_id": 13184388993, "osm_type": "nodes" }, "geometry": { "type": "Point", "coordinates": [ 44.2951887, 38.5101269 ] } },
{ "type": "Feature", "properties": { "name": "Özalp", "name:en": null, "railway": "station", "ele": "2001", "operator:type": null, "layer": null, "addr:full": null, "addr:city": null, "source": null, "name:tr": null, "osm_id": 13185553849, "osm_type": "nodes" }, "geometry": { "type": "Point", "coordinates": [ 43.9897272, 38.6533516 ] } },
{ "type": "Feature", "properties": { "name": "Erçek", "name:en": null, "railway": "station", "ele": null, "operator:type": null, "layer": null, "addr:full": null, "addr:city": null, "source": null, "name:tr": null, "osm_id": 13183864609, "osm_type": "nodes" }, "geometry": { "type": "Point", "coordinates": [ 43.6572587, 38.6593275 ] } },
{ "type": "Feature", "properties": { "name": "Çeken", "name:en": null, "railway": "station", "ele": null, "operator:type": null, "layer": null, "addr:full": null, "addr:city": null, "source": null, "name:tr": null, "osm_id": 13183865200, "osm_type": "nodes" }, "geometry": { "type": "Point", "coordinates": [ 43.4562946, 38.5627788 ] } },
{ "type": "Feature", "properties": { "name": "Ali Çetinkaya Garı", "name:en": null, "railway": "station", "ele": "1021", "operator:type": null, "layer": null, "addr:full": null, "addr:city": "Afyonkarahisar", "source": null, "name:tr": null, "osm_id": 142218952, "osm_type": "nodes" }, "geometry": { "type": "Point", "coordinates": [ 30.5530757, 38.7642103 ] } },
{ "type": "Feature", "properties": { "name": "Mersin Garı", "name:en": null, "railway": "station", "ele": "6", "operator:type": null, "layer": null, "addr:full": null, "addr:city": "Mersin", "source": null, "name:tr": null, "osm_id": 2596542075, "osm_type": "nodes" }, "geometry": { "type": "Point", "coordinates": [ 34.6338391, 36.8031589 ] } },
{ "type": "Feature", "properties": { "name": "Ortaköy", "name:en": null, "railway": "station", "ele": "876", "operator:type": null, "layer": null, "addr:full": null, "addr:city": null, "source": null, "name:tr": null, "osm_id": 1810292886, "osm_type": "nodes" }, "geometry": { "type": "Point", "coordinates": [ 32.5626162, 40.9358669 ] } },
{ "type": "Feature", "properties": { "name": "Cildikısık", "name:en": null, "railway": "station", "ele": "270", "operator:type": null, "layer": null, "addr:full": null, "addr:city": null, "source": null, "name:tr": null, "osm_id": 1810231503, "osm_type": "nodes" }, "geometry": { "type": "Point", "coordinates": [ 32.6653599, 41.0740287 ] } },
{ "type": "Feature", "properties": { "name": "Van", "name:en": null, "railway": "station", "ele": "1707", "operator:type": null, "layer": null, "addr:full": null, "addr:city": null, "source": "Bing", "name:tr": null, "osm_id": 13192229548, "osm_type": "nodes" }, "geometry": { "type": "Point", "coordinates": [ 43.3831711, 38.5216832 ] } },
{ "type": "Feature", "properties": { "name": "Bolkuş", "name:en": null, "railway": "station", "ele": "204", "operator:type": null, "layer": null, "addr:full": null, "addr:city": null, "source": null, "name:tr": null, "osm_id": 2627465680, "osm_type": "nodes" }, "geometry": { "type": "Point", "coordinates": [ 32.5172296, 41.1603489 ] } },
{ "type": "Feature", "properties": { "name": "Gökçebey", "name:en": null, "railway": "station", "ele": "56", "operator:type": null, "layer": null, "addr:full": null, "addr:city": null, "source": null, "name:tr": null, "osm_id": 2627438755, "osm_type": "nodes" }, "geometry": { "type": "Point", "coordinates": [ 32.1384667, 41.3067487 ] } },
{ "type": "Feature", "properties": { "name": "Karabük", "name:en": "Karabük", "railway": "station", "ele": "258", "operator:type": null, "layer": null, "addr:full": null, "addr:city": null, "source": "bing", "name:tr": null, "osm_id": 1810292465, "osm_type": "nodes" }, "geometry": { "type": "Point", "coordinates": [ 32.6104432, 41.1954449 ] } },
{ "type": "Feature", "properties": { "name": "Ülkü", "name:en": null, "railway": "station", "ele": "290", "operator:type": null, "layer": null, "addr:full": null, "addr:city": null, "source": null, "name:tr": null, "osm_id": 2627476215, "osm_type": "nodes" }, "geometry": { "type": "Point", "coordinates": [ 32.6378645, 41.1812029 ] } },
{ "type": "Feature", "properties": { "name": "Kemerburgaz", "name:en": null, "railway": "station", "ele": null, "operator:type": null, "layer": null, "addr:full": null, "addr:city": null, "source": null, "name:tr": null, "osm_id": 6992407049, "osm_type": "nodes" }, "geometry": { "type": "Point", "coordinates": [ 28.9102378, 41.159163 ] } },
{ "type": "Feature", "properties": { "name": "Göktürk", "name:en": null, "railway": "station", "ele": null, "operator:type": null, "layer": null, "addr:full": null, "addr:city": null, "source": null, "name:tr": null, "osm_id": 8853491811, "osm_type": "nodes" }, "geometry": { "type": "Point", "coordinates": [ 28.8836557, 41.1770052 ] } },
{ "type": "Feature", "properties": { "name": "Արտաշար", "name:en": "Artashar", "railway": "station", "ele": null, "operator:type": null, "layer": null, "addr:full": null, "addr:city": null, "source": null, "name:tr": null, "osm_id": 11368513441, "osm_type": "nodes" }, "geometry": { "type": "Point", "coordinates": [ 44.1789303, 40.1071009 ] } },
{ "type": "Feature", "properties": { "name": "Kapıkule", "name:en": null, "railway": "station", "ele": "52", "operator:type": null, "layer": null, "addr:full": null, "addr:city": null, "source": null, "name:tr": null, "osm_id": 11132878356, "osm_type": "nodes" }, "geometry": { "type": "Point", "coordinates": [ 26.3615763, 41.7190195 ] } },
{ "type": "Feature", "properties": { "name": "Alp", "name:en": null, "railway": "station", "ele": "1092", "operator:type": null, "layer": null, "addr:full": null, "addr:city": null, "source": null, "name:tr": null, "osm_id": 13233090414, "osm_type": "nodes" }, "geometry": { "type": "Point", "coordinates": [ 39.1929236, 39.6173206 ] } },
{ "type": "Feature", "properties": { "name": "Filyos", "name:en": null, "railway": "station", "ele": "5", "operator:type": null, "layer": null, "addr:full": null, "addr:city": null, "source": null, "name:tr": null, "osm_id": 3544707833, "osm_type": "nodes" }, "geometry": { "type": "Point", "coordinates": [ 32.0212089, 41.5599059 ] } },
{ "type": "Feature", "properties": { "name": "Akyaka", "name:en": null, "railway": "station", "ele": "1477", "operator:type": null, "layer": null, "addr:full": null, "addr:city": null, "source": null, "name:tr": null, "osm_id": 13247813127, "osm_type": "nodes" }, "geometry": { "type": "Point", "coordinates": [ 43.6234121, 40.7398464 ] } },
{ "type": "Feature", "properties": { "name": "Kocabaş Istasyon", "name:en": null, "railway": "station", "ele": null, "operator:type": null, "layer": null, "addr:full": null, "addr:city": null, "source": null, "name:tr": null, "osm_id": 1030924769, "osm_type": "nodes" }, "geometry": { "type": "Point", "coordinates": [ 29.3277358, 37.8037151 ] } },
{ "type": "Feature", "properties": { "name": "Canbaz", "name:en": null, "railway": "station", "ele": null, "operator:type": null, "layer": null, "addr:full": null, "addr:city": null, "source": null, "name:tr": null, "osm_id": 13249471379, "osm_type": "nodes" }, "geometry": { "type": "Point", "coordinates": [ 43.3047284, 40.9671793 ] } },
{ "type": "Feature", "properties": { "name": "Canbazlar", "name:en": null, "railway": "station", "ele": null, "operator:type": null, "layer": null, "addr:full": null, "addr:city": null, "source": null, "name:tr": null, "osm_id": 13249471514, "osm_type": "nodes" }, "geometry": { "type": "Point", "coordinates": [ 43.3011659, 41.1301613 ] } },
{ "type": "Feature", "properties": { "name": "Güvercin", "name:en": null, "railway": "station", "ele": null, "operator:type": null, "layer": null, "addr:full": null, "addr:city": null, "source": null, "name:tr": null, "osm_id": 13249471308, "osm_type": "nodes" }, "geometry": { "type": "Point", "coordinates": [ 43.2546212, 40.8289107 ] } },
{ "type": "Feature", "properties": { "name": "Yahşiler", "name:en": null, "railway": "station", "ele": null, "operator:type": null, "layer": null, "addr:full": null, "addr:city": null, "source": null, "name:tr": null, "osm_id": 2313668761, "osm_type": "nodes" }, "geometry": { "type": "Point", "coordinates": [ 38.7520328, 39.5372301 ] } },
{ "type": "Feature", "properties": { "name": "152 Evler", "name:en": null, "railway": "station", "ele": null, "operator:type": null, "layer": null, "addr:full": null, "addr:city": null, "source": null, "name:tr": null, "osm_id": 5315432299, "osm_type": "nodes" }, "geometry": { "type": "Point", "coordinates": [ 29.1064364, 40.1915409 ] } },
{ "type": "Feature", "properties": { "name": "Candoğan", "name:en": null, "railway": "station", "ele": "1633", "operator:type": null, "layer": null, "addr:full": null, "addr:city": null, "source": null, "name:tr": null, "osm_id": 13261185143, "osm_type": "nodes" }, "geometry": { "type": "Point", "coordinates": [ 37.2389241, 39.3218455 ] } },
{ "type": "Feature", "properties": { "name": "İstanbul Havalimanı", "name:en": null, "railway": "station", "ele": null, "operator:type": null, "layer": null, "addr:full": null, "addr:city": null, "source": null, "name:tr": null, "osm_id": 7246055799, "osm_type": "nodes" }, "geometry": { "type": "Point", "coordinates": [ 28.7425561, 41.2559331 ] } },
{ "type": "Feature", "properties": { "name": "Çamlıbel", "name:en": null, "railway": "station", "ele": null, "operator:type": null, "layer": null, "addr:full": null, "addr:city": null, "source": null, "name:tr": null, "osm_id": 13270281101, "osm_type": "nodes" }, "geometry": { "type": "Point", "coordinates": [ 36.3943639, 39.941962 ] } },
{ "type": "Feature", "properties": { "name": "Saraycık", "name:en": null, "railway": "station", "ele": null, "operator:type": null, "layer": null, "addr:full": null, "addr:city": null, "source": null, "name:tr": null, "osm_id": 13270950263, "osm_type": "nodes" }, "geometry": { "type": "Point", "coordinates": [ 35.2905517, 38.7359956 ] } },
{ "type": "Feature", "properties": { "name": "Örenşehir", "name:en": null, "railway": "station", "ele": null, "operator:type": null, "layer": null, "addr:full": null, "addr:city": null, "source": null, "name:tr": null, "osm_id": 13270950264, "osm_type": "nodes" }, "geometry": { "type": "Point", "coordinates": [ 35.2486627, 38.6961193 ] } },
{ "type": "Feature", "properties": { "name": "Bahçesaray", "name:en": null, "railway": "station", "ele": null, "operator:type": null, "layer": null, "addr:full": null, "addr:city": null, "source": null, "name:tr": null, "osm_id": 13270950265, "osm_type": "nodes" }, "geometry": { "type": "Point", "coordinates": [ 35.2018629, 38.637069 ] } },
{ "type": "Feature", "properties": { "name": "Terminal", "name:en": null, "railway": "station", "ele": null, "operator:type": null, "layer": null, "addr:full": null, "addr:city": "Kocasinan/Kayseri", "source": null, "name:tr": null, "osm_id": 13270950267, "osm_type": "nodes" }, "geometry": { "type": "Point", "coordinates": [ 35.4046745, 38.7510016 ] } },
{ "type": "Feature", "properties": { "name": "İncesu OSB", "name:en": null, "railway": "station", "ele": null, "operator:type": null, "layer": null, "addr:full": null, "addr:city": null, "source": null, "name:tr": null, "osm_id": 13270950266, "osm_type": "nodes" }, "geometry": { "type": "Point", "coordinates": [ 35.1884489, 38.5645531 ] } },
{ "type": "Feature", "properties": { "name": "Odunluk", "name:en": null, "railway": "station", "ele": null, "operator:type": null, "layer": null, "addr:full": null, "addr:city": null, "source": null, "name:tr": null, "osm_id": 9132118601, "osm_type": "nodes" }, "geometry": { "type": "Point", "coordinates": [ 28.9987586, 40.2120917 ] } },
{ "type": "Feature", "properties": { "name": "Eryatağı", "name:en": null, "railway": "station", "ele": null, "operator:type": null, "layer": null, "addr:full": null, "addr:city": null, "source": null, "name:tr": null, "osm_id": 13285012546, "osm_type": "nodes" }, "geometry": { "type": "Point", "coordinates": [ 35.7949042, 40.6073149 ] } },
{ "type": "Feature", "properties": { "name": "Oruç Reis - Yüzyıl", "name:en": null, "railway": "station", "ele": null, "operator:type": null, "layer": null, "addr:full": null, "addr:city": null, "source": null, "name:tr": null, "osm_id": 7726686090, "osm_type": "nodes" }, "geometry": { "type": "Point", "coordinates": [ 28.8554546, 41.0627949 ] } },
{ "type": "Feature", "properties": { "name": "Karalıköy", "name:en": null, "railway": "station", "ele": "1239", "operator:type": null, "layer": null, "addr:full": null, "addr:city": null, "source": null, "name:tr": null, "osm_id": 13297068806, "osm_type": "nodes" }, "geometry": { "type": "Point", "coordinates": [ 36.6436985, 39.6752325 ] } },
{ "type": "Feature", "properties": { "name": "Taşoluk", "name:en": null, "railway": "station", "ele": null, "operator:type": null, "layer": null, "addr:full": null, "addr:city": null, "source": null, "name:tr": null, "osm_id": 10702895853, "osm_type": "nodes" }, "geometry": { "type": "Point", "coordinates": [ 28.715889, 41.2070653 ] } },
{ "type": "Feature", "properties": { "name": "Olimpiyat", "name:en": null, "railway": "station", "ele": null, "operator:type": null, "layer": null, "addr:full": null, "addr:city": null, "source": null, "name:tr": null, "osm_id": 3208558101, "osm_type": "nodes" }, "geometry": { "type": "Point", "coordinates": [ 28.7672398, 41.0795735 ] } },
{ "type": "Feature", "properties": { "name": "İncirli", "name:en": null, "railway": "station", "ele": null, "operator:type": null, "layer": null, "addr:full": null, "addr:city": null, "source": null, "name:tr": null, "osm_id": 7974014823, "osm_type": "nodes" }, "geometry": { "type": "Point", "coordinates": [ 28.8750558, 40.9976332 ] } },
{ "type": "Feature", "properties": { "name": "Şehir Hastanesi", "name:en": null, "railway": "station", "ele": null, "operator:type": null, "layer": null, "addr:full": null, "addr:city": null, "source": null, "name:tr": null, "osm_id": 7974014818, "osm_type": "nodes" }, "geometry": { "type": "Point", "coordinates": [ 28.7772334, 41.1032301 ] } },
{ "type": "Feature", "properties": { "name": "Kelebek", "name:en": null, "railway": "station", "ele": null, "operator:type": null, "layer": null, "addr:full": null, "addr:city": null, "source": null, "name:tr": null, "osm_id": 3050719115, "osm_type": "nodes" }, "geometry": { "type": "Point", "coordinates": [ 34.9761546, 37.1544486 ] } },
{ "type": "Feature", "properties": { "name": "Demirciköy", "name:en": null, "railway": "station", "ele": null, "operator:type": null, "layer": null, "addr:full": null, "addr:city": null, "source": null, "name:tr": null, "osm_id": 13316501828, "osm_type": "nodes" }, "geometry": { "type": "Point", "coordinates": [ 36.2642629, 41.2321409 ] } },
{ "type": "Feature", "properties": { "name": "Այգավան", "name:en": "Aygavan", "railway": "station", "ele": null, "operator:type": null, "layer": null, "addr:full": null, "addr:city": null, "source": null, "name:tr": null, "osm_id": 11368513436, "osm_type": "nodes" }, "geometry": { "type": "Point", "coordinates": [ 44.6655038, 39.8722627 ] } },
{ "type": "Feature", "properties": { "name": "Յուվա", "name:en": "Yuva", "railway": "station", "ele": null, "operator:type": null, "layer": null, "addr:full": null, "addr:city": null, "source": null, "name:tr": null, "osm_id": 11368513437, "osm_type": "nodes" }, "geometry": { "type": "Point", "coordinates": [ 44.5783436, 39.9497013 ] } },
{ "type": "Feature", "properties": { "name": "Մխչյան", "name:en": "Mkhchyan", "railway": "station", "ele": null, "operator:type": null, "layer": null, "addr:full": null, "addr:city": null, "source": null, "name:tr": null, "osm_id": 11368513438, "osm_type": "nodes" }, "geometry": { "type": "Point", "coordinates": [ 44.4777931, 40.0193775 ] } },
{ "type": "Feature", "properties": { "name": "Մրգաշատ", "name:en": "Mrgashat", "railway": "station", "ele": null, "operator:type": null, "layer": null, "addr:full": null, "addr:city": null, "source": null, "name:tr": null, "osm_id": 11368513442, "osm_type": "nodes" }, "geometry": { "type": "Point", "coordinates": [ 44.0827021, 40.1318982 ] } },
{ "type": "Feature", "properties": { "name": "Արտենի", "name:en": "Arteni", "railway": "station", "ele": null, "operator:type": null, "layer": null, "addr:full": null, "addr:city": null, "source": null, "name:tr": null, "osm_id": 11368513444, "osm_type": "nodes" }, "geometry": { "type": "Point", "coordinates": [ 43.7682559, 40.3003348 ] } },
{ "type": "Feature", "properties": { "name": "İstiklal Gazileri", "name:en": null, "railway": "station", "ele": null, "operator:type": null, "layer": null, "addr:full": null, "addr:city": null, "source": null, "name:tr": null, "osm_id": 5303110219, "osm_type": "nodes" }, "geometry": { "type": "Point", "coordinates": [ 35.3182523, 36.9924302 ] } },
{ "type": "Feature", "properties": { "name": "Gebze Stadyum", "name:en": null, "railway": "station", "ele": null, "operator:type": null, "layer": null, "addr:full": null, "addr:city": null, "source": null, "name:tr": null, "osm_id": 11591633647, "osm_type": "nodes" }, "geometry": { "type": "Point", "coordinates": [ 29.4388279, 40.8044504 ] } },
{ "type": "Feature", "properties": { "name": "Adliye", "name:en": null, "railway": "station", "ele": null, "operator:type": null, "layer": null, "addr:full": null, "addr:city": null, "source": null, "name:tr": null, "osm_id": 11591633649, "osm_type": "nodes" }, "geometry": { "type": "Point", "coordinates": [ 29.4184419, 40.8142183 ] } },
{ "type": "Feature", "properties": { "name": "Huzurkent", "name:en": null, "railway": "station", "ele": null, "operator:type": null, "layer": null, "addr:full": null, "addr:city": null, "source": null, "name:tr": null, "osm_id": 2639614199, "osm_type": "nodes" }, "geometry": { "type": "Point", "coordinates": [ 34.8200031, 36.8844926 ] } },
{ "type": "Feature", "properties": { "name": "Salhane", "name:en": null, "railway": "station", "ele": null, "operator:type": null, "layer": null, "addr:full": null, "addr:city": null, "source": null, "name:tr": null, "osm_id": 1967436211, "osm_type": "nodes" }, "geometry": { "type": "Point", "coordinates": [ 27.1722077, 38.4506901 ] } },
{ "type": "Feature", "properties": { "name": "Tekirdağ İskele", "name:en": null, "railway": "station", "ele": null, "operator:type": null, "layer": null, "addr:full": null, "addr:city": null, "source": null, "name:tr": null, "osm_id": 2829169583, "osm_type": "nodes" }, "geometry": { "type": "Point", "coordinates": [ 27.5040837, 40.9617794 ] } },
{ "type": "Feature", "properties": { "name": "Yeşilköy", "name:en": null, "railway": "station", "ele": null, "operator:type": null, "layer": null, "addr:full": null, "addr:city": null, "source": null, "name:tr": null, "osm_id": 1744724160, "osm_type": "nodes" }, "geometry": { "type": "Point", "coordinates": [ 28.824857, 40.9626544 ] } },
{ "type": "Feature", "properties": { "name": "Yozgat YHT", "name:en": "Yozgat YHT", "railway": "station", "ele": null, "operator:type": null, "layer": null, "addr:full": null, "addr:city": null, "source": null, "name:tr": null, "osm_id": 10820058344, "osm_type": "nodes" }, "geometry": { "type": "Point", "coordinates": [ 34.8401141, 39.7582006 ] } },
{ "type": "Feature", "properties": { "name": "Sabiha Gökçen Havalimanı", "name:en": null, "railway": "station", "ele": null, "operator:type": null, "layer": null, "addr:full": null, "addr:city": null, "source": null, "name:tr": null, "osm_id": 6312448731, "osm_type": "nodes" }, "geometry": { "type": "Point", "coordinates": [ 29.3114591, 40.9065703 ] } },
{ "type": "Feature", "properties": { "name": "Pehlivanköy", "name:en": null, "railway": "station", "ele": null, "operator:type": null, "layer": null, "addr:full": null, "addr:city": null, "source": null, "name:tr": null, "osm_id": 5874170070, "osm_type": "nodes" }, "geometry": { "type": "Point", "coordinates": [ 26.9181588, 41.3460175 ] } },
{ "type": "Feature", "properties": { "name": "Doğanşehir", "name:en": null, "railway": "station", "ele": null, "operator:type": null, "layer": null, "addr:full": null, "addr:city": null, "source": "bing", "name:tr": null, "osm_id": 1029554178, "osm_type": "nodes" }, "geometry": { "type": "Point", "coordinates": [ 37.874744, 38.0888395 ] } },
{ "type": "Feature", "properties": { "name": "Hastane", "name:en": null, "railway": "station", "ele": null, "operator:type": null, "layer": null, "addr:full": null, "addr:city": null, "source": null, "name:tr": null, "osm_id": 5303145331, "osm_type": "nodes" }, "geometry": { "type": "Point", "coordinates": [ 35.2629174, 37.0506069 ] } },
{ "type": "Feature", "properties": { "name": "Yurt", "name:en": null, "railway": "station", "ele": null, "operator:type": null, "layer": null, "addr:full": null, "addr:city": null, "source": null, "name:tr": null, "osm_id": 5303118157, "osm_type": "nodes" }, "geometry": { "type": "Point", "coordinates": [ 35.2964678, 37.0270365 ] } },
{ "type": "Feature", "properties": { "name": "Mavi Bulvar", "name:en": null, "railway": "station", "ele": null, "operator:type": null, "layer": null, "addr:full": null, "addr:city": null, "source": null, "name:tr": null, "osm_id": 5303130960, "osm_type": "nodes" }, "geometry": { "type": "Point", "coordinates": [ 35.2879022, 37.0355307 ] } },
{ "type": "Feature", "properties": { "name": "Vilayet", "name:en": null, "railway": "station", "ele": null, "operator:type": null, "layer": null, "addr:full": null, "addr:city": null, "source": null, "name:tr": null, "osm_id": 5303110220, "osm_type": "nodes" }, "geometry": { "type": "Point", "coordinates": [ 35.3133931, 37.0020471 ] } },
{ "type": "Feature", "properties": { "name": "Yeşilyurt", "name:en": null, "railway": "station", "ele": null, "operator:type": null, "layer": null, "addr:full": null, "addr:city": null, "source": null, "name:tr": null, "osm_id": 5303116331, "osm_type": "nodes" }, "geometry": { "type": "Point", "coordinates": [ 35.3025855, 37.0203342 ] } },
{ "type": "Feature", "properties": { "name": "Fatih", "name:en": null, "railway": "station", "ele": null, "operator:type": null, "layer": null, "addr:full": null, "addr:city": null, "source": null, "name:tr": null, "osm_id": 5303116352, "osm_type": "nodes" }, "geometry": { "type": "Point", "coordinates": [ 35.304426, 37.0122919 ] } },
{ "type": "Feature", "properties": { "name": "Kocavezir", "name:en": null, "railway": "station", "ele": null, "operator:type": null, "layer": null, "addr:full": null, "addr:city": null, "source": null, "name:tr": null, "osm_id": 5303110841, "osm_type": "nodes" }, "geometry": { "type": "Point", "coordinates": [ 35.3195442, 36.9845671 ] } },
{ "type": "Feature", "properties": { "name": "Hürriyet", "name:en": null, "railway": "station", "ele": null, "operator:type": null, "layer": null, "addr:full": null, "addr:city": null, "source": null, "name:tr": null, "osm_id": 5303110862, "osm_type": "nodes" }, "geometry": { "type": "Point", "coordinates": [ 35.3259326, 36.9789159 ] } },
{ "type": "Feature", "properties": { "name": "Cumhuriyet", "name:en": null, "railway": "station", "ele": null, "operator:type": null, "layer": null, "addr:full": null, "addr:city": null, "source": null, "name:tr": null, "osm_id": 5303110883, "osm_type": "nodes" }, "geometry": { "type": "Point", "coordinates": [ 35.3375331, 36.9809868 ] } },
{ "type": "Feature", "properties": { "name": "Akıncılar", "name:en": null, "railway": "station", "ele": null, "operator:type": null, "layer": null, "addr:full": null, "addr:city": null, "source": null, "name:tr": null, "osm_id": 5303110898, "osm_type": "nodes" }, "geometry": { "type": "Point", "coordinates": [ 35.3441146, 36.988806 ] } },
{ "type": "Feature", "properties": { "name": "Kurttepe - Anadolu Lisesi", "name:en": null, "railway": "station", "ele": null, "operator:type": null, "layer": null, "addr:full": null, "addr:city": null, "source": null, "name:tr": null, "osm_id": 5303136066, "osm_type": "nodes" }, "geometry": { "type": "Point", "coordinates": [ 35.280103, 37.0478018 ] } },
{ "type": "Feature", "properties": { "name": "100. Yıl Cumhuriyet Şehitlik", "name:en": null, "railway": "station", "ele": null, "operator:type": null, "layer": null, "addr:full": null, "addr:city": null, "source": null, "name:tr": null, "osm_id": 5728099937, "osm_type": "nodes" }, "geometry": { "type": "Point", "coordinates": [ 27.0005409, 38.3958662 ] } },
{ "type": "Feature", "properties": { "name": "Sırameşeler / Kükürtlü", "name:en": null, "railway": "station", "ele": null, "operator:type": null, "layer": null, "addr:full": null, "addr:city": null, "source": null, "name:tr": null, "osm_id": 5315511285, "osm_type": "nodes" }, "geometry": { "type": "Point", "coordinates": [ 29.0297762, 40.2052713 ] } },
{ "type": "Feature", "properties": { "name": "Emek", "name:en": null, "railway": "station", "ele": null, "operator:type": null, "layer": null, "addr:full": null, "addr:city": null, "source": null, "name:tr": null, "osm_id": 5316433997, "osm_type": "nodes" }, "geometry": { "type": "Point", "coordinates": [ 28.9525619, 40.2570429 ] } },
{ "type": "Feature", "properties": { "name": "Yenibosna", "name:en": null, "railway": "station", "ele": null, "operator:type": null, "layer": null, "addr:full": null, "addr:city": null, "source": null, "name:tr": null, "osm_id": 7722103261, "osm_type": "nodes" }, "geometry": { "type": "Point", "coordinates": [ 28.8368204, 40.9893998 ] } },
{ "type": "Feature", "properties": { "name": "Böceli", "name:en": null, "railway": "station", "ele": null, "operator:type": null, "layer": null, "addr:full": null, "addr:city": null, "source": null, "name:tr": null, "osm_id": 1794391919, "osm_type": "nodes" }, "geometry": { "type": "Point", "coordinates": [ 29.2085907, 37.802169 ] } },
{ "type": "Feature", "properties": { "name": "Km 110+920", "name:en": null, "railway": "station", "ele": null, "operator:type": null, "layer": null, "addr:full": null, "addr:city": null, "source": null, "name:tr": null, "osm_id": 13347970342, "osm_type": "nodes" }, "geometry": { "type": "Point", "coordinates": [ 35.039838, 38.2935915 ] } },
{ "type": "Feature", "properties": { "name": "Araplı", "name:en": null, "railway": "station", "ele": "1334", "operator:type": null, "layer": null, "addr:full": null, "addr:city": null, "source": null, "name:tr": null, "osm_id": 13347970371, "osm_type": "nodes" }, "geometry": { "type": "Point", "coordinates": [ 35.0471873, 38.2402782 ] } },
{ "type": "Feature", "properties": { "name": "Göztepe", "name:en": null, "railway": "station", "ele": null, "operator:type": null, "layer": null, "addr:full": null, "addr:city": null, "source": null, "name:tr": null, "osm_id": 1898314734, "osm_type": "nodes" }, "geometry": { "type": "Point", "coordinates": [ 29.0706141, 40.9940938 ] } },
{ "type": "Feature", "properties": { "name": "Dikimevi", "name:en": null, "railway": "station", "ele": null, "operator:type": null, "layer": null, "addr:full": null, "addr:city": null, "source": null, "name:tr": null, "osm_id": 2722447843, "osm_type": "nodes" }, "geometry": { "type": "Point", "coordinates": [ 32.8780219, 39.9325882 ] } },
{ "type": "Feature", "properties": { "name": "Atasanayi", "name:en": null, "railway": "station", "ele": null, "operator:type": null, "layer": null, "addr:full": null, "addr:city": null, "source": null, "name:tr": null, "osm_id": 738753118, "osm_type": "nodes" }, "geometry": { "type": "Point", "coordinates": [ 27.0531415, 38.4990422 ] } },
{ "type": "Feature", "properties": { "name": "Yeni Mahalle", "name:en": null, "railway": "station", "ele": null, "operator:type": null, "layer": null, "addr:full": null, "addr:city": null, "source": null, "name:tr": null, "osm_id": 4304511881, "osm_type": "nodes" }, "geometry": { "type": "Point", "coordinates": [ 28.8359881, 41.0404044 ] } },
{ "type": "Feature", "properties": { "name": "Kolej", "name:en": null, "railway": "station", "ele": null, "operator:type": null, "layer": null, "addr:full": null, "addr:city": "Ankara", "source": null, "name:tr": null, "osm_id": 4540821444, "osm_type": "nodes" }, "geometry": { "type": "Point", "coordinates": [ 32.861441, 39.9234186 ] } },
{ "type": "Feature", "properties": { "name": "Veysel Karani-Akşemsettin", "name:en": null, "railway": "station", "ele": null, "operator:type": null, "layer": null, "addr:full": null, "addr:city": null, "source": null, "name:tr": null, "osm_id": 6507323106, "osm_type": "nodes" }, "geometry": { "type": "Point", "coordinates": [ 28.9281287, 41.0795812 ] } },
{ "type": "Feature", "properties": { "name": "Topkapı Ulubatlı", "name:en": null, "railway": "station", "ele": null, "operator:type": null, "layer": null, "addr:full": null, "addr:city": null, "source": null, "name:tr": null, "osm_id": 7722103251, "osm_type": "nodes" }, "geometry": { "type": "Point", "coordinates": [ 28.9305575, 41.0239057 ] } },
{ "type": "Feature", "properties": { "name": "Atatürk Havalimanı", "name:en": null, "railway": "station", "ele": null, "operator:type": null, "layer": null, "addr:full": null, "addr:city": null, "source": null, "name:tr": null, "osm_id": 7722103263, "osm_type": "nodes" }, "geometry": { "type": "Point", "coordinates": [ 28.8211267, 40.9797455 ] } },
{ "type": "Feature", "properties": { "name": "İvedik", "name:en": null, "railway": "station", "ele": null, "operator:type": null, "layer": null, "addr:full": null, "addr:city": null, "source": null, "name:tr": null, "osm_id": 610320364, "osm_type": "nodes" }, "geometry": { "type": "Point", "coordinates": [ 32.8170492, 39.9572395 ] } },
{ "type": "Feature", "properties": { "name": "Egekent 2", "name:en": null, "railway": "station", "ele": null, "operator:type": null, "layer": null, "addr:full": null, "addr:city": null, "source": null, "name:tr": null, "osm_id": 168181327, "osm_type": "nodes" }, "geometry": { "type": "Point", "coordinates": [ 27.0443595, 38.5605958 ] } },
{ "type": "Feature", "properties": { "name": "Akköprü", "name:en": null, "railway": "station", "ele": null, "operator:type": null, "layer": null, "addr:full": null, "addr:city": null, "source": null, "name:tr": null, "osm_id": 412341358, "osm_type": "nodes" }, "geometry": { "type": "Point", "coordinates": [ 32.834168, 39.9515913 ] } },
{ "type": "Feature", "properties": { "name": "Hastane", "name:en": null, "railway": "station", "ele": null, "operator:type": null, "layer": null, "addr:full": null, "addr:city": null, "source": null, "name:tr": null, "osm_id": 610320351, "osm_type": "nodes" }, "geometry": { "type": "Point", "coordinates": [ 32.7834458, 39.9691716 ] } },
{ "type": "Feature", "properties": { "name": "Kargo Terminali", "name:en": null, "railway": "station", "ele": null, "operator:type": null, "layer": null, "addr:full": null, "addr:city": null, "source": null, "name:tr": null, "osm_id": 8872578520, "osm_type": "nodes" }, "geometry": { "type": "Point", "coordinates": [ 28.7126953, 41.2554335 ] } },
{ "type": "Feature", "properties": { "name": "Hilal", "name:en": null, "railway": "station", "ele": null, "operator:type": null, "layer": null, "addr:full": null, "addr:city": null, "source": null, "name:tr": null, "osm_id": 5388472393, "osm_type": "nodes" }, "geometry": { "type": "Point", "coordinates": [ 27.155109, 38.4269447 ] } },
{ "type": "Feature", "properties": { "name": "Onurkent", "name:en": null, "railway": "station", "ele": null, "operator:type": null, "layer": null, "addr:full": null, "addr:city": null, "source": null, "name:tr": null, "osm_id": 6917432727, "osm_type": "nodes" }, "geometry": { "type": "Point", "coordinates": [ 28.7905007, 41.1134023 ] } },
{ "type": "Feature", "properties": { "name": "Bağcılar Meydan", "name:en": null, "railway": "station", "ele": null, "operator:type": null, "layer": null, "addr:full": null, "addr:city": null, "source": null, "name:tr": null, "osm_id": 7722103243, "osm_type": "nodes" }, "geometry": { "type": "Point", "coordinates": [ 28.8566398, 41.0346825 ] } },
{ "type": "Feature", "properties": { "name": "Basmane", "name:en": null, "railway": "station", "ele": null, "operator:type": null, "layer": null, "addr:full": null, "addr:city": null, "source": null, "name:tr": null, "osm_id": 7729209165, "osm_type": "nodes" }, "geometry": { "type": "Point", "coordinates": [ 27.1448355, 38.4228152 ] } },
{ "type": "Feature", "properties": { "name": "Huzurevi", "name:en": null, "railway": "station", "ele": null, "operator:type": null, "layer": null, "addr:full": null, "addr:city": null, "source": null, "name:tr": null, "osm_id": 7736966921, "osm_type": "nodes" }, "geometry": { "type": "Point", "coordinates": [ 29.1468056, 40.9299537 ] } },
{ "type": "Feature", "properties": { "name": "Kâzım Karabekir", "name:en": null, "railway": "station", "ele": null, "operator:type": null, "layer": null, "addr:full": null, "addr:city": null, "source": null, "name:tr": null, "osm_id": 6507323108, "osm_type": "nodes" }, "geometry": { "type": "Point", "coordinates": [ 28.9085323, 41.0853315 ] } },
{ "type": "Feature", "properties": { "name": "Necatibey", "name:en": null, "railway": "station", "ele": null, "operator:type": null, "layer": null, "addr:full": null, "addr:city": null, "source": null, "name:tr": null, "osm_id": 8231524673, "osm_type": "nodes" }, "geometry": { "type": "Point", "coordinates": [ 32.8443864, 39.9150973 ] } },
{ "type": "Feature", "properties": { "name": "Bostancı", "name:en": null, "railway": "station", "ele": null, "operator:type": null, "layer": null, "addr:full": null, "addr:city": null, "source": null, "name:tr": null, "osm_id": 9016710169, "osm_type": "nodes" }, "geometry": { "type": "Point", "coordinates": [ 29.0967248, 40.9517055 ] } },
{ "type": "Feature", "properties": { "name": "Zeytinburnu-Fişekhane", "name:en": null, "railway": "station", "ele": null, "operator:type": null, "layer": null, "addr:full": null, "addr:city": null, "source": null, "name:tr": null, "osm_id": 251733019, "osm_type": "nodes" }, "geometry": { "type": "Point", "coordinates": [ 28.9054568, 40.9858638 ] } },
{ "type": "Feature", "properties": { "name": "MASKO", "name:en": null, "railway": "station", "ele": null, "operator:type": null, "layer": null, "addr:full": null, "addr:city": null, "source": null, "name:tr": null, "osm_id": 8768427077, "osm_type": "nodes" }, "geometry": { "type": "Point", "coordinates": [ 28.8041363, 41.0641121 ] } },
{ "type": "Feature", "properties": { "name": "Parseller", "name:en": null, "railway": "station", "ele": null, "operator:type": null, "layer": null, "addr:full": null, "addr:city": null, "source": null, "name:tr": null, "osm_id": 6513129437, "osm_type": "nodes" }, "geometry": { "type": "Point", "coordinates": [ 29.1527388, 41.0312427 ] } },
{ "type": "Feature", "properties": { "name": "Paşalı", "name:en": null, "railway": "station", "ele": "1113", "operator:type": null, "layer": null, "addr:full": null, "addr:city": null, "source": null, "name:tr": null, "osm_id": 13353304195, "osm_type": "nodes" }, "geometry": { "type": "Point", "coordinates": [ 35.0366227, 39.0619914 ] } },
{ "type": "Feature", "properties": { "name": "Fehimli", "name:en": null, "railway": "station", "ele": "1045", "operator:type": null, "layer": null, "addr:full": null, "addr:city": null, "source": null, "name:tr": null, "osm_id": 13353340109, "osm_type": "nodes" }, "geometry": { "type": "Point", "coordinates": [ 35.0213149, 39.1320912 ] } },
{ "type": "Feature", "properties": { "name": "Tavşantepe", "name:en": null, "railway": "station", "ele": null, "operator:type": null, "layer": null, "addr:full": null, "addr:city": null, "source": null, "name:tr": null, "osm_id": 4440049391, "osm_type": "nodes" }, "geometry": { "type": "Point", "coordinates": [ 29.2488342, 40.882159 ] } },
{ "type": "Feature", "properties": { "name": "ESBAŞ", "name:en": null, "railway": "station", "ele": null, "operator:type": null, "layer": null, "addr:full": null, "addr:city": null, "source": null, "name:tr": null, "osm_id": 8062356443, "osm_type": "nodes" }, "geometry": { "type": "Point", "coordinates": [ 27.1364707, 38.3369449 ] } },
{ "type": "Feature", "properties": { "name": "Batı Merkez", "name:en": null, "railway": "station", "ele": null, "operator:type": null, "layer": null, "addr:full": null, "addr:city": null, "source": null, "name:tr": null, "osm_id": 2588377331, "osm_type": "nodes" }, "geometry": { "type": "Point", "coordinates": [ 32.7153974, 39.9677059 ] } },
{ "type": "Feature", "properties": { "name": "Millî Kütüphane", "name:en": "National Library", "railway": "station", "ele": null, "operator:type": null, "layer": null, "addr:full": null, "addr:city": null, "source": null, "name:tr": null, "osm_id": 8231524677, "osm_type": "nodes" }, "geometry": { "type": "Point", "coordinates": [ 32.8272158, 39.9152297 ] } },
{ "type": "Feature", "properties": { "name": "Adliye", "name:en": null, "railway": "station", "ele": null, "operator:type": null, "layer": null, "addr:full": null, "addr:city": null, "source": "https://www.ankara.bel.tr/files/2022/06/19/250f120d8dc39dcf35f9a7cce4bf7e69.jpeg", "name:tr": null, "osm_id": 9836027181, "osm_type": "nodes" }, "geometry": { "type": "Point", "coordinates": [ 32.850394, 39.9305582 ] } },
{ "type": "Feature", "properties": { "name": "Göltaş", "name:en": null, "railway": "station", "ele": "1050", "operator:type": null, "layer": null, "addr:full": null, "addr:city": null, "source": null, "name:tr": null, "osm_id": 13361763989, "osm_type": "nodes" }, "geometry": { "type": "Point", "coordinates": [ 30.4937784, 37.9008666 ] } },
{ "type": "Feature", "properties": { "name": "Güzelyurt", "name:en": null, "railway": "station", "ele": "961", "operator:type": null, "layer": null, "addr:full": null, "addr:city": null, "source": null, "name:tr": null, "osm_id": 13361875601, "osm_type": "nodes" }, "geometry": { "type": "Point", "coordinates": [ 29.6519491, 39.4842923 ] } },
{ "type": "Feature", "properties": { "name": "Goncalı Müselles", "name:en": null, "railway": "station", "ele": null, "operator:type": null, "layer": null, "addr:full": null, "addr:city": null, "source": null, "name:tr": null, "osm_id": 13361758030, "osm_type": "nodes" }, "geometry": { "type": "Point", "coordinates": [ 29.1191387, 37.8425904 ] } },
{ "type": "Feature", "properties": { "name": "Aliköy", "name:en": null, "railway": "station", "ele": null, "operator:type": null, "layer": null, "addr:full": null, "addr:city": null, "source": null, "name:tr": null, "osm_id": 13361855300, "osm_type": "nodes" }, "geometry": { "type": "Point", "coordinates": [ 29.6736413, 39.4869548 ] } },
{ "type": "Feature", "properties": { "name": "Otogar", "name:en": null, "railway": "station", "ele": null, "operator:type": null, "layer": null, "addr:full": null, "addr:city": null, "source": null, "name:tr": null, "osm_id": 7722103247, "osm_type": "nodes" }, "geometry": { "type": "Point", "coordinates": [ 28.8946029, 41.0402205 ] } },
{ "type": "Feature", "properties": { "name": "Bahariye", "name:en": null, "railway": "station", "ele": null, "operator:type": null, "layer": null, "addr:full": null, "addr:city": null, "source": null, "name:tr": null, "osm_id": 8768427076, "osm_type": "nodes" }, "geometry": { "type": "Point", "coordinates": [ 28.7993012, 41.0584718 ] } },
{ "type": "Feature", "properties": { "name": "Աղին", "name:en": "Aghin", "railway": "station", "ele": null, "operator:type": null, "layer": null, "addr:full": null, "addr:city": null, "source": null, "name:tr": null, "osm_id": 10778863046, "osm_type": "nodes" }, "geometry": { "type": "Point", "coordinates": [ 43.7145073, 40.6074302 ] } },
{ "type": "Feature", "properties": { "name": "Անի", "name:en": "Ani", "railway": "station", "ele": null, "operator:type": null, "layer": null, "addr:full": null, "addr:city": null, "source": null, "name:tr": null, "osm_id": 10778863047, "osm_type": "nodes" }, "geometry": { "type": "Point", "coordinates": [ 43.6434945, 40.465267 ] } },
{ "type": "Feature", "properties": { "name": "Բայանդուր", "name:en": "Bayandur", "railway": "station", "ele": null, "operator:type": null, "layer": null, "addr:full": null, "addr:city": null, "source": null, "name:tr": null, "osm_id": 618763898, "osm_type": "nodes" }, "geometry": { "type": "Point", "coordinates": [ 43.7720739, 40.693976 ] } },
{ "type": "Feature", "properties": { "name": "İSTOÇ", "name:en": null, "railway": "station", "ele": null, "operator:type": null, "layer": null, "addr:full": null, "addr:city": null, "source": null, "name:tr": null, "osm_id": 3219831127, "osm_type": "nodes" }, "geometry": { "type": "Point", "coordinates": [ 28.8260353, 41.0649898 ] } },
{ "type": "Feature", "properties": { "name": "Aksaray", "name:en": null, "railway": "station", "ele": null, "operator:type": null, "layer": null, "addr:full": null, "addr:city": null, "source": null, "name:tr": null, "osm_id": 7722103254, "osm_type": "nodes" }, "geometry": { "type": "Point", "coordinates": [ 28.9481445, 41.0119976 ] } },
{ "type": "Feature", "properties": { "name": "Üçyol", "name:en": null, "railway": "station", "ele": null, "operator:type": null, "layer": null, "addr:full": null, "addr:city": null, "source": null, "name:tr": null, "osm_id": 5388472389, "osm_type": "nodes" }, "geometry": { "type": "Point", "coordinates": [ 27.1205447, 38.4055208 ] } },
{ "type": "Feature", "properties": { "name": "Alaybey", "name:en": null, "railway": "station", "ele": null, "operator:type": null, "layer": null, "addr:full": null, "addr:city": null, "source": null, "name:tr": null, "osm_id": 8428053111, "osm_type": "nodes" }, "geometry": { "type": "Point", "coordinates": [ 27.1214638, 38.4606272 ] } },
{ "type": "Feature", "properties": { "name": "Karasenir", "name:en": null, "railway": "station", "ele": null, "operator:type": null, "layer": null, "addr:full": null, "addr:city": null, "source": null, "name:tr": null, "osm_id": 2679016606, "osm_type": "nodes" }, "geometry": { "type": "Point", "coordinates": [ 34.8478014, 39.2879709 ] } },
{ "type": "Feature", "properties": { "name": "Şehitrarif", "name:en": null, "railway": "station", "ele": null, "operator:type": null, "layer": null, "addr:full": null, "addr:city": null, "source": "Bing", "name:tr": null, "osm_id": 2785542663, "osm_type": "nodes" }, "geometry": { "type": "Point", "coordinates": [ 37.2614016, 37.2123993 ] } },
{ "type": "Feature", "properties": { "name": "DTM-İstanbul Fuar Merkezi", "name:en": null, "railway": "station", "ele": null, "operator:type": null, "layer": null, "addr:full": null, "addr:city": null, "source": null, "name:tr": null, "osm_id": 7722103262, "osm_type": "nodes" }, "geometry": { "type": "Point", "coordinates": [ 28.8284735, 40.986602 ] } },
{ "type": "Feature", "properties": { "name": "Davutpaşa - YTÜ", "name:en": null, "railway": "station", "ele": null, "operator:type": null, "layer": null, "addr:full": null, "addr:city": null, "source": null, "name:tr": null, "osm_id": 6763426869, "osm_type": "nodes" }, "geometry": { "type": "Point", "coordinates": [ 28.900375, 41.0202193 ] } },
{ "type": "Feature", "properties": { "name": "Aşiyan", "name:en": null, "railway": "station", "ele": null, "operator:type": null, "layer": null, "addr:full": null, "addr:city": null, "source": null, "name:tr": null, "osm_id": 10132990395, "osm_type": "nodes" }, "geometry": { "type": "Point", "coordinates": [ 29.0549987, 41.08138 ] } },
{ "type": "Feature", "properties": { "name": "Bilkent", "name:en": null, "railway": "station", "ele": null, "operator:type": null, "layer": null, "addr:full": null, "addr:city": null, "source": null, "name:tr": null, "osm_id": 2715588449, "osm_type": "nodes" }, "geometry": { "type": "Point", "coordinates": [ 32.7654021, 39.907552 ] } },
{ "type": "Feature", "properties": { "name": "Yakacık—Adnan Kahveci", "name:en": null, "railway": "station", "ele": null, "operator:type": null, "layer": null, "addr:full": null, "addr:city": null, "source": null, "name:tr": null, "osm_id": 4442132431, "osm_type": "nodes" }, "geometry": { "type": "Point", "coordinates": [ 29.2271263, 40.8966262 ] } },
{ "type": "Feature", "properties": { "name": "Nenek", "name:en": null, "railway": "station", "ele": "980", "operator:type": null, "layer": null, "addr:full": null, "addr:city": null, "source": null, "name:tr": null, "osm_id": 13371825857, "osm_type": "nodes" }, "geometry": { "type": "Point", "coordinates": [ 33.0305035, 39.9424254 ] } },
{ "type": "Feature", "properties": { "name": "Hanköy", "name:en": null, "railway": "station", "ele": "271", "operator:type": null, "layer": null, "addr:full": null, "addr:city": null, "source": null, "name:tr": null, "osm_id": 13372021672, "osm_type": "nodes" }, "geometry": { "type": "Point", "coordinates": [ 32.6226955, 41.0041798 ] } },
{ "type": "Feature", "properties": { "name": "Ömerköy", "name:en": null, "railway": "station", "ele": "106", "operator:type": null, "layer": null, "addr:full": null, "addr:city": null, "source": null, "name:tr": null, "osm_id": 13372393312, "osm_type": "nodes" }, "geometry": { "type": "Point", "coordinates": [ 28.0749601, 39.8418431 ] } },
{ "type": "Feature", "properties": { "name": "İMES", "name:en": null, "railway": "station", "ele": null, "operator:type": null, "layer": null, "addr:full": null, "addr:city": null, "source": null, "name:tr": null, "osm_id": 6932388169, "osm_type": "nodes" }, "geometry": { "type": "Point", "coordinates": [ 29.155986, 41.000233 ] } },
{ "type": "Feature", "properties": { "name": "Küçükbakkalköy", "name:en": null, "railway": "station", "ele": null, "operator:type": null, "layer": null, "addr:full": null, "addr:city": null, "source": null, "name:tr": null, "osm_id": 6932391829, "osm_type": "nodes" }, "geometry": { "type": "Point", "coordinates": [ 29.1118694, 40.978931 ] } },
{ "type": "Feature", "properties": { "name": "Bekçiler Istasyon", "name:en": null, "railway": "station", "ele": null, "operator:type": null, "layer": null, "addr:full": null, "addr:city": null, "source": null, "name:tr": null, "osm_id": 2106364150, "osm_type": "nodes" }, "geometry": { "type": "Point", "coordinates": [ 38.5640051, 36.832007 ] } },
{ "type": "Feature", "properties": { "name": "İncirlik", "name:en": null, "railway": "station", "ele": "54", "operator:type": null, "layer": null, "addr:full": null, "addr:city": null, "source": null, "name:tr": null, "osm_id": 13378087230, "osm_type": "nodes" }, "geometry": { "type": "Point", "coordinates": [ 35.4351165, 36.984037 ] } },
{ "type": "Feature", "properties": { "name": "Nurdağ", "name:en": null, "railway": "station", "ele": "450", "operator:type": null, "layer": null, "addr:full": null, "addr:city": null, "source": null, "name:tr": null, "osm_id": 13381689125, "osm_type": "nodes" }, "geometry": { "type": "Point", "coordinates": [ 36.7498262, 37.1756047 ] } },
{ "type": "Feature", "properties": { "name": "Akçagöze", "name:en": null, "railway": "station", "ele": "811", "operator:type": null, "layer": null, "addr:full": null, "addr:city": null, "source": null, "name:tr": null, "osm_id": 13381770534, "osm_type": "nodes" }, "geometry": { "type": "Point", "coordinates": [ 37.2858411, 37.2668765 ] } },
{ "type": "Feature", "properties": { "name": "Mürşitpınar", "name:en": null, "railway": "station", "ele": "550", "operator:type": null, "layer": null, "addr:full": null, "addr:city": null, "source": null, "name:tr": null, "osm_id": 13383141520, "osm_type": "nodes" }, "geometry": { "type": "Point", "coordinates": [ 38.3509066, 36.9004727 ] } },
{ "type": "Feature", "properties": { "name": "Tatvan Iskele", "name:en": "Tatvan Pier", "railway": "station", "ele": null, "operator:type": null, "layer": null, "addr:full": null, "addr:city": null, "source": null, "name:tr": null, "osm_id": 13386119588, "osm_type": "nodes" }, "geometry": { "type": "Point", "coordinates": [ 42.2970413, 38.5143767 ] } },
{ "type": "Feature", "properties": { "name": "Yayalar-Şeyhli", "name:en": null, "railway": "station", "ele": null, "operator:type": null, "layer": null, "addr:full": null, "addr:city": null, "source": null, "name:tr": null, "osm_id": 6312448730, "osm_type": "nodes" }, "geometry": { "type": "Point", "coordinates": [ 29.2757138, 40.9040157 ] } },
{ "type": "Feature", "properties": { "name": "Sülün", "name:en": null, "railway": "station", "ele": "995", "operator:type": null, "layer": null, "addr:full": null, "addr:city": null, "source": null, "name:tr": null, "osm_id": 13390705917, "osm_type": "nodes" }, "geometry": { "type": "Point", "coordinates": [ 30.6294762, 38.7107791 ] } },
{ "type": "Feature", "properties": { "name": "Tunçbilek", "name:en": null, "railway": "station", "ele": "806", "operator:type": null, "layer": null, "addr:full": null, "addr:city": null, "source": null, "name:tr": null, "osm_id": 13390864021, "osm_type": "nodes" }, "geometry": { "type": "Point", "coordinates": [ 29.4724873, 39.6351326 ] } },
{ "type": "Feature", "properties": { "name": "Yenisahra", "name:en": null, "railway": "station", "ele": null, "operator:type": null, "layer": null, "addr:full": null, "addr:city": null, "source": null, "name:tr": null, "osm_id": 1898314728, "osm_type": "nodes" }, "geometry": { "type": "Point", "coordinates": [ 29.0904257, 40.9845938 ] } },
{ "type": "Feature", "properties": { "name": "Kurtköy", "name:en": null, "railway": "station", "ele": null, "operator:type": null, "layer": null, "addr:full": null, "addr:city": null, "source": null, "name:tr": null, "osm_id": 6364525813, "osm_type": "nodes" }, "geometry": { "type": "Point", "coordinates": [ 29.2967277, 40.9098874 ] } },
{ "type": "Feature", "properties": { "name": "Kadıköy", "name:en": null, "railway": "station", "ele": null, "operator:type": null, "layer": null, "addr:full": null, "addr:city": null, "source": null, "name:tr": null, "osm_id": 1898299271, "osm_type": "nodes" }, "geometry": { "type": "Point", "coordinates": [ 29.0220448, 40.9905872 ] } },
{ "type": "Feature", "properties": { "name": "Hasanağa Bahçesi", "name:en": null, "railway": "station", "ele": null, "operator:type": null, "layer": null, "addr:full": null, "addr:city": null, "source": null, "name:tr": null, "osm_id": 8119505127, "osm_type": "nodes" }, "geometry": { "type": "Point", "coordinates": [ 27.179109, 38.380023 ] } },
{ "type": "Feature", "properties": { "name": "Germece", "name:en": null, "railway": "station", "ele": null, "operator:type": null, "layer": null, "addr:full": null, "addr:city": null, "source": null, "name:tr": null, "osm_id": 13397207694, "osm_type": "nodes" }, "geometry": { "type": "Point", "coordinates": [ 33.7005779, 40.4381144 ] } },
{ "type": "Feature", "properties": { "name": "Bostancı", "name:en": null, "railway": "station", "ele": null, "operator:type": null, "layer": null, "addr:full": null, "addr:city": null, "source": null, "name:tr": null, "osm_id": 1898314743, "osm_type": "nodes" }, "geometry": { "type": "Point", "coordinates": [ 29.1053769, 40.964688 ] } },
{ "type": "Feature", "properties": { "name": "Denizciler", "name:en": null, "railway": "station", "ele": null, "operator:type": null, "layer": null, "addr:full": null, "addr:city": null, "source": null, "name:tr": null, "osm_id": 13409598545, "osm_type": "nodes" }, "geometry": { "type": "Point", "coordinates": [ 36.2130049, 36.6474813 ] } },
{ "type": "Feature", "properties": { "name": "Beyce", "name:en": null, "railway": "station", "ele": null, "operator:type": null, "layer": null, "addr:full": null, "addr:city": null, "source": null, "name:tr": null, "osm_id": 13414188676, "osm_type": "nodes" }, "geometry": { "type": "Point", "coordinates": [ 27.6076657, 39.2894937 ] } },
{ "type": "Feature", "properties": { "name": "Şehitler", "name:en": null, "railway": "station", "ele": null, "operator:type": null, "layer": null, "addr:full": null, "addr:city": null, "source": null, "name:tr": null, "osm_id": 9261381509, "osm_type": "nodes" }, "geometry": { "type": "Point", "coordinates": [ 32.8609972, 39.9962226 ] } },
{ "type": "Feature", "properties": { "name": "Acıbadem", "name:en": null, "railway": "station", "ele": null, "operator:type": null, "layer": null, "addr:full": null, "addr:city": null, "source": null, "name:tr": null, "osm_id": 1898314736, "osm_type": "nodes" }, "geometry": { "type": "Point", "coordinates": [ 29.0444009, 41.0023323 ] } },
{ "type": "Feature", "properties": { "name": "Ünalan", "name:en": null, "railway": "station", "ele": null, "operator:type": null, "layer": null, "addr:full": null, "addr:city": null, "source": null, "name:tr": null, "osm_id": 4213777340, "osm_type": "nodes" }, "geometry": { "type": "Point", "coordinates": [ 29.0600259, 40.9980939 ] } },
{ "type": "Feature", "properties": { "name": "Egekent", "name:en": null, "railway": "station", "ele": null, "operator:type": null, "layer": null, "addr:full": null, "addr:city": null, "source": null, "name:tr": null, "osm_id": 4556769264, "osm_type": "nodes" }, "geometry": { "type": "Point", "coordinates": [ 27.0459812, 38.5073447 ] } },
{ "type": "Feature", "properties": { "name": "Balıkısık", "name:en": null, "railway": "station", "ele": null, "operator:type": null, "layer": null, "addr:full": null, "addr:city": null, "source": null, "name:tr": null, "osm_id": 13437313623, "osm_type": "nodes" }, "geometry": { "type": "Point", "coordinates": [ 32.3911767, 41.1985679 ] } },
{ "type": "Feature", "properties": { "name": "قامشلۆ", "name:en": "Qamishli", "railway": "station", "ele": null, "operator:type": null, "layer": null, "addr:full": null, "addr:city": "القامشلي", "source": null, "name:tr": null, "osm_id": 187317212, "osm_type": "nodes" }, "geometry": { "type": "Point", "coordinates": [ 41.254631, 37.0538688 ] } },
{ "type": "Feature", "properties": { "name": "Halkalı Caddesi", "name:en": null, "railway": "station", "ele": null, "operator:type": null, "layer": null, "addr:full": null, "addr:city": null, "source": null, "name:tr": null, "osm_id": 8768427078, "osm_type": "nodes" }, "geometry": { "type": "Point", "coordinates": [ 28.8065121, 41.0450113 ] } },
{ "type": "Feature", "properties": { "name": "Hatundere", "name:en": null, "railway": "station", "ele": null, "operator:type": null, "layer": null, "addr:full": null, "addr:city": null, "source": null, "name:tr": null, "osm_id": 8180647241, "osm_type": "nodes" }, "geometry": { "type": "Point", "coordinates": [ 27.0175615, 38.6900072 ] } },
{ "type": "Feature", "properties": { "name": "Boğaziçi Üniversitesi/Hisarüstü", "name:en": null, "railway": "station", "ele": null, "operator:type": null, "layer": null, "addr:full": null, "addr:city": null, "source": null, "name:tr": null, "osm_id": 10132990392, "osm_type": "nodes" }, "geometry": { "type": "Point", "coordinates": [ 29.0458748, 41.0850943 ] } },
{ "type": "Feature", "properties": { "name": "Pınarlı", "name:en": null, "railway": "station", "ele": null, "operator:type": null, "layer": null, "addr:full": null, "addr:city": null, "source": null, "name:tr": null, "osm_id": 11926198844, "osm_type": "nodes" }, "geometry": { "type": "Point", "coordinates": [ 38.7750457, 38.4725397 ] } },
{ "type": "Feature", "properties": { "name": "Asmakaya", "name:en": null, "railway": "station", "ele": null, "operator:type": null, "layer": null, "addr:full": null, "addr:city": null, "source": null, "name:tr": null, "osm_id": 12387720330, "osm_type": "nodes" }, "geometry": { "type": "Point", "coordinates": [ 41.0868611, 38.7790194 ] } },
{ "type": "Feature", "properties": { "name": "Bergama Otogar", "name:en": null, "railway": "station", "ele": null, "operator:type": null, "layer": null, "addr:full": null, "addr:city": null, "source": null, "name:tr": null, "osm_id": 11931710022, "osm_type": "nodes" }, "geometry": { "type": "Point", "coordinates": [ 27.122991, 39.0837385 ] } },
{ "type": "Feature", "properties": { "name": "Yeşilyurt", "name:en": null, "railway": "station", "ele": null, "operator:type": null, "layer": null, "addr:full": null, "addr:city": null, "source": null, "name:tr": null, "osm_id": 1805807417, "osm_type": "nodes" }, "geometry": { "type": "Point", "coordinates": [ 36.2167352, 40.0073609 ] } },
{ "type": "Feature", "properties": { "name": "Yıldıztepe", "name:en": null, "railway": "station", "ele": null, "operator:type": null, "layer": null, "addr:full": null, "addr:city": null, "source": null, "name:tr": null, "osm_id": 1805906966, "osm_type": "nodes" }, "geometry": { "type": "Point", "coordinates": [ 35.9209688, 40.187831 ] } },
{ "type": "Feature", "properties": { "name": "Bakırköy", "name:en": null, "railway": "station", "ele": null, "operator:type": null, "layer": null, "addr:full": null, "addr:city": null, "source": null, "name:tr": null, "osm_id": 5885475439, "osm_type": "nodes" }, "geometry": { "type": "Point", "coordinates": [ 28.8724259, 40.9803562 ] } },
{ "type": "Feature", "properties": { "name": "Çamlık", "name:en": null, "railway": "station", "ele": null, "operator:type": null, "layer": null, "addr:full": null, "addr:city": null, "source": null, "name:tr": null, "osm_id": 1032705881, "osm_type": "nodes" }, "geometry": { "type": "Point", "coordinates": [ 27.3779228, 37.8799857 ] } },
{ "type": "Feature", "properties": { "name": "Bursaspor/Acemler", "name:en": null, "railway": "station", "ele": null, "operator:type": null, "layer": null, "addr:full": null, "addr:city": null, "source": null, "name:tr": null, "osm_id": 5315511268, "osm_type": "nodes" }, "geometry": { "type": "Point", "coordinates": [ 29.0151275, 40.2130163 ] } },
{ "type": "Feature", "properties": { "name": "Karaköy", "name:en": "Karaköy Station, Tünel Line", "railway": "station", "ele": null, "operator:type": null, "layer": null, "addr:full": null, "addr:city": null, "source": null, "name:tr": null, "osm_id": 31678662, "osm_type": "nodes" }, "geometry": { "type": "Point", "coordinates": [ 28.9740393, 41.0228645 ] } },
{ "type": "Feature", "properties": { "name": "Beyoğlu", "name:en": "Beyoğlu Station, Tünel Line", "railway": "station", "ele": null, "operator:type": null, "layer": null, "addr:full": null, "addr:city": null, "source": null, "name:tr": null, "osm_id": 31678663, "osm_type": "nodes" }, "geometry": { "type": "Point", "coordinates": [ 28.9739892, 41.0283447 ] } },
{ "type": "Feature", "properties": { "name": "Çiğli", "name:en": null, "railway": "station", "ele": null, "operator:type": null, "layer": null, "addr:full": null, "addr:city": null, "source": null, "name:tr": null, "osm_id": 6940170594, "osm_type": "nodes" }, "geometry": { "type": "Point", "coordinates": [ 27.0634346, 38.4916582 ] } },
{ "type": "Feature", "properties": { "name": "Narlıdere Kaymakamlık", "name:en": null, "railway": "station", "ele": null, "operator:type": null, "layer": null, "addr:full": null, "addr:city": null, "source": null, "name:tr": null, "osm_id": 11475911514, "osm_type": "nodes" }, "geometry": { "type": "Point", "coordinates": [ 26.991087, 38.3949774 ] } },
{ "type": "Feature", "properties": { "name": "Zafertepe", "name:en": null, "railway": "station", "ele": null, "operator:type": null, "layer": null, "addr:full": null, "addr:city": null, "source": null, "name:tr": null, "osm_id": 11470597369, "osm_type": "nodes" }, "geometry": { "type": "Point", "coordinates": [ 27.1297498, 38.4023092 ] } },
{ "type": "Feature", "properties": { "name": "Üçyol", "name:en": null, "railway": "station", "ele": null, "operator:type": null, "layer": null, "addr:full": null, "addr:city": null, "source": null, "name:tr": null, "osm_id": 11470597370, "osm_type": "nodes" }, "geometry": { "type": "Point", "coordinates": [ 27.1222002, 38.4062193 ] } },
{ "type": "Feature", "properties": { "name": "Aliağa OSB", "name:en": null, "railway": "station", "ele": null, "operator:type": null, "layer": null, "addr:full": null, "addr:city": null, "source": null, "name:tr": null, "osm_id": 11932795680, "osm_type": "nodes" }, "geometry": { "type": "Point", "coordinates": [ 27.0190284, 38.8273039 ] } },
{ "type": "Feature", "properties": { "name": "Zeytindağ", "name:en": null, "railway": "station", "ele": null, "operator:type": null, "layer": null, "addr:full": null, "addr:city": null, "source": null, "name:tr": null, "osm_id": 11932795728, "osm_type": "nodes" }, "geometry": { "type": "Point", "coordinates": [ 27.05055, 38.9654653 ] } },
{ "type": "Feature", "properties": { "name": "Çapalı Istasyonu", "name:en": null, "railway": "station", "ele": null, "operator:type": null, "layer": null, "addr:full": null, "addr:city": null, "source": null, "name:tr": null, "osm_id": 2311652966, "osm_type": "nodes" }, "geometry": { "type": "Point", "coordinates": [ 30.2739078, 38.0512837 ] } },
{ "type": "Feature", "properties": { "name": "Mazıdağı Çöp", "name:en": null, "railway": "station", "ele": null, "operator:type": null, "layer": null, "addr:full": null, "addr:city": null, "source": null, "name:tr": null, "osm_id": 12163032631, "osm_type": "nodes" }, "geometry": { "type": "Point", "coordinates": [ 40.3658244, 37.5051188 ] } },
{ "type": "Feature", "properties": { "name": "Keykubat", "name:en": null, "railway": "station", "ele": "1039", "operator:type": null, "layer": null, "addr:full": null, "addr:city": null, "source": "bing", "name:tr": null, "osm_id": 13371950404, "osm_type": "nodes" }, "geometry": { "type": "Point", "coordinates": [ 35.395735, 38.7549055 ] } },
{ "type": "Feature", "properties": { "name": "Sazılar", "name:en": null, "railway": "station", "ele": "686", "operator:type": null, "layer": null, "addr:full": null, "addr:city": null, "source": null, "name:tr": null, "osm_id": 13371788246, "osm_type": "nodes" }, "geometry": { "type": "Point", "coordinates": [ 31.8882786, 39.6659432 ] } },
{ "type": "Feature", "properties": { "name": "Biçer", "name:en": null, "railway": "station", "ele": "708", "operator:type": null, "layer": null, "addr:full": null, "addr:city": null, "source": null, "name:tr": null, "osm_id": 2679004379, "osm_type": "nodes" }, "geometry": { "type": "Point", "coordinates": [ 31.6965078, 39.6944789 ] } },
{ "type": "Feature", "properties": { "name": "Karapınar", "name:en": null, "railway": "station", "ele": "924", "operator:type": null, "layer": null, "addr:full": null, "addr:city": null, "source": null, "name:tr": null, "osm_id": 11549112483, "osm_type": "nodes" }, "geometry": { "type": "Point", "coordinates": [ 32.1833365, 39.6127583 ] } },
{ "type": "Feature", "properties": { "name": "Beylikköprü", "name:en": null, "railway": "station", "ele": "688", "operator:type": null, "layer": null, "addr:full": null, "addr:city": null, "source": "bing", "name:tr": null, "osm_id": 1891369937, "osm_type": "nodes" }, "geometry": { "type": "Point", "coordinates": [ 31.9580024, 39.6002321 ] } },
{ "type": "Feature", "properties": { "name": "Yunusemre", "name:en": null, "railway": "station", "ele": "736", "operator:type": null, "layer": null, "addr:full": null, "addr:city": null, "source": null, "name:tr": null, "osm_id": 2678998489, "osm_type": "nodes" }, "geometry": { "type": "Point", "coordinates": [ 31.4784434, 39.7006679 ] } },
{ "type": "Feature", "properties": { "name": "Sazak", "name:en": null, "railway": "station", "ele": "728", "operator:type": null, "layer": null, "addr:full": null, "addr:city": null, "source": null, "name:tr": null, "osm_id": 2679002922, "osm_type": "nodes" }, "geometry": { "type": "Point", "coordinates": [ 31.5893042, 39.7490093 ] } },
{ "type": "Feature", "properties": { "name": "Beylikova", "name:en": null, "railway": "station", "ele": "756", "operator:type": null, "layer": null, "addr:full": null, "addr:city": null, "source": null, "name:tr": null, "osm_id": 1037719716, "osm_type": "nodes" }, "geometry": { "type": "Point", "coordinates": [ 31.1892522, 39.7042273 ] } },
{ "type": "Feature", "properties": { "name": "Pirinçlik", "name:en": null, "railway": "station", "ele": null, "operator:type": null, "layer": null, "addr:full": null, "addr:city": null, "source": null, "name:tr": null, "osm_id": 13495967625, "osm_type": "nodes" }, "geometry": { "type": "Point", "coordinates": [ 32.5408427, 41.1543405 ] } },
{ "type": "Feature", "properties": { "name": "Balastocağı", "name:en": null, "railway": "station", "ele": null, "operator:type": null, "layer": null, "addr:full": null, "addr:city": null, "source": null, "name:tr": null, "osm_id": 13496014159, "osm_type": "nodes" }, "geometry": { "type": "Point", "coordinates": [ 32.1647288, 41.2738209 ] } },
{ "type": "Feature", "properties": { "name": "Ağapınar", "name:en": null, "railway": "station", "ele": "775", "operator:type": null, "layer": null, "addr:full": null, "addr:city": null, "source": null, "name:tr": null, "osm_id": 977917658, "osm_type": "nodes" }, "geometry": { "type": "Point", "coordinates": [ 30.767216, 39.806806 ] } },
{ "type": "Feature", "properties": { "name": "Alpu", "name:en": null, "railway": "station", "ele": "765", "operator:type": null, "layer": null, "addr:full": null, "addr:city": null, "source": null, "name:tr": null, "osm_id": 1114702237, "osm_type": "nodes" }, "geometry": { "type": "Point", "coordinates": [ 30.9541081, 39.7680249 ] } },
{ "type": "Feature", "properties": { "name": "Karagözler", "name:en": null, "railway": "station", "ele": "804", "operator:type": null, "layer": null, "addr:full": null, "addr:city": null, "source": null, "name:tr": null, "osm_id": 4319545783, "osm_type": "nodes" }, "geometry": { "type": "Point", "coordinates": [ 30.4011069, 39.782406 ] } },
{ "type": "Feature", "properties": { "name": "Yalınlı", "name:en": null, "railway": "station", "ele": null, "operator:type": null, "layer": null, "addr:full": null, "addr:city": null, "source": null, "name:tr": null, "osm_id": 13504212376, "osm_type": "nodes" }, "geometry": { "type": "Point", "coordinates": [ 31.3402891, 39.6952905 ] } },
{ "type": "Feature", "properties": { "name": "Ayvalı", "name:en": null, "railway": "station", "ele": "700", "operator:type": null, "layer": null, "addr:full": null, "addr:city": null, "source": null, "name:tr": null, "osm_id": 2704811021, "osm_type": "nodes" }, "geometry": { "type": "Point", "coordinates": [ 29.9798874, 39.9372318 ] } },
{ "type": "Feature", "properties": { "name": "Yayla", "name:en": null, "railway": "station", "ele": "473", "operator:type": null, "layer": null, "addr:full": null, "addr:city": null, "source": "Bing", "name:tr": null, "osm_id": 2704620183, "osm_type": "nodes" }, "geometry": { "type": "Point", "coordinates": [ 30.0144565, 40.069371 ] } },
{ "type": "Feature", "properties": { "name": "Bilecik YHT", "name:en": null, "railway": "station", "ele": "270", "operator:type": null, "layer": null, "addr:full": null, "addr:city": null, "source": null, "name:tr": null, "osm_id": 3573965694, "osm_type": "nodes" }, "geometry": { "type": "Point", "coordinates": [ 30.0092749, 40.1355076 ] } },
{ "type": "Feature", "properties": { "name": "Dokuz Eylül Üniversitesi Hastanesi", "name:en": null, "railway": "station", "ele": null, "operator:type": null, "layer": null, "addr:full": null, "addr:city": null, "source": null, "name:tr": null, "osm_id": 11475911511, "osm_type": "nodes" }, "geometry": { "type": "Point", "coordinates": [ 27.0382072, 38.394169 ] } },
{ "type": "Feature", "properties": { "name": "Pelitözü", "name:en": null, "railway": "station", "ele": "193", "operator:type": null, "layer": null, "addr:full": null, "addr:city": null, "source": null, "name:tr": null, "osm_id": 13362534707, "osm_type": "nodes" }, "geometry": { "type": "Point", "coordinates": [ 30.0143631, 40.1944938 ] } },
{ "type": "Feature", "properties": { "name": "Çamlıkule", "name:en": null, "railway": "station", "ele": null, "operator:type": null, "layer": null, "addr:full": null, "addr:city": null, "source": null, "name:tr": null, "osm_id": 8119505130, "osm_type": "nodes" }, "geometry": { "type": "Point", "coordinates": [ 27.1671657, 38.3708425 ] } },
{ "type": "Feature", "properties": { "name": "Semt Garajı", "name:en": null, "railway": "station", "ele": null, "operator:type": null, "layer": null, "addr:full": null, "addr:city": null, "source": null, "name:tr": null, "osm_id": 13275189754, "osm_type": "nodes" }, "geometry": { "type": "Point", "coordinates": [ 27.1370726, 38.3545405 ] } },
{ "type": "Feature", "properties": { "name": "Çamlıpınar", "name:en": null, "railway": "station", "ele": null, "operator:type": null, "layer": null, "addr:full": null, "addr:city": null, "source": null, "name:tr": null, "osm_id": 13275224599, "osm_type": "nodes" }, "geometry": { "type": "Point", "coordinates": [ 27.1573552, 38.3663695 ] } },
{ "type": "Feature", "properties": { "name": "Sarmaşık", "name:en": null, "railway": "station", "ele": null, "operator:type": null, "layer": null, "addr:full": null, "addr:city": null, "source": null, "name:tr": null, "osm_id": 13378256121, "osm_type": "nodes" }, "geometry": { "type": "Point", "coordinates": [ 30.0790479, 40.3083996 ] } },
{ "type": "Feature", "properties": { "name": "Osmaneli", "name:en": null, "railway": "station", "ele": "104", "operator:type": null, "layer": null, "addr:full": null, "addr:city": null, "source": null, "name:tr": null, "osm_id": 1918589900, "osm_type": "nodes" }, "geometry": { "type": "Point", "coordinates": [ 30.0274362, 40.36431 ] } },
{ "type": "Feature", "properties": { "name": "Arifiye", "name:en": null, "railway": "station", "ele": "38", "operator:type": null, "layer": null, "addr:full": null, "addr:city": null, "source": null, "name:tr": null, "osm_id": 8930677540, "osm_type": "nodes" }, "geometry": { "type": "Point", "coordinates": [ 30.3558365, 40.713143 ] } },
{ "type": "Feature", "properties": { "name": "İzmit", "name:en": null, "railway": "station", "ele": "3.2", "operator:type": null, "layer": null, "addr:full": null, "addr:city": null, "source": null, "name:tr": null, "osm_id": 11065364597, "osm_type": "nodes" }, "geometry": { "type": "Point", "coordinates": [ 29.9176993, 40.7613937 ] } },
{ "type": "Feature", "properties": { "name": "Doğançay", "name:en": null, "railway": "station", "ele": null, "operator:type": null, "layer": null, "addr:full": null, "addr:city": null, "source": null, "name:tr": null, "osm_id": 13522088113, "osm_type": "nodes" }, "geometry": { "type": "Point", "coordinates": [ 30.3323051, 40.6247444 ] } },
{ "type": "Feature", "properties": { "name": "Köseköy", "name:en": null, "railway": "station", "ele": "14", "operator:type": null, "layer": null, "addr:full": null, "addr:city": null, "source": "Bing", "name:tr": null, "osm_id": 2692357799, "osm_type": "nodes" }, "geometry": { "type": "Point", "coordinates": [ 30.0062115, 40.7488982 ] } },
{ "type": "Feature", "properties": { "name": "Mithatpaşa", "name:en": null, "railway": "station", "ele": "31", "operator:type": null, "layer": null, "addr:full": null, "addr:city": null, "source": null, "name:tr": null, "osm_id": 13526005984, "osm_type": "nodes" }, "geometry": { "type": "Point", "coordinates": [ 30.3800807, 40.7589006 ] } },
{ "type": "Feature", "properties": { "name": "Adapazarı", "name:en": null, "railway": "station", "ele": "31", "operator:type": null, "layer": null, "addr:full": null, "addr:city": null, "source": null, "name:tr": null, "osm_id": 7700053726, "osm_type": "nodes" }, "geometry": { "type": "Point", "coordinates": [ 30.4003109, 40.7749088 ] } },
{ "type": "Feature", "properties": { "name": "Çakmak", "name:en": null, "railway": "station", "ele": "1129", "operator:type": null, "layer": null, "addr:full": null, "addr:city": null, "source": null, "name:tr": null, "osm_id": 2711219111, "osm_type": "nodes" }, "geometry": { "type": "Point", "coordinates": [ 34.2880626, 37.6237862 ] } },
{ "type": "Feature", "properties": { "name": "Vezirhan", "name:en": null, "railway": "station", "ele": null, "operator:type": null, "layer": null, "addr:full": null, "addr:city": null, "source": null, "name:tr": null, "osm_id": 1129430258, "osm_type": "nodes" }, "geometry": { "type": "Point", "coordinates": [ 30.027634, 40.2468737 ] } },
{ "type": "Feature", "properties": { "name": "Bahçe", "name:en": null, "railway": "station", "ele": "560", "operator:type": null, "layer": null, "addr:full": null, "addr:city": null, "source": null, "name:tr": null, "osm_id": 2775053914, "osm_type": "nodes" }, "geometry": { "type": "Point", "coordinates": [ 36.5589133, 37.1870677 ] } },
{ "type": "Feature", "properties": { "name": "Adliye", "name:en": null, "railway": "station", "ele": null, "operator:type": null, "layer": null, "addr:full": null, "addr:city": null, "source": null, "name:tr": null, "osm_id": 10160022336, "osm_type": "nodes" }, "geometry": { "type": "Point", "coordinates": [ 37.3586626, 37.0878414 ] } },
{ "type": "Feature", "properties": { "name": "Topraklık", "name:en": null, "railway": "station", "ele": null, "operator:type": null, "layer": null, "addr:full": null, "addr:city": null, "source": null, "name:tr": null, "osm_id": 10160022337, "osm_type": "nodes" }, "geometry": { "type": "Point", "coordinates": [ 37.3615727, 37.0761991 ] } },
{ "type": "Feature", "properties": { "name": "Mücahitler", "name:en": null, "railway": "station", "ele": null, "operator:type": null, "layer": null, "addr:full": null, "addr:city": null, "source": null, "name:tr": null, "osm_id": 10160022342, "osm_type": "nodes" }, "geometry": { "type": "Point", "coordinates": [ 37.3707019, 37.0744142 ] } },
{ "type": "Feature", "properties": { "name": "Ispartakule", "name:en": null, "railway": "station", "ele": "15", "operator:type": null, "layer": null, "addr:full": null, "addr:city": null, "source": null, "name:tr": null, "osm_id": 9665946458, "osm_type": "nodes" }, "geometry": { "type": "Point", "coordinates": [ 28.6993868, 41.0629617 ] } },
{ "type": "Feature", "properties": { "name": "Başpınar", "name:en": null, "railway": "station", "ele": null, "operator:type": null, "layer": null, "addr:full": null, "addr:city": null, "source": null, "name:tr": null, "osm_id": 10159892609, "osm_type": "nodes" }, "geometry": { "type": "Point", "coordinates": [ 37.334519, 37.1668712 ] } },
{ "type": "Feature", "properties": { "name": "Büyük Derbent", "name:en": null, "railway": "station", "ele": "38", "operator:type": null, "layer": null, "addr:full": null, "addr:city": null, "source": null, "name:tr": null, "osm_id": 4934435244, "osm_type": "nodes" }, "geometry": { "type": "Point", "coordinates": [ 30.1103443, 40.7102291 ] } },
{ "type": "Feature", "properties": { "name": "Hereke", "name:en": null, "railway": "station", "ele": "5", "operator:type": null, "layer": null, "addr:full": null, "addr:city": null, "source": null, "name:tr": null, "osm_id": 2562030343, "osm_type": "nodes" }, "geometry": { "type": "Point", "coordinates": [ 29.6163185, 40.7840847 ] } },
{ "type": "Feature", "properties": { "name": "Pehlivanköy", "name:en": null, "railway": "station", "ele": null, "operator:type": null, "layer": null, "addr:full": null, "addr:city": null, "source": null, "name:tr": null, "osm_id": 13528589871, "osm_type": "nodes" }, "geometry": { "type": "Point", "coordinates": [ 26.9183378, 41.3460333 ] } },
{ "type": "Feature", "properties": { "name": "Tekirdağ", "name:en": null, "railway": "station", "ele": null, "operator:type": null, "layer": null, "addr:full": null, "addr:city": null, "source": null, "name:tr": null, "osm_id": 13528524996, "osm_type": "nodes" }, "geometry": { "type": "Point", "coordinates": [ 27.4846252, 40.9584171 ] } },
{ "type": "Feature", "properties": { "name": "Soğanlı", "name:en": null, "railway": "station", "ele": null, "operator:type": null, "layer": null, "addr:full": null, "addr:city": null, "source": null, "name:tr": null, "osm_id": 2090688385, "osm_type": "nodes" }, "geometry": { "type": "Point", "coordinates": [ 42.410194, 40.2766334 ] } },
{ "type": "Feature", "properties": { "name": "Benliahmet", "name:en": null, "railway": "station", "ele": null, "operator:type": null, "layer": null, "addr:full": null, "addr:city": null, "source": null, "name:tr": null, "osm_id": 10242044766, "osm_type": "nodes" }, "geometry": { "type": "Point", "coordinates": [ 42.9207486, 40.4612073 ] } },
{ "type": "Feature", "properties": { "name": "Mezra", "name:en": null, "railway": "station", "ele": null, "operator:type": null, "layer": null, "addr:full": null, "addr:city": null, "source": "bing", "name:tr": null, "osm_id": 2691661812, "osm_type": "nodes" }, "geometry": { "type": "Point", "coordinates": [ 43.233619, 40.6776303 ] } },
{ "type": "Feature", "properties": { "name": "Alvar", "name:en": null, "railway": "station", "ele": null, "operator:type": null, "layer": null, "addr:full": null, "addr:city": null, "source": null, "name:tr": null, "osm_id": 13537163197, "osm_type": "nodes" }, "geometry": { "type": "Point", "coordinates": [ 41.5781732, 39.9626293 ] } },
{ "type": "Feature", "properties": { "name": "Hızırilyas", "name:en": null, "railway": "station", "ele": null, "operator:type": null, "layer": null, "addr:full": null, "addr:city": null, "source": null, "name:tr": null, "osm_id": 2090688265, "osm_type": "nodes" }, "geometry": { "type": "Point", "coordinates": [ 42.2410519, 40.1258365 ] } }
]
}
